{"best_val": 0.4517910724336451, "train_loss": [0.6350773105434343, 0.5832859873771667, 0.5534572805844101, 0.5149646155974444, 0.481277208702237, 0.46160321142159255, 0.45166462952015446, 0.44872132761805666, 0.44338902538897945, 0.4419078639909333, 0.4399683399527681, 0.43963954437012764, 0.4364382116233601, 0.43483832887574736, 0.43259115371049617, 0.43077778874659073, 0.4297996251022114, 0.42774003568817587, 0.4266411533542708, 0.42361027937309415, 0.4210548324912202, 0.42146610103401483, 0.4193200463173436, 0.4170925108825459, 0.4158002979615155, 0.4141860569224638, 0.4108390726295172, 0.4113205764807907, 0.40946926906997083, 0.4062776448679905, 0.40588856152459685, 0.40351782125585217, 0.401929346369762, 0.4003404378890991, 0.397372071649514, 0.39589108497488734, 0.39446818010479795, 0.39359689460081215, 0.3900402936280942, 0.38957082465583204, 0.3882266890768911, 0.3876889353873683, 0.3858931023700565, 0.38260852297147113, 0.3811522307349186, 0.37995508605358647, 0.3788236303656709, 0.3753712387645946, 0.3741796449118969, 0.3721459519629385, 0.37119144960945727, 0.36980674839487265, 0.3688767622498905, 0.3662916398515888, 0.3649729963611154, 0.3637298620214649, 0.361672382144367, 0.3612654583126891, 0.36018137896762176, 0.3575770854949951, 0.35532618971431956, 0.3550333100206712], "val_loss": [0.6031731096181002, 0.579040223901922, 0.5496738823977384, 0.5146049992604689, 0.49377965927124023, 0.48362214998765424, 0.4797239032658664, 0.47537619417363947, 0.47380729155106976, 0.4752175591208718, 0.4716325808655132, 0.47047590667551215, 0.4709897881204432, 0.46899942376396875, 0.4736260040239854, 0.46825730529698456, 0.46637785705653106, 0.4700420173731717, 0.46376404708082025, 0.46501006050543353, 0.4660843583670529, 0.4657285592772744, 0.46521537141366437, 0.46614098277958954, 0.46489990570328454, 0.46608767997134815, 0.46146072311834857, 0.4633635499260642, 0.4627130681818182, 0.4602130190892653, 0.46162879737940704, 0.4598991627042944, 0.462145133451982, 0.45895093408497895, 0.4584006369113922, 0.4613204462961717, 0.4587491371414878, 0.4582061903043227, 0.4627720659429377, 0.45763616128401324, 0.45917360890995373, 0.4587724371389909, 0.4600315717133609, 0.4550306742841547, 0.45623136921362445, 0.4542439471591603, 0.45549291372299194, 0.457402074878866, 0.45670016516338696, 0.45982086387547577, 0.4555131955580278, 0.4517910724336451, 0.4587392942471938, 0.45432410727847705, 0.4600672559304671, 0.4565518796443939, 0.459860007871281, 0.45820697329261084, 0.4619514427401803, 0.4556912833994085, 0.45991582491181116, 0.45874005827036773]}