{"best_val": 0.47806908935308456, "train_loss": [0.7281177573733859, 0.7052624656094445, 0.6827914913495382, 0.6601385772228241, 0.6350466807683309, 0.6096607148647308, 0.5844728052616119, 0.5645278162426419, 0.5532305571768019, 0.5391682634751002, 0.5314371784528097, 0.522276962796847, 0.5169794642262988, 0.5117521219783359, 0.5067578057448069, 0.5053466690911187, 0.5019832733604643, 0.4999079489045673, 0.49919644163714516, 0.49524939556916553, 0.4946352673901452, 0.4909275439050462, 0.49017053345839184, 0.4894798729154799, 0.49021002815829384, 0.4911232640345891, 0.4888925651709239, 0.4890315549241172, 0.4880029261112213, 0.48646043406592476, 0.4874922020567788, 0.4875333574083116, 0.4847811692290836, 0.48722508549690247, 0.48321551746792263], "val_loss": [0.7123839855194092, 0.6906814277172089, 0.6671281903982162, 0.6434523165225983, 0.6161582469940186, 0.586390495300293, 0.5639732331037521, 0.5465162023901939, 0.527985468506813, 0.5229747891426086, 0.5135322362184525, 0.5047343969345093, 0.4963614493608475, 0.49491777271032333, 0.4965556710958481, 0.49675581604242325, 0.49066855758428574, 0.4919651746749878, 0.49490057677030563, 0.4832407832145691, 0.4823407381772995, 0.4848402291536331, 0.49432463198900223, 0.4862005338072777, 0.47806908935308456, 0.48718414455652237, 0.48151277005672455, 0.4843866005539894, 0.4793015569448471, 0.48166072368621826, 0.48272740840911865, 0.48667139559984207, 0.48300081491470337, 0.4873231425881386, 0.4820908084511757]}