{"best_val": 0.44636770337820053, "train_loss": [0.6232021815247006, 0.5955126186211904, 0.5752935508886973, 0.5611605445543925, 0.5489030314816369, 0.5405643300877677, 0.5341370171970792, 0.5293570425775316, 0.5245853894286685, 0.5195976247390112, 0.5149622675445344, 0.5149101217587789, 0.5127473622560501, 0.5080896930562125, 0.5098132673237059, 0.5061377568377389, 0.5070658110909991, 0.5046257028977076, 0.501006950934728, 0.49877260790930855, 0.5018390483326383, 0.5026435355345408, 0.4981332653098636, 0.49457820256551105, 0.49493165479766, 0.49262794521119857, 0.49265323082606, 0.4944779972235362, 0.49249302347501117, 0.4925265908241272, 0.4913399600320392, 0.4911961456139882, 0.4920881887276967, 0.4914625618192885, 0.48924632370471954, 0.49248218370808494, 0.49108052419291603, 0.49041491746902466, 0.4918806337647968, 0.49132232036855483, 0.4893906033701367, 0.4882987125052346, 0.49054178761111367, 0.49122236172358197, 0.48693350123034584, 0.4859768698612849, 0.4866835077603658, 0.48530755440394086, 0.4883449325958888, 0.4856046421660317, 0.4869053512811661, 0.4843199418650733, 0.483437513311704, 0.48713920182651943, 0.48574066327677834, 0.48671642939249676, 0.48404434157742393, 0.48578566478358376, 0.48257603579097325, 0.48615434434678817, 0.4850279274914, 0.4858444432417552, 0.48266684346728855, 0.482917716105779, 0.4834457238515218, 0.48541292713748085, 0.4823407895035214, 0.4842656072643068, 0.48295262621508706, 0.4826337678564919, 0.4850981533527374, 0.48208974301815033], "val_loss": [0.6092560440301895, 0.5862635970115662, 0.5738848745822906, 0.5593217760324478, 0.5481973588466644, 0.5414413809776306, 0.531158909201622, 0.5304644405841827, 0.5261341705918312, 0.517002135515213, 0.5175544917583466, 0.5103089883923531, 0.5011098235845566, 0.5037330910563469, 0.49987754970788956, 0.5003885850310326, 0.49398306757211685, 0.49102651327848434, 0.4878261536359787, 0.49002907425165176, 0.4818665608763695, 0.48016973584890366, 0.4788852408528328, 0.4745657220482826, 0.47895997762680054, 0.4741008058190346, 0.47493109852075577, 0.47135015577077866, 0.467294305562973, 0.47571832686662674, 0.47052793949842453, 0.46765027940273285, 0.46282975375652313, 0.46684591472148895, 0.4673106446862221, 0.47192952036857605, 0.4648701846599579, 0.4679483473300934, 0.46265340596437454, 0.4694422781467438, 0.46260256320238113, 0.46918985247612, 0.4782058224081993, 0.45902351289987564, 0.46027425676584244, 0.4620700106024742, 0.46121302247047424, 0.4649600237607956, 0.46065765619277954, 0.4651346728205681, 0.45900698006153107, 0.45849231630563736, 0.4570554792881012, 0.459206759929657, 0.45869696885347366, 0.45355766266584396, 0.4602760970592499, 0.4601110592484474, 0.4525940269231796, 0.45590415596961975, 0.4656364619731903, 0.44636770337820053, 0.4538152813911438, 0.45365605503320694, 0.452321894466877, 0.449883297085762, 0.45277512073516846, 0.45203713327646255, 0.4559435322880745, 0.4575299248099327, 0.450799785554409, 0.45556145906448364]}