{"best_val": 0.4726128950715065, "train_loss": [0.7288065519597795, 0.7240234514077505, 0.7194485829936134, 0.7149464752939012, 0.710493759976493, 0.70556065109041, 0.7006284097830454, 0.6954985625214047, 0.6900284985701243, 0.6841561264461942, 0.6782340904076894, 0.6720098389519585, 0.6657607853412628, 0.6596815519862704, 0.6543084349897172, 0.6476799315876431, 0.6422779394520653, 0.6365719305144416, 0.6315600342220731, 0.6261327763398489, 0.6215368012587229, 0.6161903407838609, 0.6103355785210928, 0.6059467295805613, 0.6020113627115885, 0.5969554285208384, 0.592590245935652, 0.5882467296388414, 0.5860667096243964, 0.5802181661128998, 0.5769057869911194, 0.5722268422444662, 0.5682178007231818, 0.5678130189577738, 0.5622731811470456, 0.5591486361291673, 0.5568442891041437, 0.5549136499563853, 0.5500929786099328, 0.5475651489363776, 0.5448537733819749, 0.5441396666897668, 0.5393683330880271, 0.5387725846634971, 0.5350124504831102, 0.5337837454345491, 0.5346688081820806, 0.5308082401752472, 0.5285868926180733, 0.5280880100197263, 0.5259805421034495, 0.5231754846043057, 0.5226638797256682, 0.5212601125240326, 0.519223670164744, 0.516911193728447, 0.5168286810318629, 0.5156005736854341, 0.514243193798595, 0.5120533241166009, 0.5109577990240521, 0.509846063123809, 0.5075980987813737, 0.5095500333441628, 0.5068636602825589, 0.5034110777907901, 0.5044316665993797, 0.501711787448989, 0.5000671048959097, 0.4983472360504998, 0.5000375674830543, 0.4972761952214771, 0.4971078501807319, 0.494498579038514, 0.4964495317803489, 0.4940478669272529, 0.49313030309147304, 0.49082722432083553, 0.4922042141358058, 0.4912963824139701, 0.48918405837482876, 0.4895695878399743, 0.4877267711692386, 0.4848874227868186, 0.483428923620118, 0.48467618227005005, 0.4853813482655419, 0.4821027268966039, 0.4807063804732429, 0.4810081124305725, 0.4800410204463535, 0.47905536492665607, 0.4783664411968655, 0.47874775860044694, 0.4741355776786804, 0.4777851170963711, 0.4773117634985182, 0.47544919947783154, 0.4765132847759459, 0.4727658662531111, 0.47303130063745713, 0.4718320104810927, 0.47375336786111194, 0.4713900734980901, 0.472357624106937, 0.47007496820555794, 0.4714952309926351, 0.47042318681875867, 0.46716440055105424, 0.469334688451555, 0.46842263473404777, 0.4697014441092809, 0.46680105725924176, 0.46681249969535404, 0.46612204280164504, 0.46654556029372746, 0.4669165396028095, 0.46592843698130715, 0.46441391938262516, 0.4653639793395996, 0.46537961562474567, 0.46411354343096417, 0.4642811997069253, 0.46284305221504635, 0.4616760876443651, 0.4602307942178514, 0.4619433499044842, 0.46117674973275924, 0.4631004449394014, 0.46307198537720573, 0.46122973991764915, 0.4623871048291524, 0.46184487144152325, 0.4614227811495463, 0.46176449126667446], "val_loss": [0.7220737785100937, 0.7167114615440369, 0.7124496102333069, 0.708597257733345, 0.7046563178300858, 0.7006718814373016, 0.6962461918592453, 0.6915640383958817, 0.68658846616745, 0.6818596869707108, 0.6771923899650574, 0.6715663969516754, 0.6665441691875458, 0.6614679396152496, 0.6558074504137039, 0.6519475281238556, 0.6469586789608002, 0.6420886367559433, 0.6375347673892975, 0.6338943690061569, 0.6293159425258636, 0.6258182376623154, 0.6212995648384094, 0.6167273670434952, 0.615299329161644, 0.6110248416662216, 0.608249843120575, 0.6067379713058472, 0.6020634174346924, 0.5981462746858597, 0.594962403178215, 0.5914183259010315, 0.5898844301700592, 0.5892366468906403, 0.5874590128660202, 0.5831919759511948, 0.581161767244339, 0.5792256891727448, 0.5774156898260117, 0.5709298998117447, 0.5741493701934814, 0.5731199234724045, 0.5737163573503494, 0.5677035748958588, 0.5696662068367004, 0.5692339092493057, 0.5686191320419312, 0.5635258853435516, 0.5613034963607788, 0.5604610592126846, 0.5607984364032745, 0.5608678311109543, 0.5575005114078522, 0.5578876286745071, 0.5541754215955734, 0.5542734414339066, 0.5548304617404938, 0.5530309230089188, 0.5531710982322693, 0.5361969396471977, 0.5491850823163986, 0.5444786995649338, 0.5441128313541412, 0.5420721545815468, 0.5379651933908463, 0.537602499127388, 0.5375570133328438, 0.5384042039513588, 0.5353429466485977, 0.5378826782107353, 0.5367656573653221, 0.52944515645504, 0.5280871614813805, 0.5265542417764664, 0.53170545399189, 0.5293499752879143, 0.5236793458461761, 0.5224501490592957, 0.522424578666687, 0.5273798927664757, 0.5170668289065361, 0.5160381272435188, 0.5141971707344055, 0.5157323479652405, 0.5121886506676674, 0.506876640021801, 0.5143525749444962, 0.5073264539241791, 0.5053727999329567, 0.5122643783688545, 0.5041703134775162, 0.5069608986377716, 0.49680688977241516, 0.5071990489959717, 0.4992716908454895, 0.4922110289335251, 0.4990811347961426, 0.500928096473217, 0.49785909056663513, 0.49579767882823944, 0.4956807494163513, 0.4989051818847656, 0.4938463866710663, 0.49274974316358566, 0.4945377930998802, 0.49199463427066803, 0.4913303703069687, 0.49236273020505905, 0.4929962530732155, 0.4880111515522003, 0.4834218844771385, 0.4823377653956413, 0.4878632500767708, 0.4868575185537338, 0.48371102660894394, 0.4882234260439873, 0.4850679337978363, 0.48734551668167114, 0.4766232520341873, 0.4798583537340164, 0.4871639236807823, 0.48478711396455765, 0.47557877004146576, 0.48314280807971954, 0.4726128950715065, 0.4846014529466629, 0.48020653426647186, 0.47466253489255905, 0.47804831713438034, 0.48063626885414124, 0.4760249853134155, 0.4765602871775627, 0.47756972163915634, 0.47795891016721725, 0.4788066893815994]}