{"best_val": 0.4460500614209609, "train_loss": [0.696948862543293, 0.6322356368981156, 0.5972761465053932, 0.5796213956440196, 0.5644842432994469, 0.5473992929739111, 0.5252006679188972, 0.5001689487812566, 0.4809710996992448, 0.4712133740677553, 0.4644843538602193, 0.46176820934987534, 0.45902058073118623, 0.457704471022475, 0.45590820966982376, 0.45416295353104086, 0.45200081724746555, 0.4524514190122193, 0.45173419865907405, 0.449292322584227, 0.448558286708944, 0.4481468866853153, 0.44757550779510946, 0.4463368163389318, 0.44588379006759793, 0.44476044178009033, 0.44311004175859336, 0.4421963346939461, 0.4424244200482088, 0.4410073768858816, 0.4386555698572421, 0.4382973769131829, 0.4369358297656564, 0.43751636498114643, 0.43516701284576864, 0.43483586755453374, 0.43275443128511015, 0.43306292272081565, 0.4320342260248521, 0.43167751267844556, 0.43006440588072237, 0.4301656437855141, 0.428373000201057, 0.427076309334998, 0.4270349846166723, 0.4255661105408388, 0.42469191901824055, 0.42448895117815805, 0.4219627356996723, 0.4222719862180598, 0.42065857087864594, 0.42028241297777963, 0.4205837600371417, 0.418698732175079, 0.4189738602030511, 0.41801398174435483, 0.4168163251643087, 0.41594264320298735, 0.4137188663669661, 0.414466518981784, 0.41378309270914865, 0.41216157405984166, 0.41154713081378563, 0.41229337103226604, 0.41012682458933664, 0.4103858348201303, 0.40906111399332684, 0.4080974897917579, 0.407806908383089, 0.4058341278749354, 0.4073023918796988, 0.40409017719474494, 0.4038383797103283, 0.4039599422146292, 0.40513547612171547, 0.4011426223259346, 0.40202205847291383, 0.40290237875545726, 0.4003499553484075, 0.3987586889781204, 0.3980139020611258, 0.3996365017750684, 0.3975585944512311, 0.3963367150110357, 0.3970872759819031], "val_loss": [0.6612571965564381, 0.6135475635528564, 0.5930110649629072, 0.5746374346993186, 0.5609197183088823, 0.5438562306490812, 0.5175986615094271, 0.49395848133347253, 0.4807723679325797, 0.47224169156768103, 0.4692430387843739, 0.4666159017519517, 0.4645066559314728, 0.4636460461399772, 0.4660981378772042, 0.46148923310366546, 0.4613256264816631, 0.45986331592906604, 0.4597008661790328, 0.46007544615051965, 0.4587540084665472, 0.45798144015398895, 0.459866924719377, 0.45718258077448065, 0.45683730190450494, 0.4585574838248166, 0.4584578275680542, 0.4566697803410617, 0.4567778543992476, 0.4556354988705028, 0.4549658000469208, 0.4564808119427074, 0.45386620543219824, 0.45546985485337, 0.45531421357935126, 0.4532883817499334, 0.45329623601653357, 0.45462560653686523, 0.4532578397880901, 0.4517216438596899, 0.4532408362085169, 0.45313606478951196, 0.4545045630498366, 0.45303829691626807, 0.45223014192147687, 0.45292852412570606, 0.45344923572106793, 0.4510640799999237, 0.4512339911677621, 0.45133339816873724, 0.4508925703438846, 0.45000050555575977, 0.4513806294311177, 0.4499999691139568, 0.4518207853490656, 0.44936729832129046, 0.4499340870163657, 0.4496659744869579, 0.4509686448357322, 0.44937279549511994, 0.4517107605934143, 0.44900054281408136, 0.4490526101805947, 0.44848039746284485, 0.44992901520295575, 0.44710596854036505, 0.4489870315248316, 0.44763798876242206, 0.44630975885824725, 0.45071589133956214, 0.4492695223201405, 0.44871561093763873, 0.44923345880074933, 0.4474767202680761, 0.4460500614209609, 0.4486095444722609, 0.4497821276838129, 0.44670713489705866, 0.44626122984019195, 0.44868541576645593, 0.44709388234398584, 0.4482723664153706, 0.4464068114757538, 0.4464600926095789, 0.4491812288761139]}