{"best_val": 0.4295565838163549, "train_loss": [0.6873676648326948, 0.6232326778711057, 0.5891075765385347, 0.5666370163945591, 0.538705053282719, 0.5115825568928438, 0.4913272805073682, 0.4766162826734431, 0.4657926828253503, 0.46025091760298786, 0.4581107409561382, 0.45527999950390236, 0.4544814147201239, 0.4522068594016281, 0.4511338922322965, 0.4509671570039263, 0.44818707190307916, 0.4474315438784805, 0.446350809990191, 0.4467633536048964, 0.443776795092751, 0.44237062276578415, 0.44176310826750365, 0.43960772074905097, 0.4395192674562043, 0.438862087095485, 0.4364413338548997, 0.43703272120625364, 0.43532951146948573, 0.43286510308583576, 0.4316756497411167, 0.43030888894025016, 0.42996617450433616, 0.42819884185697515, 0.4270278408246882, 0.42569062990300793, 0.4249786097629398, 0.4218919259660384, 0.42283739354096206, 0.4206257041762857, 0.4195527831713359, 0.4186884176497366, 0.4172278373849158, 0.41817033641478596, 0.4155261785376306, 0.4139740835217869, 0.4124460214493321, 0.41213948995459315, 0.4107501822359422, 0.40974877161138196, 0.40629907682830213, 0.40586893815620273, 0.40437473385941747, 0.4035181093449686, 0.4030120413677365, 0.4016002212084976, 0.3999750047337775, 0.398043901312585, 0.398234368539324, 0.39749907804470436, 0.3944166010501338, 0.39533322173006397, 0.3935353007971072, 0.3916717475535823, 0.3906163725198484, 0.3896266175251381, 0.38797395311149896, 0.3864912688732147, 0.3853449289705239, 0.38488872495352056, 0.3842114239346747, 0.38331268406381797, 0.3807777189740948, 0.3808072951494479, 0.37991231153993044, 0.37789944340200987, 0.37739456284279915, 0.3755143962654413, 0.374519708109837, 0.37423257383645747, 0.3729288765028411, 0.3706592257116355, 0.3691720541785745], "val_loss": [0.6534456285563383, 0.5991901646960865, 0.5775517848404971, 0.5519644618034363, 0.5204366472634402, 0.4971972703933716, 0.4756548458879644, 0.464165292002938, 0.45566181432117114, 0.4519415091384541, 0.4509378563274037, 0.450257580388676, 0.4488383856686679, 0.45153715122829785, 0.44764120470393787, 0.44501885229891, 0.4468544531952251, 0.4480458199977875, 0.4454471360553395, 0.4444099258292805, 0.4452414973215623, 0.4429589970545335, 0.44320359284227545, 0.44291571053591644, 0.44209942492571747, 0.4431868818673221, 0.44318012486804614, 0.44034007462588226, 0.4439268789508126, 0.4420190074227073, 0.44032119891860266, 0.44090026887980377, 0.44001732631163165, 0.44022721323100006, 0.44029097936370154, 0.4390585639260032, 0.4411882162094116, 0.4366877051916989, 0.44004729661074554, 0.4367669549855319, 0.44128853624517267, 0.4414175803011114, 0.43816719542850147, 0.4388364851474762, 0.4389599561691284, 0.43781899593093176, 0.43730493025346234, 0.43449660864743317, 0.4375778219916604, 0.43468096581372345, 0.43448910117149353, 0.43620249087160284, 0.4361776980486783, 0.4349932453849099, 0.4337762485850941, 0.437774427912452, 0.43277972123839636, 0.4331439164551822, 0.43532258543101227, 0.4329517564990304, 0.4314705431461334, 0.4314011118628762, 0.43171236460859125, 0.43378024480559607, 0.43426051194017584, 0.4319232295859944, 0.4305077140981501, 0.4318104494701732, 0.4325354641134089, 0.43057016080076044, 0.43112143874168396, 0.4329530623826114, 0.4295565838163549, 0.43270287730477075, 0.4328056519681757, 0.4337356144731695, 0.4319523572921753, 0.4329915371808139, 0.4308920746499842, 0.43340704386884515, 0.4298166280443018, 0.4312226989052512, 0.4339837242256511]}