{"best_val": 0.45053977045145904, "train_loss": [0.6765275941445277, 0.6620316333495654, 0.6444234538536805, 0.6239978464750143, 0.6036042525218084, 0.5912498946373279, 0.584913052045382, 0.5790310628139056, 0.5772556427579659, 0.5726701754790086, 0.5678341062023089, 0.5609160071382155, 0.5545304916225947, 0.5496234303483596, 0.5439493524340483, 0.5363584327010008, 0.5327856689691544, 0.5233175874902651, 0.5133969697814721, 0.5106585690608392, 0.49957533753835237, 0.49434074186361754, 0.4893279574238337, 0.4777921782090114, 0.47445094700043017, 0.4676673589990689, 0.4635371623130945, 0.45852461056067395, 0.457339434669568, 0.4487135731256925, 0.44824460034187025, 0.4482404967913261, 0.44087621798882115, 0.4411441798393543, 0.4405981949888743, 0.4397324908238191, 0.4380838555785326, 0.43519515429551786, 0.43462424782606274, 0.4347187074331137, 0.4326351514229408, 0.4340927182481839, 0.4287461288846456, 0.43156009167432785, 0.43146947771310806, 0.43039660728894746, 0.43350769407474077, 0.43158823480972874, 0.4290689591031808, 0.42803085022247755, 0.4302726657344745, 0.4339536480032481, 0.4316489048875295, 0.4280783608555794, 0.4320119275496556, 0.42945747020152897], "val_loss": [0.6688703461126848, 0.6530287536707792, 0.6340825286778536, 0.6136548248204318, 0.5956864573738792, 0.5933154767209833, 0.5888994173570112, 0.5849797834049572, 0.5788013609972867, 0.5774954394860701, 0.5724734718149359, 0.5682843598452482, 0.5624485259706323, 0.5577866407957944, 0.5503830313682556, 0.5455525734207847, 0.5363630191846327, 0.5307626886801287, 0.5227587764913385, 0.5139717351306569, 0.5145438638600436, 0.5030461929061196, 0.49878872524608264, 0.49346413937481964, 0.48704775084148755, 0.48212987184524536, 0.47849793325770984, 0.47337946566668426, 0.46959715539758856, 0.46647720445286145, 0.46574475277553906, 0.4616571746089242, 0.4628543366085399, 0.4601226801222021, 0.4594508572058244, 0.4602191610769792, 0.4556607387282632, 0.4562678906050595, 0.4574048248204318, 0.4556992162357677, 0.45520723136988556, 0.4549362307245081, 0.456241637468338, 0.4530790394002741, 0.4558514194055037, 0.45053977045145904, 0.45396126129410486, 0.4569409598003734, 0.4533011588183316, 0.4555527188561179, 0.4550655430013483, 0.4551558223637668, 0.4531257748603821, 0.45349387147209863, 0.45203605023297394, 0.45260192589326337]}