{"best_val": 0.46725836396217346, "train_loss": [0.7413327561484443, 0.7228801780276828, 0.7045479383733537, 0.6844242844316695, 0.6625902156035105, 0.635153012143241, 0.6065003673235575, 0.577056325144238, 0.5525648891925812, 0.5369263390700022, 0.5283922569619285, 0.5241578436560101, 0.5160494910346137, 0.5121581421958076, 0.5096057636870278, 0.5061736967828538, 0.5015438314941194, 0.4993112799194124, 0.4961528264813953, 0.49510357280572254, 0.492393112844891, 0.49007433818446267, 0.4884001480208503, 0.48654362724887, 0.4831530766354667, 0.48485863043202293, 0.4820929418007533, 0.48233816193209755, 0.47947171164883506, 0.48028315438164604, 0.47609516481558484, 0.4746855249007543, 0.4765599916378657, 0.47192050019900006, 0.4739380064937804, 0.4717758463488685, 0.47149352894888985, 0.4709683292441898, 0.47260257932874894, 0.4685325589444902, 0.47048070033391315, 0.46773779061105514, 0.4710218111673991, 0.46892718639638686, 0.46924135585625965, 0.4660983333985011, 0.46871649391121334, 0.4689098083310657, 0.4661809686157439, 0.46883733570575714, 0.46416425539387596, 0.46250051922268337, 0.4645034356249703, 0.46400793890158337, 0.4655225459072325, 0.46560298568672603], "val_loss": [0.7314252853393555, 0.7139241248369217, 0.6954682171344757, 0.6749297231435776, 0.6519810408353806, 0.6258151680231094, 0.5976126194000244, 0.5708962380886078, 0.5533432215452194, 0.5424399226903915, 0.5379760712385178, 0.532453328371048, 0.5294920355081558, 0.5218443870544434, 0.519815132021904, 0.5112387761473656, 0.5074164643883705, 0.5059495121240616, 0.49870797991752625, 0.4948076531291008, 0.49494311213493347, 0.49395300447940826, 0.4818681627511978, 0.485966756939888, 0.4832349568605423, 0.48440850526094437, 0.4820510074496269, 0.48322514444589615, 0.480241559445858, 0.47933217138051987, 0.4758966341614723, 0.4774337485432625, 0.4789935052394867, 0.4760466441512108, 0.4791110008955002, 0.47551701217889786, 0.4683137536048889, 0.47316376119852066, 0.47325999289751053, 0.4775717630982399, 0.4732709303498268, 0.4745249077677727, 0.47291478514671326, 0.47608083486557007, 0.4710454121232033, 0.46725836396217346, 0.47434037923812866, 0.4776633754372597, 0.4787026643753052, 0.4713853448629379, 0.47214020043611526, 0.4742457941174507, 0.474360428750515, 0.4747055768966675, 0.4708118587732315, 0.47404710948467255]}