{"best_val": 0.4520062343640761, "train_loss": [0.6941801519954905, 0.6175342412555919, 0.578629756675047, 0.544018580048692, 0.5074073853445988, 0.48281063285528447, 0.4733792257075216, 0.4689973715473624, 0.46637199672998164, 0.46709784514763775, 0.46441226671723757, 0.46277687245724247, 0.46125828460151075, 0.4606795924551347, 0.45790644077693715, 0.45691361088378757, 0.4573073866320591, 0.4544173788790609, 0.4536151576275919, 0.4529963755140118, 0.45121750060249777, 0.4499213023512971, 0.4497343570578332, 0.4473510407934002, 0.44548562753434273, 0.4440588185600206, 0.44471464379161013, 0.4434700882902332, 0.4417720185775383, 0.43887829546834906, 0.43932418437565074, 0.43746103959925037, 0.436746993485619, 0.4353308081626892, 0.43402612443063776, 0.43198804060618085, 0.4318593553468293, 0.42920012625993464, 0.4296416733779159, 0.4276391337899601, 0.4264245348818162, 0.42539165066737755, 0.4229489325308332, 0.4225211301270653, 0.42115278220644187, 0.41937343396392524, 0.41761429169598746, 0.41857346833920944, 0.41584889853701873, 0.4154037617000879, 0.4159942695907518, 0.41518960454884696, 0.4115879874603421, 0.41124406340075476, 0.40804829550724403, 0.40745106105710943, 0.40699729557130854, 0.40668827178431494, 0.40557676261546566], "val_loss": [0.6217742237177762, 0.5797081318768588, 0.551295356317, 0.5143824463540857, 0.48428868705576117, 0.4743668653748252, 0.4696779196912592, 0.4692702049558813, 0.4699256149205295, 0.4684394299983978, 0.4692757563157515, 0.4698380800810727, 0.4647544947537509, 0.4669157456267964, 0.464924774386666, 0.4668573872609572, 0.4655796858397397, 0.4649450480937958, 0.46246299147605896, 0.4631364724852822, 0.4638362635265697, 0.4639733135700226, 0.4608251533725045, 0.4634841897270896, 0.46322917667302216, 0.4606481140310114, 0.4636518657207489, 0.4615026685324582, 0.45998829332264984, 0.46283398975025525, 0.4597314325245944, 0.45932554656809027, 0.4573473903265866, 0.4617332734844901, 0.4578243439847773, 0.45796869830651715, 0.45828979394652625, 0.4581739739938216, 0.4571167962117629, 0.45630419525233185, 0.45637901804663916, 0.4566700214689428, 0.4552873589775779, 0.45380307869477704, 0.45676933364434674, 0.4529426802288402, 0.4596489667892456, 0.4551160687750036, 0.4520062343640761, 0.45473040504889056, 0.45560443672266876, 0.453589992089705, 0.45253256234255707, 0.45355789498849347, 0.45307319272648205, 0.45314700495113025, 0.4552558687600223, 0.4538733552802693, 0.4531042846766385]}