{"best_val": 0.4912278354167938, "train_loss": [0.7180176575978597, 0.6491231189833747, 0.582168416844474, 0.5440650135278702, 0.5289236042234633, 0.519102532002661, 0.514151833123631, 0.5106021364529928, 0.509327749411265, 0.5071826494402356, 0.5037467562490039, 0.5020980139573415, 0.501210394832823, 0.49421316219700706, 0.49921025666925645, 0.4990166160795424, 0.4948270983166165, 0.4900690234369702, 0.489819950527615, 0.486987484825982, 0.4861132668124305, 0.48650571041637, 0.48450960715611774, 0.4850974993573295, 0.4819621228509479, 0.4822368919849396, 0.48029787672890556, 0.48291439480251735, 0.4799140873882506, 0.48173341982894474, 0.4777972780995899, 0.47603633834256065, 0.47703467640611863, 0.4745175374878777, 0.47690343028969234, 0.47657468914985657, 0.4774947961171468], "val_loss": [0.6784314662218094, 0.6134529113769531, 0.5627214163541794, 0.5389828830957413, 0.5234094187617302, 0.5287750065326691, 0.5263689756393433, 0.521483764052391, 0.5136852487921715, 0.5144276544451714, 0.5079863145947456, 0.5114557966589928, 0.5094105824828148, 0.5035707205533981, 0.5027490481734276, 0.5086876899003983, 0.49999863654375076, 0.49523553252220154, 0.4939693659543991, 0.49597906321287155, 0.49402257055044174, 0.4997543618083, 0.5009017139673233, 0.5007155910134315, 0.4983920454978943, 0.5039669573307037, 0.4912278354167938, 0.49496086686849594, 0.4920990839600563, 0.49576692283153534, 0.49662888050079346, 0.5048618167638779, 0.4917847514152527, 0.4996054247021675, 0.49908293783664703, 0.5011129304766655, 0.4940609261393547]}