{"best_val": 0.43520618297837, "train_loss": [0.6383660295430351, 0.5800941154068592, 0.5447621275396908, 0.5026691661161535, 0.4726996871770597, 0.45985280532462924, 0.45394015896554085, 0.4517666977994582, 0.44888186688516657, 0.44669916173991037, 0.44555599490801495, 0.44181904547354756, 0.44119006687519596, 0.43890365373854545, 0.43794799610680224, 0.4374285340309143, 0.4352824319811428, 0.43372756418059855, 0.4314601894687204, 0.42788340238963857, 0.42693593338424085, 0.4278433889734979, 0.42466065462897806, 0.4216303188426822, 0.42081872972787593, 0.4201732570049809, 0.41680311864497616, 0.41597791746550916, 0.41457192921171, 0.4136636642848744, 0.41057460156141545, 0.4086862954438901, 0.407270131742253, 0.4056466455553092, 0.4035816677645141, 0.4015310196315541, 0.40096014621211035, 0.3998589480624479, 0.39751415276059915, 0.39609526769787656, 0.39420783811924504, 0.3931632497731377, 0.3915447224588955, 0.3900265845597959, 0.38795028948316385, 0.38799114262356477, 0.3843919021241805, 0.3832138712499656, 0.38216474535418493, 0.3785451194819282], "val_loss": [0.6003930351950906, 0.567551238970323, 0.5250235362486406, 0.48634392294016754, 0.46147702498869464, 0.4543397128582001, 0.4496961994604631, 0.45017551563002844, 0.44628843665122986, 0.444984035058455, 0.44622505523941736, 0.4480625363913449, 0.44282999634742737, 0.4464110732078552, 0.44494885206222534, 0.4428575174375014, 0.4443753849376332, 0.4424105692993511, 0.4398652206767689, 0.4420071379704909, 0.4496220648288727, 0.4410419193181125, 0.4399300596930764, 0.4392084154215726, 0.44164794141596014, 0.44025844606486236, 0.44105934825810517, 0.44131668318401684, 0.4405133642933585, 0.4395246587016366, 0.4395911314270713, 0.43860449574210425, 0.4399010647426952, 0.43629375912926416, 0.4367645409974185, 0.4391057166186246, 0.43640026450157166, 0.4371985007416118, 0.4391147927804427, 0.43520618297837, 0.4377461048689755, 0.4402447586709803, 0.435956516049125, 0.43624130162325775, 0.43789213353937323, 0.4362982755357569, 0.441172483292493, 0.4428515759381381, 0.43865150213241577, 0.437904263084585]}