{"best_val": 0.45618984374133026, "train_loss": [0.890084538974014, 0.7953913398817474, 0.7280319718753591, 0.6844742555244296, 0.65584350567238, 0.6348298869880975, 0.6187767328000536, 0.6028606505954966, 0.5900274970952202, 0.5758117764603858, 0.5591890356119942, 0.5415645358609218, 0.5230595562972274, 0.5079558462488885, 0.49707315248601575, 0.48619287621741203, 0.4801511267820994, 0.4772493833420323, 0.4737197832733977, 0.47336618748365666, 0.4706975227477504, 0.47263289140719994, 0.469665211205389, 0.4699024207451764, 0.4701584980768316, 0.4701681066961849, 0.4690605022159277, 0.4680929131367627, 0.46790143029362546, 0.468995801374024, 0.4675073039297964, 0.46736428141593933, 0.4680451908532311, 0.4663836640470168, 0.4685920687282787, 0.4668666737921098, 0.4658771706562416, 0.4659305337597342, 0.46544722482269885, 0.4655723460749084, 0.4669013134404725, 0.4665467341740926, 0.46457886871169596, 0.46510891645562413, 0.46384470603045297, 0.4647660845634984, 0.46400200385673374, 0.46415145724427465, 0.46392370205299527, 0.4630296914016499, 0.4628329873085022, 0.46334098951489316, 0.4629541723167195, 0.4640464169137618, 0.4633038341999054, 0.4630785864942214, 0.4608926200399212, 0.46132799983024597, 0.4603118738707374, 0.4602338128230151, 0.46082649394577624, 0.4600159958297131, 0.4605984004104839, 0.45972180658695744, 0.45974527737673593, 0.4600573445067686, 0.4591744892737445, 0.45967308154293135], "val_loss": [0.7574212442744862, 0.705338407646526, 0.6639977205883373, 0.6376087828115984, 0.6201563477516174, 0.6058073423125527, 0.5933657342737372, 0.5805661082267761, 0.5664726414463737, 0.5512460795315829, 0.534048321572217, 0.514769811521877, 0.4974764802239158, 0.4862326275218617, 0.47806345603682776, 0.47178310968659143, 0.46782021630894055, 0.46515201167626813, 0.4650985436006026, 0.46450071172280744, 0.464040758934888, 0.4636181620034305, 0.4633146199313077, 0.4629571790044958, 0.46379501440308313, 0.4626316942951896, 0.46157101880420337, 0.46171127395196393, 0.4615706205368042, 0.46195834604176605, 0.4601544358513572, 0.4635866419835524, 0.46078994328325446, 0.46097360957752576, 0.45995682748881256, 0.4615185856819153, 0.4595216485587033, 0.46055643125013873, 0.4582388292659413, 0.46045319871468976, 0.4580439491705461, 0.46008124405687506, 0.4574293304573406, 0.45880217443812976, 0.4587849595329978, 0.457716166973114, 0.4593171883713115, 0.45888806744055316, 0.45848459005355835, 0.46038990400054236, 0.4589139900424264, 0.45775103298100556, 0.45635554736310785, 0.4585204530845989, 0.4583061391657049, 0.45790026404640893, 0.4568764025514776, 0.45618984374133026, 0.4574782198125666, 0.4569092094898224, 0.45799480785023083, 0.457462340593338, 0.45685133608904754, 0.456313894553618, 0.45691485838456586, 0.45651356740431354, 0.456208583983508, 0.4567189487543973]}