{"best_val": 0.46808232773434033, "train_loss": [0.7348103053294696, 0.6990005866839335, 0.6637943501655872, 0.6256915044326049, 0.599661685526371, 0.590441033244133, 0.5821306808636739, 0.5701769194923915, 0.5624353771026318, 0.5511455484307729, 0.5404000081695043, 0.5275662398109069, 0.515326589345932, 0.5048101429755871, 0.49484294194441575, 0.489163743188748, 0.4799618251048602, 0.4730300141068605, 0.47296952169675094, 0.47004392399237704, 0.4639282977351776, 0.46284567564725876, 0.4623564200905653, 0.46348001521367294, 0.46343305305792737, 0.46408372200452364, 0.46147240641025394, 0.4593592412196673, 0.46436905746276563, 0.46094166888640475, 0.46058079313773376, 0.46241753892256665, 0.45706747013788956, 0.46058230388623017, 0.45877337742310303, 0.45958411120451415, 0.458925584760996, 0.46160470579679197, 0.45978355350402683], "val_loss": [0.7089321396567605, 0.6762103817679666, 0.6403024304996837, 0.6074964024803855, 0.5928487344221636, 0.5825356190854852, 0.5748455957932905, 0.5693393891507929, 0.5606710423122753, 0.5486734726212241, 0.5387549156492407, 0.5291403694586321, 0.5174622481519525, 0.504254013299942, 0.49471142346208746, 0.48876162279735913, 0.48260602355003357, 0.48162268779494544, 0.4769274511120536, 0.4755617623979395, 0.4722113609313965, 0.47293048013340344, 0.47009093924002215, 0.47237852757627313, 0.4724513183940541, 0.4694175042889335, 0.4726766916838559, 0.47121458703821356, 0.46808232773434033, 0.4717460139231248, 0.47117017074064776, 0.4706745987588709, 0.47007524967193604, 0.46894121170043945, 0.4694097394293005, 0.4704056300900199, 0.4697708650068803, 0.4692228111353787, 0.4696261151270433]}