{"best_val": 0.5224141627550125, "train_loss": [0.8051734268665314, 0.7634646130932702, 0.7208307087421417, 0.6794872250821855, 0.650816367732154, 0.636209656794866, 0.6221039957470365, 0.6061727040343814, 0.5880324492851893, 0.5666455129782358, 0.5519132183657752, 0.5364132391081916, 0.529875871207979, 0.5244310779703988, 0.5199706570969688, 0.5186435861719979, 0.516282770368788, 0.514209669497278, 0.5148949722448984, 0.5081904497411516, 0.5096502800782522, 0.5081821266147826, 0.5074624717235565, 0.5114812834395303, 0.5091893573602041, 0.5063382834196091, 0.5041529718372557, 0.50325574974219, 0.5040277209546831], "val_loss": [0.7066150903701782, 0.6742718666791916, 0.6440554410219193, 0.6179644465446472, 0.5983481854200363, 0.5899083465337753, 0.5852341502904892, 0.5751431584358215, 0.5644022226333618, 0.5519033074378967, 0.5431814193725586, 0.5439198911190033, 0.5373703613877296, 0.5431684479117393, 0.5331981331110001, 0.5345442891120911, 0.5331881046295166, 0.5320484340190887, 0.5299338102340698, 0.5356229841709137, 0.5278388857841492, 0.5287874713540077, 0.5263350084424019, 0.5290770828723907, 0.5278823524713516, 0.529023177921772, 0.5224142745137215, 0.5236963927745819, 0.5224141627550125]}