{"best_val": 0.44089899550784717, "train_loss": [0.6928050003799737, 0.6574073913050633, 0.6178608373099682, 0.586566290434669, 0.5656776673653546, 0.5452169922052645, 0.5229580437435823, 0.5007139193076714, 0.4819369508939631, 0.46932366431928146, 0.4620549760612787, 0.45787322053722307, 0.45424774464438944, 0.45151625895032693, 0.45167962359447106, 0.4503638136620615, 0.4492870563385533, 0.4487696687380473, 0.4479265885025847, 0.4464684888428333, 0.44630861048604925, 0.4447166171728396, 0.44481640995717514, 0.4433723758248722, 0.44336886674750087, 0.4419244691437366, 0.44089696804682416, 0.44227438113268686, 0.4394211950255375, 0.4385348499989977, 0.4382457914305668, 0.43806710313348207, 0.43771639524721634, 0.43679413608476225, 0.4361535158811831, 0.43492843941146253, 0.4343620123816471, 0.4324588004280539, 0.4331769452375524, 0.432221894755083, 0.4316443263315687, 0.4307250257800607, 0.43010678010828357, 0.4306802720415826, 0.428664904014737, 0.4287945131460826, 0.4266370359589072, 0.4260461552470338, 0.4266727724496056, 0.4248127913942524, 0.4253222580049552, 0.4238581330168481, 0.4244072519096674, 0.4228634758322847, 0.42224155629382415, 0.4214141345491596, 0.4213123654617983, 0.41979337322945687, 0.42007339409753386], "val_loss": [0.6727230223742399, 0.6387682448733937, 0.6011593666943637, 0.5772251866080544, 0.5603870370171287, 0.538238528099927, 0.5141890915957364, 0.4892802834510803, 0.47461086782542145, 0.46603786132552405, 0.4582439904863184, 0.45258133248849347, 0.4534164694222537, 0.45060229843313043, 0.45078177614645526, 0.4504357169974934, 0.4497231190854853, 0.45110099153085187, 0.4478332183577798, 0.4479988488284024, 0.4483612423593348, 0.44885996796868066, 0.4472852945327759, 0.4489709274335341, 0.4485781761732968, 0.44554849375378003, 0.44571429220112885, 0.4462288103320382, 0.44672776623205707, 0.44417204098267987, 0.4442736641927199, 0.44630086151036347, 0.4447936930439689, 0.44497075405987824, 0.44338484514843335, 0.44404576312411914, 0.44194166497750714, 0.4449582885612141, 0.4413798153400421, 0.4424425797028975, 0.4437503841790286, 0.44399724223396997, 0.44186224178834393, 0.44369854710318823, 0.4438936005939137, 0.44250494783574884, 0.4425546012141488, 0.4409093369137157, 0.44089899550784717, 0.441445220600475, 0.4428340738469904, 0.4416862834583629, 0.44115239652720367, 0.44118627363985236, 0.4410600011998957, 0.4416004608977925, 0.44214719804850494, 0.44374838742342865, 0.4418591423468156]}