{"best_val": 0.446749286218123, "train_loss": [0.6649671220311931, 0.5908265961151496, 0.5521876677578571, 0.5106400537724588, 0.47739238481895596, 0.46017348240403566, 0.4533979185656005, 0.45034320564831004, 0.44776540351848976, 0.44586942710128485, 0.4429170512685589, 0.44049476759106504, 0.440022024453855, 0.43775302288579004, 0.43756792007708084, 0.43541155375686347, 0.4339880510872486, 0.4322471069354637, 0.4311087663267173, 0.43001168907857407, 0.428353243598751, 0.427372324700449, 0.4263302999384263, 0.4258115016946606, 0.422318229488298, 0.42085446621857436, 0.41965340107095006, 0.41700807330655115, 0.416903822445402, 0.4165611009971768, 0.414226247399461, 0.4120573231986925, 0.412338794446459, 0.4098749137392231, 0.4069978618154339, 0.4052951750802059, 0.4054365403511945, 0.4025051915178112, 0.40087812028679193, 0.4003630338930616, 0.3978747059317196, 0.39738911214996786, 0.3967129325165468, 0.3938724947910683, 0.39244352544055267, 0.391016610697204, 0.38964328578874174, 0.38754887557497214, 0.38664734421991837, 0.3849745901191936, 0.384236136487886, 0.382278839747111, 0.3807007284725414, 0.37995118896166485, 0.3782457563222623, 0.3788267829838921, 0.375225483786826, 0.37439414566638424, 0.37177644874535354, 0.3714177848077288, 0.3694141226656297], "val_loss": [0.6172901391983032, 0.5880046595226635, 0.5503459247675809, 0.50679365884174, 0.4848225333473899, 0.4692861762913791, 0.4639474126425656, 0.462767712094567, 0.4645852636207234, 0.46374779668721283, 0.46019188924269244, 0.45624382116577844, 0.4566140825098211, 0.45711975476958533, 0.4563723531636325, 0.45505220239812677, 0.4570591829039834, 0.4564004296606237, 0.4564854421398856, 0.4569081284783103, 0.45584096149964765, 0.45346291769634595, 0.4585816806012934, 0.4546373594890941, 0.45341697335243225, 0.4544659446586262, 0.4541062956506556, 0.453941058028828, 0.4526405388658697, 0.44965699315071106, 0.4522954252633182, 0.4516382244500247, 0.4513458392836831, 0.4501840282570232, 0.44923814047466626, 0.451626254753633, 0.45043037696318194, 0.4472245465625416, 0.4503781199455261, 0.4480747472156178, 0.4503443891351873, 0.44814100048758765, 0.4510588293725794, 0.4517778618769212, 0.4506821930408478, 0.45155737887729297, 0.44698889689012006, 0.4526095444505865, 0.45343144915320654, 0.4511050554839047, 0.446749286218123, 0.4522952058098533, 0.45215470682490955, 0.4476681514219804, 0.4492847133766521, 0.44841828671368683, 0.4474198953671889, 0.4492583843794736, 0.4473681775006381, 0.4506289986046878, 0.44750442829999054]}