{"best_val": 0.5053133368492126, "train_loss": [0.7316891517904069, 0.7227413488758935, 0.714151081111696, 0.7055951986047957, 0.6965938409169515, 0.6871043642361959, 0.6769739356305864, 0.6656856801774766, 0.6531327433056302, 0.6396433512369791, 0.6258672144677904, 0.6107248067855835, 0.597869873046875, 0.5834953288237253, 0.5725538035233816, 0.5615707801447974, 0.5534706976678636, 0.5457522008154128, 0.5355248749256134, 0.5325717545217938, 0.5273246334658729, 0.5250025358464983, 0.5225782261954414, 0.5165620976024203, 0.5159325467215644, 0.5119690348704656, 0.511753703157107, 0.5069610062572691, 0.5060931493838629, 0.5030242949724197, 0.5014059576723311, 0.5006988909509447, 0.5010665158430735, 0.4973286572429869, 0.4980510671933492, 0.4969727314180798, 0.49493514001369476, 0.49438778228229946, 0.49309637977017295, 0.4914250489738252, 0.4947090446949005, 0.491983809404903, 0.48779524200492436, 0.4909145136674245, 0.4888095325893826, 0.48621877365642124, 0.4870225224230025, 0.4842514660623338, 0.4851560725106133, 0.48563625084029305, 0.4861151443587409, 0.4869147092103958], "val_loss": [0.7243174910545349, 0.7158696800470352, 0.708217203617096, 0.6999210715293884, 0.6916472166776657, 0.6821146756410599, 0.6722869127988815, 0.6606210023164749, 0.6493183076381683, 0.6366077959537506, 0.6212916076183319, 0.6103417426347733, 0.5980198085308075, 0.5853444188833237, 0.5762370824813843, 0.5652820914983749, 0.5557273179292679, 0.5528610497713089, 0.5528748482465744, 0.5527097061276436, 0.5416257232427597, 0.5376631170511246, 0.5387788116931915, 0.5356610119342804, 0.5303100943565369, 0.5331343188881874, 0.5224036797881126, 0.526293471455574, 0.5210213512182236, 0.5244964510202408, 0.5177551954984665, 0.5209207013249397, 0.5245819687843323, 0.5165524035692215, 0.5130950808525085, 0.5179887413978577, 0.5139794498682022, 0.5066776871681213, 0.5067941471934319, 0.5126741528511047, 0.511305645108223, 0.5053133368492126, 0.5084013640880585, 0.5134633705019951, 0.5100763291120529, 0.5082726925611496, 0.5100878551602364, 0.5117204263806343, 0.5129596367478371, 0.5112309157848358, 0.5076257064938545, 0.5118274092674255]}