{"best_val": 0.468934528529644, "train_loss": [0.7347125477261014, 0.7117617494530148, 0.6895668705304464, 0.6697034339110056, 0.6528051164415147, 0.6423860755231645, 0.6358091864320967, 0.6307105355792575, 0.6243002679612901, 0.6186195777522193, 0.6113746795389388, 0.6047054926554362, 0.598438087436888, 0.5921622779634264, 0.5827925867504544, 0.5782405204243131, 0.5702793598175049, 0.5670622984568278, 0.5630750043524636, 0.5603902786970139, 0.5591398328542709, 0.5532778534624312, 0.5525226559903886, 0.5500163071685367, 0.5486831863721212, 0.5490922464264764, 0.5435731179184384, 0.5457497619920306, 0.5416914075613022, 0.5418482704295052, 0.5414387434720993, 0.5379545787970225, 0.5375185608863831, 0.5349635299709108, 0.5337911066081789, 0.5328216883871291, 0.5315605683459176, 0.5306016736560397, 0.5254385322332382, 0.5267195983065499, 0.5264800737301508, 0.5259573244386249, 0.5263179043928782, 0.523113414645195, 0.5224598977300856, 0.5201200975312127, 0.5199565274847878, 0.5178599887424045, 0.5204355219999949, 0.5171729971965154, 0.5155320896042718, 0.5160334010918936, 0.5137035366561677, 0.5125027514166303, 0.5108895666069455, 0.5145336985588074, 0.5119170546531677, 0.5109500802225537, 0.5139330244726605, 0.5114132314920425, 0.5118275731801987, 0.5111769586801529, 0.5128962265120612, 0.5104762381977506, 0.5093860758675469], "val_loss": [0.6884333342313766, 0.6753592193126678, 0.6609150469303131, 0.6442781686782837, 0.6329802423715591, 0.6240279823541641, 0.6169702112674713, 0.6088552922010422, 0.6016584634780884, 0.5946648418903351, 0.5866563022136688, 0.5815833359956741, 0.5749374330043793, 0.5610056519508362, 0.5560706406831741, 0.5430896282196045, 0.541802853345871, 0.5389191061258316, 0.5302461460232735, 0.5273258537054062, 0.5191176980733871, 0.5187365934252739, 0.5112531259655952, 0.521282248198986, 0.5092018023133278, 0.5029204934835434, 0.5049984082579613, 0.5071961730718613, 0.5043229311704636, 0.4999706894159317, 0.5006980076432228, 0.4898807778954506, 0.4967650920152664, 0.49158675223588943, 0.49629058688879013, 0.4949963539838791, 0.49057357758283615, 0.4906466156244278, 0.48362863063812256, 0.4817824363708496, 0.48400866985321045, 0.4862964302301407, 0.4847470223903656, 0.47809410095214844, 0.4853283688426018, 0.4793872907757759, 0.47910742461681366, 0.4775265008211136, 0.4785944074392319, 0.48207879811525345, 0.47446995228528976, 0.4785267412662506, 0.478443942964077, 0.4757353365421295, 0.468934528529644, 0.4713462218642235, 0.4777446389198303, 0.47818180173635483, 0.47573845088481903, 0.47759462147951126, 0.4726521149277687, 0.47710684686899185, 0.4767388105392456, 0.47032325714826584, 0.47745010256767273]}