{"best_val": 0.5091975554823875, "train_loss": [0.6519930793179406, 0.6496255629592471, 0.6467040446069505, 0.6435956524478065, 0.6398045354419284, 0.6366811196009318, 0.6335684061050415, 0.6302354269557529, 0.6256361073917813, 0.6219601002004411, 0.6188954611619314, 0.6139992674191793, 0.6104177137215933, 0.6053390900293986, 0.5999077955881754, 0.5970780021614499, 0.5912894209225973, 0.5880104634496901, 0.5835053622722626, 0.5812228653166029, 0.5770946674876742, 0.5733005603154501, 0.571545465124978, 0.5670159392886691, 0.5656541652149625, 0.5627457333935632, 0.5610123541620042, 0.559131983253691, 0.5580997218688329, 0.5565018372403251, 0.5529722935623593, 0.5556955867343478, 0.5514917920033137, 0.5473826395140754, 0.5476330270369848, 0.5444877942403158, 0.5443152603175905, 0.5440223647488488, 0.5396994335783852, 0.5392589271068573, 0.5404748138454225, 0.5394954052236345, 0.5395348684655296, 0.5338002840677897, 0.5323640770382352, 0.5288467920488782, 0.5277295642428927, 0.5297557363907496, 0.5280327879720264, 0.5258760584725274, 0.5232626928223504, 0.5235550569163429, 0.520345088508394, 0.5203595989280276, 0.5170079188214408, 0.5173352062702179, 0.5151166021823883, 0.5136387977335188, 0.5154159267743429, 0.5139902995692359, 0.5115935073958503, 0.5111773957808813, 0.5131350093417697, 0.5104790810081694, 0.5118906564182706, 0.5093698485030068, 0.5126260469357172, 0.5100225292974048, 0.5076491634051005, 0.50843389166726, 0.5086955411566628, 0.5072410056988398, 0.5091221100754209, 0.5099203271998299, 0.5058874123626285, 0.5059980551401774, 0.5087140103181204, 0.5062087095446057, 0.5049282047483656, 0.5040942877531052, 0.5033955027659734, 0.5037949879964193, 0.5051508214738634, 0.5009910530514188, 0.5038299527433183, 0.5049784315956963, 0.5044925676451789, 0.5014515833722221, 0.5007636795441309, 0.5016576879554324, 0.5020165079169803, 0.4999551408820682, 0.4986700862646103, 0.5002496656444337, 0.4987644834650887, 0.5001763850450516], "val_loss": [0.6528711467981339, 0.6495652347803116, 0.6471962779760361, 0.6448205709457397, 0.6419556140899658, 0.6391364187002182, 0.635848194360733, 0.6302507221698761, 0.6286230683326721, 0.6255626976490021, 0.6210387796163559, 0.6167480200529099, 0.6130545735359192, 0.6070056110620499, 0.6050726473331451, 0.6017746925354004, 0.5970862954854965, 0.5942359417676926, 0.5897398144006729, 0.5879437774419785, 0.5842877924442291, 0.5835199058055878, 0.5764635354280472, 0.5773809850215912, 0.578104168176651, 0.567722961306572, 0.5742188990116119, 0.5702037066221237, 0.5667959749698639, 0.5697380304336548, 0.5643449574708939, 0.5657744109630585, 0.5620640814304352, 0.5657190084457397, 0.5580842345952988, 0.5600449293851852, 0.5557865649461746, 0.5547231882810593, 0.5569422990083694, 0.5563786774873734, 0.5474657490849495, 0.543030820786953, 0.5437897220253944, 0.5453977733850479, 0.5377173200249672, 0.5408981591463089, 0.5466988384723663, 0.5359594747424126, 0.5420748144388199, 0.5397714674472809, 0.5369908511638641, 0.5279799178242683, 0.5349342077970505, 0.5307571068406105, 0.532762698829174, 0.5221441090106964, 0.5287778005003929, 0.5262385085225105, 0.5315648689866066, 0.5240370333194733, 0.5281257629394531, 0.5264716669917107, 0.5255162268877029, 0.5241495594382286, 0.5249745026230812, 0.5192501023411751, 0.5215638354420662, 0.5193093493580818, 0.5251700803637505, 0.5211640670895576, 0.5213440209627151, 0.5187117904424667, 0.5227198377251625, 0.5185429602861404, 0.520132452249527, 0.5165986493229866, 0.5199627950787544, 0.5171370804309845, 0.519181914627552, 0.519732229411602, 0.5118120983242989, 0.5169777125120163, 0.5204241946339607, 0.5181801319122314, 0.5174072682857513, 0.5091975554823875, 0.5183869227766991, 0.5116038024425507, 0.5177252218127251, 0.5099738761782646, 0.5196625515818596, 0.5115202516317368, 0.5102356374263763, 0.5103973373770714, 0.5123906135559082, 0.5134228765964508]}