{"best_val": 0.4627640023827553, "train_loss": [0.6883011129167345, 0.6718726555506388, 0.6544252567821078, 0.6356266339619955, 0.6127574609385597, 0.5899292727311453, 0.5700350966718462, 0.5603498402569029, 0.5526369661092758, 0.5474552363157272, 0.5412582606077194, 0.5409004655149248, 0.5338800814416673, 0.5313801301850213, 0.5285318808423148, 0.5254205299748315, 0.5251731392410066, 0.521049976348877, 0.5215749310122596, 0.5198825067943997, 0.5172468225161234, 0.5164384129974577, 0.514876158701049, 0.5138085550732083, 0.5106809453831779, 0.5073837124639087, 0.5065557128853269, 0.5050422433349822, 0.5028044134378433, 0.507614736755689, 0.5033910721540451, 0.502637623084916, 0.5014170226123598, 0.499393986331092, 0.5023096468713548, 0.4984098888105816, 0.5005681895547442, 0.49981976714399123, 0.49758413599597084, 0.4981570127937529, 0.4981986615392897, 0.4976396924919552, 0.49950868553585476, 0.49734607338905334, 0.4939540558391147, 0.49438948929309845, 0.49470378789636826], "val_loss": [0.6746549308300018, 0.6560805141925812, 0.6363935619592667, 0.6105536818504333, 0.5808676928281784, 0.5547373443841934, 0.5348200798034668, 0.5215978994965553, 0.5146360173821449, 0.508531242609024, 0.5026252493262291, 0.5012767538428307, 0.4977269023656845, 0.4921700060367584, 0.48564596474170685, 0.4838484972715378, 0.4779525101184845, 0.48365354537963867, 0.47959062457084656, 0.47962183505296707, 0.4783864915370941, 0.47991130501031876, 0.4727746471762657, 0.46907540410757065, 0.472165510058403, 0.46811530739068985, 0.4732547327876091, 0.466107077896595, 0.4682750850915909, 0.4669160693883896, 0.46973568946123123, 0.4672107994556427, 0.46821802109479904, 0.4685019329190254, 0.467445969581604, 0.46778765320777893, 0.4627640023827553, 0.46756690740585327, 0.4724348187446594, 0.4629128873348236, 0.46660589426755905, 0.47371765971183777, 0.4659927487373352, 0.46901756525039673, 0.4741506427526474, 0.4691907837986946, 0.4642458111047745]}