{"best_val": 0.4888930916786194, "train_loss": [0.7020342416233487, 0.6800429258081648, 0.660807834731208, 0.6502622465292612, 0.6386555863751305, 0.6217520766788058, 0.6068651510609521, 0.5875497261683146, 0.5744291245937347, 0.5649309588803185, 0.5548645291063521, 0.5529042349921333, 0.5485165665547053, 0.5439253052075704, 0.5390519996484121, 0.5372757630215751, 0.5353881153795454, 0.531686771247122, 0.5258309609360166, 0.5232507172558043, 0.5234268539481692, 0.5198805845446057, 0.5174010164207883, 0.5182037519084083, 0.5157416231102414, 0.5118261261118783, 0.5106977870066961, 0.5100115438302358, 0.5111691753069559, 0.5045215139786402, 0.5043048510948817, 0.5057886093854904, 0.5015426228443781, 0.5018323957920074, 0.49955428143342334, 0.49865658581256866, 0.49777866072124904, 0.4985174089670181, 0.4971296621693505, 0.4982638938559426, 0.49746805595027077, 0.4972447951634725, 0.4956433441903856, 0.4961415297455258, 0.4975586732228597, 0.49700505534807843, 0.4963213089439604, 0.4959143367078569, 0.4943506999148263, 0.49367092218663955, 0.49631552398204803, 0.493776347902086, 0.4950270785225762, 0.49292943543858, 0.4947655697663625, 0.49294537636968827, 0.4921879602803124, 0.4914410014947255, 0.4948381251758999, 0.4949389513995912], "val_loss": [0.667226567864418, 0.6517025083303452, 0.6374530047178268, 0.6283629089593887, 0.616094172000885, 0.6052824556827545, 0.5883313417434692, 0.575364500284195, 0.5628136396408081, 0.5586452037096024, 0.5499956011772156, 0.5465174168348312, 0.534249871969223, 0.5338140577077866, 0.540113128721714, 0.5327479243278503, 0.5268648937344551, 0.5363179743289948, 0.5235120207071304, 0.5264539197087288, 0.5182350352406502, 0.5168227255344391, 0.5222837328910828, 0.5159996598958969, 0.5126962587237358, 0.5118221566081047, 0.5084152296185493, 0.507886603474617, 0.5020964592695236, 0.5059428960084915, 0.5077010318636894, 0.502034030854702, 0.4942699894309044, 0.5041177719831467, 0.4998024106025696, 0.49721527099609375, 0.5030980482697487, 0.5023313537240028, 0.492241770029068, 0.49757541716098785, 0.49765490740537643, 0.49108363687992096, 0.500111848115921, 0.5016086921095848, 0.49246715009212494, 0.4955868199467659, 0.49218136817216873, 0.494680218398571, 0.4941486045718193, 0.4888930916786194, 0.4898407980799675, 0.49579954892396927, 0.4983188137412071, 0.49641861766576767, 0.4984833523631096, 0.5029963478446007, 0.4932222366333008, 0.49357127398252487, 0.489560030400753, 0.4914548471570015]}