{"best_val": 0.4832253009080887, "train_loss": [0.6711204979154799, 0.6278786891036563, 0.5842398405075073, 0.5473096834288703, 0.5262831896543503, 0.5174891534778807, 0.5093583249383502, 0.504406193892161, 0.5026397820976045, 0.4987792836295234, 0.4958185056845347, 0.4943540063169267, 0.4945700118939082, 0.4926222413778305, 0.49259616600142586, 0.4887291259235806, 0.48689961930116016, 0.4831057886282603, 0.4853295816315545, 0.4807187534040875, 0.48158015145195854, 0.4795459061861038, 0.4781265921062893, 0.4758186936378479, 0.47230499154991573, 0.4752997358640035, 0.4761613110701243, 0.47568290763431126, 0.4735123763481776, 0.4680492596493827, 0.46733365290694767, 0.4713846842447917, 0.47392097612222034, 0.4685748169819514, 0.46709131863382125, 0.467586980925666, 0.4670109252134959, 0.4656850149234136, 0.46593402657243943, 0.46656980282730526, 0.4670911563767327, 0.46914895210001206, 0.4675849709245894], "val_loss": [0.6505445092916489, 0.6184458285570145, 0.583134263753891, 0.5679526478052139, 0.5582922548055649, 0.5490123257040977, 0.5381799191236496, 0.5291678830981255, 0.5289196968078613, 0.5257056653499603, 0.5229941830039024, 0.5193356648087502, 0.515137679874897, 0.5156060978770256, 0.5096246302127838, 0.505290687084198, 0.5071299225091934, 0.5016609653830528, 0.4972357153892517, 0.5013536736369133, 0.4944572225213051, 0.4934692308306694, 0.4908427745103836, 0.49017849564552307, 0.48791739344596863, 0.489169143140316, 0.4898171126842499, 0.4858541265130043, 0.4884549006819725, 0.48957937210798264, 0.4861101806163788, 0.48687075823545456, 0.4832253009080887, 0.48695433884859085, 0.48961248993873596, 0.4942636340856552, 0.494854174554348, 0.48472587764263153, 0.4893195182085037, 0.4852059707045555, 0.48568378388881683, 0.48993178457021713, 0.49396153539419174]}