{"best_val": 0.4669043177908117, "train_loss": [0.6834668952685136, 0.6171638392485105, 0.5902994275093079, 0.5692276140818229, 0.5400940437729542, 0.505833160991852, 0.4809871699947577, 0.47252772748470306, 0.46417436691430897, 0.46378140495373654, 0.45885375199409634, 0.46113735838578296, 0.4589300654255427, 0.45719245591988933, 0.45848998656639683, 0.4565920365544466, 0.45444294122549206, 0.4542156732999362, 0.4539101387445743, 0.45240411506249356, 0.4516214086459233, 0.4517543161144623, 0.44989227790098923, 0.4499772231166179, 0.4532458151762302, 0.4492557919942416, 0.44991463308150953, 0.4486571963016803], "val_loss": [0.6441758166659962, 0.5975948409600691, 0.5782675255428661, 0.5590626326474276, 0.532867661931298, 0.505382938818498, 0.48694870146838104, 0.4755692183971405, 0.47133751890876074, 0.47407557476650586, 0.46767420931295917, 0.46754431182687933, 0.466914794661782, 0.46863975850018585, 0.4685023914683949, 0.4729818268255754, 0.46943681890314276, 0.4669043177908117, 0.4682602882385254, 0.47089642828161066, 0.47174560210921546, 0.4741463444449685, 0.4721499600193717, 0.47024477882818744, 0.4687068326906724, 0.46885752406987274, 0.4702840745449066, 0.47303587740117853]}