{"best_val": 0.4055397022854198, "train_loss": [0.7054237524668375, 0.6584010147580913, 0.6047665605358049, 0.5852327545483907, 0.5637270235547832, 0.5390486372452156, 0.5112942661724839, 0.48155363634520887, 0.4618443402589536, 0.4484430206756966, 0.4410410131893906, 0.4390082826801375, 0.43727001372505636, 0.4348840023957047, 0.4343639343392615, 0.43223442166459325, 0.4317112833845849, 0.4296248362344854, 0.4288247163389243, 0.42820674180984497, 0.42677192828234506, 0.42449139555295307, 0.4243603109144697, 0.4235662923139684, 0.4236793938805075, 0.4214438860322915, 0.4204002817471822, 0.41994712399501427, 0.41941284724310335, 0.4176639984635746, 0.41672905987384273, 0.41628211327627596, 0.4162975654882543, 0.4155544498387505, 0.41463619938083723, 0.41270732061535703, 0.41278380272435206, 0.40995407279799967, 0.41034848082299324, 0.4094930092493693, 0.40835163523169127, 0.4082127727714239, 0.40657569789418985, 0.40576809995314655, 0.4048490325609843, 0.40376536869535257, 0.40364356718811334, 0.4024115321682949, 0.40248297008813594, 0.39974820029501823, 0.39924246423384724, 0.3995632833125545, 0.3963474794930103, 0.3980416830848245, 0.3957252917336483, 0.3962135759054446, 0.3957613969550413, 0.39439528829911175, 0.39287277062733966, 0.3923794364227968, 0.3915091262144201, 0.3917139710164538, 0.3894340547860837, 0.3885175877926396, 0.3886345309369704, 0.3878200223632887, 0.3858279217691982, 0.38484945951723587, 0.3843228577398786, 0.38418443763957305, 0.3834398400549795], "val_loss": [0.6853473403237083, 0.6234413114461032, 0.590055834163319, 0.5716152245348151, 0.5483218241821636, 0.5200119289484891, 0.491522493687543, 0.46345877376469696, 0.4457493939182975, 0.43730296059088275, 0.43409879912029614, 0.43142312494191254, 0.4294757707552476, 0.42800251191312616, 0.42784046584909613, 0.426167523319071, 0.4231661314314062, 0.42251772772182117, 0.4245239333672957, 0.4231312085281719, 0.4247977462681857, 0.4208380010994998, 0.42242094603451813, 0.4184495048089461, 0.4194224070418965, 0.4175965840166265, 0.41845450618050317, 0.416320955211466, 0.4180791432207281, 0.419343501329422, 0.41752883520993317, 0.41633653098886664, 0.41911433230746875, 0.41455711830746045, 0.41337147626009857, 0.41325768015601416, 0.4149603247642517, 0.41425658897920087, 0.4133859899911014, 0.4122303317893635, 0.4118953618136319, 0.4118176292289387, 0.4110548875548623, 0.41262175007299945, 0.4115816923705014, 0.4122498333454132, 0.4120694534345107, 0.41105652126398956, 0.40841776674444025, 0.4106484190984206, 0.41308278387243097, 0.41009470549496735, 0.40854606303301727, 0.4093994010578502, 0.40842576731335034, 0.41082167625427246, 0.4090429517355832, 0.40771951187740674, 0.40603178197687323, 0.4082012257792733, 0.4055397022854198, 0.40829490531574597, 0.4068358974023299, 0.4073839485645294, 0.41095938736742194, 0.4088539725000208, 0.40690161965110083, 0.40557136318900366, 0.4074037318879908, 0.4107726216316223, 0.40854271433570166]}