{"best_val": 0.49629704654216766, "train_loss": [0.7383241852124532, 0.7153522703382704, 0.6859963834285736, 0.6560801135169135, 0.6237138244840834, 0.5969154238700867, 0.5777097178830041, 0.5636222064495087, 0.5556872967216704, 0.5486310968796412, 0.547982942726877, 0.5436716940667894, 0.5380237201849619, 0.5387018372615179, 0.5330844024817148, 0.5271963708930545, 0.5245576401551565, 0.5223539504739974, 0.5184615519311693, 0.5175019419855542, 0.5167758481370078, 0.5122950706217024, 0.5097476045290629, 0.5100652658277087, 0.5101528366406759, 0.5052554723289278, 0.5049184891912673, 0.5052167856030993, 0.5045166230863996, 0.503966200682852, 0.5035328716039658, 0.4992681129111184, 0.4992929713593589, 0.49685655865404343, 0.4962447186311086, 0.49808134469721055, 0.4960827413532469, 0.4973239319192039, 0.4958705852429072, 0.4955579655037986, 0.4942946467134688, 0.49611720939477283, 0.49236218134562176, 0.4945523954100079, 0.4914792279402415, 0.49551815291245777, 0.4905666692389382, 0.49080051812860703, 0.4909301764435238, 0.48952943252192604, 0.4898947957489226, 0.4913964205318027, 0.4893108192417357, 0.4908246911234326, 0.48762213687102, 0.48953433997101253, 0.4868682887819078, 0.48970794015460545, 0.4817540893952052, 0.4861197653743956, 0.48619694511095685, 0.48624436722861397, 0.48487381305959487, 0.48706414302190143], "val_loss": [0.7161648273468018, 0.6921727657318115, 0.6637512296438217, 0.6338121294975281, 0.6085650473833084, 0.5881601572036743, 0.5692777186632156, 0.5678335800766945, 0.5640751272439957, 0.551207572221756, 0.5507602244615555, 0.549932986497879, 0.5460781008005142, 0.5376212000846863, 0.5452715456485748, 0.5466521382331848, 0.5299386605620384, 0.5388391017913818, 0.529860645532608, 0.5282325744628906, 0.5273912250995636, 0.5291303247213364, 0.5230721682310104, 0.5259415581822395, 0.519998237490654, 0.5238455161452293, 0.5184529721736908, 0.5197651013731956, 0.5152816325426102, 0.5169443041086197, 0.516352005302906, 0.5143648609519005, 0.5121097341179848, 0.5089154690504074, 0.514653392136097, 0.5094425678253174, 0.5170628055930138, 0.5095345228910446, 0.5120603963732719, 0.5084944441914558, 0.5061628520488739, 0.5084007009863853, 0.5048894211649895, 0.49950313568115234, 0.5071941018104553, 0.5038195699453354, 0.5001934841275215, 0.5053245797753334, 0.5045307949185371, 0.503685936331749, 0.5006124824285507, 0.5057066231966019, 0.5055821314454079, 0.49629704654216766, 0.5053982883691788, 0.5000100955367088, 0.49849286675453186, 0.5080271065235138, 0.5074190720915794, 0.5004687011241913, 0.5007936879992485, 0.5002522245049477, 0.5003944411873817, 0.5037749782204628]}