{"best_val": 0.4729652851819992, "train_loss": [0.6630802286995782, 0.6426170037852393, 0.623991909954283, 0.6028685834672716, 0.5789164668983884, 0.5545859403080411, 0.5340982410642836, 0.5191106895605723, 0.5074404146936204, 0.49966521395577324, 0.49317407111326855, 0.49077005353238845, 0.4885333842701382, 0.48205902179082233, 0.4787808673249351, 0.47679421140087974, 0.47793234056896633, 0.4739438792069753, 0.4700189381837845, 0.47029608984788257, 0.47017167177465224, 0.4699339982536104, 0.46659022072951, 0.4661045968532562, 0.4638855705658595, 0.463910323050287, 0.4635695517063141, 0.4649359881877899, 0.46159737805525464, 0.4611772381597095, 0.46301545865005916, 0.46265847980976105, 0.46171142492029404, 0.46279726260238224, 0.4624949312872357, 0.45811161398887634, 0.46410820219251847, 0.4615297731426027, 0.4596925841437446, 0.45888416800234055, 0.4591808517773946, 0.45908473432064056, 0.4589525494310591, 0.4607854982217153, 0.460226919915941, 0.45862866275840336, 0.45744990640216404, 0.456541927324401], "val_loss": [0.6566299796104431, 0.6395858973264694, 0.6254137009382248, 0.6089192777872086, 0.5893715620040894, 0.5759966373443604, 0.5627739876508713, 0.5600056201219559, 0.5547793209552765, 0.547772690653801, 0.5399936139583588, 0.5376345366239548, 0.525419607758522, 0.5236166641116142, 0.5197210013866425, 0.5131620690226555, 0.5144121274352074, 0.5085064023733139, 0.504348486661911, 0.5021515935659409, 0.4975513145327568, 0.4967971593141556, 0.4958824962377548, 0.4902992323040962, 0.48827268183231354, 0.48525361716747284, 0.4847601279616356, 0.4791427031159401, 0.4816640838980675, 0.488584466278553, 0.474665068089962, 0.48493652790784836, 0.4796157628297806, 0.4793401211500168, 0.48005083948373795, 0.4826737269759178, 0.4834030717611313, 0.4729652851819992, 0.47789229452610016, 0.48117586970329285, 0.4730789437890053, 0.4744202420115471, 0.4827575609087944, 0.48237866908311844, 0.47680989652872086, 0.47729601711034775, 0.4833883121609688, 0.4763861447572708]}