{"best_val": 0.5040576979517937, "train_loss": [0.6379454433917999, 0.567890872557958, 0.5398673382070329, 0.5216711444987191, 0.5151043600506253, 0.5089473260773553, 0.5072914378510581, 0.5008120520247353, 0.5027492907312181, 0.495587988032235, 0.4971197230948342, 0.49242493013540906, 0.4917513247993257, 0.4884303990337584, 0.4895014564196269, 0.4870157655742433, 0.4859895623392529, 0.4892519430981742, 0.48493924074702793, 0.4836336821317673, 0.48577407995859784, 0.4822993063264423, 0.4782010366519292, 0.48316623767217, 0.4810214390357335, 0.4853692319658067, 0.47678187986214954, 0.479184369246165, 0.48189422819349503, 0.4814504219426049, 0.47845299541950226, 0.4770226346121894, 0.4764996949169371, 0.47652749054961735, 0.47386102543936837, 0.47506699628300136, 0.47405965791808236, 0.4718507246838676, 0.4742771304315991, 0.4711349507172902, 0.47407323949866825, 0.472079755531417, 0.47106386886702645, 0.46982325116793316, 0.47070373594760895, 0.47319725818104214, 0.4699120703670714, 0.46926644610034096, 0.467761379149225, 0.46867522762881386, 0.4660048054324256, 0.4683273732662201, 0.4658475418885549, 0.46618590421146816, 0.4647080385022693, 0.4638654738664627, 0.4670064797004064, 0.46798888511127895, 0.46594537132316166, 0.4623647613657845, 0.46491951247056323, 0.4636954251262877, 0.464150028096305, 0.46099982493453556, 0.45971287621392143, 0.4625386976533466, 0.460737986697091, 0.46325579782327014], "val_loss": [0.606594905257225, 0.5604708269238472, 0.5472397804260254, 0.5371360257267952, 0.5437434241175652, 0.5364805161952972, 0.5297446697950363, 0.5261013954877853, 0.5298110246658325, 0.5291173160076141, 0.5271352007985115, 0.5248308628797531, 0.5180857256054878, 0.5190032422542572, 0.5217589884996414, 0.5255360528826714, 0.5161526650190353, 0.5162251889705658, 0.5226047933101654, 0.5164722055196762, 0.5179328918457031, 0.5233136117458344, 0.5184281244874, 0.5142961665987968, 0.5157432556152344, 0.5179192647337914, 0.5187883302569389, 0.5208774134516716, 0.5117331594228745, 0.518767885863781, 0.5152445510029793, 0.5170868784189224, 0.5180537104606628, 0.5153259336948395, 0.5098449140787125, 0.5159359276294708, 0.5111671015620232, 0.519584633409977, 0.5151220411062241, 0.5212546959519386, 0.5111140385270119, 0.5121326372027397, 0.5145435258746147, 0.5105536431074142, 0.5071957930922508, 0.5075184404850006, 0.5106682330369949, 0.5088115334510803, 0.5096803978085518, 0.5111086890101433, 0.5055526569485664, 0.509170189499855, 0.5070262104272842, 0.5120015069842339, 0.5199315249919891, 0.5086624994874, 0.509296290576458, 0.5040576979517937, 0.5110490620136261, 0.5113656893372536, 0.5098329558968544, 0.5107010081410408, 0.5122736170887947, 0.5079238042235374, 0.5115540698170662, 0.5064609870314598, 0.510415144264698, 0.5104900747537613]}