{"best_val": 0.49458886682987213, "train_loss": [0.7342076500256857, 0.724437395731608, 0.714361329873403, 0.7038109865453508, 0.6931687858369615, 0.6816532148255242, 0.6685316297743056, 0.65570158428616, 0.6390518181853824, 0.6217825578318702, 0.6060847474469079, 0.5894979768329196, 0.57622073425187, 0.5661095049646165, 0.5591048465834724, 0.5491300920645396, 0.5445817212263743, 0.5399534040027194, 0.5360432482428021, 0.5353062086635165, 0.5312799231873618, 0.5285387966367934, 0.5274144609769186, 0.5241049345996645, 0.5258296132087708, 0.5190559890535142, 0.5179969453149371, 0.515718345840772, 0.5145775526762009, 0.5131146940920088, 0.5082623528109657, 0.508958144320382, 0.5073400537172953, 0.5051797909869088, 0.5028153558572134, 0.5025287303659651, 0.4995892130666309, 0.4994233681095971, 0.4962329285012351, 0.49509137703312767, 0.49560210439893937, 0.4946671426296234, 0.49250827232996625, 0.49397941927115124, 0.49252818690405953, 0.4926091151105033, 0.4914498296048906, 0.48836244973871445, 0.4874514589707057, 0.48966624836126965, 0.491638860768742, 0.48823728329605526, 0.4900766561428706, 0.48943808840380776, 0.4880366424719493, 0.48760905530717635, 0.4876988050010469, 0.48715385132365757, 0.48682626750734115, 0.4876843922668033, 0.48604174123870003, 0.4859887096616957, 0.48495937718285453, 0.4860696974727843, 0.48488639791806537, 0.4846395618385739, 0.48352743519677055, 0.48565752969847786, 0.4836116350359387, 0.4842422223753399, 0.4868747178051207, 0.4851340618398454, 0.4850709405210283, 0.48664307097593945, 0.4831817083888584, 0.48429558012220597, 0.4841764022906621], "val_loss": [0.6543667614459991, 0.6501190066337585, 0.6447934210300446, 0.6410214900970459, 0.6342730820178986, 0.6296031922101974, 0.6240916550159454, 0.6182466298341751, 0.6121311336755753, 0.6051914691925049, 0.5950919985771179, 0.584279328584671, 0.5770354121923447, 0.5657084360718727, 0.559940978884697, 0.5670896023511887, 0.5573837608098984, 0.5520063787698746, 0.555203914642334, 0.5553305000066757, 0.5584818199276924, 0.5465316250920296, 0.5477068871259689, 0.5427878051996231, 0.5476822406053543, 0.5427425354719162, 0.5428978130221367, 0.5359584093093872, 0.5339050441980362, 0.5340922921895981, 0.5304034054279327, 0.5236594155430794, 0.5274650827050209, 0.5214221477508545, 0.5194591879844666, 0.5193017572164536, 0.5194501727819443, 0.5224715620279312, 0.5145449340343475, 0.5190190076828003, 0.5185354426503181, 0.5105350986123085, 0.5162971466779709, 0.5120096132159233, 0.5096820592880249, 0.5097484588623047, 0.5058808699250221, 0.5026207715272903, 0.5053067654371262, 0.5026746466755867, 0.5048756524920464, 0.5032911747694016, 0.5012949556112289, 0.5117912739515305, 0.5026927143335342, 0.5109934657812119, 0.5060963556170464, 0.5081342086195946, 0.4976358041167259, 0.501649908721447, 0.5028597190976143, 0.49752071499824524, 0.5044990107417107, 0.5036623403429985, 0.502299539744854, 0.4992263987660408, 0.49458886682987213, 0.5010587945580482, 0.4994508847594261, 0.4995395243167877, 0.49672800302505493, 0.49677953869104385, 0.4956601411104202, 0.5035293996334076, 0.5006384924054146, 0.4989979863166809, 0.500919833779335]}