{"best_val": 0.4752645641565323, "train_loss": [0.7094963987668356, 0.6818826264805264, 0.6527599857913123, 0.6193406515651279, 0.5854899088541666, 0.5577826566166348, 0.5464641451835632, 0.5323612756199307, 0.5245116121239133, 0.5192165821790695, 0.5130215916368697, 0.5069295896424187, 0.5074953122271432, 0.5023630791240268, 0.4993359231286579, 0.49626177218225265, 0.4952604141500261, 0.49544618361526066, 0.48875753084818524, 0.4910594622294108, 0.4923279682795207, 0.48686300218105316, 0.4878775146272447, 0.48411678936746383, 0.4802247749434577, 0.48309612770875293, 0.4800581352578269, 0.4816407296392653, 0.4784795757797029, 0.4758469495508406, 0.4782792892720964, 0.47371469769212937, 0.4774443689319823, 0.47507872846391463, 0.47455546591016984, 0.4725380573007796, 0.47346610327561695, 0.4696493281258477, 0.4717097332080205, 0.4701436029540168, 0.4704626003901164, 0.46706222825580174, 0.46733789642651874, 0.4693091809749603, 0.4665710578362147, 0.4678340471453137, 0.4687607354587979, 0.46741117702590096, 0.46352289948198533, 0.4669427126646042, 0.46611619492371875, 0.46376721726523507, 0.4669996317889955, 0.46311912933985394, 0.4630652798546685, 0.46533025138907963, 0.4629682269361284, 0.4600874235232671, 0.4641968011856079, 0.46244311994976467, 0.4637002829048369], "val_loss": [0.6932110488414764, 0.6692699790000916, 0.6428159326314926, 0.6123804003000259, 0.5946379750967026, 0.5859607234597206, 0.5732176303863525, 0.5648705512285233, 0.5537447035312653, 0.5436595678329468, 0.5316634178161621, 0.5345246195793152, 0.525381974875927, 0.5166855528950691, 0.514923945069313, 0.5130264684557915, 0.50749122351408, 0.5035387203097343, 0.5029508844017982, 0.498551145195961, 0.5026449710130692, 0.49813754111528397, 0.4951372668147087, 0.4916410520672798, 0.486028328537941, 0.4946451634168625, 0.4881998151540756, 0.49011344462633133, 0.49343297630548477, 0.48769186437129974, 0.48865920305252075, 0.4829772040247917, 0.4907938316464424, 0.49564825743436813, 0.4888902008533478, 0.48909033089876175, 0.48741045594215393, 0.48366784304380417, 0.48739442229270935, 0.48221322149038315, 0.4902521148324013, 0.4845036417245865, 0.47811178117990494, 0.48588909953832626, 0.48398664593696594, 0.48583246767520905, 0.4877622276544571, 0.4883154556155205, 0.48395615816116333, 0.48651811480522156, 0.4752645641565323, 0.4869699403643608, 0.48553967475891113, 0.4844064339995384, 0.4848264381289482, 0.4883548393845558, 0.4930083379149437, 0.4878704398870468, 0.49067752808332443, 0.48524487018585205, 0.4866964817047119]}