{"best_val": 0.4490647315979004, "train_loss": [0.650745384833392, 0.5907595882228777, 0.5696625978338952, 0.5436866149014118, 0.5073662961230558, 0.4673544764518738, 0.4433700752024557, 0.4342249509166269, 0.43097127944815394, 0.4272210650584277, 0.4253023769341263, 0.4236871944923027, 0.42014283467741576, 0.4187929969207913, 0.41948025133095534, 0.4159919315693425, 0.4143012937377481, 0.41520508597878847, 0.4126356986223483, 0.4123026307891397, 0.4111633289094065, 0.4087119266098621, 0.4083947738011678, 0.40590080034499076, 0.40383876889359716, 0.403683333420286, 0.40164054199761035, 0.40240608886176465, 0.4007890049149008, 0.39952276968488504, 0.39800380257999196], "val_loss": [0.6167687286030162, 0.5850614363496954, 0.5660732821984724, 0.5382477695291693, 0.49793029644272546, 0.4686227359554984, 0.45894949544559827, 0.45483380827036773, 0.45103794065388764, 0.4513403935865922, 0.4537649831988595, 0.4506584189154885, 0.45252505215731537, 0.45043914155526593, 0.45050964572212915, 0.45123073729601776, 0.45435334606604144, 0.45360361716964026, 0.4524441523985429, 0.45226366140625696, 0.4490647315979004, 0.4529973864555359, 0.44938117265701294, 0.44934539090503345, 0.4522797736254605, 0.4609846608205275, 0.449894750660116, 0.45398466424508527, 0.4496897784146396, 0.45107413692907855, 0.45209734819152136]}