{"best_val": 0.5268793106079102, "train_loss": [0.7082306345303854, 0.6737486753198836, 0.6425454715887705, 0.6171689298417833, 0.5904722346199883, 0.5637708836131625, 0.5404263271225823, 0.531809527013037, 0.51558385292689, 0.5096699777576659, 0.5083563029766083, 0.5049283421701856, 0.4991227255927192, 0.496366701192326, 0.49285520282056594, 0.49224267568853164, 0.4882812350988388, 0.4873260094059838, 0.4869786666499244, 0.48367412553893196, 0.48103935685422683, 0.4791409158044391, 0.48066161572933197, 0.47727472086747486, 0.4773338950342602, 0.4787176036172443, 0.4772658911016252, 0.4689375576045778, 0.47275466720263165, 0.46988893548647565, 0.4710998750395245, 0.4675726807779736, 0.46799243489901227, 0.4672549085484611, 0.4702281968461143, 0.469170653157764], "val_loss": [0.6773436814546585, 0.6553051322698593, 0.6316126435995102, 0.609503373503685, 0.5899323672056198, 0.5777594745159149, 0.5588330179452896, 0.5594764947891235, 0.557994931936264, 0.5464747846126556, 0.541476346552372, 0.5426522642374039, 0.5438593551516533, 0.5449239015579224, 0.5350209102034569, 0.5430195033550262, 0.5379180461168289, 0.5358351618051529, 0.5278842002153397, 0.5322608724236488, 0.5346166267991066, 0.533008486032486, 0.5335487723350525, 0.5341945886611938, 0.5342535227537155, 0.5268793106079102, 0.5306550189852715, 0.52703607827425, 0.537561796605587, 0.5345412939786911, 0.532940223813057, 0.533621184527874, 0.5295258909463882, 0.5307831019163132, 0.5323191285133362, 0.534232035279274]}