{"best_val": 0.4358628717335788, "train_loss": [0.6574854079414817, 0.5932718234903672, 0.5544013234914518, 0.5162910310661092, 0.48863843667740914, 0.47220658730058107, 0.46481980061998557, 0.4587710166678709, 0.4576866463118908, 0.4561007753306744, 0.4524678354169808, 0.4509351855399562, 0.45030781685137283, 0.4471112945500542, 0.447920351636176, 0.4472178635643978, 0.44442640683230233, 0.4441426378839156, 0.4417143639396219, 0.44046131828252005, 0.44204989192532557, 0.43780652974166123, 0.43691783734396394, 0.43510672216321905, 0.43345703038514827, 0.4330400842077592, 0.43339647849400836, 0.4307621705765818, 0.4286247152908176, 0.42842862302181767, 0.4262201967192631, 0.4269510303057876, 0.4245334109839271, 0.42363876162790787, 0.42096535072607155, 0.41990063237208947, 0.41839386668859746, 0.41643040437324375, 0.41570404522559223, 0.4149330737544041, 0.41227250999095394, 0.4118727504038343, 0.41137160214723323, 0.40848520515011805, 0.4070694195289238, 0.4056204925565159, 0.4047280029923308, 0.4028305300310546, 0.4016066561726963, 0.4000706392176011, 0.39996593021879007, 0.39851897954940796, 0.39545316029997435, 0.39443711439768475, 0.3931136540338105, 0.392374668635574, 0.3906986041396272, 0.3896567085210015, 0.38729900063252914, 0.38675396757967334, 0.385282438175351], "val_loss": [0.6119844209064137, 0.5718574767762964, 0.5296835194934498, 0.49600654298608954, 0.47065780650485645, 0.45850907401605084, 0.45555017211220483, 0.4504239125685258, 0.450896756215529, 0.4461434077132832, 0.4458845284852115, 0.44668439572507684, 0.44921106371012604, 0.44873853705146094, 0.44601404666900635, 0.44640234112739563, 0.44513155926357617, 0.4430591870437969, 0.4472680552439256, 0.44536885348233307, 0.44426385110074823, 0.44336067004637286, 0.4441864517602054, 0.444934525273063, 0.4437704167582772, 0.44382395527579566, 0.4429420666261153, 0.44247884912924335, 0.4438012946735729, 0.44172135537320917, 0.43973510373722424, 0.4399977922439575, 0.43835027651353314, 0.44062265482815827, 0.4401562647386031, 0.44164821234616364, 0.4404452984983271, 0.43918279897082935, 0.43826075846498663, 0.43823862075805664, 0.43803732232613996, 0.43939793380824005, 0.4372637244788083, 0.4391739043322476, 0.43797497044910083, 0.4384567683393305, 0.44208207726478577, 0.43829403682188556, 0.4386344416574998, 0.4383931349624287, 0.4358628717335788, 0.43900851769880816, 0.43993097272786225, 0.4376239397309043, 0.4380451603369279, 0.4399383447387002, 0.4404631663452495, 0.43731935999610205, 0.4374164749275554, 0.4394303993745284, 0.4399056813933633]}