{"best_val": 0.4915195554494858, "train_loss": [0.6489798592196571, 0.6158337030145857, 0.5842405524518755, 0.5523283746507432, 0.5279042257202996, 0.5094823406802284, 0.5074864427248637, 0.5056910663843155, 0.5034916930728488, 0.49739953213267857, 0.49879496958520675, 0.49710575408405727, 0.4960602704021666, 0.4949524700641632, 0.4936969512038761, 0.4920903229051166, 0.49348708656099105, 0.489426604575581, 0.4893944064776103, 0.4885612924893697, 0.488879919052124, 0.486497903863589, 0.48755712972746956, 0.4841509643528197, 0.48072009947564864, 0.48381075925297207, 0.48453863461812335, 0.48236867288748425, 0.48331431216663784, 0.4793346987830268, 0.4817374994357427, 0.47775426175859237, 0.4790593799617555, 0.48195922209156883, 0.48351793156729805, 0.47930660016006893, 0.4788173685471217, 0.4789564195606444, 0.4774719460142983, 0.47933796876006657, 0.47735189232561326, 0.4769980427291658, 0.47673535015847945, 0.47634420295556384, 0.4766577482223511, 0.47387045125166577, 0.47413396338621777], "val_loss": [0.6444598287343979, 0.6176623702049255, 0.5894237011671066, 0.564843475818634, 0.5462548211216927, 0.5361135229468346, 0.5417424216866493, 0.5350278168916702, 0.5294806957244873, 0.5263105854392052, 0.5345439687371254, 0.5280427187681198, 0.5183933675289154, 0.5260377302765846, 0.5189065486192703, 0.5170209854841232, 0.5228269696235657, 0.5134988650679588, 0.5149369612336159, 0.5109513849020004, 0.5109107717871666, 0.5128898844122887, 0.5119357779622078, 0.5085834339261055, 0.5046615675091743, 0.503451868891716, 0.49760913848876953, 0.500881090760231, 0.49755605310201645, 0.5070980340242386, 0.4980519488453865, 0.5002050623297691, 0.5085246935486794, 0.49658575654029846, 0.4939804747700691, 0.49714721739292145, 0.4915195554494858, 0.4931555837392807, 0.499864898622036, 0.5001727566123009, 0.4940183311700821, 0.49360790103673935, 0.4943696856498718, 0.49703776836395264, 0.49171920865774155, 0.4920673370361328, 0.4921300783753395]}