{"best_val": 0.46189201690933923, "train_loss": [0.6492500445422005, 0.6274148319281784, 0.6087533445919261, 0.5958498085246366, 0.5859557261653975, 0.5779924679036234, 0.5704539523405188, 0.5610048823496875, 0.550416615079431, 0.5397453647033841, 0.5269949219974817, 0.5154987643746769, 0.5029314510962543, 0.49458275004929186, 0.4862438878592323, 0.4796949280243294, 0.4748336947431751, 0.4708918467456219, 0.4677003049382977, 0.46565111536605686, 0.46329913945759044, 0.462566264704162, 0.4609909221237781, 0.45941454873365517, 0.4583157452882505, 0.45726122108160283, 0.4562332659375434, 0.45664409737960965, 0.4547296476130392, 0.4542559315176571, 0.4538250220756905, 0.4537067693822524, 0.45443573243477764, 0.4518514900815253, 0.45263803180526285, 0.45152420214578215, 0.4514472005414028, 0.450890462772519, 0.4512572265138813, 0.4506618503262015, 0.45005254184498505, 0.4489174093685898, 0.4481888775732003, 0.44971944946868747, 0.44809264295241413, 0.44706833537887125, 0.4470352466199912, 0.44656898753315794, 0.4459149270665412, 0.44790363194895727, 0.44515812046387615, 0.44515857918589724, 0.44543348807914585, 0.4449090075259115, 0.44568124530362146, 0.4446983051066305, 0.4434087615387112, 0.44418612239407557, 0.4433626024162068, 0.44330282071057486, 0.4431483108623355, 0.44129878282546997, 0.4422785739103953, 0.4417661650508058, 0.44064028122845816, 0.44123748178575556, 0.44057515146685583, 0.4399031353931801, 0.4393645659381268, 0.43959207277671963, 0.4383421838283539, 0.43832941324103114, 0.43804894942863315, 0.43780515006944243, 0.43769026211663786, 0.4373942029242422, 0.43691174832044866, 0.4363147172273374, 0.4367261499750848, 0.43608947828704236], "val_loss": [0.6318850408900868, 0.618212721564553, 0.6086530577052723, 0.6016767024993896, 0.5949010036208413, 0.587872868234461, 0.5793845003301447, 0.5715021030469374, 0.5587949156761169, 0.5437390208244324, 0.532611757516861, 0.5202341242270037, 0.5096509808843787, 0.503576164895838, 0.4948108358816667, 0.488858472217213, 0.48392490636218677, 0.4801102957942269, 0.4798434891484, 0.4761961725625125, 0.4760668467391621, 0.4756850546056574, 0.47433224049481476, 0.472404883666472, 0.4730125801129775, 0.47201433777809143, 0.4700582406737588, 0.47198523716493085, 0.470767695795406, 0.46950755606998096, 0.47201463038271124, 0.47014202042059466, 0.47079162976958533, 0.4709184305234389, 0.4717625325376337, 0.46939021619883453, 0.4689551727338271, 0.4712883071465926, 0.4685159840367057, 0.47102640162814746, 0.46779464049772784, 0.46859132701700384, 0.46730839664285834, 0.4659756069833582, 0.4690642411058599, 0.46759909662333404, 0.46852857687256555, 0.4666074216365814, 0.467171617529609, 0.46684772047129547, 0.4659526727416299, 0.465756429867311, 0.4654493033885956, 0.4657317508350719, 0.46625308286059985, 0.46688718687404285, 0.46473266048864886, 0.4651457206769423, 0.46512324430725793, 0.46463299610398034, 0.46481113542209973, 0.464773492379622, 0.4642386788671667, 0.4646195715123957, 0.4638570330359719, 0.4633707675066861, 0.46346360174092377, 0.46521136977455835, 0.4633824960751967, 0.46189201690933923, 0.4636517736044797, 0.4634691829031164, 0.46334596926515753, 0.46303732828660443, 0.4636491130698811, 0.46341951326890424, 0.4625918540087613, 0.4641821926290339, 0.46268806945193897, 0.4625841893933036]}