{"best_val": 0.45670839873227204, "train_loss": [0.6977512415717629, 0.6280032034013786, 0.5933648172546836, 0.5717284895625769, 0.5497837937345692, 0.5255580696405149, 0.5030432191549563, 0.48573741550539057, 0.47253181653864246, 0.4661217215014439, 0.4615372021993001, 0.45943214203797134, 0.458682573893491, 0.45819780990189196, 0.4583324579631581, 0.4563163419564565, 0.4556731447285297, 0.45612601789773677, 0.4536326375662112, 0.45444700297187357, 0.4540706119116615, 0.45327437391468123, 0.45282890282425226, 0.4514378163160062, 0.4508351046665042, 0.4501686376683852, 0.44996914325975906, 0.4492114747271818, 0.44960180684631945, 0.4479704464183134, 0.4485946683322682, 0.4494355309243296, 0.44751503712990703, 0.44708818255686295, 0.4464890822476032, 0.44473258888020234, 0.445026415235856, 0.4451802706017214, 0.4441044511748295, 0.44480494073793, 0.4427102810027553, 0.44215291212586794, 0.44090702311665403, 0.4411788010129742, 0.44016506800464555, 0.44001731627127705, 0.4400414134941849, 0.4389665348857057, 0.4384695320737128, 0.43676985537304597, 0.43685031755297793, 0.4371691638348149, 0.4357648182149027, 0.43511108791126923, 0.43414796392122906, 0.4337812638750263, 0.4333990321439855, 0.432622245129417, 0.4320714783434774, 0.4311681606021582, 0.4314692078852186, 0.4297416046553967, 0.4303544935058145, 0.4288434806992026, 0.4287744462490082, 0.42861246595195696, 0.42675696284163234, 0.42609318389612083, 0.42516417772162196, 0.42599689317684547, 0.4257098319483738, 0.42446373549162175, 0.42363182119294707], "val_loss": [0.6291239911859686, 0.6014815081249584, 0.5839338465170427, 0.5683324499563738, 0.5465700463815168, 0.5236606083133004, 0.5037233666940168, 0.48736394264481286, 0.47838644818826154, 0.47234043208035553, 0.469904054294933, 0.46811592849818146, 0.46792368997227063, 0.4664716503836892, 0.46480644020167267, 0.4665903557430614, 0.46695205298337067, 0.46433467214757745, 0.46758326346224005, 0.4650063704360615, 0.46542460268194025, 0.4640140560540286, 0.4642187465320934, 0.46520173278721894, 0.4633102471178228, 0.4631257409399206, 0.4617702310735529, 0.46197487007487903, 0.46179636229168286, 0.46235863728956744, 0.46126688339493493, 0.45995103500106116, 0.46213715184818616, 0.4606790948997844, 0.4594408029859716, 0.45955751700834796, 0.45990965312177484, 0.4599252857945182, 0.45936011184345593, 0.4592669118534435, 0.457798724824732, 0.461455838246779, 0.45839686827226117, 0.46093877337195654, 0.4588773413137956, 0.4598369598388672, 0.4603871567682786, 0.45779087055813183, 0.46034759553996, 0.45851379362019623, 0.4575052152980458, 0.45780326290564105, 0.4600031917745417, 0.45828926292332733, 0.45770686864852905, 0.45774979212067346, 0.45736256512728607, 0.45844129811633716, 0.4602403559468009, 0.4577108486132188, 0.45940491557121277, 0.4590932672674006, 0.45670839873227204, 0.4585284265604886, 0.45928568189794367, 0.4609027315269817, 0.4591360336000269, 0.45970594070174475, 0.45847412131049414, 0.4583075154911388, 0.4607836902141571, 0.4589119472286918, 0.459085228768262]}