{"best_val": 0.44784923642873764, "train_loss": [0.6998030808236864, 0.6949541469415029, 0.6897813810242547, 0.6845914787716336, 0.6784107089042664, 0.6719655891259512, 0.6645455592208438, 0.6567098200321198, 0.6472531225946214, 0.6370106505023109, 0.626922607421875, 0.6164903442064921, 0.606251037783093, 0.5965975059403313, 0.589007662402259, 0.5812235242790647, 0.5765114857090844, 0.5686186585161421, 0.5641758044560751, 0.5588992502954271, 0.553718861606386, 0.5517780466212167, 0.5440590116712782, 0.5403498891327116, 0.5375311523675919, 0.5313937779929903, 0.5285919805367788, 0.5234019574191835, 0.5218879729509354, 0.5178807957304848, 0.5139847778611712, 0.5141444189680947, 0.5103058533536063, 0.511673821343316, 0.507839247584343, 0.5051566908756892, 0.505753743979666, 0.504474452800221, 0.5004956093099382, 0.4996558361583286, 0.5017919143040975, 0.4953478276729584, 0.49699931343396503, 0.4974005205763711, 0.4946216063366996, 0.4979737235440148, 0.4929623355468114, 0.49265850252575344, 0.49316350950135124, 0.4896818730566237, 0.4916891422536638, 0.4930639366308848, 0.49168884257475537, 0.4906454036633174, 0.48706870939996505, 0.48696446418762207, 0.48926088710625965, 0.4897877640194363, 0.48526642223199207, 0.4872925529877345, 0.4900441931353675, 0.48582826885912156, 0.485558592610889, 0.48511791229248047, 0.48461262219482, 0.48297621144188774, 0.48774434791670906, 0.48661526209778255, 0.4846785085068809, 0.48268992205460864, 0.4839189367161857, 0.4852903038263321, 0.4820333735810386, 0.48277679085731506, 0.4831866853766971, 0.48138804237047833, 0.48764939109484357, 0.48428674870067173, 0.4852798167202208, 0.4826643764972687, 0.4826051808065838, 0.4846516682042016, 0.4807705382506053, 0.4842672712273068, 0.48285163111156887, 0.48754101660516524, 0.48327017327149707, 0.48534731566905975, 0.4857744342750973, 0.4846389674478107, 0.4820083760552936], "val_loss": [0.696699321269989, 0.6920130699872971, 0.6868610382080078, 0.6813526004552841, 0.6755841076374054, 0.6684344857931137, 0.6618424206972122, 0.6528603583574295, 0.6446927934885025, 0.6354319304227829, 0.6263352781534195, 0.6181243360042572, 0.6077979505062103, 0.5988711416721344, 0.5938854515552521, 0.5876705050468445, 0.5770773738622665, 0.5713811665773392, 0.5645158439874649, 0.5605031549930573, 0.5558024048805237, 0.547415554523468, 0.5458779036998749, 0.5360543951392174, 0.5311936289072037, 0.529377892613411, 0.525648906826973, 0.5162525624036789, 0.5139567032456398, 0.5099729970097542, 0.5059440582990646, 0.5014260858297348, 0.49672067910432816, 0.49795424938201904, 0.4921172931790352, 0.4875672981142998, 0.4879630506038666, 0.48191121220588684, 0.4822685196995735, 0.4820341244339943, 0.47979558259248734, 0.4785081744194031, 0.48126568645238876, 0.47603941708803177, 0.4700530543923378, 0.47248275578022003, 0.4724172353744507, 0.4711589440703392, 0.46912140399217606, 0.46443330496549606, 0.4640900567173958, 0.46422287821769714, 0.4636981189250946, 0.4638246223330498, 0.4628228694200516, 0.4623049423098564, 0.45999984443187714, 0.4609336853027344, 0.46562032401561737, 0.46098895370960236, 0.457647405564785, 0.4606609493494034, 0.4620092660188675, 0.45636702328920364, 0.45474159717559814, 0.46055664867162704, 0.4581548348069191, 0.45790187269449234, 0.45579351484775543, 0.45916588604450226, 0.4600978046655655, 0.45487114787101746, 0.4512733593583107, 0.4540451094508171, 0.45481324940919876, 0.4508306384086609, 0.45014848560094833, 0.45060425996780396, 0.4557174891233444, 0.4555942416191101, 0.44784923642873764, 0.4510328620672226, 0.4524337723851204, 0.4537166804075241, 0.4546247646212578, 0.45058949291706085, 0.45644041895866394, 0.4485154524445534, 0.449661523103714, 0.4544779807329178, 0.4528391733765602]}