{"best_val": 0.4661398069425063, "train_loss": [0.856494242069768, 0.7755028757394529, 0.6930147432813457, 0.6414335428499708, 0.618724967919144, 0.6041910975587135, 0.5919610197637596, 0.5841357509295145, 0.577472822338927, 0.5698096185338264, 0.5606611014581194, 0.5507104326696957, 0.5372847464739108, 0.5252230810184105, 0.5135562267957949, 0.5043262617260802, 0.4962366760945788, 0.49091067033655506, 0.4864133760040882, 0.4845849445053175, 0.4807198848210129, 0.4787309549602808, 0.47656724207541523, 0.47398148389423594, 0.473527157423543, 0.4706609365986843, 0.4692779078203089, 0.4684632420539856, 0.4679276522468118, 0.46804023431796654, 0.46625445929228093, 0.4667690787829605, 0.4664912393280104, 0.46617283891229067, 0.4658861645296508, 0.46651703119277954, 0.4652529148494496, 0.4647096670141407, 0.4662066376676746, 0.46402957392673866, 0.46480913197293, 0.46407298130147595, 0.4635356448444666, 0.4627274035238752, 0.46418943007787067, 0.4630852832513697, 0.46359847456801173, 0.4636072896274866, 0.4627893952762379, 0.46259822798710243, 0.46076001840479236, 0.4607463747847314, 0.4618767447331372, 0.462266217844159, 0.46190183828858766, 0.46051133789268195, 0.4610952080464831, 0.4593091531127107], "val_loss": [0.7126282941211354, 0.6729702732779763, 0.6340821331197565, 0.6120695092461326, 0.5987644303928722, 0.5922609838572416, 0.5854270404035394, 0.5810281959446993, 0.5749702128497037, 0.5694861737164584, 0.5579024444926869, 0.545997985384681, 0.5331659777597948, 0.5224465267224745, 0.5108373788270083, 0.5020974413915114, 0.49666061997413635, 0.4908394488421353, 0.48649573055180634, 0.48332532427527686, 0.48171749169176276, 0.48002011667598377, 0.47546880624511023, 0.4744302359494296, 0.4724425402554599, 0.4715890423818068, 0.47056501832875336, 0.47041275284507056, 0.4691005891019648, 0.4709587747400457, 0.4700621393593875, 0.4688091521913355, 0.46794474666768854, 0.46941250562667847, 0.467481637542898, 0.46825281327421014, 0.4682033495469527, 0.4681111059405587, 0.467587484554811, 0.4681529538197951, 0.4678508097475225, 0.46838861432942475, 0.4670889540152116, 0.4675519141283902, 0.46798204562880774, 0.46903474222530017, 0.4680800356648185, 0.4661398069425063, 0.46754026954824274, 0.46813786029815674, 0.4674679853699424, 0.4671653536233035, 0.46896184845404193, 0.46773688088763843, 0.4681934118270874, 0.46772814880717883, 0.4695957194675099, 0.46799411286007275]}