{"best_val": 0.44874274188821967, "train_loss": [0.6570745694871042, 0.6273637086737389, 0.6012608467363844, 0.5848968876343147, 0.5758358403748157, 0.5651162366072336, 0.5503328810719883, 0.5284198125203451, 0.5035143015431423, 0.48265688267408635, 0.46663906994987936, 0.45831761932840537, 0.45560888449350995, 0.45200014231251734, 0.45088717341423035, 0.44916358648561966, 0.4475867309991051, 0.4460578601734311, 0.44581858200185437, 0.4440016512777291, 0.4434336382968753, 0.4427165704614976, 0.4410989629287346, 0.4420470799885544, 0.44132518008643506, 0.4400550343242346, 0.43866334534158896, 0.438580534621781, 0.43776119515007617, 0.4369121713965547, 0.43739691084506466, 0.434841070689407, 0.43441394205186884, 0.4348321381737204, 0.43329883322996254, 0.4335162218879251, 0.431931838685391, 0.43101217466242175, 0.429808613132028, 0.4296480645151699, 0.4293311986268735, 0.42944078410373016, 0.42817431922052424, 0.42641596992810565, 0.42614973409503115, 0.42560068766276044, 0.4249089038839527, 0.42491144818418164, 0.4236898346274507, 0.4243460262522978, 0.4238690722222422, 0.4219017274239484, 0.42296914318028617, 0.4202933702983108, 0.4205029343857485, 0.4209063742675033, 0.4191095291399488, 0.4176875645039128, 0.4176406311053856, 0.41800779162668716, 0.41713645236164915, 0.4158712923526764, 0.4157199135013655, 0.414890819904851, 0.41421496225338356, 0.4140513252978231, 0.41414500977478774, 0.41391243654138904, 0.4126233370865093, 0.4118376292434393, 0.4112171524879979, 0.4092196027437846, 0.40935571813115884, 0.40859880108459323, 0.4081532020194858, 0.407288323430454, 0.40637309644736497, 0.40717072755682704, 0.4070538936876783, 0.4055483043193817, 0.40425785207280923, 0.40474142221843495, 0.40390391092674405, 0.4037068018726274, 0.40265273697236004, 0.4024832903170118, 0.40160248384756203, 0.4010681159356061, 0.4009190581592859, 0.4002503361187729, 0.39883735074716453, 0.3995489448893304, 0.3991992245702183, 0.3976849615573883, 0.3972049209417081, 0.3979288549984203, 0.39530764374078486, 0.39583783757452873, 0.3943381928930096, 0.394805336115407, 0.39361097123108657], "val_loss": [0.6437524069439281, 0.6196381774815646, 0.600163996219635, 0.5930098566141996, 0.5848984339020469, 0.5751987180926583, 0.5607516169548035, 0.5357659567486156, 0.5131917243654077, 0.4904318939555775, 0.47817616029219195, 0.47414015639912, 0.46888613429936493, 0.46784342148087243, 0.4667258750308644, 0.464611985466697, 0.46316436474973505, 0.46230710636485706, 0.4639026468450373, 0.4619405215436762, 0.46412052620540967, 0.46260665221647784, 0.4619349078698592, 0.4598939689722928, 0.4601304747841575, 0.4613491486419331, 0.45976303924213757, 0.4591605311090296, 0.45998875390399585, 0.4570521956140345, 0.45861621607433667, 0.46106867356733844, 0.4569655033675107, 0.45912313190373505, 0.4568015066060153, 0.45779832384803076, 0.4573661522431807, 0.4602748697454279, 0.4575951885093342, 0.46106628667224536, 0.4567504660649733, 0.45707339319315826, 0.4568225118246945, 0.45750085332176904, 0.4560267112471841, 0.4591267867521806, 0.4556982869451696, 0.4550881656733426, 0.45550105246630584, 0.45647292787378485, 0.4575045786120675, 0.45663271979852155, 0.454306269233877, 0.4546326886523854, 0.4534542099996047, 0.45545687729662115, 0.45500716837969696, 0.4539937295696952, 0.4521108730272813, 0.45295043154196307, 0.4539415619590066, 0.45527139035138214, 0.4539557153528387, 0.45353271744467993, 0.4529714421792464, 0.4534135840155862, 0.452459917827086, 0.45160340720956976, 0.45124856992201373, 0.45185698162425647, 0.45266288247975434, 0.4542464017868042, 0.452041203325445, 0.45210450887680054, 0.4525682601061734, 0.4518525817177512, 0.4525313539938493, 0.45074341513893823, 0.4510418610139327, 0.45104884559457953, 0.4537967768582431, 0.4537055113098838, 0.45244044065475464, 0.4521252919327129, 0.4510978243567727, 0.4515053223479878, 0.44947307489135047, 0.4514361159367995, 0.4515991806983948, 0.44997467507015576, 0.44874274188821967, 0.4506535123695027, 0.4525807662443681, 0.44994456659663806, 0.4517419148575176, 0.45022221315990796, 0.45020452683622186, 0.4505173347213052, 0.45168003168973053, 0.4515075304291465, 0.4503543702038852]}