{"best_val": 0.45603728836232965, "train_loss": [0.6941905676149854, 0.6559005636794895, 0.6188724321477553, 0.593549934088015, 0.5779261074814142, 0.5619009668920555, 0.5402499764573341, 0.5168531028663411, 0.49689632186702654, 0.4835934089679344, 0.4749244410617679, 0.4699492121444029, 0.46297359875604216, 0.46227867930543187, 0.4599318071907642, 0.458043951029871, 0.4571786125500997, 0.4555325484743305, 0.45614587968471004, 0.45433341697150587, 0.4543486716700535, 0.4532715152291691, 0.4523497001797545, 0.45057785569452774, 0.4499978539990444, 0.4500417253550361, 0.44998059027335224, 0.4488267746626162, 0.4477303998143065, 0.4463157571998297, 0.4472311162481121, 0.4456100037284926, 0.44602229431563734, 0.44483572361516016, 0.4425544072599972, 0.4424677835960014, 0.44284092444999545, 0.4433504915704914, 0.44204665866552617, 0.44166722543099346, 0.4404810252142887, 0.43936528528437896, 0.4383833285640268, 0.4386138880954069, 0.4383748436675352, 0.43671663952808754, 0.43785076749091056, 0.4360290543705809, 0.43555837402156755, 0.43398669712683735, 0.4345158484636569, 0.43494197141890434, 0.43380438930848064, 0.43283621879184947, 0.4328685811921662, 0.4312000444122389], "val_loss": [0.6635200489651073, 0.6287028843706305, 0.593354425647042, 0.5757028081200339, 0.5661725997924805, 0.5515574812889099, 0.5301657617092133, 0.5101759298281237, 0.4974951987916773, 0.4832719483158805, 0.47870681231672113, 0.4736568819392811, 0.4690195511687886, 0.46812088923020795, 0.46756779063831677, 0.46804979985410516, 0.4648326445709575, 0.46352262930436566, 0.46188816699114715, 0.46305731209841644, 0.46293491937897424, 0.4642336666584015, 0.4625438966534354, 0.4632738368077712, 0.4631389216943221, 0.45966035398569977, 0.46030638163739984, 0.4614687209779566, 0.46087194030935114, 0.4595910310745239, 0.460723568092693, 0.4611596275459636, 0.46118904514746234, 0.4601977603002028, 0.45813763412562286, 0.46039203893054614, 0.45740746638991614, 0.4610707326368852, 0.4589760791171681, 0.4587924697182395, 0.45933874628760596, 0.4574884284626354, 0.45674205368215387, 0.4571693810549649, 0.4574502245946364, 0.45603728836232965, 0.4572897363792766, 0.4565787830136039, 0.4582704684951089, 0.45660279284824024, 0.4567625034939159, 0.45936156944795087, 0.45825212922963227, 0.4569815722378818, 0.458760378035632, 0.4585418267683549]}