{"best_val": 0.48507209867239, "train_loss": [0.7160649233394198, 0.7107223437892066, 0.7053263485431671, 0.6998601026005216, 0.6943374441729652, 0.6884248885843489, 0.6827492415904999, 0.6769667896959517, 0.6708212461736467, 0.6643651657634311, 0.6574136945936415, 0.6507757008075714, 0.6440765923923917, 0.6366946862803565, 0.6308440566062927, 0.6243646641572317, 0.618798832098643, 0.6128946906990476, 0.606953932179345, 0.6019526918729147, 0.5955945915646024, 0.5906970997651418, 0.5848665237426758, 0.5810087853007846, 0.5739007492860159, 0.5702764656808641, 0.5649779140949249, 0.5591432253519694, 0.5556447472837236, 0.5565711624092526, 0.5507124778297212, 0.5463524328337775, 0.5422778775294622, 0.5416895531945758, 0.5397672719425626, 0.5362009488874011, 0.5325394305917952, 0.5321185009347068, 0.5324432435962889, 0.5294772966040505, 0.5302338318692313, 0.5283211337195503, 0.5267714295122359, 0.5262027564975951, 0.525081111325158, 0.5231381869978375, 0.5213961998621622, 0.5205738461679883, 0.5237775097290674, 0.523506318529447, 0.5223173068629371, 0.5196501596106423, 0.520717539721065, 0.517093355456988, 0.5177541424830755, 0.5159184104866452, 0.5143452932437261, 0.5147933430141873, 0.5138641678624682, 0.5123411665360132, 0.5149871789746814, 0.5132152669959598, 0.5113173094060686, 0.5114541153113047, 0.5115822239054574, 0.5124611457188925, 0.511242527100775, 0.5115850071112314, 0.5097450762987137, 0.5064221736457613, 0.5079954647355609, 0.5059627062744565, 0.5082585165898005, 0.5039936171637641, 0.5046609855360455, 0.5047016342480978, 0.5063271489408281, 0.5033051868279775, 0.5021619498729706, 0.5022559530205197, 0.5017087360223135, 0.5033860603968302, 0.5006459305683771, 0.5022443251477348, 0.5000090168582069, 0.4994662337832981, 0.49861763417720795, 0.5003634757465787, 0.49740926921367645, 0.4955575813849767, 0.4969972636964586, 0.4970451527171665, 0.4961591247055266, 0.49322857956091565, 0.4984440240595076, 0.49851368367671967], "val_loss": [0.7137136161327362, 0.7083752751350403, 0.7031357288360596, 0.6975950747728348, 0.6918004155158997, 0.6862847954034805, 0.6803423017263412, 0.6742043495178223, 0.6682091057300568, 0.66126549243927, 0.6541080623865128, 0.6472619026899338, 0.6406749784946442, 0.6353068351745605, 0.6260697990655899, 0.6231478899717331, 0.616157203912735, 0.6109277755022049, 0.6038212478160858, 0.5989049971103668, 0.5949631482362747, 0.5887047052383423, 0.5822627544403076, 0.5757994651794434, 0.5736849904060364, 0.5693252980709076, 0.5626102089881897, 0.5592657625675201, 0.5582302659749985, 0.5509859174489975, 0.5502710193395615, 0.5437420457601547, 0.5431853830814362, 0.537049226462841, 0.5398378074169159, 0.5327635332942009, 0.5380751192569733, 0.5292227417230606, 0.5260113179683685, 0.5251354351639748, 0.5276425033807755, 0.525797002017498, 0.5252955555915833, 0.5203017592430115, 0.5210348442196846, 0.519792415201664, 0.5264941155910492, 0.5227388292551041, 0.5161606520414352, 0.5204357579350471, 0.519520066678524, 0.5162089169025421, 0.5170591622591019, 0.5141609758138657, 0.5164785087108612, 0.5169418230652809, 0.51386758685112, 0.5154767632484436, 0.5062708035111427, 0.5171741396188736, 0.5131840333342552, 0.5109914019703865, 0.5116298347711563, 0.505843348801136, 0.5089613422751427, 0.5094165727496147, 0.5056506022810936, 0.5006323233246803, 0.5047749951481819, 0.5056111291050911, 0.5013720691204071, 0.4993758425116539, 0.4995552748441696, 0.49606192857027054, 0.4994407594203949, 0.49499034136533737, 0.5007873773574829, 0.4953393489122391, 0.4944821298122406, 0.49790169298648834, 0.49996092170476913, 0.49372974783182144, 0.4969937205314636, 0.4895975589752197, 0.4941914975643158, 0.48507209867239, 0.48939182609319687, 0.48939981311559677, 0.48949774354696274, 0.49212583154439926, 0.48668913543224335, 0.4871261790394783, 0.4885058104991913, 0.491569422185421, 0.4877648651599884, 0.490590363740921]}