{"best_val": 0.42700979113578796, "train_loss": [0.6840300261974335, 0.6439783540036943, 0.6030440860324435, 0.5656636555989584, 0.5498305095566643, 0.536143884062767, 0.5305067184898589, 0.519942624701394, 0.5170725385348002, 0.5122705813911226, 0.5121374626954397, 0.504275048772494, 0.50771992901961, 0.5069793462753296, 0.503780894809299, 0.5014533549547195, 0.5008300377262963, 0.49894873963461983, 0.4970303177833557, 0.49722035560343003, 0.49660202529695296, 0.49558261036872864, 0.49623707599110073, 0.4952794710795085, 0.49528126418590546, 0.49597425593270195, 0.4891101254357232, 0.4961650272210439, 0.4920023928085963, 0.48967847724755603, 0.4906876352098253, 0.48887490398354, 0.48807120157612693, 0.491155207157135, 0.487871656815211, 0.4870401471853256, 0.48933445082770455, 0.48936698502964443, 0.4857959747314453, 0.4861622585190667, 0.48402496178944904, 0.48692912691169316, 0.48541349669297534, 0.4830611248811086, 0.48613474435276455, 0.48312290675110287, 0.48346493972672355, 0.4825651745001475, 0.48306651413440704, 0.4852614170975155, 0.4804485042889913, 0.4829718205663893, 0.47971561716662514, 0.4821619242429733, 0.47944136295053696, 0.48298385739326477, 0.4785887532764011, 0.4785054789649116, 0.47589779065714943, 0.4801858531104194, 0.4792326870891783, 0.4769981884294086, 0.4777633183532291, 0.47746582329273224, 0.4779711663722992, 0.4757004976272583, 0.47679172290696037, 0.47795168227619594, 0.47795895238717395, 0.4754374341832267, 0.47702715794245404, 0.4769770900408427, 0.4786585287915336, 0.4748499095439911, 0.4749913149409824, 0.4757922937472661, 0.4753310614162021, 0.4739581247170766, 0.4726557715071572, 0.4762193246020211, 0.4755995041794247, 0.4736356950468487, 0.472838678293758, 0.47298744155300987, 0.4722469084792667, 0.4719347457091014, 0.4768049485153622, 0.4702336738506953, 0.47409700022803414, 0.47049615283807117, 0.4731064753399955, 0.4710775779353248, 0.47246378163496655, 0.4720846878157722, 0.4690578778584798, 0.47115544809235466, 0.4739445679717594, 0.47456858389907414, 0.468511958916982, 0.47077084912194145, 0.4692954007122252, 0.4699550105465783, 0.468558841281467, 0.47079537477758193, 0.4712641504075792, 0.46904069516393876, 0.4706258243984646, 0.4689483377668593, 0.46402353545029956, 0.4689143763648139, 0.4691186994314194, 0.4670100096199248, 0.4686397463083267, 0.46885666416751015, 0.470100548532274, 0.47105758223268723, 0.46960098379188114, 0.46665658553441364, 0.46635988851388294, 0.46661196152369183, 0.4657857533958223, 0.4669462972217136, 0.4700171500444412, 0.4649127307865355, 0.4651470747258928, 0.4651906092961629, 0.46429200636016], "val_loss": [0.6702041774988174, 0.6306314319372177, 0.5925834625959396, 0.5644342005252838, 0.5479196980595589, 0.5381598919630051, 0.5262714475393295, 0.5170788019895554, 0.5049175173044205, 0.5003109648823738, 0.4957763999700546, 0.493127666413784, 0.4926001727581024, 0.4869086965918541, 0.4832841008901596, 0.4857020452618599, 0.4864555820822716, 0.47620580345392227, 0.4782923460006714, 0.47349949181079865, 0.4728882387280464, 0.4748364984989166, 0.4685647115111351, 0.46751584857702255, 0.4660695195198059, 0.4716291055083275, 0.46685943752527237, 0.46244850754737854, 0.4676779806613922, 0.460931234061718, 0.46183187514543533, 0.45780931413173676, 0.46223659813404083, 0.46229081600904465, 0.4632350653409958, 0.4560237005352974, 0.4536108523607254, 0.46288519352674484, 0.4608217403292656, 0.4539285749197006, 0.4527825564146042, 0.4593662619590759, 0.4548325315117836, 0.45730531960725784, 0.4569306820631027, 0.44878993928432465, 0.4509226456284523, 0.448773130774498, 0.4521242752671242, 0.4498981013894081, 0.45031070709228516, 0.4526807889342308, 0.4504585713148117, 0.4530397057533264, 0.4501682296395302, 0.44836538285017014, 0.44585900753736496, 0.4465847313404083, 0.44566697627305984, 0.4488297700881958, 0.4454604759812355, 0.44571224600076675, 0.4433165267109871, 0.4439927786588669, 0.44621290266513824, 0.43962734937667847, 0.44705871492624283, 0.4422750920057297, 0.4443063884973526, 0.44390181452035904, 0.4407956674695015, 0.43980737775564194, 0.43741191923618317, 0.4410831928253174, 0.4444095194339752, 0.43994175642728806, 0.4435450807213783, 0.4411768466234207, 0.4465843066573143, 0.437274269759655, 0.43911030888557434, 0.4387251064181328, 0.4360528066754341, 0.4411935657262802, 0.4358704388141632, 0.43946535885334015, 0.4352321997284889, 0.44275107234716415, 0.4454558715224266, 0.44589274376630783, 0.4384738504886627, 0.43895353376865387, 0.4331517964601517, 0.4389374628663063, 0.44154103845357895, 0.43951433151960373, 0.43620263785123825, 0.4397178143262863, 0.44068650901317596, 0.43480993807315826, 0.4328273609280586, 0.43657097965478897, 0.44011586904525757, 0.4373847246170044, 0.4362805262207985, 0.4351403936743736, 0.43946248292922974, 0.4376493766903877, 0.4318021610379219, 0.4384419396519661, 0.4303339421749115, 0.4407885894179344, 0.4362970441579819, 0.43506571650505066, 0.437351293861866, 0.43772801756858826, 0.42700979113578796, 0.43499860167503357, 0.43299321830272675, 0.43852120637893677, 0.4354800656437874, 0.4368312731385231, 0.431756928563118, 0.43320994824171066, 0.43272440880537033, 0.4346206933259964, 0.4323405623435974]}