{"best_val": 0.46021610498428345, "train_loss": [0.6423287292321523, 0.6383696066008674, 0.6341390940878127, 0.6302440232700772, 0.6264122890101539, 0.6215904884868197, 0.6193816396925185, 0.6155927280584971, 0.6124843160311381, 0.609267983171675, 0.6052609549628364, 0.6027397612730662, 0.5988602836926779, 0.5968446830908457, 0.5931994385189481, 0.5897411074903276, 0.5861830612023672, 0.5825356211927202, 0.579077747133043, 0.5772507323159112, 0.5746568010913001, 0.5725472105873955, 0.5692515737480588, 0.5663011686669456, 0.5635996957619985, 0.5622618761327531, 0.5562675462828742, 0.5573782523473104, 0.5538685470819473, 0.5499218818214204, 0.5517703427208794, 0.5499567339817683, 0.5440935807095634, 0.5460798574818505, 0.5427361478408178, 0.5403147968981001, 0.5404816071192423, 0.5400352958175871, 0.5381846874952316, 0.5337644451194339, 0.5345443569951587, 0.5331014891465505, 0.5306644406583574, 0.5291645742124982, 0.5304224540789922, 0.5263839397165511, 0.5249437938133875, 0.5260844280322393, 0.519111735953225, 0.521572157740593, 0.5216906699869368, 0.5210110942522684, 0.5184453295336829, 0.5170164323515363, 0.51772730714745, 0.5141869998640485, 0.5148539145787557, 0.5130905790461434, 0.5130496339665519, 0.5109371294577917, 0.5138633416758643, 0.512074296673139, 0.5108578867382474, 0.5084903058078554, 0.5093531707922617, 0.5058126747608185, 0.5078439149591658, 0.5076286759641435, 0.5056623121102651, 0.5067710926135381, 0.5016203340556886, 0.5038738763994641, 0.5046261350313822, 0.5043026904265085, 0.5035789211591085, 0.5033386300007502, 0.5005772875414954, 0.5020842932992511, 0.5005930099222395, 0.4973233077261183, 0.49753907654020524, 0.4978584878974491, 0.49908070928520626, 0.49738331304656136, 0.4954226364692052, 0.49781326618459487, 0.49667977293332416, 0.49092308680216473, 0.4943300137917201, 0.49550046854548985, 0.49476292894946206, 0.49365157385667163, 0.49417970412307316, 0.4924773921569188, 0.4946135977904002, 0.4924381689892875, 0.49218591054280597, 0.49341316852304673, 0.4928274187776778, 0.4907581607500712, 0.49273477660285103, 0.48907507293754154, 0.49107548263337875, 0.4908735652764638, 0.4913062850634257, 0.48846501608689624, 0.4909912414020962, 0.4905230204264323, 0.48958999746375614, 0.4856260766585668, 0.48787730435530346, 0.48889025217956966, 0.4848966482612822, 0.48712801271014744, 0.4898672186666065, 0.4876776370737288, 0.4884226951334212, 0.4863283485174179, 0.4870205538140403, 0.4868023263083564], "val_loss": [0.6425603926181793, 0.6400109529495239, 0.6363990157842636, 0.6282736361026764, 0.6280828267335892, 0.6226096749305725, 0.6200408786535263, 0.6164210140705109, 0.6145518571138382, 0.6088300794363022, 0.6077195703983307, 0.6033514887094498, 0.6020078361034393, 0.5945353806018829, 0.5946564078330994, 0.5928704589605331, 0.5900054574012756, 0.5860787332057953, 0.5809097737073898, 0.5772945582866669, 0.5773185044527054, 0.572336733341217, 0.5705606192350388, 0.5678007453680038, 0.5650581568479538, 0.5603850707411766, 0.5618482828140259, 0.5601122081279755, 0.5563505440950394, 0.5546501278877258, 0.5531582981348038, 0.5520675182342529, 0.5522826313972473, 0.5474260151386261, 0.5444730520248413, 0.5411676168441772, 0.5386803448200226, 0.536328136920929, 0.5371737405657768, 0.5381995886564255, 0.5374262779951096, 0.531940869987011, 0.5249731540679932, 0.5310969352722168, 0.5220039933919907, 0.52133809030056, 0.5233042240142822, 0.5208088830113411, 0.5221593827009201, 0.5205753296613693, 0.5203268751502037, 0.5139214619994164, 0.5160884335637093, 0.516449436545372, 0.5108149275183678, 0.5122175142168999, 0.5122339874505997, 0.507269486784935, 0.5120870620012283, 0.5140010863542557, 0.5089118108153343, 0.5084395259618759, 0.5041586831212044, 0.5014533400535583, 0.5014198571443558, 0.5004302635788918, 0.49392470717430115, 0.5005498826503754, 0.49897170066833496, 0.49122775346040726, 0.49271126091480255, 0.4925876706838608, 0.49441710114479065, 0.49256759136915207, 0.4934966266155243, 0.49070874601602554, 0.48865246772766113, 0.4860066622495651, 0.48590049892663956, 0.48270753771066666, 0.48282551765441895, 0.48015569895505905, 0.47901928424835205, 0.4795340970158577, 0.47603511810302734, 0.4800267592072487, 0.47862038761377335, 0.47773827612400055, 0.4742148444056511, 0.4776185676455498, 0.4764362499117851, 0.4710889160633087, 0.47586847841739655, 0.47841600328683853, 0.46911191940307617, 0.4752752110362053, 0.4686017483472824, 0.4695643335580826, 0.4714692384004593, 0.468781515955925, 0.46920235455036163, 0.4735076501965523, 0.46758514642715454, 0.4745607078075409, 0.47340843826532364, 0.47019335627555847, 0.4697779715061188, 0.46721043437719345, 0.46904347091913223, 0.46021610498428345, 0.46233873069286346, 0.46771300584077835, 0.4668234512209892, 0.4680441617965698, 0.46770578622817993, 0.4683033376932144, 0.46532120555639267, 0.4670609086751938, 0.46568863838911057, 0.4620177745819092]}