{"best_val": 0.4271290491927754, "train_loss": [0.655343704363879, 0.6009237135157866, 0.5764425186549916, 0.5562159880703571, 0.5326739520418877, 0.5041741576849246, 0.4823719157892115, 0.47113242803835403, 0.4632269851132935, 0.4578913204810199, 0.4542566420985203, 0.45279571297121984, 0.4500105322576037, 0.44901013023713054, 0.4485946204148087, 0.4476201440773758, 0.4451218896052417, 0.4452364263581295, 0.4450128966686772, 0.443221755471884, 0.44214096782254236, 0.44240507249738653, 0.44086576969015834, 0.44013815475445167, 0.43967340798938975, 0.43852703010334687, 0.4375326294524997, 0.43787429437917824, 0.4357152066978754, 0.4346040592474096, 0.433927281814463, 0.4334078361006344, 0.43318092764592636, 0.432384440127541, 0.431509581266665, 0.43037330403047447, 0.4309600018987469, 0.42986205161786545, 0.42829204365318896, 0.42590051714111776, 0.42727891195054146, 0.4259779874016257, 0.4266412936004938, 0.42581962721020566, 0.42460328048350765, 0.4237837183709238, 0.4230673546884574, 0.42203232470680685, 0.42096369640499937, 0.4204765330342686, 0.41992231034765054], "val_loss": [0.618097494948994, 0.5769837986339222, 0.5585068789395419, 0.5365424643863331, 0.5074983483011072, 0.477650758895007, 0.4614500213753093, 0.45068417624993756, 0.4489961564540863, 0.44037816199389374, 0.4405897259712219, 0.4387908632105047, 0.43886684558608313, 0.4380751008337194, 0.43774662776426837, 0.43518220565535803, 0.43660193952647125, 0.4368648881261999, 0.43642210418527777, 0.4354077902707187, 0.43488679961724713, 0.43509473312984814, 0.4351088756864721, 0.43305792049928143, 0.43274841796268115, 0.43136119029738684, 0.43417144092646515, 0.4314335747198625, 0.4338509901003404, 0.43153631687164307, 0.430670136755163, 0.4301576695658944, 0.431444604288448, 0.4305354519323869, 0.4296942082318393, 0.4292230714451183, 0.43001721663908526, 0.42959482832388446, 0.43016748265786603, 0.43258422884074127, 0.4271290491927754, 0.42858984253623267, 0.4306480640714819, 0.4293492382222956, 0.429014501246539, 0.430735092271458, 0.4302459034052762, 0.4271958389065482, 0.4298238212412054, 0.43069044839252124, 0.42963752963326196]}