{"best_val": 0.479397714138031, "train_loss": [0.6979981793297662, 0.6946931083997091, 0.6914182007312775, 0.6880224280887179, 0.6847023169199625, 0.6812016864617666, 0.6772828333907657, 0.6732669770717621, 0.6693717837333679, 0.6647245221667819, 0.660114069779714, 0.655012908909056, 0.649511714776357, 0.643639001581404, 0.6371572514375051, 0.6308676037523482, 0.623047391573588, 0.6154764294624329, 0.6081829998228285, 0.5989265011416541, 0.5918551252947913, 0.5832991202672323, 0.5783075094223022, 0.5708761877483792, 0.566407710313797, 0.5609664950105879, 0.5586151977380117, 0.5540193882253435, 0.5471323364310794, 0.5482251594463984, 0.5419963664478726, 0.5383148507939445, 0.5383399708403481, 0.5371440069542991, 0.5337767551342646, 0.5316657274961472, 0.5311363455322053, 0.5267670055230459, 0.5257873286803564, 0.5237944904300902, 0.5218335042397181, 0.5176058759291967, 0.5209296776188744, 0.5187851455476549, 0.5150853080881966, 0.5113204535510805, 0.5109421213467916, 0.5122933702336417, 0.5064562294218276, 0.5071277585294511, 0.5082620332638422, 0.5052072952191035, 0.5030356364117728, 0.5033084766732322, 0.5031584468152788, 0.5023355732361475, 0.4971272514926063, 0.49976347221268547, 0.49753285116619533, 0.4941371911101871, 0.4954728169573678, 0.49391904804441666, 0.4937530193063948, 0.4924411326646805, 0.4932192514340083, 0.4937573704454634, 0.4911179592212041, 0.49053114983770585, 0.49018405709001756, 0.4914945595794254, 0.4921635968817605, 0.4899636225567924, 0.48855485022068024, 0.4859911898771922, 0.4880966328912311, 0.48718828625149196, 0.4866593860917621, 0.4867198136117723], "val_loss": [0.6961532384157181, 0.6928249448537827, 0.6895362138748169, 0.6860327571630478, 0.6825602352619171, 0.6787195950746536, 0.6752208471298218, 0.6707304567098618, 0.6659425348043442, 0.661758229136467, 0.6567010134458542, 0.6518797129392624, 0.645844891667366, 0.6403004825115204, 0.6351330876350403, 0.62813401222229, 0.6201895773410797, 0.6140894442796707, 0.6053550243377686, 0.5984163582324982, 0.5928450375795364, 0.5829664915800095, 0.5771020948886871, 0.5753909051418304, 0.5699231326580048, 0.5693125873804092, 0.5623590648174286, 0.5583987608551979, 0.5549691170454025, 0.5518409758806229, 0.5545274615287781, 0.5463364869356155, 0.5456806644797325, 0.5419619083404541, 0.5341154634952545, 0.5396356880664825, 0.5299162715673447, 0.5281053334474564, 0.5270310938358307, 0.530849002301693, 0.5304166004061699, 0.5250437706708908, 0.5263061448931694, 0.5138558372855186, 0.5180660411715508, 0.51755540817976, 0.5137358382344246, 0.5104123204946518, 0.5071369260549545, 0.5070341527462006, 0.5062571316957474, 0.5056737810373306, 0.499367892742157, 0.5002385154366493, 0.5005697533488274, 0.49874718487262726, 0.4945731908082962, 0.4909934997558594, 0.4921269193291664, 0.48624663054943085, 0.4981810450553894, 0.49363698810338974, 0.49107973277568817, 0.4878764674067497, 0.49214402586221695, 0.4831558018922806, 0.4869889169931412, 0.479397714138031, 0.48508351296186447, 0.48880819976329803, 0.4814887046813965, 0.4841136187314987, 0.4830986186861992, 0.4833347275853157, 0.48211975395679474, 0.48091962933540344, 0.4797486215829849, 0.4858054518699646]}