{"best_val": 0.44101171872832556, "train_loss": [0.7323366158148822, 0.6718974464079913, 0.6206524278603348, 0.5968984727765999, 0.583272279477587, 0.5684317566600501, 0.5519552704165963, 0.5346788471820307, 0.5153809230701596, 0.49966932570233064, 0.4851321391030854, 0.47431370849702875, 0.46839914018032597, 0.4635974758980321, 0.46229779778742325, 0.4596946730333216, 0.4582678494500179, 0.4574940455894844, 0.4567234218120575, 0.4548564804535286, 0.453533880850848, 0.45376815164790435, 0.4517190316144158, 0.45141751742830466, 0.4520682207509583, 0.45014509091190263, 0.44908027438556447, 0.44966113275172664, 0.4486056852574442, 0.4470755066357407, 0.44708325640828, 0.44557110526982474, 0.44579312964981677, 0.44545185565948486, 0.4446931756010242, 0.44357438706884195, 0.4432082328141904, 0.4425858083893271, 0.4410325084246841, 0.44058605210453855, 0.44020960436147805, 0.4392155660133736, 0.4382946462023492, 0.4385613460166782, 0.4357158436494715, 0.43715249907736686, 0.4357104231329525, 0.4358789961712033, 0.4353151613590764, 0.4338882109698127, 0.43374860754200056, 0.4324878261369817, 0.43143102409792883, 0.43118010958035785, 0.4322290788678562, 0.4290674334647609, 0.4295829096261193, 0.42884046131489323, 0.4265390786470151, 0.42591602252978905, 0.425390796918495, 0.42570654609624076, 0.42520420574674417, 0.4231184592434004, 0.42372119426727295, 0.42185233036677044, 0.4219457384418039, 0.4217829090707442, 0.42038460455688775, 0.4194170680700564, 0.41989298836857664, 0.4190280846520966, 0.4187316397825877, 0.41721341715139504, 0.41665109173924314, 0.4175950417331621, 0.4162369078280879, 0.41526104422176585, 0.41410259873259303], "val_loss": [0.6963303956118497, 0.6362435709346425, 0.6020683158527721, 0.5866742675954645, 0.5744270194660533, 0.5595082938671112, 0.5411773920059204, 0.5214910669760271, 0.5021158754825592, 0.48681148886680603, 0.47477108240127563, 0.46424035863442853, 0.4586809060790322, 0.4566897370598533, 0.453997248953039, 0.453130919824947, 0.4549332938411019, 0.4510102299126712, 0.45108925754373724, 0.4513833631168712, 0.44938579201698303, 0.4501304897395047, 0.4496164917945862, 0.4498715779998086, 0.44935730641538446, 0.4478010589426214, 0.44620282270691614, 0.4484895413572138, 0.44580811803991144, 0.44614881548014557, 0.44722782481800427, 0.44671494310552423, 0.4468112723393874, 0.44728145003318787, 0.44620122150941327, 0.44688179276206275, 0.4454977349801497, 0.4441967877474698, 0.4443329870700836, 0.44647339257326996, 0.4453614787621932, 0.4431738176129081, 0.4439042969183488, 0.4443719061938199, 0.44275080073963513, 0.4439621296795932, 0.4460078179836273, 0.4430895881219344, 0.4434932632879777, 0.44242680072784424, 0.44180990078232507, 0.4425690932707353, 0.44223449446938257, 0.4419270943511616, 0.4413533562963659, 0.44186906110156665, 0.44178942116824066, 0.4426575140519576, 0.44167120077393274, 0.44119647958061914, 0.44118911027908325, 0.4432854842055928, 0.4416070986877788, 0.4412351033904336, 0.44440437988801434, 0.4411959268830039, 0.4428802566094832, 0.4440071095119823, 0.44101171872832556, 0.44235641577027063, 0.4426698630506342, 0.44224551591006195, 0.44311571392146026, 0.4436753175475381, 0.44312791661782697, 0.44348633560267364, 0.44370596788146277, 0.4438283280892806, 0.4433934607289054]}