{"best_val": 0.5245406180620193, "train_loss": [0.7837102512518564, 0.7678980860445235, 0.7505729761388567, 0.7313573956489563, 0.7131188809871674, 0.698436912563112, 0.6886190606488122, 0.678813722398546, 0.6678141984674666, 0.6564342710706923, 0.6441183255778419, 0.6323004298739963, 0.6144125428464677, 0.5976925724082522, 0.5804920461442735, 0.5631424105829663, 0.5510764039225049, 0.5434115876754125, 0.535954064793057, 0.530605114168591, 0.5266857296228409, 0.519997818602456, 0.5178720206022263, 0.5142556793159909, 0.5116895967059665, 0.5040501207113266, 0.504817932844162, 0.4995132138331731, 0.4998210502995385, 0.4997101343340344, 0.4946494284603331, 0.495103336042828, 0.4967253373728858, 0.4884891559680303, 0.49215155839920044, 0.4890420354074902, 0.48736200233300525, 0.48508240944809383, 0.4847051153580348, 0.4848148326079051, 0.48174416687753463, 0.48251580860879684, 0.4773881733417511, 0.4813186940219667, 0.47750839922163224, 0.4764156705803341, 0.4785740209950341, 0.4791218770874871, 0.47689415514469147, 0.47414786948098075, 0.47719550132751465, 0.47213902572790784, 0.4752681487136417, 0.4748231768608093, 0.4763926913340886, 0.47484593093395233, 0.4734038876162635, 0.47244447469711304, 0.4737646033366521, 0.47386440800295937, 0.47428882618745166, 0.47397979100545246, 0.4726129290130403, 0.4723101258277893, 0.47222041752603316, 0.4721190763844384, 0.47201959126525456, 0.4724941717253791, 0.4724508176247279, 0.47183897429042393, 0.4710362156232198, 0.47134151889218223, 0.47216161257690853, 0.4719877160257763], "val_loss": [0.7164088487625122, 0.7064144611358643, 0.6951624751091003, 0.6841316819190979, 0.6721024960279465, 0.661464661359787, 0.652553603053093, 0.6453920304775238, 0.6343455910682678, 0.6259326487779617, 0.6145690232515335, 0.6040706187486649, 0.594473659992218, 0.5890322923660278, 0.5832330286502838, 0.5722719430923462, 0.5724506825208664, 0.5657161176204681, 0.5596907734870911, 0.5611838549375534, 0.5590610653162003, 0.5544966757297516, 0.5589437782764435, 0.5528963953256607, 0.5525755435228348, 0.5460190176963806, 0.5455293506383896, 0.5479189679026604, 0.5478163212537766, 0.5400916412472725, 0.544081948697567, 0.5389459952712059, 0.5470915362238884, 0.5341861769556999, 0.5462996736168861, 0.5385966002941132, 0.5401827543973923, 0.5385022908449173, 0.5338449254631996, 0.5378388315439224, 0.5332532525062561, 0.5300633162260056, 0.540390782058239, 0.5310716107487679, 0.5324161201715469, 0.5370399728417397, 0.5334010124206543, 0.5262881144881248, 0.530619852244854, 0.5350178182125092, 0.5338502526283264, 0.5369314253330231, 0.5300238355994225, 0.5329421162605286, 0.5247052758932114, 0.5325927659869194, 0.5397397726774216, 0.5275413915514946, 0.5278480052947998, 0.5273090749979019, 0.5318563878536224, 0.5346249341964722, 0.5288600102066994, 0.5245406180620193, 0.529975175857544, 0.5343644171953201, 0.532696083188057, 0.5286059305071831, 0.5373046323657036, 0.5345140844583511, 0.5268601477146149, 0.5304873064160347, 0.5304283648729324, 0.5287669375538826]}