{"best_val": 0.4432548149065538, "train_loss": [0.6393572875097686, 0.6183433859956031, 0.6019765524303212, 0.5878572428927702, 0.5719065368175507, 0.556083530771966, 0.5382043631637797, 0.5227761286146501, 0.5092296834085502, 0.4973965059308445, 0.4900224471793455, 0.48271048945539136, 0.47730259626519445, 0.473032193441017, 0.46787280662387026, 0.46538516294722465, 0.4614213997242497, 0.46073905860676484, 0.4602007877592947, 0.45774124942573846, 0.45654652866662715, 0.45585666333927827, 0.4553578536884457, 0.45395058510350245, 0.45297449651886434, 0.45326625716452507, 0.45196165933328514, 0.4507364110619414, 0.4528524951607573, 0.45151014947423745, 0.451106483445448, 0.4504648587282966, 0.44865074520017584, 0.4490733695965187, 0.4485541032809837, 0.4490934440902635, 0.4482710606911603, 0.44801532287223667, 0.44884318347070734, 0.44759222047001707, 0.44657572110493976, 0.4471529225508372, 0.44643784679618537, 0.4448716669690375, 0.444964923695022, 0.4453980116283192, 0.4445376384492014, 0.44396572662334816, 0.4444897788412431, 0.4432989662768794, 0.44319705986509134, 0.44289907462456646, 0.44331515069101374, 0.4426010081581041, 0.44247333559335444, 0.4422529602752012, 0.4421137022037132, 0.4417988833259134, 0.44194456934928894, 0.4414718390679827, 0.44094648898816574, 0.4400596139477749, 0.4403492890152277, 0.44155439500715216, 0.43936294141937704, 0.44059306792184416, 0.43921484491404367, 0.44072676172443465, 0.43921740557633193, 0.4391067524751027, 0.4393160869093502, 0.43776435244317147, 0.43788566308863025, 0.43859634446162804, 0.43787821835162594, 0.4363320580884522, 0.43708723023826, 0.4374297728725508, 0.4366644258592643, 0.4371149738629659, 0.436493222619973, 0.43587472392063514, 0.4362711415571325, 0.43564893977314817, 0.4359990878432405, 0.43534936156927373, 0.4354722780339858, 0.43529849251111347, 0.43508073336937847, 0.43460705817914475, 0.43440745624841426, 0.43449890496684057, 0.4347044603497374, 0.43458553914930304, 0.43353484308018403, 0.43318086570384456, 0.432851386420867, 0.43360473829157214, 0.4328104935440363, 0.4315047223193973, 0.43316055454459845, 0.4314807139190973, 0.4321516319817188, 0.43286143155658946, 0.43257562553181367, 0.4330294027047999], "val_loss": [0.6273552775382996, 0.6086705706336282, 0.5921616987748579, 0.5757241736758839, 0.5592603575099598, 0.5397578071464192, 0.522993575442921, 0.5072676376862959, 0.49455156380479987, 0.48460239984772424, 0.4764851819385182, 0.4704091115431352, 0.4651129110292955, 0.4628292918205261, 0.45926866748116235, 0.45689693093299866, 0.45535011995922436, 0.4560574834997004, 0.45367630503394385, 0.45290408351204614, 0.45110798153010284, 0.45306080037897284, 0.4510068947618658, 0.45207039605487476, 0.4527698972008445, 0.45209417559883813, 0.4516686634583907, 0.4499484219334342, 0.4519035978750749, 0.44960595531897113, 0.45195653763684357, 0.44965513186021283, 0.4513434280048717, 0.4499478042125702, 0.4511826688593084, 0.44938031109896576, 0.44908085465431213, 0.4485056454485113, 0.45156061378392304, 0.4499925049868497, 0.4495788406242024, 0.4503849013285203, 0.4499520280144431, 0.44914381070570514, 0.4494314762679013, 0.45008446682583203, 0.4493755616924979, 0.4479693255641244, 0.4471336169676347, 0.44829138029705395, 0.4501335458322005, 0.44838466156612744, 0.44977372071959754, 0.4469944617965005, 0.4484557699073445, 0.4487946223128926, 0.44789745861833746, 0.44754211740060285, 0.45056337118148804, 0.44680747389793396, 0.44710084795951843, 0.448144487359307, 0.44603956829417835, 0.4459876445206729, 0.44711644541133533, 0.4480555382641879, 0.44624462723731995, 0.44705178249966016, 0.44562165574593976, 0.447057615626942, 0.4455092495137995, 0.44548852335322986, 0.44654970277439465, 0.4475470916791396, 0.44490708817135205, 0.4460612481290644, 0.4468081918629733, 0.4459276551550085, 0.4469658786600286, 0.4449209543791684, 0.444397817958485, 0.44654901732097974, 0.4449095238338817, 0.4463691846890883, 0.44656454704024573, 0.4454697316343134, 0.4448252428661693, 0.4439114034175873, 0.44689397649331525, 0.44449574568054895, 0.4447044784372503, 0.44522275166078046, 0.44741497798399493, 0.44552770256996155, 0.44618840380148456, 0.4432548149065538, 0.44683749838308856, 0.44520576704632153, 0.4455588324503465, 0.44575128772042016, 0.4462459818883376, 0.4439803416078741, 0.4452595223080028, 0.44605615735054016, 0.4449594996192239, 0.44550141421231354]}