{"best_val": 0.44895501841198315, "train_loss": [0.675980405480254, 0.6033423613099491, 0.5799341184251449, 0.5595969043525995, 0.5303995194388371, 0.499513635448381, 0.47768327652239334, 0.46654639232392403, 0.46013136996942405, 0.45710409096643034, 0.453578300335828, 0.45166651524749457, 0.4510974732099795, 0.4500574522158679, 0.44900793187758503, 0.44688023948201944, 0.4458214091319664, 0.44315600453638565, 0.4431445020086625, 0.43948712068445545, 0.43868740925601885, 0.4380935839578217, 0.4364868460917005, 0.43547851723783154, 0.43311449943804275, 0.4320146622611027, 0.4311686608136869, 0.4301958154229557, 0.4287222880943149, 0.4283025814037697, 0.42512735782885086, 0.42345242056192134, 0.42240339985080794, 0.4223360255652783, 0.4183085034875309, 0.41780848479738425, 0.4150886979757571, 0.41381100871983695, 0.4124932230687609, 0.4112192672841689, 0.4095295907235613], "val_loss": [0.6360449411652305, 0.5947096835483204, 0.5764568773182955, 0.5529442917216908, 0.5195827565409921, 0.4886767999692397, 0.47782407023689966, 0.4692349217154763, 0.46157325126908044, 0.45961889082735236, 0.4573601104996421, 0.45953602411530237, 0.4595909958535975, 0.45526294816624036, 0.45800945975563745, 0.4560332704674114, 0.45584654266184027, 0.4544338285923004, 0.4567669250748374, 0.45520298318429425, 0.4548055990175767, 0.4511669738726182, 0.4534835923801769, 0.4514491747726094, 0.4534392736174844, 0.45083575357090344, 0.4562311280857433, 0.4522828351367604, 0.44936719807711517, 0.45344640991904517, 0.44895501841198315, 0.44900611313906585, 0.45208409428596497, 0.45110561089082196, 0.45024156299504364, 0.45057569579644635, 0.449932878667658, 0.45138754086060956, 0.45208957520398224, 0.4505928646434437, 0.45203878391872754]}