{"best_val": 0.44546871835535223, "train_loss": [0.751755204855227, 0.6728665314468683, 0.6284312944786221, 0.6091945077858719, 0.5952958265940348, 0.5825368382182776, 0.5688528325043473, 0.554325696884417, 0.5379063323432324, 0.5207336819639393, 0.5081279686852997, 0.49619831349335464, 0.4871874282173082, 0.48167994910595463, 0.4770173056452882, 0.4733785577848846, 0.4728345006119971, 0.4707745576606077, 0.47087746624853094, 0.4695811984585781, 0.468889560769586, 0.46819350474021015, 0.468394176048391, 0.46744893637357976, 0.46712348624771716, 0.4672170445030811, 0.46824465312209784, 0.4664688986890456, 0.4652421380959305, 0.4663594955322789, 0.46620597558863025, 0.46468858099451255, 0.46501699557491377, 0.467084128482669, 0.4645826717217763, 0.46402278834698246, 0.46577677656622496, 0.46574054570759044, 0.46379265422914545, 0.4649120054992975, 0.4634147876617955, 0.4642182378207936, 0.46520918257096233], "val_loss": [0.651530303738334, 0.6097133484753695, 0.5896163149313494, 0.5750694166530262, 0.5631630420684814, 0.5509388690645044, 0.5350088558413766, 0.5195356959646399, 0.5014071627096697, 0.48724865913391113, 0.4759627201340415, 0.4667927785353227, 0.46236319975419476, 0.45796131274916907, 0.4557212130589919, 0.4516585333780809, 0.45008155703544617, 0.4505757526917891, 0.4485078074715354, 0.44789155233990063, 0.44875974546779285, 0.44706823880022223, 0.44773361357775604, 0.4482878473672, 0.4470869790424, 0.44817946444858203, 0.4461233236572959, 0.4484295438636433, 0.44781193137168884, 0.44678866592320526, 0.4474099955775521, 0.44604281132871454, 0.44546871835535223, 0.4467701722275127, 0.4456898109479384, 0.44575627554546704, 0.4465260234746066, 0.44658652218905365, 0.44846416874365375, 0.4459658779881217, 0.44819609143517236, 0.44756692106073553, 0.4469196010719646]}