{"best_val": 0.5047599226236343, "train_loss": [0.6840079261196984, 0.6342429320017496, 0.5796879000133939, 0.5384647846221924, 0.5198649913072586, 0.5046726862589518, 0.49792169365617966, 0.4891868895954556, 0.48697478738096023, 0.47973834143744576, 0.48058463964197373, 0.47779338227378, 0.4788249201244778, 0.4744887732797199, 0.47022150125768447, 0.46809853944513535, 0.46925953527291614, 0.46720698806974625, 0.4672897871997621, 0.4648820592297448, 0.4610389338599311, 0.4616026133298874, 0.4599338389105267, 0.4611795296271642, 0.45955127312077415, 0.4604025002982881, 0.45749688810772365, 0.45732155442237854, 0.45861638420157963, 0.4555762807528178, 0.45648347834746045, 0.45262667040030163, 0.4543768929110633, 0.45665743119186825], "val_loss": [0.6612808108329773, 0.6144364029169083, 0.572455957531929, 0.5564393550157547, 0.5466884523630142, 0.5367977395653725, 0.5372555404901505, 0.5286547392606735, 0.5293536931276321, 0.5224225148558617, 0.5204530879855156, 0.5234194546937943, 0.5208551213145256, 0.5205475240945816, 0.5183868482708931, 0.5182014405727386, 0.5110078230500221, 0.5150369927287102, 0.5085262730717659, 0.514867514371872, 0.5188002809882164, 0.5061420574784279, 0.5115197971463203, 0.5047599226236343, 0.5099148377776146, 0.5140093564987183, 0.5078219100832939, 0.5179451256990433, 0.5078410729765892, 0.5133292302489281, 0.5099026262760162, 0.5194251239299774, 0.5086787268519402, 0.5184007436037064]}