{"best_val": 0.47001221776008606, "train_loss": [0.6534149779213799, 0.6512506339285109, 0.6493897272480859, 0.6478438874085745, 0.646380215883255, 0.644382486740748, 0.6429906222555373, 0.641491605175866, 0.6400943199793497, 0.6381495528750949, 0.6364161239729987, 0.6344915959570143, 0.6332104172971513, 0.6307192345460256, 0.6286371184719933, 0.6266545255978903, 0.6242457396454282, 0.6219135655297173, 0.620463060008155, 0.6167940596739451, 0.614234854777654, 0.6123704248004489, 0.6104472113980187, 0.6084601249959734, 0.6047121286392212, 0.6023153397772048, 0.6003905038038889, 0.5973733630445268, 0.595198349820243, 0.5929914746019576, 0.5890092551708221, 0.5873350335492028, 0.586428658829795, 0.581458138095008, 0.5802537533971999, 0.5774314933353, 0.5756395525402493, 0.5710346698760986, 0.5706854197714064, 0.5687018202410804, 0.5635162393252054, 0.56274523668819, 0.5604652894867791, 0.5595816241370307, 0.5561859574582841, 0.5535552385780547, 0.5512383745776283, 0.5487217174635993, 0.546021764477094, 0.5463201834095849, 0.5440155499511294, 0.5459211021661758, 0.5409860279824998, 0.5402132852209939, 0.5369767215516832, 0.5360153367122015, 0.5375176105234358, 0.5329358412159814, 0.5314809067381753, 0.532782084412045, 0.5313876320918401, 0.5299394561184777, 0.527731673585044, 0.5268795473708047, 0.5258261760075887, 0.5247523668739531, 0.5239779237243865, 0.5240311324596405, 0.5229953626791636, 0.5231284648180008, 0.5208144138256708, 0.5194060471322801, 0.5186549574136734, 0.5161624302466711, 0.5184506409698062, 0.5183065219057931, 0.5182054787874222, 0.5157585773203108, 0.5147608800066842, 0.515658438205719, 0.5119407557778888, 0.5109027276436487, 0.5119267155726751, 0.5110820465617709, 0.5059103634622362, 0.5086038344436221, 0.5093880577219857, 0.507532591621081, 0.5067516283856498, 0.5039388123485777, 0.5035466949144999, 0.5032308035426669, 0.5050636447138257, 0.5016988548967574, 0.5003750357362959, 0.49930934939119553, 0.5011933793624243, 0.49884848958916134, 0.4951806233988868, 0.49623844855361515, 0.4993350952863693, 0.496398013499048, 0.49298540751139325, 0.49480027457078296, 0.49267393516169655, 0.49545125828848946, 0.4937846577829785, 0.4934365020857917, 0.4919254134098689, 0.4889708674616284, 0.49061496886942124, 0.4892832371923659, 0.48582705358664197, 0.4890827801492479, 0.4873644875155555, 0.4853396068016688, 0.4857808980676863, 0.48433372378349304, 0.4887826128138436, 0.4896448519494798, 0.48782506419552696, 0.4835550586382548, 0.4838345729642444, 0.48658522301250035, 0.4838453945186403, 0.48142580687999725, 0.48379813300238717, 0.48250773052374524, 0.48036481108930373, 0.4833414902289708, 0.48315828210777706, 0.4818481372462379, 0.48113470441765255, 0.48055001099904376, 0.48127466605769265, 0.47735896209875744, 0.4763296279642317], "val_loss": [0.6507672816514969, 0.6495826095342636, 0.6472586542367935, 0.645260825753212, 0.6442935466766357, 0.6431848108768463, 0.6415952295064926, 0.6386185735464096, 0.6368789821863174, 0.636179193854332, 0.6336704343557358, 0.6328291147947311, 0.6305618584156036, 0.6275580376386642, 0.6256028562784195, 0.6238978207111359, 0.6223980635404587, 0.6194545477628708, 0.6157035082578659, 0.6140027791261673, 0.6127169728279114, 0.6093830913305283, 0.6083007752895355, 0.604594498872757, 0.600694328546524, 0.5999190658330917, 0.5965316891670227, 0.5953567177057266, 0.5923037827014923, 0.5895994305610657, 0.5895077735185623, 0.5840758383274078, 0.5842672288417816, 0.5800778418779373, 0.5744915157556534, 0.5767788738012314, 0.5738655775785446, 0.5747129172086716, 0.5659935474395752, 0.566449373960495, 0.5633658766746521, 0.5614967048168182, 0.5599763989448547, 0.553342841565609, 0.5542854368686676, 0.5521713197231293, 0.555109977722168, 0.5508063584566116, 0.5513001531362534, 0.5483334511518478, 0.5474411174654961, 0.5430565625429153, 0.5399049669504166, 0.5385110378265381, 0.5386603623628616, 0.5367035493254662, 0.5390955954790115, 0.5422801077365875, 0.529909685254097, 0.5314913466572762, 0.5328102335333824, 0.531317338347435, 0.5316904783248901, 0.5293247401714325, 0.526225283741951, 0.5337048768997192, 0.5255782306194305, 0.5221229940652847, 0.5257452428340912, 0.5228172019124031, 0.5208279117941856, 0.5238739401102066, 0.5208501294255257, 0.5204323902726173, 0.5282584875822067, 0.5167515501379967, 0.5163766443729401, 0.517365112900734, 0.5125037431716919, 0.5139847323298454, 0.5093453004956245, 0.5144555270671844, 0.5089093148708344, 0.5111877843737602, 0.5090642422437668, 0.505606546998024, 0.5019322708249092, 0.5070555433630943, 0.5085912346839905, 0.5101350098848343, 0.5079566463828087, 0.49972837418317795, 0.4992635026574135, 0.5054317712783813, 0.4965648427605629, 0.5003553479909897, 0.4981130510568619, 0.49621860682964325, 0.4965709298849106, 0.4908759593963623, 0.49005276709795, 0.4919663667678833, 0.4953702762722969, 0.49336207658052444, 0.4888453409075737, 0.49005909264087677, 0.48515184223651886, 0.4879050999879837, 0.4835515096783638, 0.49029262363910675, 0.4888189360499382, 0.48165854066610336, 0.48642823845148087, 0.4791659638285637, 0.48079991340637207, 0.48304396122694016, 0.4830509424209595, 0.48107054829597473, 0.47966478765010834, 0.4787091165781021, 0.47793129831552505, 0.4795199930667877, 0.48295512795448303, 0.47729363292455673, 0.47086121141910553, 0.47281645983457565, 0.47001221776008606, 0.47814153879880905, 0.47433502972126007, 0.48214469105005264, 0.47822893410921097, 0.47216247022151947, 0.47231000661849976, 0.47608887404203415, 0.47638872265815735, 0.4715341404080391, 0.47165197879076004]}