{"best_val": 0.4938809275627136, "train_loss": [0.6957264575693343, 0.6557028392950693, 0.6113193134466807, 0.5713878124952316, 0.5498142358329561, 0.5336475670337677, 0.5206775350703133, 0.5101118004984326, 0.5037212289041944, 0.4994637883371777, 0.4958616809712516, 0.4909496439827813, 0.48708326783445144, 0.48511843383312225, 0.4820243799024158, 0.481189317173428, 0.47682564126120675, 0.47695574661095935, 0.47350040243731606, 0.4751027607255512, 0.46981336176395416, 0.47071444822682273, 0.47159425417582196, 0.4696585171752506, 0.4707004808717304, 0.4722233729230033, 0.46849751969178516, 0.4661107410987218], "val_loss": [0.6740271002054214, 0.6344776898622513, 0.5891785025596619, 0.5594138354063034, 0.5446578711271286, 0.5323114693164825, 0.5214960873126984, 0.5238934010267258, 0.5203067436814308, 0.51149832457304, 0.5081917122006416, 0.5092011392116547, 0.5107352063059807, 0.5081926509737968, 0.5079096555709839, 0.5118789374828339, 0.49900664389133453, 0.4938809275627136, 0.5080773681402206, 0.5002540498971939, 0.5037285909056664, 0.4959721192717552, 0.5027579367160797, 0.504220262169838, 0.5002096593379974, 0.5016782283782959, 0.5028542131185532, 0.5053183734416962]}