{"best_val": 0.4567243998700922, "train_loss": [0.7614898716702181, 0.7256001572982937, 0.6863607004577038, 0.6447925006642061, 0.613341256683948, 0.5943844785877302, 0.5828303157114515, 0.572409695854374, 0.5621164628103668, 0.5522371238353205, 0.5406947264484331, 0.5282820486554912, 0.5157740139493755, 0.5016619674130982, 0.48894031959421497, 0.47954001964307297, 0.4742061711993872, 0.4685613156533709, 0.46472402881173525, 0.46334923307100934, 0.4602624698012483, 0.45994918311343475, 0.4582920968532562, 0.4575072135411057, 0.45730873591759624, 0.4557141725923501, 0.45593217716497536, 0.4549716208495346, 0.4555218617121379, 0.4531964852529414, 0.4530919170847126, 0.454245199175442, 0.4524027833751604, 0.4515322388387194, 0.4519560576653948, 0.4511905172291924, 0.450670800372666, 0.45053430632048963, 0.4493115117736891, 0.45110515987171845, 0.4491409764570348, 0.4497274014295316, 0.44982622242441367, 0.44887585733451096, 0.44874173694965885, 0.4491034588393043, 0.4475659675457898, 0.44799235346270544, 0.44697535622353646, 0.44699328202827304, 0.4460893472035726, 0.4465135715755762, 0.4453417968516256, 0.4467865859760958, 0.44433171667304694, 0.44518620067951725, 0.44530367617513616, 0.4444759365390329, 0.4439028840438992, 0.44333042817957263, 0.44464847971411314, 0.443828471735412, 0.44283394603168263, 0.443319311913322, 0.44332470029008153, 0.442845237605712, 0.4416542514866474, 0.44074277901181985, 0.44211897663041655, 0.4417269855153327, 0.4404645661513011, 0.44133973589130476, 0.4398121483185712], "val_loss": [0.7379738959399137, 0.7007565281607888, 0.6600472114302895, 0.6206229545853355, 0.5980745716528459, 0.5828024419871244, 0.5715014067563143, 0.564429293979298, 0.5541402941400354, 0.5448706691915338, 0.5345580821687524, 0.5230047431859103, 0.5112715417688544, 0.5010040998458862, 0.4910562200979753, 0.48083877292546356, 0.4773124862800945, 0.47130329229614953, 0.4724165282466195, 0.468031490390951, 0.4672584858807651, 0.4660784737630324, 0.466249170628461, 0.4656847092238339, 0.46621952002698724, 0.4649548720229756, 0.46421786600893195, 0.4642749157818881, 0.46280093626542523, 0.46402600136670197, 0.46359684521501715, 0.4637526680122722, 0.4626520574092865, 0.4626144522970373, 0.4614822349765084, 0.4634129296649586, 0.46421758424152026, 0.46094304594126617, 0.46178193525834516, 0.46141388470476324, 0.4613648327914151, 0.4615821567448703, 0.46202644976702606, 0.4619241844524037, 0.4629932777448134, 0.460653386332772, 0.45960154045711865, 0.45997816866094415, 0.46064994822848926, 0.46142924102869903, 0.4622308015823364, 0.46055502512238244, 0.4628281837159937, 0.4629247649149461, 0.46016742424531415, 0.458863610571081, 0.46180516481399536, 0.4599330560727553, 0.4611736671491103, 0.4613922726024281, 0.4613289860161868, 0.45928575775840064, 0.4567243998700922, 0.46029340678995306, 0.458260639147325, 0.4600509432229129, 0.4594327319752086, 0.46030530062588776, 0.4593550075184215, 0.458056623285467, 0.4597202945839275, 0.4615610648285259, 0.46029139919714496]}