{"best_val": 0.46946365386247635, "train_loss": [0.6523852646350861, 0.6079970664448209, 0.5670135815938314, 0.5329754617479112, 0.5127985626459122, 0.5001449237267176, 0.4930974675549401, 0.4923735972907808, 0.4858257356617186, 0.4828377134270138, 0.48438920577367145, 0.47799907790289986, 0.4753126684162352, 0.46984081632561153, 0.4714810136291716, 0.46726061238182914, 0.4686480727460649, 0.4661582128869163, 0.4647473030620151, 0.46525940630171037, 0.46263719101746875, 0.46485194232728744, 0.46230758395459914, 0.4618216057618459, 0.45930930475393933, 0.4608635405699412, 0.4607885513040755, 0.4567222711112764, 0.45974277787738377, 0.4575031002362569, 0.4586268249485228, 0.4568168934848573, 0.4562356968720754, 0.45982061326503754, 0.45899877780013615, 0.45565714107619393, 0.4555653813812468, 0.45568139685524833, 0.4566262662410736, 0.4558468543820911, 0.45455285244517857, 0.45826105442312026], "val_loss": [0.6348909884691238, 0.602597787976265, 0.5785584300756454, 0.5614066272974014, 0.5503720119595528, 0.5431330502033234, 0.5354000627994537, 0.5288974195718765, 0.5221028253436089, 0.5148467421531677, 0.5143715441226959, 0.5094784572720528, 0.5036172047257423, 0.49798672646284103, 0.4950060173869133, 0.4874041825532913, 0.49357524514198303, 0.48814669251441956, 0.4823651760816574, 0.48634613305330276, 0.4832978919148445, 0.4828255847096443, 0.47762058675289154, 0.4808349534869194, 0.4765457585453987, 0.47531620413064957, 0.4845048487186432, 0.479764848947525, 0.48013079911470413, 0.4792695492506027, 0.47634993493556976, 0.46946365386247635, 0.47376713156700134, 0.47645433247089386, 0.4783373177051544, 0.47938040643930435, 0.4729425311088562, 0.47355109453201294, 0.473579078912735, 0.47289974242448807, 0.47716375440359116, 0.4789274334907532]}