{"best_val": 0.5007180944085121, "train_loss": [0.6504085428184934, 0.6313118669721816, 0.6121766600343916, 0.5934950941138797, 0.577001710732778, 0.5658124900526471, 0.5575297988123364, 0.5539993229839537, 0.547476245297326, 0.5451972087224325, 0.5406728320651584, 0.538203004333708, 0.5336057858334647, 0.5324326107899348, 0.5297094070249133, 0.529133141040802, 0.5274376951985889, 0.5245673325326707, 0.5225061078866323, 0.523496237066057, 0.5201941000090705, 0.5191284318765005, 0.5157993717326058, 0.5163200497627258, 0.5163885967599021, 0.5147806141111586, 0.5154215262995826, 0.5149288409286075, 0.509987493356069, 0.5108291705449423, 0.5122259342008166, 0.5092741300662359, 0.5048700223366419, 0.5093801667292913, 0.507687489191691, 0.5071786029471291, 0.5055659545792474, 0.5040259924199846, 0.5031797604428397, 0.5043219543165631, 0.501815011103948, 0.49838146401776207, 0.5000954303476546, 0.5010248853100671, 0.5017836607164807, 0.5008842597405115, 0.5009527388546202, 0.5032657119962904, 0.49586564468012917, 0.4977911561727524, 0.49678787257936263, 0.49800746474001145, 0.5003968924283981, 0.4964771386649873, 0.49788102838728165, 0.49776847826109993, 0.4968489557504654, 0.49552452233102584, 0.49772300985124374, 0.4951909962627623, 0.4955091310871972, 0.4969591713613934, 0.49554160568449235, 0.49522942966885036, 0.49397315250502694, 0.4929221057229572], "val_loss": [0.6395066380500793, 0.6199556142091751, 0.5987412482500076, 0.5825146436691284, 0.5723147243261337, 0.5612356960773468, 0.5583741515874863, 0.5536786317825317, 0.5493190363049507, 0.5465935170650482, 0.5421529784798622, 0.542290709912777, 0.5332959294319153, 0.5409529581665993, 0.5257114320993423, 0.5259373486042023, 0.520239844918251, 0.5230719149112701, 0.5196563750505447, 0.5170333757996559, 0.5226369500160217, 0.5150125473737717, 0.5146237537264824, 0.5187238901853561, 0.5079012140631676, 0.5095279812812805, 0.5063269659876823, 0.5125661864876747, 0.5101107731461525, 0.5169664621353149, 0.5098087713122368, 0.508440837264061, 0.5036618486046791, 0.5096605271100998, 0.5062473267316818, 0.509607695043087, 0.5077241212129593, 0.5071865320205688, 0.5099544003605843, 0.5088606551289558, 0.5074593499302864, 0.5036366134881973, 0.5080369338393211, 0.5120946317911148, 0.5051331594586372, 0.5059720724821091, 0.5031706765294075, 0.5071577876806259, 0.5113869830965996, 0.5075297877192497, 0.507169097661972, 0.504017286002636, 0.514342412352562, 0.5146880820393562, 0.5094024762511253, 0.5007180944085121, 0.5136878713965416, 0.5110496878623962, 0.508149191737175, 0.5060644671320915, 0.5047020688652992, 0.5107171386480331, 0.514735996723175, 0.510884091258049, 0.5114826038479805, 0.5076408386230469]}