{"best_val": 0.4716585949063301, "train_loss": [0.6832200090090433, 0.6603643331262801, 0.6378895574145846, 0.6143232848909166, 0.5860350098874834, 0.5547574278381135, 0.5344493157333798, 0.5187029656436708, 0.5104608949687746, 0.5026018785105811, 0.49650756683614516, 0.4936315930551953, 0.48694491055276656, 0.4854340801636378, 0.486203682091501, 0.4805029895570543, 0.48194211886988747, 0.47530144453048706, 0.476994878715939, 0.474441001812617, 0.4712056981192695, 0.4734603729512956, 0.4751296622885598, 0.472584444615576, 0.4706351723935869, 0.47264398965570664, 0.46966279049714404, 0.46766991747750175, 0.4691493643654717, 0.4667008767525355, 0.4634285685088899, 0.465014785528183, 0.4670997593137953, 0.4657118121782939, 0.46338387164804673, 0.4656326605214013, 0.46407263312074876, 0.4643512749009662, 0.4622645874818166, 0.4640609853797489, 0.4611211286650764, 0.45881252156363594, 0.45981235636605156, 0.4623096254136827, 0.46060040096441907, 0.46173197196589577, 0.4592817078034083, 0.46445678174495697, 0.46121913029087913, 0.4571530504359139, 0.4605264829264747, 0.46085088782840306, 0.4578596403201421, 0.456407787071334, 0.45570962462160325], "val_loss": [0.6765926480293274, 0.6609474867582321, 0.6381683349609375, 0.6225395351648331, 0.6007737964391708, 0.5884089022874832, 0.575975313782692, 0.5751548558473587, 0.5642297714948654, 0.5514342337846756, 0.5425736308097839, 0.5387333855032921, 0.5317272543907166, 0.5291988030076027, 0.5198625475168228, 0.5192084535956383, 0.5196595042943954, 0.5247828140854836, 0.5166028067469597, 0.5126809477806091, 0.5127708166837692, 0.5103319212794304, 0.5084991902112961, 0.5028290674090385, 0.49940257519483566, 0.4958495795726776, 0.4984566941857338, 0.49615412950515747, 0.4869716539978981, 0.49132370948791504, 0.4938909709453583, 0.4792559966444969, 0.484405055642128, 0.485831581056118, 0.48481374979019165, 0.48094698041677475, 0.4804989844560623, 0.47757498174905777, 0.47628453373908997, 0.48032043129205704, 0.4753035753965378, 0.47486140578985214, 0.4749007672071457, 0.47272489964962006, 0.4716585949063301, 0.47568612545728683, 0.4762215167284012, 0.48097647726535797, 0.47513488680124283, 0.4883122816681862, 0.4767521172761917, 0.4752792716026306, 0.47775282710790634, 0.4716993123292923, 0.479276679456234]}