{"best_val": 0.4337932616472244, "train_loss": [0.7080822355217404, 0.6739571127626631, 0.63365372021993, 0.5907316903273264, 0.566989446679751, 0.5484580414162742, 0.5346772488620546, 0.5292109400033951, 0.5196248839298884, 0.5133733981185489, 0.5124827457798852, 0.5080299311214023, 0.5056205640236536, 0.5044420030381944, 0.5010647657844756, 0.4984133707152473, 0.49782685273223454, 0.49700593451658887, 0.4941318896081712, 0.4943469166755676, 0.49735453559292686, 0.4927492290735245, 0.4920421755976147, 0.49221113158596885, 0.4931316094266044, 0.4907228665219413, 0.4906987183623844, 0.48952596220705247, 0.48775442441304523, 0.4914169841342502, 0.4871968891885545, 0.48755767775906456, 0.4867897613181008, 0.4871853192647298, 0.4862643977006276, 0.48752468824386597, 0.4866725189818276, 0.4871663997570674, 0.48434778882397544, 0.48492520219749874, 0.4849427541097005, 0.48615041706297135, 0.485948771238327, 0.48172415958510506, 0.4850406001011531, 0.48174529771010083, 0.48102448715103996, 0.4840659879975849, 0.4812621805402968, 0.48408643570211196, 0.4836900333563487, 0.4811926848358578, 0.48119235038757324, 0.48182422750526005, 0.47939587467246586, 0.4772894365919961, 0.4782743553320567, 0.4811333881484138, 0.48135001957416534, 0.4768128626876407, 0.4779117885563109, 0.48019559846984017, 0.47962258590592277, 0.47997739248805577, 0.4770333402686649, 0.47671522365676033, 0.4794398165411419, 0.47718720469209885, 0.47665977478027344, 0.4746190872457292, 0.4760865204864078, 0.4727742787864473, 0.4707500918043984, 0.4753824555211597, 0.4743913743231032, 0.4741171250740687, 0.47607764105002087, 0.47581407096650863, 0.47444289094871944, 0.4757045374976264, 0.47340430816014606, 0.4722548789448208, 0.4704929656452603, 0.472041603591707, 0.4719108011987474, 0.47174836860762703, 0.4744025071461995, 0.4756331278218163, 0.47473375664816964, 0.46910173694292706, 0.47462278107802075, 0.4736524671316147, 0.47513513101471794, 0.4710101005103853, 0.4710839307970471, 0.4706521795855628, 0.46832842462592655, 0.4708609663777881, 0.4682774643103282, 0.4696560237142775, 0.4694996294048097, 0.46785616046852535, 0.46878571642769706, 0.47194025417168933, 0.4674636522928874, 0.4672678808371226, 0.46891944275961983, 0.47071507076422375, 0.46537308063771987, 0.47024496230814194, 0.4647275043858422, 0.46903176108996075], "val_loss": [0.6884122490882874, 0.6543242037296295, 0.6143780201673508, 0.5783242434263229, 0.5607465878129005, 0.548799566924572, 0.5328709483146667, 0.5172790288925171, 0.516938827931881, 0.5057684630155563, 0.5001654773950577, 0.4962514266371727, 0.49039476364851, 0.48581110686063766, 0.48809655755758286, 0.4883236587047577, 0.48047028481960297, 0.47947676479816437, 0.4796174094080925, 0.4789155647158623, 0.46924110502004623, 0.47151944041252136, 0.4695867896080017, 0.4712856486439705, 0.4727848023176193, 0.46382860839366913, 0.4638003781437874, 0.4635743796825409, 0.4666885510087013, 0.46479421854019165, 0.46294456720352173, 0.4672960937023163, 0.4576580226421356, 0.4624464735388756, 0.46620507538318634, 0.46260812878608704, 0.4641362130641937, 0.45775675028562546, 0.4613654091954231, 0.4567337781190872, 0.4614303559064865, 0.45790722966194153, 0.4572359248995781, 0.4538349583745003, 0.45765917003154755, 0.4556271359324455, 0.4534849375486374, 0.4559463709592819, 0.4533628895878792, 0.453721359372139, 0.4543175846338272, 0.45497172325849533, 0.4501219838857651, 0.44802869856357574, 0.4501497447490692, 0.44577908515930176, 0.4496738165616989, 0.45036498457193375, 0.45377881079912186, 0.4451489970088005, 0.44956421852111816, 0.44299088418483734, 0.4454163908958435, 0.4480733573436737, 0.44636253267526627, 0.4451698437333107, 0.44516371935606003, 0.4455353170633316, 0.4435271695256233, 0.4435432702302933, 0.4417493939399719, 0.44121166318655014, 0.4453769773244858, 0.44692543894052505, 0.4403390660881996, 0.4395620673894882, 0.44104626774787903, 0.4416683316230774, 0.4419954717159271, 0.4434354677796364, 0.4440422058105469, 0.4437279850244522, 0.44210410863161087, 0.4354197457432747, 0.4377160891890526, 0.4442709907889366, 0.4383073225617409, 0.43645690381526947, 0.4422975704073906, 0.4402359649538994, 0.4385809451341629, 0.44159770011901855, 0.4354064017534256, 0.4404435157775879, 0.4391402304172516, 0.44252102077007294, 0.44392095506191254, 0.43749941885471344, 0.44790972769260406, 0.4402792975306511, 0.43792375177145004, 0.4337932616472244, 0.4424832910299301, 0.44194433093070984, 0.43505918979644775, 0.4368050992488861, 0.4366990551352501, 0.43766268342733383, 0.4370011240243912, 0.4399009197950363, 0.4346412494778633, 0.43711240589618683]}