{"best_val": 0.42269630323756824, "train_loss": [0.6771845373452878, 0.6530722519930672, 0.6194981056101182, 0.595599796257767, 0.5853066269089194, 0.5766617661597682, 0.565899650255839, 0.5536226115974725, 0.5373844790692422, 0.5210002099766451, 0.5004268761943368, 0.4818265777008206, 0.4655105226180133, 0.45562224060881373, 0.44881704624961405, 0.44453849336680246, 0.4437713453582689, 0.44006333690063626, 0.43892672424222906, 0.4374286415530186, 0.4376131161755207, 0.4359353950210646, 0.43556566039721173, 0.43423740419687007, 0.43387220420089423, 0.43230794691572, 0.4308963698499343, 0.43204376101493835, 0.4305712335249957, 0.430255453376209, 0.43015001977191253, 0.42937083045641583, 0.42866386385524974, 0.4282151536614287, 0.42850205769725874, 0.42784171419985156, 0.4260784282403834, 0.4252770443757375, 0.42537567720693703, 0.42583687515819774, 0.4258349999493244, 0.42507965366045636, 0.42509181125491274, 0.4232751563483593, 0.4240226529392542, 0.4237254186003816, 0.4228841247511845, 0.4214383457221237, 0.4214296568842495, 0.420683623528948, 0.4205321488427181, 0.4202037757518245, 0.42039521301493926, 0.4195661007189283, 0.4193384068853715, 0.4181436615831712, 0.4181024706831165, 0.4180161596513262, 0.41821741122825473, 0.4169500224730548, 0.41654251954134774, 0.4169707993666331, 0.4159442338288999, 0.41546517143062517, 0.41585120792482416, 0.41519512615951837, 0.4145594356106777, 0.41483041644096375, 0.41465403285681035, 0.41450973351796466, 0.41407232424792123], "val_loss": [0.6654174056920138, 0.6352386420423334, 0.599006631157615, 0.5837726430459456, 0.575165407224135, 0.565272797237743, 0.5534506033767354, 0.5394906997680664, 0.5226364189928229, 0.50470186363567, 0.4851408871737393, 0.4661147919568149, 0.4529931138862263, 0.44659034501422534, 0.44093411889943207, 0.4380525621500882, 0.43522144718603656, 0.43549154563383624, 0.4356453310359608, 0.43391484834931116, 0.4330426210706884, 0.4318427714434537, 0.43170683221383527, 0.4327269738370722, 0.4313430542295629, 0.43036703088066797, 0.4304292716763236, 0.4301403083584525, 0.43202482841231604, 0.4301942370154641, 0.4272122924978083, 0.42894496430050244, 0.42888895489952783, 0.4271064346486872, 0.4290844364599748, 0.42655734853311017, 0.42538037625226105, 0.4253030771558935, 0.42764965241605585, 0.4266571050340479, 0.42505614865909924, 0.42486074566841125, 0.4264364784414118, 0.42461257631128485, 0.425707990472967, 0.4254213192246177, 0.42425609718669544, 0.42473821206526324, 0.4269154559482228, 0.4251162816177715, 0.42441958459940826, 0.4247215525670485, 0.4257264191454107, 0.4246975698254325, 0.4239368357441642, 0.42570597475225275, 0.4248265136371959, 0.4252010936086828, 0.4242727810686285, 0.4242638918486508, 0.42269630323756824, 0.4231246140870181, 0.4261491976001046, 0.4242540326985446, 0.4252919744361531, 0.4249112226746299, 0.42570341446182947, 0.4247373396700079, 0.42336747321215545, 0.4237547056241469, 0.4241310412233526]}