{"best_val": 0.4193753816864707, "train_loss": [0.6789764411309186, 0.617318169743407, 0.5876981750422833, 0.5633698883009892, 0.5315193972166847, 0.5001880713537628, 0.476175083249223, 0.46415627587075325, 0.4591469419937508, 0.45688433915961024, 0.45421532205506865, 0.4518041943802553, 0.45247282526072335, 0.4494316168859893, 0.449613809001212, 0.4487214848106983, 0.44638248752145204, 0.44606368915707456, 0.4435798426469167, 0.4431208033187717, 0.44172417416292076, 0.439991281897414, 0.43844643410514383, 0.4376199116893843, 0.4368503783263412, 0.4351952075958252, 0.4329739090274362, 0.43323136603131013, 0.4305961809906305, 0.42870454986890155, 0.429186903962902, 0.4268906157390744, 0.424182219248192, 0.42252063575912924, 0.4234206851790933, 0.420052671549367, 0.4184797721750596, 0.41628511162365184, 0.4152197399560143, 0.411891451068953, 0.4122190937107685, 0.4100370897966273, 0.4086078411223842, 0.40697212020556134, 0.40516992117844375, 0.4028587130939259, 0.40220654595131966, 0.4001830535776475, 0.398696210454492, 0.39793575745002896, 0.39525866683791666, 0.3940667060076022, 0.3923352828212813, 0.392584749880959, 0.3897966520459044, 0.38877172914205815, 0.38870124314345567, 0.3845367250489254, 0.38303642237887664, 0.3812909710641001, 0.3805711584932664, 0.38022200500263886, 0.377861397523506, 0.37458904817992567, 0.37486981059990676, 0.3721516868647407, 0.3708565766904868, 0.3711669632032806, 0.3684379581142874, 0.3667042635235132, 0.3646587396369261, 0.3656506713698892, 0.3626313776362176, 0.36111097768241285, 0.3591277593491124, 0.35736798889496746, 0.3569079216788797, 0.3554265867261326, 0.3549921711285909, 0.35251229709269954, 0.35128942891663195, 0.34886571122150795, 0.3491892604266896, 0.34759676456451416, 0.34541702095200033, 0.34500842000923904, 0.34253835853408365, 0.34121497705870985, 0.3398182427181917, 0.33923953946898966, 0.338669528855997, 0.33548859170838896, 0.33373649681315704, 0.3327109030648774, 0.3321436970841651, 0.33178949297643173, 0.330625489061954, 0.32879362854303096, 0.3264966899273442], "val_loss": [0.6460267305374146, 0.5953595692461188, 0.5721909945661371, 0.5433164591139014, 0.507887211712924, 0.4792838286269795, 0.4628315026109869, 0.45631508935581555, 0.45032004605640064, 0.45086773146282544, 0.448951545086774, 0.4498124501921914, 0.4497368904677304, 0.4472180577841672, 0.44872084530917083, 0.44768264618786896, 0.4470822729847648, 0.44821587204933167, 0.4453354992649772, 0.44677117466926575, 0.44598439877683466, 0.44492925026200036, 0.4438634677366777, 0.4445094520395452, 0.4406064288182692, 0.44211083379658783, 0.44420956752517005, 0.44461471384221857, 0.44098736210302875, 0.444398896260695, 0.4383543106642636, 0.44293124838308856, 0.44042909145355225, 0.43824805183844134, 0.43876666643402795, 0.4440746090628884, 0.43772750280120154, 0.43918668681924994, 0.43764256889169867, 0.43754339489069854, 0.43554337187246844, 0.4367024979808114, 0.43713789636438544, 0.4397884932431308, 0.43399433114311914, 0.4347340870987285, 0.43237914822318335, 0.4328544383699244, 0.4314357746731151, 0.4310297207398848, 0.432445764541626, 0.42811959981918335, 0.4326653317971663, 0.43135765194892883, 0.43457169424403796, 0.4358444809913635, 0.43071148612282495, 0.4318558167327534, 0.42695473811843176, 0.4262494607405229, 0.4295751750469208, 0.42899622971361334, 0.4260888804088939, 0.4310284609144384, 0.4272195967760953, 0.4259807494553653, 0.4248124198480086, 0.4240285781296817, 0.4229569299654527, 0.42369386282834137, 0.42513412779027765, 0.4246896965937181, 0.4266819953918457, 0.42401360923593695, 0.42566478523341095, 0.42305584116415546, 0.4234355769374154, 0.4231525957584381, 0.4221166887066581, 0.4248249666257338, 0.4255060147155415, 0.4202693890441548, 0.4220590022477237, 0.42058444835922937, 0.4254559739069505, 0.42206964980472217, 0.42328469861637463, 0.4248889440839941, 0.4193753816864707, 0.4204621342095462, 0.4225146228616888, 0.42318322170864453, 0.419601090929725, 0.4221641014922749, 0.4261152825572274, 0.42000792785124347, 0.41944263740019366, 0.42439213395118713, 0.42126044631004333]}