{"best_val": 0.43216369639743457, "train_loss": [0.6834357778231303, 0.6031996981770384, 0.5527701079845428, 0.5079658983969221, 0.4784949474474963, 0.4621671999202055, 0.45669172967181487, 0.45128482404877157, 0.44893889508995355, 0.4484497150954078, 0.445750867619234, 0.44521462216096763, 0.44265463831377966, 0.44027357826045915, 0.43873098434186447, 0.4377334433443406, 0.43615470213048596, 0.43392321058348116, 0.4331623304123972, 0.431115553075192, 0.42971210736854404, 0.42792941600668666, 0.42554617512459847, 0.4246298203281328, 0.42350737487568574, 0.4223187746954899, 0.4205604996166977, 0.41934839241644917, 0.4165712045688255, 0.4159150690424676, 0.41315024156196445, 0.41300581541715886, 0.4109994173049927, 0.40949585566333696, 0.40766741481481816, 0.40570561558592555, 0.40334036245065574, 0.4023709525080288, 0.4007701096581478, 0.3980322392547832, 0.3970713977720223, 0.39533984485794516, 0.3938182399553411, 0.392375681330176, 0.3895563342991997, 0.38853564274077323, 0.38740382475011487, 0.38701022314090355, 0.3845698973711799, 0.38217656694206537, 0.3809752195489173, 0.37943587116166655, 0.37804033651071434, 0.3757413801024942, 0.37474113118414787, 0.3720879291786867, 0.37124812018637565, 0.37228991178905263, 0.3679654796918233, 0.3674925010578305, 0.36580660296421424, 0.36440323205555186, 0.3626561351850921, 0.3593504510673822, 0.3590419391791026, 0.35666438469699785, 0.3550003083313213, 0.3544714275528403, 0.3525375425815582, 0.35254015817361717, 0.34997265420708, 0.34854479163300756, 0.3478185210157843, 0.347109373293671, 0.34431639722749297, 0.3434278807219337, 0.34094539635321675, 0.34139113157403234, 0.34008674586520476, 0.3374901969058841, 0.33718933252727284, 0.3354549846228431, 0.3337446118102354, 0.3326959139576145, 0.33078807475520117], "val_loss": [0.640675116669048, 0.5770126310261813, 0.531971581957557, 0.4933215162970803, 0.4710676074028015, 0.4588508605957031, 0.4531745422970165, 0.4508902511813424, 0.44941202889789233, 0.45119876211339777, 0.4485820531845093, 0.4461303840983998, 0.4480274969881231, 0.44433476708152075, 0.44925327734513715, 0.445743972604925, 0.4441237070343711, 0.44492542201822455, 0.4444192918864163, 0.44610529054294934, 0.44385040077296173, 0.4451744637706063, 0.44686041095040063, 0.4431900517507033, 0.4458731710910797, 0.44570892778309906, 0.4425566819581119, 0.44236490401354706, 0.44369656389409845, 0.44482314586639404, 0.44227637215094134, 0.4425170123577118, 0.44088309461420233, 0.44230182604356244, 0.44059783491221344, 0.43911710381507874, 0.4408115880055861, 0.44128602201288397, 0.4374642859805714, 0.439059008251537, 0.4385801987214522, 0.4379800964485515, 0.43743404475125397, 0.43759739128026093, 0.43938934803009033, 0.436365699226206, 0.44050875306129456, 0.4389605765992945, 0.43951514634219085, 0.43809817866845563, 0.43872260505502875, 0.4386903562329032, 0.4360167627984827, 0.4378113123503598, 0.43634379451925104, 0.43665541302074085, 0.43498712507161225, 0.4361896379427476, 0.43433011932806537, 0.4349215870553797, 0.4325239197774367, 0.43693491274660284, 0.4360553595152768, 0.4350188076496124, 0.4322537996552207, 0.43711354515769263, 0.4328492690216411, 0.4358526495369998, 0.43344500389966095, 0.43385306813500146, 0.43382618914950977, 0.4382872689854015, 0.4380782761357047, 0.43760789795355365, 0.43216369639743457, 0.43373544920574536, 0.4329468174414201, 0.4362834529443221, 0.43406245383349334, 0.436120789159428, 0.4357004003091292, 0.43610988421873614, 0.43716035376895557, 0.43707700209184125, 0.43752712553197687]}