{"best_val": 0.48573265224695206, "train_loss": [0.6372139553229014, 0.5678438627057605, 0.5299118508895239, 0.5098557157648934, 0.5041035529639986, 0.497450311978658, 0.49685708350605434, 0.48974590996901196, 0.4895218875673082, 0.48826611207591164, 0.48548902240064407, 0.4832359833849801, 0.47947345342901015, 0.4837211287683911, 0.48017043040858376, 0.48056525488694507, 0.4779779530233807, 0.4776826451222102, 0.4797998070716858, 0.47557684613598716, 0.47619685696230996, 0.4754636734724045, 0.47555989027023315, 0.4714493188593123, 0.4741807778676351, 0.4716404212845696, 0.47064197560151416, 0.4756041881110933, 0.473058776723014, 0.47340482142236495, 0.4691083100106981, 0.46910613775253296, 0.4695659892426597, 0.4700634595420625, 0.471336488922437, 0.4713471449083752, 0.4719878567589654, 0.46762655840979683, 0.46848255064752364], "val_loss": [0.6054356694221497, 0.5584758818149567, 0.5342431291937828, 0.5355287119746208, 0.5259827822446823, 0.5326380878686905, 0.5232942774891853, 0.5156144201755524, 0.5103761702775955, 0.5123353004455566, 0.508168064057827, 0.505443662405014, 0.5024818256497383, 0.5028510019183159, 0.49969877302646637, 0.5000604093074799, 0.4925956428050995, 0.4936133697628975, 0.4878281205892563, 0.4927724301815033, 0.49325796216726303, 0.49347832798957825, 0.49368977546691895, 0.49487879127264023, 0.49364717304706573, 0.494318850338459, 0.49364254623651505, 0.4925399199128151, 0.48573265224695206, 0.48957398533821106, 0.4914635270833969, 0.4926678091287613, 0.49191104620695114, 0.49183443933725357, 0.4903925657272339, 0.4888104870915413, 0.4940076768398285, 0.4870045930147171, 0.48698586970567703]}