{"best_val": 0.4726685509085655, "train_loss": [0.6629679567284055, 0.6519667075739967, 0.6417507496145036, 0.6306294931305779, 0.6185786856545342, 0.6049187746312883, 0.590780410501692, 0.577329652176963, 0.5622984932528602, 0.5515087280008528, 0.5447466439670987, 0.5349135663774278, 0.5262954185406367, 0.5216878636015786, 0.5166220582193799, 0.5108340150780148, 0.5100226865874397, 0.507901550994979, 0.5025832653045654, 0.4974176353878445, 0.4996745338042577, 0.49609114560816026, 0.4954094770881865, 0.49643169343471527, 0.49494020806418526, 0.4903508755895827, 0.4877111580636766, 0.48561383452680373, 0.48877453141742283, 0.48745833502875435, 0.4837636550267537, 0.48455143802695805, 0.48032286597622764, 0.48361866507265305, 0.48041638400819564, 0.4775140666299396, 0.47868112557464176, 0.4798022160927455, 0.4781746417284012, 0.4769922014739778, 0.4749772482448154, 0.4747467190027237, 0.4727350225051244, 0.4697689513365428, 0.4702999277247323, 0.4677117168903351, 0.4689059936338001, 0.4713687151670456, 0.4669819424549739, 0.46874334745936924, 0.4680820140573714, 0.4696234166622162, 0.4652266734176212, 0.4640732424126731, 0.46382256514496273, 0.46641295154889423, 0.46507373948891956, 0.46400728821754456, 0.4675123973025216, 0.46521427896287704, 0.46287454664707184, 0.4625469744205475, 0.4624725017282698, 0.46422041787041557, 0.46296805640061695, 0.4654380331436793], "val_loss": [0.6571958661079407, 0.6468483656644821, 0.6363652050495148, 0.6240445673465729, 0.6106184273958206, 0.5962168574333191, 0.5839744657278061, 0.5650961101055145, 0.5543886721134186, 0.5446510910987854, 0.5349155217409134, 0.5271118879318237, 0.5212607979774475, 0.5163973346352577, 0.5180615484714508, 0.5116715431213379, 0.5074023529887199, 0.5033297836780548, 0.5065347775816917, 0.5073311552405357, 0.5067905336618423, 0.5019140467047691, 0.4955543875694275, 0.5023529455065727, 0.500982016324997, 0.500681072473526, 0.49517424404621124, 0.49826502799987793, 0.4962984547019005, 0.49739329516887665, 0.49682004004716873, 0.49121910333633423, 0.49055006355047226, 0.4969710409641266, 0.4939097911119461, 0.4959061071276665, 0.49368681013584137, 0.48965194821357727, 0.4986540749669075, 0.4926694333553314, 0.4925020709633827, 0.49199550598859787, 0.48376309126615524, 0.49260931462049484, 0.4873642846941948, 0.4924691468477249, 0.4854668527841568, 0.4823697507381439, 0.4809233546257019, 0.48220136016607285, 0.4831102639436722, 0.4837382882833481, 0.47777073830366135, 0.4807138964533806, 0.4804147928953171, 0.4726685509085655, 0.48217836767435074, 0.4759519621729851, 0.47711843252182007, 0.4784759506583214, 0.48400381952524185, 0.47492852061986923, 0.4765368849039078, 0.4789581969380379, 0.4812026694417, 0.4797282814979553]}