{"best_val": 0.5122440084815025, "train_loss": [0.7102279894881778, 0.682072616285748, 0.6517526871628232, 0.6208364831076728, 0.5921502146455977, 0.5697354425986608, 0.5499314980374442, 0.5403563843833076, 0.5354372958342234, 0.5288071615828408, 0.5252854261133406, 0.525168185432752, 0.5184766583972507, 0.516710051231914, 0.5154622346162796, 0.5160001615683237, 0.5116227981117036, 0.5082458340459399, 0.508293448223008, 0.5091449518998464, 0.5067481216457155, 0.5038083791732788, 0.5012454075945748, 0.5016867733663983, 0.5005133317576514, 0.5007418096065521, 0.49852081967724693, 0.5010580536392, 0.5000322726037767, 0.4997052782111698, 0.49879758225546944, 0.4981928765773773, 0.4984982990556293, 0.4961318141884274, 0.4969143337673611, 0.4983772552675671, 0.49559371504518723, 0.49716504911581677, 0.5009109477202097, 0.49767251975006527, 0.4976744254430135, 0.49548889365461135, 0.495467162794537, 0.49477452867560917, 0.4944373054636849, 0.49435991048812866, 0.4965115735928218], "val_loss": [0.6748911589384079, 0.6485465466976166, 0.6179706305265427, 0.592668205499649, 0.5693469792604446, 0.557253360748291, 0.5463396459817886, 0.5428073853254318, 0.5391929447650909, 0.5314188525080681, 0.5301831439137459, 0.527654692530632, 0.5286633148789406, 0.5306378751993179, 0.5301845893263817, 0.523070327937603, 0.5207028761506081, 0.5176931470632553, 0.5242797136306763, 0.5192635878920555, 0.5241031646728516, 0.5161125510931015, 0.5199690386652946, 0.5161805301904678, 0.5188846662640572, 0.5222766101360321, 0.5229726135730743, 0.5227345749735832, 0.5177777707576752, 0.5138968229293823, 0.5149296373128891, 0.5199111700057983, 0.5245277062058449, 0.5159830749034882, 0.5130346342921257, 0.5144767984747887, 0.5122440084815025, 0.5142657682299614, 0.5170350521802902, 0.5130889639258385, 0.5167317390441895, 0.5133887082338333, 0.5277843847870827, 0.5151837542653084, 0.5177373960614204, 0.5195300132036209, 0.5164042115211487]}