{"best_val": 0.470126748085022, "train_loss": [0.7478039654401633, 0.7109716099042159, 0.6742511426027005, 0.6325136961845251, 0.5995252418976563, 0.5789160396044071, 0.5673461464735178, 0.5520895622097529, 0.5417539735253041, 0.5247811182187154, 0.5087167379947809, 0.49687948192541415, 0.48233484476804733, 0.47357530891895294, 0.46762570394919467, 0.4649572034294789, 0.4628388755596601, 0.46027663407417446, 0.4575979256859192, 0.4554804199590133, 0.4559974538592192, 0.45720115590554017, 0.4548992428642053, 0.4575959719144381, 0.46062477219563264, 0.4539208905054973, 0.45326453561966235, 0.4532146350695537], "val_loss": [0.724390057000247, 0.6901682452722029, 0.6504639332944696, 0.6142643581737172, 0.5912908478216692, 0.5749797523021698, 0.5633485100486062, 0.5510081865570762, 0.5389657399871133, 0.5236935317516327, 0.5074054409157146, 0.4976189434528351, 0.4853109663183039, 0.4840152615850622, 0.4794955605810339, 0.47650782628492877, 0.47138674421743915, 0.470126748085022, 0.4734718609939922, 0.47093283317305823, 0.4759385125203566, 0.4713950753211975, 0.47197234901514923, 0.47205179116942664, 0.4723387821154161, 0.47046236558394, 0.4717292243784124, 0.4724804162979126]}