{"best_val": 0.467159241437912, "train_loss": [0.6553894923283503, 0.5896656410052226, 0.5538859075078597, 0.5158450769690367, 0.48497441525642687, 0.4673397013774285, 0.4579151284236174, 0.4559015236221827, 0.45163097691077453, 0.45171953852360064, 0.4494189442350314, 0.4499536489064877, 0.4470335589005397, 0.4457909602385301, 0.44653481245040894, 0.44700331871326154, 0.44700959668709683, 0.44699173879164916, 0.443611594919975, 0.44168780973324406, 0.43930634970848376, 0.4424032448576047, 0.43580825025072467, 0.4359225149338062, 0.43997427419974255], "val_loss": [0.6059130213477395, 0.5754301006143744, 0.5419234254143455, 0.5043617161837491, 0.4816382039677013, 0.47414555061947217, 0.4701135375282981, 0.46845142407850787, 0.4685125865719535, 0.46886459263888275, 0.4691621877930381, 0.4701477126641707, 0.46767463467337866, 0.4699643552303314, 0.467159241437912, 0.470169259743257, 0.4749739793213931, 0.4706190959973769, 0.4694110805338079, 0.4690271317958832, 0.47115144404498016, 0.4702862636609511, 0.4715693078257821, 0.46941165219653735, 0.47109921141104266]}