{"best_val": 0.4677698016166687, "train_loss": [0.7009250952137841, 0.6924127406544156, 0.683716336886088, 0.6744023130999671, 0.6640289823214213, 0.652767131725947, 0.6397817797131009, 0.6247225171989865, 0.6117381817764707, 0.5990144974655576, 0.5895468559530046, 0.5793524748749204, 0.572630398803287, 0.568210287226571, 0.5611156953705682, 0.5573808716403114, 0.55241459608078, 0.5479823533031676, 0.5454587108559079, 0.5443126178450055, 0.5405139939652549, 0.5402745736969842, 0.5347449564271503, 0.5337986813651191, 0.5320044640037749, 0.5295829756392373, 0.5309264759222666, 0.5298202683528265, 0.5266113562716378, 0.5236453463633856, 0.5222894615597196, 0.5226034985648261, 0.5193362848626243, 0.5185490681065453, 0.5170828567610847, 0.5145240541961458, 0.5128488391637802, 0.5125767886638641, 0.5154785282082028, 0.5104896227518717, 0.5078447692924075, 0.509445384144783, 0.5078401135073768, 0.5082896269030042, 0.5079882310496436, 0.5063088801172044, 0.5054988463719686, 0.5068670941723717, 0.5041468656725354, 0.5049328754345576, 0.5038040396240022, 0.5041235652234819, 0.505474790930748, 0.5036929829253091, 0.5031037016047372, 0.502961215045717, 0.5044777906603284], "val_loss": [0.6961647123098373, 0.6866256445646286, 0.676794707775116, 0.6658649146556854, 0.6524927616119385, 0.6384343206882477, 0.6226165741682053, 0.605579599738121, 0.5896125882863998, 0.5785744339227676, 0.5627201795578003, 0.5494548082351685, 0.5443665832281113, 0.5349077135324478, 0.525520958006382, 0.5250597223639488, 0.5181089788675308, 0.5187269672751427, 0.5098389759659767, 0.5082687959074974, 0.5077463015913963, 0.5068481788039207, 0.5046736001968384, 0.5013803690671921, 0.49919580668210983, 0.4971368536353111, 0.4946020692586899, 0.4943884387612343, 0.49288954585790634, 0.4923180341720581, 0.49774668365716934, 0.48973292112350464, 0.49218251556158066, 0.4884461462497711, 0.4817912429571152, 0.48611900955438614, 0.48399561643600464, 0.47880857437849045, 0.47820354998111725, 0.47878188639879227, 0.4786869287490845, 0.4786923825740814, 0.471212662756443, 0.47970492392778397, 0.4748445376753807, 0.4747328907251358, 0.4677698016166687, 0.4697953313589096, 0.4735967218875885, 0.47689399123191833, 0.47247450053691864, 0.47409380972385406, 0.4780403971672058, 0.47360362857580185, 0.47820013016462326, 0.4696107357740402, 0.4789973348379135]}