{"best_val": 0.4851442202925682, "train_loss": [0.6648221181498634, 0.6399206452899509, 0.6073262062337663, 0.5625561260514789, 0.5351896120442284, 0.519230455160141, 0.5075944132275052, 0.4992332872417238, 0.49315119948652053, 0.4903328948550754, 0.4841418382194307, 0.47940293285581803, 0.476807854241795, 0.4763809773657057, 0.47284789548979866, 0.47087156607045066, 0.46632912423875594, 0.46644988159338635, 0.4645078115993076, 0.46181751787662506, 0.46228732499811387, 0.46422833535406327, 0.4600420710113313, 0.46272502342859906, 0.4587675929069519, 0.46043117841084796, 0.4580195794502894, 0.4560524606042438, 0.45989514225059086, 0.45914817684226567, 0.45543312033017475, 0.45784283181031543, 0.4576554083161884], "val_loss": [0.6535338908433914, 0.6292214691638947, 0.5947527587413788, 0.5549185276031494, 0.5364589616656303, 0.528351791203022, 0.5299062281847, 0.521914578974247, 0.5180508643388748, 0.5229290351271629, 0.5134049355983734, 0.5136589258909225, 0.5113634467124939, 0.4948527216911316, 0.5043323561549187, 0.50145123898983, 0.4972435534000397, 0.4931892603635788, 0.49295012652873993, 0.49330729246139526, 0.49941007792949677, 0.49647674709558487, 0.4851442202925682, 0.4910038411617279, 0.4963396191596985, 0.4853364899754524, 0.4903828427195549, 0.49046823382377625, 0.4857771173119545, 0.4887792766094208, 0.4939511641860008, 0.48633477091789246, 0.4926241710782051]}