{"best_val": 0.5073028281331062, "train_loss": [0.7767966422769759, 0.7670902378029294, 0.7585152619414859, 0.7506115800804563, 0.7428255014949374, 0.7349509596824646, 0.7273187836011251, 0.7189293371306525, 0.7096746431456672, 0.6995636853906844, 0.6892631186379327, 0.678073568476571, 0.6645507216453552, 0.651467051770952, 0.6365075177616544, 0.6231854789786868, 0.6090322534243265, 0.5955720908111997, 0.584455817937851, 0.5730525321430631, 0.5643740660614438, 0.557296848959393, 0.5501884801520242, 0.5463240726126565, 0.5387989150153266, 0.5331816375255585, 0.5294898516601987, 0.5258902609348297, 0.5256931301620271, 0.5210022115045123, 0.5166730533043543, 0.5113812916808658, 0.5117291924026277, 0.5100914819373025, 0.5039466073115667, 0.5025037974119186, 0.5022800647550159, 0.49983342323038316, 0.5007910480101904, 0.49739954703383976, 0.49791941708988613, 0.4928515785270267, 0.4929518053929011, 0.49126702712641823, 0.48967829677793717, 0.4874209579494264, 0.4899489763710234, 0.48888105485174393, 0.4869507352511088, 0.48626067572169834, 0.4826929701699151, 0.4822508692741394, 0.47981414364443886, 0.4815720087952084, 0.4800157563553916, 0.48240809473726487, 0.4822445975409614, 0.47763914035426247, 0.47845394247108036, 0.48003678851657444, 0.4751701205968857, 0.4740748488240772, 0.47741656998793286, 0.47431715163919663, 0.4716675496763653, 0.46959412429067826, 0.4724431402153439, 0.46877527236938477, 0.4698718521330092, 0.4706486629115211, 0.46809156404601204, 0.46532897816763985, 0.46765605608622235, 0.4661718060572942, 0.4664433201154073, 0.4667426331175698, 0.46456338961919147, 0.46576009690761566, 0.46507762869199115, 0.4643053793244892, 0.46189820766448975, 0.46200020280149245, 0.4629220614830653, 0.4629623509115643, 0.4609169281191296, 0.4604036874241299, 0.46012982726097107, 0.4595652123292287, 0.46118593712647754, 0.46126464671558803, 0.45977485179901123, 0.46287407477696735, 0.46142340037557816, 0.45935843388239544, 0.45605528354644775, 0.4600679576396942, 0.4566648436917199, 0.4579618242051866, 0.4583466665612327, 0.4600056807200114, 0.4567056844631831, 0.45682831439707017, 0.4574289156330956, 0.4564012736082077, 0.45936287773980033], "val_loss": [0.762446254491806, 0.755721777677536, 0.7479970902204514, 0.7409300804138184, 0.7341680526733398, 0.7276282012462616, 0.7202731817960739, 0.712486982345581, 0.7041042894124985, 0.6950284391641617, 0.6857821196317673, 0.6747825145721436, 0.6628494113683701, 0.650558665394783, 0.6376451402902603, 0.6270938813686371, 0.6164958775043488, 0.6033054441213608, 0.5985967069864273, 0.5894883275032043, 0.5828809589147568, 0.5741238743066788, 0.5732364356517792, 0.5644824057817459, 0.5687037408351898, 0.5651194676756859, 0.559821367263794, 0.5594744980335236, 0.5547745078802109, 0.5538472235202789, 0.5512336790561676, 0.5542998015880585, 0.5460424870252609, 0.5468234196305275, 0.5438928008079529, 0.5425184741616249, 0.5367034003138542, 0.540046751499176, 0.5358535125851631, 0.541578583419323, 0.537644162774086, 0.5362978503108025, 0.5403347909450531, 0.5345801115036011, 0.5366218164563179, 0.5348957031965256, 0.5418231040239334, 0.5421857759356499, 0.539005309343338, 0.5307082310318947, 0.5308862999081612, 0.5290378257632256, 0.5270572304725647, 0.5296001434326172, 0.5326234772801399, 0.521424189209938, 0.5291327983140945, 0.5275812819600105, 0.5231174379587173, 0.5283698737621307, 0.5192960724234581, 0.5221745446324348, 0.5155431628227234, 0.5218378752470016, 0.5158539488911629, 0.5203848779201508, 0.5223391205072403, 0.5176422894001007, 0.5226637497544289, 0.5190792679786682, 0.5247914046049118, 0.5181251391768456, 0.5138483420014381, 0.5205191746354103, 0.5177036672830582, 0.5264071375131607, 0.5141244754195213, 0.5138149186968803, 0.5168276578187943, 0.5136764571070671, 0.5143745020031929, 0.5175386592745781, 0.5124963372945786, 0.5129536092281342, 0.5147001594305038, 0.5139928534626961, 0.5102319195866585, 0.513056106865406, 0.5206783711910248, 0.5143076553940773, 0.5157814174890518, 0.5147303938865662, 0.5124050974845886, 0.5131949931383133, 0.5073028281331062, 0.510570265352726, 0.5117442682385445, 0.5148415118455887, 0.511412002146244, 0.5082320421934128, 0.5130619332194328, 0.5120228826999664, 0.5087822303175926, 0.5084668397903442, 0.5083491802215576]}