{"best_val": 0.5245962738990784, "train_loss": [0.7459075649579366, 0.6940262185202705, 0.6475169029500749, 0.6153613825639089, 0.5926590065161387, 0.5733852816952599, 0.558029486073388, 0.5485015445285373, 0.5357948309845395, 0.5288048071993722, 0.518386733200815, 0.5140344881349139, 0.5091031905677583, 0.5061069346136517, 0.5024837636285358, 0.5024445321824815, 0.4965320544110404, 0.49410827954610187, 0.4882349918286006, 0.48730122049649555, 0.48501430120733047, 0.48401084707842934, 0.4806438303656048, 0.4823506424824397, 0.4780431373251809, 0.47712206343809765, 0.4741239878866408, 0.4719802869690789, 0.4737902631362279, 0.4734211580620872, 0.4703809635506736, 0.4699268837769826, 0.4691709942287869, 0.4703297217686971, 0.4692293306191762, 0.46948669850826263, 0.4672608955038918, 0.4695879105064604, 0.46622227629025775], "val_loss": [0.6747554540634155, 0.6369669288396835, 0.6051251292228699, 0.5894390046596527, 0.5803063362836838, 0.5743701606988907, 0.5684042870998383, 0.5597034245729446, 0.5543106496334076, 0.5532684847712517, 0.5574557781219482, 0.5497356578707695, 0.5567269176244736, 0.5471149682998657, 0.5502062514424324, 0.5452581346035004, 0.5409941375255585, 0.5442702397704124, 0.539728432893753, 0.5359799414873123, 0.540536493062973, 0.5297196507453918, 0.5332941710948944, 0.5315788388252258, 0.5281956270337105, 0.5365012586116791, 0.5319675728678703, 0.5283977016806602, 0.5245962738990784, 0.5301925465464592, 0.5257410258054733, 0.53692926466465, 0.5349235609173775, 0.5275816693902016, 0.5322795957326889, 0.531864270567894, 0.5351661816239357, 0.5388476848602295, 0.5330388993024826]}