{"best_val": 0.48108431696891785, "train_loss": [0.6755665507581499, 0.5980014436774783, 0.5402277062336603, 0.5156208640999265, 0.5020229071378708, 0.502887926167912, 0.49681870970461106, 0.49159817232025993, 0.48909717467096114, 0.4864385492271847, 0.48354049523671466, 0.48109998802344006, 0.47910812000433606, 0.4778997285498513, 0.47833680113156635, 0.4760328382253647, 0.4775005198187298, 0.4795916924873988, 0.4749917752212948, 0.476977633105384, 0.473975775970353, 0.4736581924888823, 0.4721539732482698, 0.4725571589337455, 0.4740264349513584, 0.4716458883550432, 0.47003018524911666, 0.47173918618096244, 0.46903765863842434, 0.47438159253862167, 0.46939988599883187, 0.4659661203622818, 0.4698520070976681, 0.46921659840477836, 0.46976400580671096, 0.46563145187166, 0.46860677500565845, 0.4695315857728322, 0.4649483296606276, 0.4661971529324849], "val_loss": [0.6344369649887085, 0.5705229043960571, 0.5379782915115356, 0.5357901304960251, 0.5301488190889359, 0.5239300355315208, 0.5205077975988388, 0.523131974041462, 0.5151524469256401, 0.5151204839348793, 0.5053026303648949, 0.5084951892495155, 0.5030550733208656, 0.5025964453816414, 0.4968750327825546, 0.5050160139799118, 0.501790963113308, 0.5023792311549187, 0.49741842597723007, 0.4991213455796242, 0.5035290643572807, 0.5007820874452591, 0.4933752119541168, 0.48689011484384537, 0.4945954978466034, 0.4915360063314438, 0.4903484135866165, 0.49185602366924286, 0.4945009872317314, 0.48108431696891785, 0.4922671392560005, 0.4940089210867882, 0.4888778477907181, 0.4896140620112419, 0.49269890040159225, 0.48603659868240356, 0.49036380648612976, 0.49607115238904953, 0.4914124682545662, 0.4968976005911827]}