{"best_val": 0.4471281658519398, "train_loss": [0.7281363699950424, 0.6742047655816171, 0.6289233565330505, 0.6090071259760389, 0.5988797592181786, 0.5904424003526276, 0.5835523178764418, 0.5775115145187751, 0.5675044328558678, 0.5580027413134482, 0.5448659652588415, 0.5321493721475788, 0.5179499253338459, 0.502572185268589, 0.491380559463127, 0.4815785721236584, 0.47493990729836855, 0.47028786060856836, 0.46610049757302974, 0.4646336892071892, 0.46326691496605965, 0.46158980563575147, 0.4604169323163874, 0.4606877267360687, 0.4588109178870332, 0.45782337118597594, 0.4567254290861242, 0.45744167239058253, 0.4563793049139135, 0.4558663040983911, 0.4564213472254136, 0.45469146031959384, 0.4560234172671449, 0.4552775475324369, 0.45510338334476247, 0.4538037362051945, 0.45360459065904807, 0.45468991877985937, 0.45285134923224357, 0.45160747684684455, 0.4522898834125668, 0.4528330336598789, 0.45072611056122125, 0.4518419808032466, 0.4511493549627416, 0.4508189652480331, 0.4519307373785505, 0.4499035004307242, 0.45033080846655604], "val_loss": [0.6884806481274691, 0.6427757902578874, 0.6132833524183794, 0.6008451797745444, 0.5946324088356711, 0.5890561179681257, 0.5823003053665161, 0.5761427174914967, 0.5671272006901827, 0.5535839741880243, 0.5387850268320604, 0.5238740769299594, 0.5078556429256093, 0.4907641356641596, 0.47898416085676715, 0.471002995967865, 0.46339682286435907, 0.45994207804853265, 0.45669866691936145, 0.45558832721276715, 0.45417183908549225, 0.4506976902484894, 0.451541849158027, 0.4509700184518641, 0.4510107771916823, 0.45086863095110113, 0.4506791965527968, 0.45035495541312476, 0.44953124902465125, 0.4489736557006836, 0.4491005919196389, 0.44992400299419055, 0.44954759695313196, 0.4492295438593084, 0.4484419199553403, 0.4480482339859009, 0.45043981075286865, 0.4477603543888439, 0.4471281658519398, 0.4481590525670485, 0.4483794705434279, 0.448530069806359, 0.4479061798615889, 0.44783625548536127, 0.44751683148470794, 0.44751517339186236, 0.4486233023079959, 0.4481184726411646, 0.44808949394659564]}