{"best_val": 0.44842070882970636, "train_loss": [0.674794523154988, 0.6424615266276341, 0.6090871843637204, 0.5901591286939734, 0.5766788165943295, 0.560953718774459, 0.5454393829785141, 0.527463505081102, 0.509942931287429, 0.4983578026294708, 0.4895109534263611, 0.47903600802608565, 0.47286376941437813, 0.46790119538120195, 0.4655248096176222, 0.4638221707998538, 0.4616820379799488, 0.4598523553679971, 0.4584953761568256, 0.4588996446600147, 0.4580118644471262, 0.4565228650382921, 0.456869922432245, 0.4555679191561306, 0.4548908086384044, 0.45488740416134105, 0.4540253264062545, 0.45319033896221833, 0.45118743356536417, 0.45080726403816074, 0.45230884002704247, 0.4500571933447146, 0.44994913304553313, 0.44892415813371245, 0.4480344133049834, 0.44690671796892206, 0.4453093935461605, 0.44641123449101167, 0.44432604838820067, 0.44437000155448914, 0.44293402456769754, 0.44274306180430395, 0.4419151304983625, 0.44164962453000683, 0.4401046090266284, 0.44044120638978246, 0.43994864295510683, 0.43941451696788564, 0.4385018389598996, 0.43804354468981427, 0.4378187329161401, 0.43551618503589257, 0.4359024932571486, 0.43577409491819497, 0.4355081834045111, 0.4338325472439037, 0.4328874939796971, 0.43226545231015073, 0.4308437558950162, 0.4309699383436465, 0.4297794033499325, 0.43008698493826625, 0.42809748240545686, 0.4275987043100245, 0.42688703127935823, 0.42591572041605036, 0.4244862350763059], "val_loss": [0.6555003794756803, 0.6199688477949663, 0.596027287569913, 0.5841386643323031, 0.5719406631859866, 0.5572627078403126, 0.5423459519039501, 0.5263718664646149, 0.5124818113717166, 0.4969263699921695, 0.48644003542986786, 0.4761260151863098, 0.47227358547123993, 0.4655200351368297, 0.46576526219194586, 0.461222689260136, 0.4620811559937217, 0.4609180174090646, 0.4615527337247675, 0.4616932950236581, 0.45837668397209863, 0.45923745090311224, 0.45973409576849505, 0.4584846523675052, 0.4577847177332098, 0.45704523541710596, 0.455711847001856, 0.4562571400945837, 0.4552193040197546, 0.45680291002446954, 0.4568689357150685, 0.45535923405127093, 0.45454334399916907, 0.4545899141918529, 0.45259521495212207, 0.4537224607034163, 0.45515698194503784, 0.4542233808474107, 0.45430373874577606, 0.45550175417553296, 0.4540420824831182, 0.45456932891498913, 0.4537983645092357, 0.4524627002802762, 0.4519919509237463, 0.45059503750367597, 0.45181659676811914, 0.4530849673531272, 0.45017206126993353, 0.4507127810608257, 0.45010290904478595, 0.45080815932967444, 0.4484835321252996, 0.45583208853548224, 0.4511863480914723, 0.4493704709139737, 0.44842070882970636, 0.4493997097015381, 0.4518687968904322, 0.4504287297075445, 0.449753230268305, 0.45103446732867847, 0.4498714940114455, 0.4498822499405254, 0.4484385062347759, 0.45021244612607086, 0.4507566907189109]}