{"best_val": 0.48151788860559464, "train_loss": [0.6971783406204648, 0.6744764149188995, 0.6549262834919823, 0.6309037307898203, 0.6029181149270799, 0.5691867222388586, 0.5380832006533941, 0.5225366933478249, 0.5107411907778846, 0.5037716395325131, 0.5005006310012605, 0.49446431630187565, 0.49495120346546173, 0.4866833868953917, 0.48594075275792015, 0.4804176009363598, 0.48095441030131447, 0.4777263253927231, 0.47743334041701424, 0.47970130211777157, 0.4760948419570923, 0.47156380116939545, 0.4714996897512012, 0.47035899923907387, 0.47061936722861397, 0.4719106886121962, 0.47148433162106407, 0.47025517457061344, 0.4715633425447676, 0.47046295139524674, 0.4705733143621021, 0.4660640127129025, 0.47045572929912144, 0.46876466274261475, 0.465564853615231, 0.46699311832586926, 0.47223835521274143, 0.46673541764418286, 0.4642946471770604, 0.4633635878562927, 0.46861009299755096, 0.46568255292044747, 0.4661359472407235, 0.4657102906041675, 0.46622052292029065], "val_loss": [0.6660623550415039, 0.6484773308038712, 0.6305689960718155, 0.6059312522411346, 0.5921917259693146, 0.5749311000108719, 0.5696225613355637, 0.5492357835173607, 0.5487037822604179, 0.5309074744582176, 0.5337623953819275, 0.5241356864571571, 0.5270814448595047, 0.5171284824609756, 0.5243385136127472, 0.5179654732346535, 0.503011167049408, 0.5026021301746368, 0.5014797225594521, 0.5080791041254997, 0.5001707300543785, 0.5001654550433159, 0.49539313465356827, 0.49884340912103653, 0.4935288727283478, 0.4917578920722008, 0.489505834877491, 0.48709656298160553, 0.4942871108651161, 0.4865340441465378, 0.4912262037396431, 0.4918542727828026, 0.4887254163622856, 0.48800214380025864, 0.48151788860559464, 0.4874020516872406, 0.48944050818681717, 0.48410477489233017, 0.4940388947725296, 0.4840175732970238, 0.48799122124910355, 0.48832324892282486, 0.49031762778759, 0.4923315718770027, 0.48211563378572464]}