{"best_val": 0.410734471949664, "train_loss": [0.6760744884902355, 0.6065895732711343, 0.5716344176554212, 0.5432934907137179, 0.49993931662802604, 0.4621338131381016, 0.44679490491455676, 0.44035225639156267, 0.4370620653909795, 0.4353621204694112, 0.4319991171360016, 0.429578841901293, 0.429120588536356, 0.42805807321679357, 0.4257024018203511, 0.42218052464372974, 0.42174362435060386, 0.4210350922509736, 0.4193917232401231, 0.41740600092738284, 0.4164021470967461, 0.4141644344610326, 0.4133385659432879, 0.4113059482153724, 0.40933386309474123, 0.40833402205916014, 0.4065721257060182, 0.4055357721506381, 0.4055322870319965, 0.40209122615702014, 0.4010404985325009, 0.39962515059639425, 0.39788590868314105, 0.3954048191799837, 0.3951940700119617, 0.3936215931294011, 0.38866978942179214, 0.3893581868386736, 0.387442280848821, 0.3851040660166273, 0.3828180198575936, 0.3812157085128859, 0.3784608087118934, 0.37731373719140593, 0.37547170589951906, 0.37306324465602053, 0.37267187179303635, 0.3686198533750048, 0.36704758803049725, 0.3650430844110601, 0.3633433118754742, 0.36122119894214705, 0.35968183945207033, 0.3569575770228517, 0.35507238554019555, 0.35499945282936096, 0.3517501850922902, 0.3493442950295467, 0.3490356694833905, 0.3459869249194276, 0.3435206150307375, 0.341587319093592, 0.34004562654915976, 0.3382875375887927, 0.3341104364862629, 0.33408113905027803, 0.3297848093743418, 0.32802079004399914, 0.32855413883340123, 0.32473109078173545, 0.32511112765938627, 0.323475462548873, 0.32069596443690507, 0.3197169479201822, 0.317485359953899, 0.3151260056332046, 0.3125910189221887, 0.3109123990231869, 0.3094558113930272], "val_loss": [0.6439389532262628, 0.5789936022324995, 0.5535946109078147, 0.5198360193859447, 0.47723039984703064, 0.4595153304663571, 0.4545560126954859, 0.44942252744327893, 0.4480620568448847, 0.45117633451115, 0.4458045959472656, 0.4479839395393025, 0.44486828554760327, 0.446652352809906, 0.4428657212040641, 0.4432398460128091, 0.4419223666191101, 0.4440716667608781, 0.4416414905678142, 0.440563134171746, 0.43918253074992786, 0.43748787858269433, 0.43982323191382666, 0.43677799810062756, 0.43799811872569, 0.4358456188982183, 0.4331424723971974, 0.4363360784270547, 0.4342254020951011, 0.43411368944428186, 0.43584462187506934, 0.43761042031374847, 0.4294901354746385, 0.43219179998744617, 0.43157707290215924, 0.4298942983150482, 0.4284125701947646, 0.4263906722719019, 0.4244492622939023, 0.4239710704846816, 0.4282616810365157, 0.4246048033237457, 0.4219701344316656, 0.42211691357872705, 0.42234708775173535, 0.42350870641795074, 0.4238931509581479, 0.42200148376551544, 0.42069674080068414, 0.42341905561360443, 0.4199362749403173, 0.4170532524585724, 0.42223974520509894, 0.42017505114728754, 0.41771006313237274, 0.4178740219636397, 0.41353603384711524, 0.41559058698740875, 0.41560565612532874, 0.41518408872864465, 0.4150618612766266, 0.4109444997527383, 0.4144438423893668, 0.4157636815851385, 0.41579504717480054, 0.4163700423457406, 0.416634356433695, 0.41268053921786224, 0.410734471949664, 0.41225172714753583, 0.4133081246506084, 0.41567122665318573, 0.4187908172607422, 0.41538849202069367, 0.41495645317164337, 0.41447431120005523, 0.4124685986475511, 0.42031379450451245, 0.413127985867587]}