{"best_val": 0.4286789460615678, "train_loss": [0.6962421115706948, 0.6067907821898367, 0.5682463283632316, 0.5449422685539022, 0.5123262861195732, 0.47195443043521806, 0.4416210405966815, 0.42672108026111827, 0.4225682861664716, 0.41746872079138664, 0.41541411654621946, 0.41408904919437334, 0.4122615561765783, 0.41082730538704815, 0.40846696554445755, 0.406938748032439, 0.4065258672424391, 0.4032162983043521, 0.40114400316687193, 0.40186012141844807, 0.3997425279196571, 0.3972236046604082, 0.3954828515941021, 0.39562296808934677, 0.39456255529441087, 0.3928155051726921, 0.3905666154973647, 0.3884710897417629, 0.3875623286939135, 0.38648171985850616, 0.38553835422384974, 0.38181571107284695, 0.3828652395921595, 0.38012835324979294, 0.3791847462747611, 0.3764653907102697, 0.3751237912505281, 0.3732668739907882, 0.37173105454912375, 0.36880561650968063, 0.3691677395619598, 0.36558062130329655, 0.3657545827183069], "val_loss": [0.6592834266749296, 0.6013979153199629, 0.578531102700667, 0.5546932735226371, 0.5155022442340851, 0.4787320223721591, 0.45434050126509234, 0.4450546286322854, 0.444061739878221, 0.44143219698559155, 0.4401465112512762, 0.4387135993350636, 0.43740292570807715, 0.437764511867003, 0.43600790338082746, 0.43542336333881726, 0.4381710643118078, 0.4320999654856595, 0.43301326307383453, 0.4346680830825459, 0.4324301697991111, 0.4334441775625402, 0.4334601272236217, 0.4348246834494851, 0.4337687383998524, 0.4310789406299591, 0.4333482059565457, 0.4350277456370267, 0.43386381322687323, 0.4302777810530229, 0.4313950403170152, 0.43009063601493835, 0.4286789460615678, 0.43165144324302673, 0.43307025866074994, 0.43077527663924475, 0.43098069591955707, 0.4290665361014279, 0.43025612560185517, 0.4340891214934262, 0.4312440915541215, 0.43388228795745154, 0.4306798658587716]}