{"best_val": 0.49871450662612915, "train_loss": [0.6928593814373016, 0.6757283906141917, 0.6602522101667192, 0.6446240113841163, 0.6297109855545892, 0.6140334539943271, 0.5966708064079285, 0.5825369755427042, 0.5678733322355483, 0.554415707786878, 0.5507044858402677, 0.5446990744935142, 0.5417410284280777, 0.5374582807223002, 0.5335925469795862, 0.529988126622306, 0.5286113255553775, 0.5226462350951301, 0.5229977054728402, 0.518458710776435, 0.5153645343250699, 0.5133988426791297, 0.5134685503111945, 0.5109815531306796, 0.5103695491949717, 0.5072321577204598, 0.5098773257599937, 0.5075277123186324, 0.5083771265215344, 0.5109785033596886, 0.5066877951224645, 0.5039877742528915, 0.504071530368593, 0.504504981968138, 0.5012539774179459, 0.5008168054951562, 0.5013486958212323, 0.5043575912714005, 0.49957551724380916, 0.500967992676629, 0.49775497118632, 0.49924764533837634, 0.49794383181465995, 0.49649641414483386, 0.4982500473658244, 0.497339579794142, 0.4954037798775567, 0.4943145662546158, 0.49588648312621647, 0.4940654933452606, 0.4942188610633214, 0.49226445456345874, 0.494478444258372, 0.49612924125459457, 0.4925762299034331, 0.4951096359226439, 0.4916834036509196, 0.4926796025700039, 0.491985011431906, 0.49319099883238476, 0.49004117647806805, 0.4892582694689433, 0.48983805543846554, 0.48988400730821824, 0.48954901264773476, 0.49223339392079246], "val_loss": [0.6850221306085587, 0.6704369336366653, 0.6566341817378998, 0.6423367857933044, 0.6279473006725311, 0.6124609112739563, 0.5998503565788269, 0.5830316692590714, 0.5785197019577026, 0.5723958164453506, 0.5649870336055756, 0.5638843029737473, 0.5564253926277161, 0.5519318580627441, 0.5516295805573463, 0.5427067130804062, 0.5383972078561783, 0.5366515964269638, 0.529550813138485, 0.5254849344491959, 0.5270309969782829, 0.5224770754575729, 0.5237495303153992, 0.5159688144922256, 0.5173065587878227, 0.5207419618964195, 0.5152164250612259, 0.517176628112793, 0.5126816853880882, 0.5146545544266701, 0.5135827958583832, 0.5089449658989906, 0.5091230347752571, 0.509004071354866, 0.5062984526157379, 0.5087590217590332, 0.5052951574325562, 0.507454089820385, 0.5146403908729553, 0.5067923292517662, 0.5106211677193642, 0.5097055733203888, 0.5048922821879387, 0.5077944621443748, 0.5083795785903931, 0.5001940652728081, 0.5060290694236755, 0.5073504447937012, 0.5053034648299217, 0.5094970464706421, 0.5014529824256897, 0.5080941841006279, 0.5055609866976738, 0.5076035708189011, 0.5099465847015381, 0.49871450662612915, 0.5022395551204681, 0.5028318986296654, 0.5040121227502823, 0.5083024427294731, 0.5090198963880539, 0.501844696700573, 0.5081991329789162, 0.5035218074917793, 0.5013929381966591, 0.506989873945713]}