{"best_val": 0.45317550003528595, "train_loss": [0.6840396126111349, 0.6523565981123183, 0.6219086481465234, 0.5940341055393219, 0.5740183889865875, 0.5608369807402293, 0.551872753434711, 0.5394673049449921, 0.5371472355392244, 0.5329120341274474, 0.5291186604234908, 0.5259398536549674, 0.5240909109512965, 0.5230202111932967, 0.5195846491389804, 0.5166375901963975, 0.5123298201296065, 0.5131885326570935, 0.5101583003997803, 0.5133425328466628, 0.5084676659769483, 0.509211305114958, 0.5050986955563227, 0.5057978696293302, 0.5077640761931738, 0.5061327351464165, 0.4999585847059886, 0.5020451330476337, 0.5022753046618568, 0.5019740478860008, 0.49942926400237614, 0.5020919889211655, 0.5007641580369737, 0.5006209860245386, 0.5015859173403846, 0.5008857962157991, 0.501068083776368, 0.4987870802481969, 0.49519329766432446, 0.5007646497752931, 0.49714187449879116, 0.4984273579385545, 0.49777066873179543, 0.49625687466727364, 0.496094759967592, 0.49778301351600224, 0.4974510884947247, 0.4946981105539534, 0.49594977994759876, 0.4930243160989549, 0.4919444157017602, 0.49255335496531594, 0.4914332777261734, 0.49318793581591713, 0.4949883272250493, 0.4925118585427602, 0.4950492564174864, 0.49090514083703357, 0.49207457734478843, 0.49219803843233323, 0.4924106266763475, 0.4904271066188812, 0.491789397266176, 0.4935928401019838, 0.49201665818691254, 0.49233826001485187, 0.48951690561241573, 0.49076395067903733, 0.49112983379099107, 0.4878522406021754, 0.49059827956888413, 0.48749909301598865, 0.49120063914193046, 0.4894342323144277, 0.4895553059048123, 0.48874060975180733, 0.48897111581431496, 0.485503892103831], "val_loss": [0.6652086526155472, 0.636202797293663, 0.6092700809240341, 0.5790424644947052, 0.5657905340194702, 0.5566760450601578, 0.5391150787472725, 0.5256536826491356, 0.5140138566493988, 0.5140388607978821, 0.506415605545044, 0.5052769780158997, 0.4900937005877495, 0.4933478683233261, 0.48587867617607117, 0.48825281858444214, 0.4844387099146843, 0.48439109325408936, 0.4778878539800644, 0.47603216022253036, 0.48041147738695145, 0.4786788448691368, 0.47357815504074097, 0.4755440056324005, 0.46960343420505524, 0.47209323942661285, 0.4722673073410988, 0.4672986641526222, 0.4714893251657486, 0.4704122394323349, 0.4752309247851372, 0.4799969792366028, 0.4694438949227333, 0.469110369682312, 0.47247587889432907, 0.47253990918397903, 0.4659646078944206, 0.4695277065038681, 0.46796758472919464, 0.4679405018687248, 0.4691932871937752, 0.46586430072784424, 0.46976878494024277, 0.4641370177268982, 0.46475040167570114, 0.46452032029628754, 0.4643436446785927, 0.4645649641752243, 0.46993715316057205, 0.4698636680841446, 0.4647117480635643, 0.4631594270467758, 0.46111032366752625, 0.45879484713077545, 0.46604587882757187, 0.4632994756102562, 0.464348666369915, 0.45801741629838943, 0.45804333686828613, 0.46587172895669937, 0.4634666368365288, 0.4552972614765167, 0.4564215913414955, 0.46012862771749496, 0.45749522745609283, 0.45666058361530304, 0.4578857719898224, 0.45317550003528595, 0.4628133475780487, 0.4585002735257149, 0.45423753559589386, 0.46149009466171265, 0.4576825648546219, 0.45966513454914093, 0.4598047584295273, 0.4567829668521881, 0.4578978568315506, 0.45517808198928833]}