{"best_val": 0.4584374278783798, "train_loss": [0.7296979096200731, 0.693397065003713, 0.6503321892685361, 0.6049928896956973, 0.5742792735497156, 0.5563300765222974, 0.5456806884871589, 0.5373329901032977, 0.5323061893383662, 0.5296530789799161, 0.5283206320471234, 0.5245268758800294, 0.5219315687815348, 0.5205727815628052, 0.5169594917032454, 0.5183428343799379, 0.5150363263156679, 0.5108521961503558, 0.5101997007926306, 0.506958113776313, 0.5074423054854075, 0.5078786015510559, 0.5071714354885949, 0.5035729590389464, 0.504621747467253, 0.504526631699668, 0.5051770955324173, 0.5017250991529889, 0.501480327712165, 0.49748414589299095, 0.49725604554017383, 0.49866587585873073, 0.5004774447944429, 0.4988582564724816, 0.5003070036570231, 0.5004384931590822, 0.4987120164765252, 0.4983372771077686, 0.4933209733830558, 0.4995857940779792, 0.49764014780521393, 0.49891762766573167, 0.49850645826922524, 0.4966515170203315, 0.49597326914469403, 0.49666137331061894, 0.4941708395878474, 0.49660393926832413, 0.49468521277109784, 0.49800033536222243, 0.49492813646793365, 0.4962367167075475, 0.49208920697371167], "val_loss": [0.7104336023330688, 0.6675274223089218, 0.6115189790725708, 0.5579133778810501, 0.5299115628004074, 0.509236715734005, 0.5082075893878937, 0.4974987953901291, 0.4945334121584892, 0.4945325329899788, 0.4869045913219452, 0.4864170774817467, 0.48327506333589554, 0.4834219664335251, 0.4756534472107887, 0.4788902774453163, 0.47464296966791153, 0.47624459862709045, 0.4722856804728508, 0.4703894779086113, 0.46599579602479935, 0.4791814535856247, 0.478119894862175, 0.46737323701381683, 0.4780421108007431, 0.46881870925426483, 0.46714483946561813, 0.4660841077566147, 0.4706876501441002, 0.4632759988307953, 0.46898360550403595, 0.47239964455366135, 0.46233847737312317, 0.46594715118408203, 0.47451844811439514, 0.46903687715530396, 0.46737243980169296, 0.4699624106287956, 0.47026051580905914, 0.4614609330892563, 0.46361833810806274, 0.47488000243902206, 0.4584374278783798, 0.46518033742904663, 0.46733494102954865, 0.4694235771894455, 0.4675952047109604, 0.46938473731279373, 0.4599912613630295, 0.46958640217781067, 0.4645233452320099, 0.4629522114992142, 0.46725574880838394]}