{"best_val": 0.5413307309150696, "train_loss": [0.6920480267568068, 0.6870575086636976, 0.6735552928664468, 0.6619977246631276, 0.6501258476213976, 0.6342870836908167, 0.6118975417180494, 0.587460070848465, 0.5672111673788591, 0.5555732927539132, 0.5513582121242177, 0.5477221283045682, 0.5458141131834551, 0.5461699353023008, 0.5450363863598217, 0.5453383489088579, 0.5447068268602545, 0.5449418804862283, 0.5446211072531614, 0.5443681288849224, 0.5446466370062395, 0.5440756312825463, 0.544576804746281, 0.5436051907864484, 0.5431698357517069, 0.5430186174132607, 0.5430000776594336, 0.5426620597189123, 0.5433498133312572, 0.5430130145766519, 0.5423305034637451, 0.5440101217139851, 0.5428121171214364, 0.5426832871003584, 0.5440319017930464, 0.5434200167655945, 0.5419108488342979, 0.5427849157290026, 0.5421482243321158, 0.5429925254800103, 0.5432268570769917, 0.5426974865523252], "val_loss": [0.6892964243888855, 0.6823866128921509, 0.6696429133415223, 0.656792962551117, 0.6438771486282349, 0.6261698842048645, 0.6009352803230286, 0.5800750732421875, 0.5644675374031067, 0.5522320866584778, 0.555115258693695, 0.551042914390564, 0.550696074962616, 0.5468829333782196, 0.5503800272941589, 0.5461534857749939, 0.5461288332939148, 0.5422149002552032, 0.5478032350540161, 0.5455849766731262, 0.546422803401947, 0.5484061479568482, 0.5418380618095398, 0.543787157535553, 0.5455411732196808, 0.5439249515533447, 0.5469915628433227, 0.5432340502738953, 0.5452921986579895, 0.54382483959198, 0.5472129464149476, 0.5413307309150696, 0.5427807450294495, 0.5475208997726441, 0.5422989249229431, 0.5414722681045532, 0.5433777093887329, 0.5424221992492676, 0.5443642616271973, 0.5457382917404174, 0.5464654326438904, 0.5435680031776429]}