{"best_val": 0.44009667905894195, "train_loss": [0.6864165687093547, 0.6282929345673206, 0.5861405765309053, 0.5576465889519336, 0.527036644080106, 0.4996211487872928, 0.47992898611461415, 0.4670931001504262, 0.46164580069336236, 0.45739518193637624, 0.45480766775561315, 0.452545611297383, 0.4512559514419705, 0.44990167898290295, 0.448868753863316, 0.44684650033128026, 0.447352318202748, 0.4472003105808707, 0.44716855007059436, 0.44550855837616266, 0.4444228673682493, 0.4431220012552598, 0.44357607820454764, 0.4421728440359527, 0.4408078222882514, 0.4401610265759861, 0.43960875097443075, 0.4387005684422512, 0.4387344624481949, 0.43764326326987324, 0.4367971759216458, 0.4367017249266307, 0.4344983924837673, 0.43476882226326885, 0.4345505173299827, 0.4336344628941779, 0.4322422450663997, 0.43245309065369997, 0.43098464900372074, 0.43145384858636293, 0.43091027467858556, 0.4300647933109134, 0.42886673644477247, 0.4276283243123223, 0.4275126930545358, 0.4269951254713769, 0.42608315278502074, 0.42645042433458213, 0.4239378244269128, 0.42443610873876836, 0.4252064952663347, 0.42396824733883726, 0.4222317676918179, 0.42169902196117476, 0.4219992324417713, 0.4206192376566868, 0.42068999246055006, 0.4210146338331933, 0.4201004405816396], "val_loss": [0.6544143178246238, 0.5996333956718445, 0.5749599229205739, 0.5446401861580935, 0.5141904001886194, 0.48630784316496417, 0.46912402456456964, 0.463039138100364, 0.4515956017104062, 0.45252343199469824, 0.4495697698809884, 0.4474444795738567, 0.4467520767992193, 0.4495176645842465, 0.44643148508938874, 0.4461105194958774, 0.4483793892643668, 0.44513353434475983, 0.44582973285154864, 0.4459083080291748, 0.4455630562522195, 0.44551352208310907, 0.44408117641102185, 0.4453933564099399, 0.44765614379536023, 0.44423195719718933, 0.44433207403529773, 0.4436334994706241, 0.44243568723851984, 0.44403590668331494, 0.4448785348372026, 0.44618495215069165, 0.44327105988155713, 0.44248333302411164, 0.44273216074163263, 0.44343914497982373, 0.44158441641113977, 0.4420182461088354, 0.44146216999400745, 0.4420051764358174, 0.44202387874776666, 0.44439205527305603, 0.44219554554332385, 0.4435672732916745, 0.4420333640141921, 0.44242079149593005, 0.4409110654484142, 0.4412418468431993, 0.44009667905894195, 0.447095280343836, 0.4439496560530229, 0.4424620270729065, 0.4435660107569261, 0.4459324452010068, 0.4416614229028875, 0.4416920163414695, 0.44337455251000146, 0.4424259472977031, 0.4417908191680908]}