{"best_val": 0.45573221011595294, "train_loss": [0.7194299358947605, 0.6388432465347589, 0.5951691211438647, 0.5732928549542147, 0.5531786949026818, 0.5344956856147915, 0.5126247867649677, 0.4943337358680426, 0.476955604319479, 0.4658784661807266, 0.46073704315166847, 0.4586608187825072, 0.4546372019777111, 0.4528254054340662, 0.4509712574528713, 0.44993366797765094, 0.4497017001404482, 0.4475006017030454, 0.44682267541978876, 0.44576582780071333, 0.4448939293038611, 0.4434408475370968, 0.4428399246112973, 0.4413747805006364, 0.4413219252053429, 0.43883852222386527, 0.43989357235384924, 0.43989716733203216, 0.4381569150616141, 0.4354047331155515, 0.4373697077526766, 0.4341771929871802, 0.43380678167530135, 0.4333065274883719, 0.4324754447329278, 0.43136875302183864, 0.4312966547760309, 0.4305570172328575, 0.42863646441814945, 0.42837106830933513, 0.427835132561478, 0.42625080428871454, 0.427786683919383, 0.42546209751390945, 0.42457230009284674, 0.42490922586590635, 0.42418352938165854, 0.4226279247040842, 0.42245710889498395, 0.42269300070463445, 0.4213537790027319, 0.42019075213694107, 0.42095821277768003, 0.4190946823241664, 0.4196031157876931, 0.41714778834698246, 0.41619383938172283, 0.41697311284495336, 0.4158881218994365, 0.41661328720111473, 0.4150486810534608, 0.41527679328824957, 0.4134795648210189, 0.4136798206497641, 0.41329734816270713, 0.4118083277169396, 0.41023395341985364, 0.41036725277994196, 0.4104596335513919, 0.4106939271384594, 0.40884674062915877, 0.4089025276548722, 0.4079241746780919, 0.40756692255244537], "val_loss": [0.6814852085980502, 0.6265402598814531, 0.6036765792153098, 0.5856296961957758, 0.5663026462901722, 0.5440948930653658, 0.5217808620496229, 0.5006559084762227, 0.48736696351658215, 0.48250985416499054, 0.47416725754737854, 0.4715119085528634, 0.46976052901961585, 0.46956233002922754, 0.4679623950611461, 0.46906809915195813, 0.4665427099574696, 0.4665077301588925, 0.4670478241010146, 0.46777620098807593, 0.4656066298484802, 0.4641039100560275, 0.4660382189533927, 0.46364263783801685, 0.4644016542217948, 0.46313766728747974, 0.4642260887406089, 0.4627273407849399, 0.4606439850547097, 0.46554435112259607, 0.4617710492827676, 0.46233008124611596, 0.46182354200970044, 0.46255391565236176, 0.4620046859437769, 0.46053168177604675, 0.45933286439288745, 0.4605630392378027, 0.46211670203642413, 0.4600417830727317, 0.46224684065038507, 0.46069008111953735, 0.4620789750055833, 0.4582149169661782, 0.4609408568252217, 0.4613891596143896, 0.4582861336794766, 0.4589910154992884, 0.46226477352055634, 0.4604603187604384, 0.4581742665984414, 0.45782241225242615, 0.4599536278031089, 0.45936900106343354, 0.46182919361374597, 0.45767966454679315, 0.4597609151493419, 0.45798406275835907, 0.4577922441742637, 0.45888491381298413, 0.45809858766469086, 0.4604125212539326, 0.458743079142137, 0.45573221011595294, 0.456556038423018, 0.4562399685382843, 0.45742826841094275, 0.4606789296323603, 0.4581763067028739, 0.45743331854993646, 0.4599617990580472, 0.4582374773242257, 0.45813093944029376, 0.4573331800374118]}