{"best_val": 0.4648352488875389, "train_loss": [0.6654713782999251, 0.6022092468208737, 0.5408466325865852, 0.5106842103931639, 0.49313970903555554, 0.48352913558483124, 0.4788916889164183, 0.4719952874713474, 0.4689616560935974, 0.47018104294935864, 0.4671594666110145, 0.4667617546187507, 0.46199294096893734, 0.46367200050089097, 0.46238373551103806, 0.4615370084842046, 0.4583820568190681, 0.4620591087473763, 0.46140440967347884, 0.45892775389883256, 0.46311350497934556, 0.45789942476484513, 0.4569786422782474, 0.45774207015832263, 0.4587446517414517, 0.45623105929957497, 0.45781761904557544, 0.4540121919578976, 0.4572281175189548, 0.45338503354125553, 0.45400063031249577, 0.4530152479807536, 0.45067140956719715, 0.44972748061021167, 0.4545406848192215, 0.4523440930578444, 0.4507875144481659, 0.45053406556447345, 0.4508558081256019, 0.4508272276984321, 0.44996120863490635, 0.45092950761318207, 0.45041824711693657, 0.44798433946238625, 0.4460504137807422, 0.4479934043354458, 0.44896203610632157, 0.4467156661881341, 0.44798753327793545, 0.445254589120547, 0.4497394909461339, 0.44927234947681427, 0.44232579072316486, 0.45130296879344517], "val_loss": [0.6416353732347488, 0.5942977666854858, 0.5638829618692398, 0.5339940935373306, 0.529046818614006, 0.5126855224370956, 0.507177472114563, 0.5062530860304832, 0.49449365586042404, 0.4965321868658066, 0.48335598409175873, 0.48933734744787216, 0.47887735068798065, 0.4877028986811638, 0.4797409698367119, 0.47610829025506973, 0.4788926690816879, 0.4792988747358322, 0.4875505343079567, 0.4777679517865181, 0.4823590889573097, 0.48170944303274155, 0.4796609729528427, 0.4736618399620056, 0.4721306711435318, 0.47641168534755707, 0.48284874856472015, 0.47852517664432526, 0.4770403355360031, 0.47562751919031143, 0.48366783559322357, 0.4785657227039337, 0.4807661846280098, 0.47435498237609863, 0.470904678106308, 0.4836607649922371, 0.4711931422352791, 0.47840534895658493, 0.48194925487041473, 0.47812094539403915, 0.4731612503528595, 0.4675808623433113, 0.4771415665745735, 0.4648352488875389, 0.47637753188610077, 0.47524505108594894, 0.46844710409641266, 0.48213041573762894, 0.472333587706089, 0.47171418368816376, 0.4759778827428818, 0.47557105869054794, 0.4747093766927719, 0.4762410819530487]}