{"best_val": 0.4252114160494371, "train_loss": [0.6597085641879662, 0.6521617852005304, 0.6445812828400556, 0.6377721943107306, 0.6308740763103261, 0.6240642409698636, 0.6167822982750687, 0.6092611434412938, 0.6031108194706487, 0.5977431512346455, 0.591785448438981, 0.5889630890360066, 0.5854912043786517, 0.5812500797066034, 0.5775998743141398, 0.5768875982247147, 0.5739996515068353, 0.5697985396665686, 0.5673815076257668, 0.5637002704190273, 0.5609867975992315, 0.5580906680985993, 0.554588131460489, 0.5502749336700813, 0.5487135759755677, 0.5442163815685347, 0.5403749218174055, 0.5357882660977981, 0.5326475986078674, 0.5297721332194758, 0.5255660157577664, 0.5210379975683549, 0.5176300447361142, 0.5135635721917245, 0.5085325509894127, 0.5061454796323589, 0.5021061517444312, 0.49917324676233177, 0.4943891185171464, 0.49187569700035394, 0.48803939363535714, 0.4851114820031559, 0.4805883847030939, 0.4793436883711347, 0.4762267534639321, 0.4747205657117507, 0.4712133898454554, 0.4687143821342319, 0.4665487040491665, 0.464433201972176, 0.4621883963837343, 0.46034829932100635, 0.458693711196675, 0.4572778268187654, 0.4553741012133804, 0.4537995375838934, 0.4530751395459269, 0.4504297223745608, 0.4498833873692681, 0.4494689714674856, 0.4473630125616111, 0.4464766266299229, 0.44598528099995033, 0.44469650294266494, 0.4438976312384886, 0.44489216161709205, 0.4426104671814862, 0.44132866169892104, 0.4414805980289684, 0.4406036448244955, 0.4400341464023964, 0.43967191202967776, 0.44068462942160813, 0.4404513421011906, 0.4384497369036955, 0.4392270948372635, 0.4385010144289802, 0.4383082091808319, 0.43736382792977724, 0.4377245990669026, 0.4373362257200129, 0.43781150848257777, 0.4369580161337759, 0.43807923326305315, 0.437406214428883, 0.43690380629371195, 0.4363095263640086, 0.4350721175764121, 0.4364845805308398, 0.4365763453876271, 0.43693362614687753, 0.4364120632994409, 0.4362301838164236, 0.43629537785754485, 0.43577294606788486, 0.4354631100215164, 0.43514541609614504, 0.4367244594237384, 0.43524840591000574, 0.43563055816818685, 0.434445624258004, 0.4355155720430262, 0.434056221854453, 0.4341171529947543, 0.43498073255314545], "val_loss": [0.6559518467296254, 0.6484553217887878, 0.641954855485396, 0.6350687092000787, 0.6274843811988831, 0.6209735545245084, 0.6144489916888151, 0.6084646636789496, 0.6014169454574585, 0.5969442237507213, 0.5923863866112449, 0.5884713693098589, 0.5867326367985118, 0.5853223367170854, 0.5800791762091897, 0.5746977979486639, 0.5764312581582502, 0.5688277347521349, 0.5670697418126193, 0.5628225640817122, 0.5587098571387205, 0.5565906329588457, 0.55305030671033, 0.5466153540394523, 0.5448078269308264, 0.5413903756575151, 0.5370705452832308, 0.5327266617254778, 0.5288663831624117, 0.5229757888750597, 0.5206637165763162, 0.5158831152048978, 0.5120897238904779, 0.5088837959549644, 0.5037849897688086, 0.49979104778983374, 0.4967930289832028, 0.49254313111305237, 0.4878336787223816, 0.48347069458527997, 0.4802163162014701, 0.4780826216394251, 0.474804244258187, 0.47183710878545587, 0.46880110556429083, 0.4663320644335313, 0.46294180100614374, 0.46038751981475134, 0.46085712855512445, 0.45628919113766064, 0.4531560187990015, 0.45239539579911664, 0.4494373148137873, 0.44879507747563446, 0.4457965926690535, 0.44511127742854034, 0.4419808035547083, 0.44050253250382165, 0.4394369260831313, 0.43847614797678863, 0.43881202827800403, 0.4355382431637157, 0.4365092326294292, 0.4347552250732075, 0.4339947998523712, 0.4340802241455425, 0.43224362351677637, 0.4325002296404405, 0.43181838501583447, 0.43176915699785406, 0.4325204166499051, 0.4312175458127802, 0.42957322705875745, 0.42983807487921283, 0.4310258057984439, 0.4298927025361495, 0.42822220108725806, 0.4277308095585216, 0.42854719270359387, 0.42927364869551227, 0.428086749532006, 0.42884707992727106, 0.42733147740364075, 0.42924040285023773, 0.42796269871971826, 0.42795418338342145, 0.4265781478448348, 0.4279334924437783, 0.4272271530194716, 0.42735962163318286, 0.42685137824578717, 0.4276098500598561, 0.4273189604282379, 0.4275177852673964, 0.4252114160494371, 0.4256783046505668, 0.4256594614549117, 0.4254116849465804, 0.42690674283287744, 0.4254349334673448, 0.4255454756996848, 0.42665130170908844, 0.426471623507413, 0.4262657707387751, 0.42549740184437146]}