{"best_val": 0.494347482919693, "train_loss": [0.7705543273025088, 0.737291200293435, 0.703232960568534, 0.6662710110346476, 0.6203804115454356, 0.5796681344509125, 0.5543828573491838, 0.5410231716103024, 0.5289756738477283, 0.522252137462298, 0.5129897312985526, 0.5106764915916655, 0.5055465930038028, 0.5003829283846749, 0.4952602916293674, 0.494952917098999, 0.4927029543452793, 0.4895438916153378, 0.48988726403978133, 0.4852340983019935, 0.4840528849098418, 0.4834161682261361, 0.47839945885870194, 0.4787665075725979, 0.4790543135669496, 0.47554339468479156, 0.47722307675414616, 0.47492022150092655, 0.47571904129452175, 0.4739385230673684, 0.47333413031366134, 0.46883177591694725, 0.4725183281633589, 0.46955669588512844, 0.4706673290994432, 0.4675955292251375, 0.4682184308767319, 0.4681732654571533], "val_loss": [0.7470678091049194, 0.7169705331325531, 0.6836136877536774, 0.6432735323905945, 0.5970376580953598, 0.5616662502288818, 0.5430331826210022, 0.5368338972330093, 0.5275103598833084, 0.5240112394094467, 0.5170485898852348, 0.5169197916984558, 0.5193939507007599, 0.5139022096991539, 0.5166040584445, 0.5093620344996452, 0.5107770562171936, 0.5116115286946297, 0.5078958198428154, 0.5088604688644409, 0.5099184811115265, 0.5008581504225731, 0.5047041550278664, 0.5087546035647392, 0.49763184785842896, 0.4989185854792595, 0.4987514987587929, 0.494347482919693, 0.5003888607025146, 0.49921128153800964, 0.498059444129467, 0.5062355995178223, 0.5005531907081604, 0.49924222379922867, 0.4981387108564377, 0.5021017864346504, 0.50015988945961, 0.4976224899291992]}