{"best_val": 0.45771145820617676, "train_loss": [0.685631112725127, 0.6133092711953556, 0.5744687196086434, 0.5519896278194353, 0.5271579710876241, 0.5015240790797215, 0.47864803438093145, 0.46551062838703977, 0.45734404991654787, 0.45151738325754803, 0.45093513645377814, 0.44884418856863884, 0.4447551398885016, 0.443845470161999, 0.44263224157632564, 0.4407453046125524, 0.44016190895847246, 0.43892937314276603, 0.4377217596652461, 0.43834765459976943, 0.4372970730650659, 0.43660999045652504, 0.43444814752129945, 0.4348195767870136, 0.43352653875070457, 0.43289800718718885, 0.4328703576443242, 0.4320525994487837, 0.4310789996502446, 0.42988109588623047, 0.4302828481384352, 0.4285784258561976, 0.43012359504606207, 0.42753977635327506, 0.42734189010133933, 0.4268794001317492, 0.4258561029153712, 0.42489199778612924, 0.42395441497073455, 0.4247274270244673, 0.4224020342032115, 0.4232698345885557, 0.4235153800132228, 0.4210340608568752, 0.42013808909584494], "val_loss": [0.6425890759988264, 0.5918592052026228, 0.566924664107236, 0.545157329602675, 0.5204185518351468, 0.49854203245856543, 0.4808701249686154, 0.4713486216285012, 0.4644483002749356, 0.4614236517386003, 0.46582107923247595, 0.4629801403392445, 0.46075276895002887, 0.46540569446303626, 0.4615644297816537, 0.4601228806105527, 0.46151717142625287, 0.45982521230524237, 0.46248314597389917, 0.4615770768035542, 0.46019582043994556, 0.46430019627917896, 0.4588341577486558, 0.4586549536748366, 0.4626165682619268, 0.4594031734900041, 0.4633560072291981, 0.4636419984427365, 0.4584775756705891, 0.46143069050528784, 0.46289842237125745, 0.4597876044836911, 0.4615106230432337, 0.4620122178034349, 0.45771145820617676, 0.45778678222136066, 0.46011514555324207, 0.45995231650092383, 0.4599199051206762, 0.4601431732827967, 0.45792092247442767, 0.4582219286398454, 0.46180438182570716, 0.46049817583777686, 0.4595472270792181]}