{"best_val": 0.4330538958311081, "train_loss": [0.6820390489366319, 0.6601864695549011, 0.6391996906863319, 0.618690573506885, 0.59792626897494, 0.5786707699298859, 0.5631849732663896, 0.5525040460957421, 0.5494932797220018, 0.5429862025711272, 0.5348228365182877, 0.5387770152754254, 0.532290604379442, 0.5261177950435214, 0.524338369568189, 0.5211643907758925, 0.5178946604331335, 0.5105332980553309, 0.5098819418085946, 0.507534447643492, 0.5065333892901739, 0.5050090253353119, 0.5005072487725152, 0.5033872160646651, 0.4997335622708003, 0.4982533421781328, 0.49499878618452287, 0.496882567803065, 0.4949987961186303, 0.4943525526258681, 0.4943099684185452, 0.4938453800148434, 0.49232759575049084, 0.49085509611500633, 0.4904716412226359, 0.4922035833199819, 0.4918382217486699, 0.4910295125510957, 0.49036161932680344, 0.4884116186036004, 0.48824721740351784, 0.48820023735364276, 0.4902464184496138, 0.4862119522359636, 0.489313210050265, 0.4876016229391098, 0.48353612588511574, 0.4881174365679423, 0.48723329769240487, 0.48473695251676774, 0.4886915617518955, 0.4869746334022946, 0.486141390270657, 0.4838202893733978, 0.4876238339477115, 0.48577892945872414, 0.48301756713125443, 0.4829064773188697, 0.48366571466128033, 0.4841770960224999, 0.4828168799479802, 0.48073789808485246, 0.4813612798849742, 0.483383533027437, 0.48091916574372184, 0.47731181648042464, 0.4804619914955563, 0.481543673409356, 0.48238037361039054, 0.4805230564541287, 0.47946756581465405, 0.47750743726889294, 0.47962575819757247, 0.47792666653792065, 0.4757912788126204, 0.4764326910177867, 0.4778282543023427, 0.4752867884106106, 0.4756521185239156, 0.48030836549070144, 0.4800923118988673, 0.4771982166502211, 0.47511864205201465, 0.47478413250711227, 0.47464001675446826, 0.4760630660586887, 0.4757023784849379, 0.4756935387849808, 0.4763490557670593, 0.47423015534877777, 0.47786591450373334, 0.4736667275428772, 0.4749029626448949, 0.4728762987587187, 0.4754614531993866, 0.4716765334208806, 0.47459284795655143, 0.4761979927619298, 0.47323064671622384, 0.47222821083333755, 0.47692449887593585, 0.471496120095253, 0.47287419107225204, 0.4730589869949553, 0.4736036972867118, 0.4740036858452691, 0.46890876359409756, 0.47362320456239915, 0.46713965468936497, 0.47169621454344857, 0.47103139261404675, 0.47113458812236786, 0.4686345209678014, 0.46938301291730666, 0.4711053686009513, 0.46926429371039075, 0.47220677302943337, 0.4704698887136247, 0.4693676812781228, 0.46792318920294446, 0.4700969225830502, 0.4702894505527284, 0.4694596098528968, 0.4672529829872979, 0.4718266228834788, 0.46781321863333386], "val_loss": [0.6796141862869263, 0.6603022813796997, 0.6404713988304138, 0.6195080578327179, 0.6021857112646103, 0.584700345993042, 0.5662763640284538, 0.5648567229509354, 0.5594556480646133, 0.5506829768419266, 0.5503835678100586, 0.53876181691885, 0.5298603475093842, 0.5296801999211311, 0.5167960301041603, 0.5180696547031403, 0.517632894217968, 0.5076727271080017, 0.5055469274520874, 0.50677689909935, 0.4995489940047264, 0.49781443178653717, 0.4906054586172104, 0.489518940448761, 0.4885045886039734, 0.4832331985235214, 0.4839153215289116, 0.48584018647670746, 0.4773758500814438, 0.4785570129752159, 0.4834974631667137, 0.4792765751481056, 0.4794990345835686, 0.4786938428878784, 0.47780250757932663, 0.4725813791155815, 0.4739001616835594, 0.4657578468322754, 0.46969979256391525, 0.4675494432449341, 0.4702927768230438, 0.47023071348667145, 0.46822822093963623, 0.466772697865963, 0.4652317464351654, 0.4636313393712044, 0.4645320028066635, 0.4620557501912117, 0.461051881313324, 0.46184469759464264, 0.45848359167575836, 0.4612264335155487, 0.45792556554079056, 0.4579261392354965, 0.46077026426792145, 0.45464441925287247, 0.4596613049507141, 0.45787178725004196, 0.4541616514325142, 0.44890353828668594, 0.4623008370399475, 0.4561038091778755, 0.4556320160627365, 0.4519111067056656, 0.45317908376455307, 0.4488079771399498, 0.45640620589256287, 0.45576102286577225, 0.45188116282224655, 0.45435812324285507, 0.44895733147859573, 0.4532783627510071, 0.45285867154598236, 0.4443194344639778, 0.45082779973745346, 0.4458465352654457, 0.45071934163570404, 0.4458870217204094, 0.4442222937941551, 0.44769930094480515, 0.44862745702266693, 0.4433097019791603, 0.44332587718963623, 0.4507167935371399, 0.4414702355861664, 0.4431122988462448, 0.4501453787088394, 0.44407477229833603, 0.4478841796517372, 0.4404841586947441, 0.45005033910274506, 0.4427061155438423, 0.44106220453977585, 0.44512495398521423, 0.44343462586402893, 0.4438883662223816, 0.44189272820949554, 0.4434380829334259, 0.438431479036808, 0.44621381908655167, 0.4402755871415138, 0.441925548017025, 0.44290467351675034, 0.45015954971313477, 0.43732189387083054, 0.4418046548962593, 0.4444819241762161, 0.4380902200937271, 0.4372795522212982, 0.4436594322323799, 0.44544318318367004, 0.44155529886484146, 0.43578749895095825, 0.43823572248220444, 0.4424450770020485, 0.4330538958311081, 0.44204331189393997, 0.4386872202157974, 0.44037386029958725, 0.44394751638174057, 0.43417518585920334, 0.43879200518131256, 0.4374929815530777, 0.44506657123565674, 0.4382772296667099, 0.44156210124492645]}