{"best_val": 0.4335901601748033, "train_loss": [0.6939813319374534, 0.6427946745180616, 0.5945751818956113, 0.578681673489365, 0.5647707856168934, 0.549477607011795, 0.5308042560137954, 0.5049202897969414, 0.478892745924931, 0.4574392011352614, 0.44232700560607163, 0.43658828501607855, 0.43179519153108786, 0.4308156014657488, 0.42765827506196263, 0.4254631078710743, 0.42428108173258167, 0.42309411074600967, 0.4206650438261967, 0.4206004820617975, 0.41998479646794934, 0.41788437027557224, 0.4166563211702833, 0.41456830735300104, 0.41361134952189876, 0.41465020062876684, 0.4122650886283201, 0.4111032953449324, 0.41141747084318425, 0.4097525880617254, 0.40881771608894946, 0.40829937539848626, 0.4062966786178888, 0.4054107964038849, 0.4038648488474827, 0.40486448594168123, 0.40330031572603714, 0.4027920382864335, 0.40119409444285375, 0.4006731270575056, 0.400248039002512, 0.39894620110006895, 0.3976888931265064, 0.3977253787657794, 0.39597458816042136, 0.3959219671931921, 0.3949812364344503, 0.3935497829727098, 0.39400309382700455, 0.3926893858348622, 0.39123571152780573, 0.3918725071000118, 0.38900906665652407, 0.38917601342294733], "val_loss": [0.6755650314417753, 0.619930467822335, 0.6016689430583607, 0.588267288424752, 0.5748214992609891, 0.5567382086407054, 0.5316349295052615, 0.5011986575343392, 0.47440793297507544, 0.4577140212059021, 0.4495333351872184, 0.4456673670898784, 0.44562449238517066, 0.44480538910085504, 0.442305250601335, 0.4412323155186393, 0.44184826720844617, 0.4393383643843911, 0.4406252611767162, 0.43973139741204004, 0.4405984743074937, 0.43829153071750293, 0.4387719441543926, 0.43930768966674805, 0.4382004981691187, 0.4397761740467765, 0.43795083598657086, 0.4366641640663147, 0.4401499493555589, 0.4388297498226166, 0.4369691474871202, 0.4362199225208976, 0.43656719543717126, 0.4364991079677235, 0.43722011284394696, 0.4367744299498471, 0.4354254332455722, 0.43699242581020703, 0.4376206939870661, 0.4357539144429294, 0.435405205596577, 0.4355472244999625, 0.4342215928164395, 0.4335901601748033, 0.4350660578771071, 0.43487222628159955, 0.4353983456438238, 0.4344885132529519, 0.4363039271398024, 0.4346750324422663, 0.4352587840773843, 0.43545597249811346, 0.43439970775084064, 0.4336726123636419]}