{"best_val": 0.4681388952515342, "train_loss": [0.6572444931818888, 0.5862813202234415, 0.5521282507823064, 0.513076765032915, 0.4854978179702392, 0.47451819192904693, 0.46572069078683853, 0.46036588744475293, 0.45803857995913577, 0.45876365728103197, 0.4575188990968924, 0.45818314070884997, 0.45505303545640063, 0.45277424385914433, 0.45352944215902913, 0.45483278884337497, 0.4521859414302386, 0.45364530785725665, 0.4542233388011272, 0.4521988309346713, 0.44926758855581284, 0.4499097265876256, 0.4488241294255623, 0.44649464923601884], "val_loss": [0.5995571342381564, 0.572729928926988, 0.5429888259280812, 0.5029661438681863, 0.49030900272456085, 0.4744687242941423, 0.4731778475371274, 0.4724380238489671, 0.4703318016095595, 0.4716568074443124, 0.47013943845575507, 0.4723521443930539, 0.47538774663751776, 0.4681388952515342, 0.4721870855851607, 0.47160612724044104, 0.46977613459933887, 0.47247157855467364, 0.47353810613805597, 0.4709972630847584, 0.47394268079237506, 0.4769560830159621, 0.46857034347274085, 0.4693364744836634]}