{"best_val": 0.4324834238399159, "train_loss": [0.6874839511572146, 0.6302913216983571, 0.6015009693070954, 0.5803968567474216, 0.5527899358786789, 0.5176503050561044, 0.48749107239293116, 0.4743476428237616, 0.47093768505489125, 0.46785447468944624, 0.46743491525743525, 0.4659526546796163, 0.4633967426477694, 0.46373771569308114, 0.4625587714653389, 0.4617882972838832, 0.461586841765572, 0.4599912306841682, 0.46087924230332467, 0.4591585163976632, 0.45866301246717867, 0.4586772106441797, 0.4575783762277341, 0.45629422454273, 0.4560036098255831, 0.4555832468995861, 0.4546973962409824, 0.4538574919981115, 0.4528741240501404, 0.4528893460245693, 0.4525616063791163, 0.4499574987327351, 0.45007746476753085, 0.4505376868388232, 0.44812703307937174, 0.4474973865583831, 0.4478435609854904, 0.4458813608861437, 0.44495072843981726, 0.44378002484639484, 0.44358353287565944, 0.44202858384917765, 0.442265112026065, 0.43935156160709904, 0.4387338488709693, 0.4401911140656939, 0.4379609466767779, 0.43767503137682, 0.4362867538835488, 0.4352082709471385, 0.436788866332933, 0.43379899742556555, 0.43175144289054124, 0.4309108736468296, 0.431757346087811, 0.4298043104947782, 0.42915569684084726, 0.42880159148982927, 0.42772091895926234, 0.4266667558866389, 0.4257122932695875, 0.42382189047102836, 0.42294135631299484, 0.42275384477540556, 0.42300697693637773, 0.42331155550246147, 0.41978514019180746, 0.41928494151900797, 0.4193887833286734, 0.4176703434364468, 0.41749066815656777, 0.41703784933277205, 0.41461244167066086, 0.41436568486924263, 0.4109242289674048, 0.41131647369440866, 0.4096965550207624, 0.4088227427473255, 0.40839117297939226, 0.40634150364819693, 0.40534116181672786, 0.40481903915311773, 0.40431297935691535, 0.4040170907974243, 0.4038516738835503, 0.4020475131623885, 0.3993663688500722, 0.39969998714970606, 0.39699696267352386, 0.3974792776154537, 0.39668680464520173, 0.39508556209358514, 0.3944277488717846, 0.3927394718516107, 0.39138272346234787, 0.3930331643889932, 0.3889354619325376, 0.38747413193478303, 0.38643468595018576, 0.3916817155538821, 0.38833096915600346, 0.3863677382469177, 0.3830936533563277, 0.3823941858375774, 0.380614753447327, 0.38075894175791275, 0.37966137773850384, 0.37812818148556876, 0.3769259406071083, 0.3755181022718841, 0.376062601220374, 0.3733101364444284, 0.373594261267606], "val_loss": [0.6334276578643105, 0.6006017056378451, 0.5790474306453358, 0.5566967183893378, 0.5244919955730438, 0.4902632073922591, 0.46979427337646484, 0.462450084361163, 0.45992822267792444, 0.460878849029541, 0.45898760719732806, 0.4597560736266049, 0.45832193981517444, 0.45898879116231744, 0.4556727544827895, 0.45878499204462225, 0.45849187536673114, 0.4568599597974257, 0.45879682356661017, 0.4567817883058028, 0.45707264271649445, 0.4551526633175937, 0.45512235977432947, 0.45490266247229144, 0.45755279606038873, 0.4540540007027713, 0.45582654801282013, 0.4552085047418421, 0.45249182798645715, 0.45587109706618567, 0.45132200013507495, 0.4519686157053167, 0.45254307172515174, 0.45049204609610816, 0.4538877172903581, 0.45218113335696136, 0.4535174315625971, 0.4508769864385778, 0.45100235668095673, 0.44869535348632117, 0.44775947386568243, 0.45091006701642816, 0.44649461724541406, 0.4476132040674036, 0.4473969313231381, 0.449182082306255, 0.44883047992532904, 0.44589148326353595, 0.4471616257320751, 0.4491644664244218, 0.4479087835008448, 0.4488390196453441, 0.4436411126093431, 0.44411522962830285, 0.4467323232780803, 0.4483997334133495, 0.45116527514024213, 0.4421641772443598, 0.4459910419854251, 0.4435922693122517, 0.44254169680855493, 0.4393052540042184, 0.44106689908287744, 0.44330707463351166, 0.4445388046177951, 0.44214898347854614, 0.44063678654757416, 0.44082384488799353, 0.43926070766015485, 0.4422189484943043, 0.4416380362077193, 0.4419103102250533, 0.44158812815492804, 0.43779580701481213, 0.4395165064118125, 0.43841214071620593, 0.43957426060329785, 0.4401969557458704, 0.4388633939352902, 0.4367590302770788, 0.43768531625921075, 0.43565252694216644, 0.4420021826570684, 0.438619234345176, 0.4365919828414917, 0.4360198541121049, 0.4343178759921681, 0.438435671004382, 0.4345727156509053, 0.4357510236176578, 0.4365787587382577, 0.4372422424229709, 0.43372523242777045, 0.43974149227142334, 0.4346546693281694, 0.4348085441372611, 0.43539836731824005, 0.4349378835071217, 0.4347410500049591, 0.44555397738109936, 0.4354963275519284, 0.4364699992266568, 0.4324834238399159, 0.43676984310150146, 0.4342899945649234, 0.4374814439903606, 0.43384948101910675, 0.4348792948506095, 0.4367982799356634, 0.4345021356235851, 0.432644632729617, 0.4336353215304288, 0.4329439780928872]}