{"best_val": 0.4467908875508742, "train_loss": [0.6463027327668434, 0.5869443556841683, 0.5597968884542877, 0.5284362593117882, 0.49143386529941185, 0.4668675520840813, 0.45692554174685013, 0.45177915926073114, 0.44993948118359434, 0.44768689485157237, 0.44513686030518773, 0.4438801320160137, 0.4432574013868968, 0.44035491990108117, 0.43917064865430194, 0.43938038220592573, 0.4361097169857399, 0.4344567329275842, 0.43577213380851, 0.4325167419863682, 0.4308234032462625, 0.4307837521328646, 0.42806128076478545, 0.4275032772737391, 0.42628109221364935, 0.42388513976452397, 0.4241831927907233, 0.4223087260536119, 0.41969262209593083, 0.4186413545234531, 0.4155787679494596, 0.41772886292607175, 0.4140535657312356, 0.41215669173820346, 0.4106094223611495, 0.41028515790023057, 0.4082072926502602, 0.4066953255849726, 0.40652620500209286, 0.4017540029450959, 0.4016575521113826, 0.40112627020069197, 0.39869992347324595, 0.39876918231739716, 0.39646847458446727, 0.3923397888155544, 0.3922410385281432, 0.3912100236789853, 0.39031121368501703, 0.38894719002293604, 0.3874700671317531, 0.3850935195006576, 0.38369062309171637, 0.3826998887108822], "val_loss": [0.6051568226380781, 0.5791363607753407, 0.5481397943063215, 0.5151093168692156, 0.4800530401143161, 0.4691167121583765, 0.46524263512004504, 0.4622359871864319, 0.46209515224803577, 0.4606811052018946, 0.46330580386248504, 0.4612870351834731, 0.46185924248261884, 0.462366754358465, 0.46238369562409143, 0.4579805515029214, 0.45960190350359137, 0.4609770585190166, 0.459601800550114, 0.4628352197733792, 0.4563721770590002, 0.4569300575689836, 0.45839539441195404, 0.45424850149588153, 0.4546915590763092, 0.45605205676772376, 0.4531094458970157, 0.45455252853306854, 0.4534865834496238, 0.45569975538687274, 0.45230444452979346, 0.4576813714070754, 0.45315911824052985, 0.4538464193994349, 0.4552060203118758, 0.45160325277935376, 0.45209515636617487, 0.4530968720262701, 0.45382300832054834, 0.4563241817734458, 0.453090564771132, 0.44993493502790277, 0.4509571275927804, 0.4467908875508742, 0.45477851954373444, 0.45012273571707984, 0.4501079835674979, 0.45049411871216516, 0.44885731556198816, 0.45174514705484564, 0.4552383775060827, 0.4511922408233989, 0.4503032077442516, 0.4490390419960022]}