{"best_val": 0.48720506578683853, "train_loss": [0.7145859367317624, 0.6999594370524088, 0.6852812038527595, 0.6697727309332954, 0.6529277000162337, 0.6325472692648569, 0.6092515587806702, 0.5876039961973826, 0.5676547752486335, 0.5536545316378275, 0.5456636481814914, 0.5387515955501132, 0.5337521930535635, 0.5263760619693332, 0.5202248079909219, 0.5154581119616827, 0.5166340784894096, 0.5121253497070737, 0.5068033337593079, 0.5071490291092131, 0.5047630237208472, 0.5022487193346024, 0.5016278045045005, 0.49936121867762673, 0.49851026634375256, 0.5010009970929887, 0.4994177652729882, 0.49952904052204555, 0.49838416940636104, 0.4974573320812649, 0.4974391692214542, 0.4951814677980211, 0.4977523816956414, 0.4992661227782567, 0.4958712657292684, 0.4958505812618468, 0.4926622046364678, 0.4959360957145691, 0.4962124294704861, 0.49303508632712895, 0.4948336101240582, 0.489931904607349, 0.49479268822405076, 0.4901258829567168, 0.49313138756487107, 0.4913634988996718, 0.49200017915831673], "val_loss": [0.7044851928949356, 0.6895195543766022, 0.6735982149839401, 0.6572751849889755, 0.6383718550205231, 0.6162695288658142, 0.5898696333169937, 0.5618463158607483, 0.5467592254281044, 0.5407550036907196, 0.5252513289451599, 0.5225392654538155, 0.5197272673249245, 0.5169855803251266, 0.5102874413132668, 0.5133958086371422, 0.5108083635568619, 0.5045524761080742, 0.5016314014792442, 0.49911370873451233, 0.5056430026888847, 0.5005161017179489, 0.5016495734453201, 0.5020214915275574, 0.5045111775398254, 0.49602723866701126, 0.5011245384812355, 0.501368336379528, 0.4960790127515793, 0.49463535100221634, 0.49450306594371796, 0.49855271726846695, 0.4951394572854042, 0.49449487030506134, 0.4926745221018791, 0.4970427602529526, 0.48720506578683853, 0.49043384194374084, 0.49022166430950165, 0.4955533593893051, 0.49222851544618607, 0.4917778894305229, 0.48989516496658325, 0.493355855345726, 0.4888358637690544, 0.4892028048634529, 0.48802680522203445]}