{"best_val": 0.47896143794059753, "train_loss": [0.6584469841586219, 0.6013165215651194, 0.5577397644519806, 0.5343124866485596, 0.5206527064243952, 0.5152907801998986, 0.512453082535002, 0.504857160978847, 0.5016497506035699, 0.49928662180900574, 0.49749363627698684, 0.4920409172773361, 0.48988841639624703, 0.4928963217470381, 0.4880799601475398, 0.48712943825456834, 0.48344261282020146, 0.4851585543817944, 0.4844525373644299, 0.48639433913760716, 0.48350463642014396, 0.48312585552533466, 0.4804137945175171, 0.48143764833609265, 0.48081879483328926], "val_loss": [0.629244402050972, 0.5704706311225891, 0.53326665610075, 0.5198887884616852, 0.5226152017712593, 0.5137373208999634, 0.5145343467593193, 0.5053231716156006, 0.5003121793270111, 0.4931928589940071, 0.49679557979106903, 0.491007499396801, 0.48576243966817856, 0.49452900141477585, 0.47896143794059753, 0.48458366841077805, 0.4900578409433365, 0.48222920298576355, 0.4860687181353569, 0.4851129278540611, 0.4809768795967102, 0.481535404920578, 0.47952306270599365, 0.48208803683519363, 0.4805246964097023]}