{"best_val": 0.5132900699973106, "train_loss": [0.7089030312167274, 0.7072327567471398, 0.705667644739151, 0.7041669752862718, 0.7025472389327155, 0.7010605997509427, 0.6994703577624427, 0.6978202164173126, 0.6961164044009315, 0.6942955089939965, 0.6924166116449568, 0.6903827322853936, 0.6881890992323557, 0.6858579483297136, 0.6832721531391144, 0.6802445385191176, 0.6768378383583493, 0.6730537580119239, 0.6689513425032297, 0.6646697984801399, 0.6600862973266177, 0.6550901101695167, 0.6501681175496843, 0.6446602642536163, 0.6402604546811845, 0.6351549691624112, 0.6295721928278605, 0.6248235934310489, 0.6198322772979736, 0.6146198014418284, 0.6094339026345147, 0.6053920620017581, 0.6016723646057976, 0.5966915819380019, 0.5935053196218278, 0.5892285505930582, 0.5851132671038309, 0.5824707547823588, 0.5767637756135728, 0.5751466949780782, 0.5710571871863471, 0.5669134375121858, 0.5670293718576431, 0.5649782551659478, 0.5619427048497729, 0.5579922133021884, 0.5580606559912363, 0.5546240872806973, 0.553604351149665, 0.5507436725828383, 0.5520858267943064, 0.5471261358923383, 0.5459548102484809, 0.5447729196813371, 0.543601522843043, 0.5424177149931589, 0.5406722376743952, 0.5398454599910312, 0.5386911183595657, 0.5366726550790999, 0.5364393045504888, 0.5355945345428255, 0.5313208401203156, 0.5325683322217729, 0.5333582477437125, 0.5349381450149748, 0.5306872063212924, 0.5294671273893781, 0.5260705285602145, 0.5253582663006253, 0.5257600860463248, 0.5247011896636751, 0.5247989777061675, 0.52444356183211, 0.5197925236490037, 0.5197829736603631, 0.5149601250886917, 0.5207422839270698, 0.5147555735376146, 0.5149200823571947, 0.5161586652199427, 0.5139807413021723, 0.511429543296496, 0.5118172831005521, 0.5081742372777727, 0.5085384365585115, 0.5103843841287825, 0.5091952499416139, 0.5068987905979156, 0.507183626294136, 0.5058842102686564, 0.5035388933287727, 0.5037620183494356, 0.5037880192200342, 0.5026122414403491, 0.5050686498483022, 0.5028988089826372, 0.4991873386833403, 0.5022300912274255, 0.49938522941536373, 0.5024693293703927, 0.5007408989800347, 0.4980471597777473, 0.4995756960577435, 0.4999503476752175, 0.4960642721917894, 0.4992420987950431, 0.4963979787296719, 0.498913233478864, 0.4942059682475196, 0.4999728351831436, 0.49696052571137744, 0.49346554776032764, 0.49721114834149677, 0.4944879710674286, 0.4936126967271169, 0.49450822671254474, 0.49460455940829384, 0.4944963686996036, 0.4930065804057651, 0.4960610287057029, 0.49499401615725624], "val_loss": [0.7065626233816147, 0.7055248618125916, 0.70390984416008, 0.7025911957025528, 0.7010348290205002, 0.6996589303016663, 0.6979842185974121, 0.696386381983757, 0.6946910470724106, 0.6929381042718887, 0.6911190152168274, 0.6890772134065628, 0.6867467015981674, 0.6843554973602295, 0.6816982328891754, 0.6785007417201996, 0.6748033612966537, 0.6709521114826202, 0.6676543951034546, 0.6630955338478088, 0.6584353446960449, 0.6542580127716064, 0.648955225944519, 0.6441393792629242, 0.6409800201654434, 0.6360743641853333, 0.6306220144033432, 0.6270266026258469, 0.6224848479032516, 0.6180068701505661, 0.613324299454689, 0.6111548990011215, 0.6063616126775742, 0.6040185838937759, 0.6020695716142654, 0.5945653319358826, 0.5922421365976334, 0.5882956683635712, 0.5868542790412903, 0.5857221931219101, 0.5823221206665039, 0.5816301107406616, 0.5766047835350037, 0.5734215080738068, 0.5683061927556992, 0.5748860836029053, 0.5696270167827606, 0.5694535076618195, 0.5714834630489349, 0.5653178691864014, 0.5641368329524994, 0.5667271614074707, 0.5679442286491394, 0.5617392510175705, 0.5586597844958305, 0.5577842593193054, 0.5556555837392807, 0.5491905882954597, 0.5563915744423866, 0.5588442385196686, 0.5527296289801598, 0.5536327511072159, 0.5540559142827988, 0.5479105710983276, 0.5512343645095825, 0.5524579137563705, 0.5518537014722824, 0.5450879707932472, 0.5504633039236069, 0.5437607616186142, 0.5468312799930573, 0.5427043065428734, 0.5437367036938667, 0.5411047413945198, 0.5427706688642502, 0.5367907881736755, 0.5396605804562569, 0.5422742739319801, 0.5387362763285637, 0.5342844873666763, 0.5373804271221161, 0.5351033732295036, 0.528801791369915, 0.5293219015002251, 0.5309538170695305, 0.5291057974100113, 0.5279537811875343, 0.5318651720881462, 0.5278928652405739, 0.5268838033080101, 0.5298642888665199, 0.5279468297958374, 0.5297462567687035, 0.525280550122261, 0.5238307118415833, 0.5290064439177513, 0.5234702676534653, 0.5197484865784645, 0.519207552075386, 0.5188999250531197, 0.5247340425848961, 0.5223509222269058, 0.5221763253211975, 0.5208988338708878, 0.5269386321306229, 0.5241231769323349, 0.514992468059063, 0.5284423753619194, 0.5178091824054718, 0.5225842967629433, 0.5245156586170197, 0.5132900699973106, 0.5197769403457642, 0.5198078453540802, 0.5178792476654053, 0.5163807421922684, 0.5154876336455345, 0.5138853192329407, 0.5144361704587936, 0.5186129063367844, 0.5170637220144272, 0.5165617913007736]}