{"best_val": 0.48800814896821976, "train_loss": [0.6696676777468787, 0.6232338812616136, 0.5819255941443973, 0.5433852192428377, 0.5236262182394663, 0.5209425207641389, 0.5183529324001737, 0.5146481345097224, 0.5151707298225827, 0.5124028076728185, 0.5139740076329973, 0.5117919709947374, 0.5071681804127164, 0.5082294626368417, 0.5052110387219323, 0.5031160877810584, 0.500434449977345, 0.49694179991881055, 0.49823621412118274, 0.495204230149587, 0.4960588614145915, 0.4909977118174235, 0.48757857580979663, 0.4870863010485967, 0.48726148241096073, 0.4871322429842419, 0.4865593926774131, 0.48559843169318306, 0.4826563464270698, 0.4810373004939821, 0.4824698004457686, 0.4794193141990238, 0.48561051819059586, 0.4852438833978441, 0.4803892688618766, 0.4818106194337209, 0.4821686264541414, 0.48038375708791947, 0.4806829012102551, 0.480887437860171, 0.4780486308866077, 0.48073484831386143], "val_loss": [0.6304954588413239, 0.5956530123949051, 0.5720723122358322, 0.5493407398462296, 0.5432186648249626, 0.5466167777776718, 0.5431149825453758, 0.5419833809137344, 0.5402693971991539, 0.5374591201543808, 0.5331331789493561, 0.5320423096418381, 0.5337223932147026, 0.5311757326126099, 0.5256840586662292, 0.5243689119815826, 0.5243049114942551, 0.5171561688184738, 0.5116928741335869, 0.5130427330732346, 0.5060257315635681, 0.5074061155319214, 0.5067056715488434, 0.5028953477740288, 0.5048129037022591, 0.5142332166433334, 0.4996601864695549, 0.49802888184785843, 0.50330950319767, 0.5001387596130371, 0.5037837103009224, 0.48800814896821976, 0.5039089322090149, 0.49453943222761154, 0.49558576941490173, 0.49698859453201294, 0.49738311022520065, 0.5062706619501114, 0.4952152371406555, 0.49779679626226425, 0.4994658753275871, 0.5002581775188446]}