{"best_val": 0.43511665951121936, "train_loss": [0.6841333531865886, 0.6485823205873078, 0.6102105250545576, 0.5839970988385818, 0.5724801841904136, 0.5628078059822905, 0.5522503297702939, 0.5430125003936244, 0.533327708641688, 0.5219464512432322, 0.5099928688769247, 0.4972889335716472, 0.48724807302157086, 0.4742524325847626, 0.46449336584876566, 0.45872946112763646, 0.45184972181039695, 0.44682616053843033, 0.4425930468475117, 0.4396372495913038, 0.437554492669947, 0.4360071350546444, 0.43499408516229365, 0.433463712533315, 0.4318126282271217, 0.4300534053176057, 0.4286190388249416, 0.428373748180913, 0.42824384219506206, 0.42706208486183017, 0.4276876163248922, 0.4263121292871587, 0.4255172154482673, 0.42595293592004213, 0.4246788270333234, 0.423213147649578, 0.4221565092311186, 0.4228886289923799, 0.42193485942541387, 0.42096606715052737, 0.42054394705622805, 0.4206591955586976, 0.42040527275964323, 0.4198956290880839, 0.41919255373524683, 0.4192526048304988, 0.42043859234043196, 0.41748083163710203, 0.4182736265893076], "val_loss": [0.6671449542045593, 0.6320168375968933, 0.6002685698595914, 0.5856752883304249, 0.5758400992913679, 0.5664351582527161, 0.5572091937065125, 0.5467326695268805, 0.5375666645440188, 0.5263845459981398, 0.5138690878044475, 0.5031068406321786, 0.4908791563727639, 0.4787305485118519, 0.47193188829855487, 0.4653224755417217, 0.4602316915988922, 0.45454653013836255, 0.45167105577208777, 0.45077055963602936, 0.4474597492001273, 0.4470418258146806, 0.4466631385413083, 0.44410075653683057, 0.4412957944653251, 0.4408015717159618, 0.44300717928192834, 0.441616797989065, 0.4396259757605466, 0.441137278621847, 0.43986776200207794, 0.4387603835626082, 0.43878764455968683, 0.4400418996810913, 0.4410572783513503, 0.4395329003984278, 0.43840947476300324, 0.4389862065965479, 0.4370681914416226, 0.4389116872440685, 0.4351751208305359, 0.43788170543583954, 0.43529559536413714, 0.43553037535060535, 0.43533576076680963, 0.43511845577846875, 0.435487454587763, 0.43595990809527313, 0.43511665951121936]}