{"best_val": 0.43811709772456775, "train_loss": [0.651577402563656, 0.6309761463427076, 0.6072053850865832, 0.5876658769214854, 0.5777230905551537, 0.5680209789790359, 0.5597436059923733, 0.546855042962467, 0.534783166997573, 0.5237598612028009, 0.509955635842155, 0.49810643348039363, 0.48684389801586375, 0.47737809665062847, 0.46918166384977456, 0.4618973913146, 0.4567665048674041, 0.4524518742280848, 0.4488780089453155, 0.4457673149950364, 0.4443380616459192, 0.442664084481258, 0.4405837871280371, 0.439255732531641, 0.4387965138052024, 0.4385101614045162, 0.4377749077245301, 0.43651650758350596, 0.43639630780500527, 0.43562595984515023, 0.43422338775559965, 0.4337663375863842, 0.433311356048958, 0.4329458492643693, 0.4329606025826697, 0.4327930171115726, 0.4311380205201168, 0.43000099355099247, 0.4301787381078683, 0.4297681474218182, 0.4293520643430598, 0.428407246575636, 0.42951618982296363, 0.42811700467969854, 0.42732588041062447, 0.4259600166012259, 0.4261846705978992, 0.4261663935932459, 0.4260810859063092, 0.42517120171995726, 0.42423341379446144, 0.42416898526397406, 0.42366912376646904, 0.42351411136926387, 0.42449803036801953, 0.42254288465368983, 0.4214228280619079, 0.4210116074365728, 0.42075879141396166, 0.42104555812536504, 0.41968904464852574, 0.4199079222538892, 0.4186801302666758, 0.4193588226449256, 0.4190857790264429, 0.41999344732247146, 0.4179652748154659, 0.4176042857123356, 0.41697195931976916, 0.4174887047094457, 0.4160018113313937, 0.41623404271462383, 0.4154079679180594, 0.4147052864233653, 0.41482993434457216, 0.4146239295894024, 0.4145429344738231, 0.41340159902385637, 0.4132781396893894, 0.41296952962875366, 0.4130315009285422, 0.4125451241053787, 0.4118715191588682, 0.41164901443556245, 0.41124225539319653, 0.4109016832183389, 0.41082631898861305, 0.41033218129008425], "val_loss": [0.6390259861946106, 0.6144155859947205, 0.5902637080712752, 0.5770536227659746, 0.5674837014891885, 0.5581686821850863, 0.5474391091953624, 0.5354215746576135, 0.5243245227770372, 0.5130244520577517, 0.50251720439304, 0.4923057664524425, 0.485500075600364, 0.47868379137732764, 0.4701261574571783, 0.4650042951107025, 0.46160873770713806, 0.45846159891648725, 0.4592128070917996, 0.4565043422308835, 0.45605535127899866, 0.4546633769165386, 0.4532624212178317, 0.45465080033649097, 0.4522277739914981, 0.45210877331820404, 0.45080857656218787, 0.4511645355007865, 0.4499345503070138, 0.4488595182245428, 0.4496160122481259, 0.4488054703582417, 0.4468233043497259, 0.4469116573983973, 0.44889845089478925, 0.4485339712012898, 0.4469741637056524, 0.4456197565252131, 0.44868300448764453, 0.44595600258220325, 0.4444767561825839, 0.4467939707365903, 0.4467154009775682, 0.4451397792859511, 0.4442866011099382, 0.44388755885037506, 0.4447967220436443, 0.4454494687643918, 0.4432277408513156, 0.44228799776597455, 0.44442679665305396, 0.4433898790316148, 0.44470310482111847, 0.4430131560022181, 0.4421488507227464, 0.4434067932042209, 0.4431398240002719, 0.4416304582899267, 0.4419750083576549, 0.44238819859244605, 0.44053967703472485, 0.4411817599426616, 0.441543465310877, 0.442523178729144, 0.4412787285718051, 0.44204121828079224, 0.4407297670841217, 0.4397930150682276, 0.44209435853091156, 0.4420650872317227, 0.4411151652986353, 0.4401717727834528, 0.4399768818508495, 0.4405043125152588, 0.4411261894486167, 0.44014026901938696, 0.43954684788530524, 0.43811709772456775, 0.4384536092931574, 0.4386187060312791, 0.43817373568361456, 0.4388763200153004, 0.43931991945613513, 0.43879516287283465, 0.43964921073480084, 0.43814288757064124, 0.43950821594758466, 0.4384486133402044]}