{"best_val": 0.41063803976232355, "train_loss": [0.64334309685464, 0.5801089037867153, 0.536489199773938, 0.4961930980869368, 0.4737001721765481, 0.46282155665696834, 0.4572332454662697, 0.45420972155589684, 0.4536610853438284, 0.4511783982024473, 0.44947096939180414, 0.4478276161586537, 0.4467827145959817, 0.4461183477850521, 0.4440760063190086, 0.4418002974753286, 0.4407889036571278, 0.4402644494000603, 0.43836183057111855, 0.437456595547059, 0.4360850950082143, 0.43380838515711767, 0.4326907554093529, 0.43154266768810795, 0.4300702056464027, 0.42859677590575873, 0.4252219667621687, 0.4239165064166574, 0.4243367624049093, 0.42105326874583376, 0.41952215690238803, 0.4188677843879251, 0.41750634768429923, 0.41444479133568557, 0.4140184568423851, 0.41349278594933303, 0.4127576917994256, 0.4090380101811652, 0.4067491777971679, 0.40385475462558224, 0.40390751350159737, 0.4019300294857399, 0.4005553418514775, 0.3994992912984362, 0.3975796232036516, 0.3970382324620789, 0.39384099899553787, 0.39243818790304896, 0.3918593017493977, 0.3902561974291708, 0.38769985004967333, 0.385031999910579, 0.38574211796124774, 0.38433248096821354, 0.38224958672243003, 0.37975309993706496, 0.37801462353444565, 0.37778043221024904, 0.37562060414576065, 0.3752000255911958, 0.37271709243456524, 0.37173886626374486, 0.3697051931830013, 0.367084333709642, 0.3671762680306154, 0.3650696756793003, 0.36431728975445615, 0.36320895891563565, 0.3628423155522814, 0.35947533565409046, 0.3595161700949949, 0.3569450080394745, 0.3558764013589597, 0.3552037354777841, 0.3549785374426374, 0.3512425387606901, 0.3499923658137228, 0.3497054284694148, 0.34783873429485396, 0.3477863026600258, 0.34787334297217576, 0.34423347898558077, 0.3429774478370068, 0.3419372909793667, 0.34156007217425927], "val_loss": [0.5921555161476135, 0.5535772117701444, 0.5075757070021196, 0.4760905585505746, 0.4605481001463803, 0.4539038836956024, 0.45137236335060815, 0.4518816823309118, 0.44756058671257715, 0.4481918324123729, 0.44954438643022016, 0.44800563292069867, 0.44557298855348065, 0.44447536631063983, 0.44472417506304657, 0.4443443580107255, 0.444566474719481, 0.4398763504895297, 0.4449909952553836, 0.44169899279421027, 0.4412658485499295, 0.4364386417649009, 0.43769406188618054, 0.44042137265205383, 0.43869962204586377, 0.43795534697445954, 0.43749038739637897, 0.43563680215315387, 0.43453270196914673, 0.4336941756985404, 0.4343796507878737, 0.43655912984501233, 0.43373108993877063, 0.4308685741641305, 0.43386274576187134, 0.4279815364967693, 0.4292621043595401, 0.42807346311482514, 0.4282039999961853, 0.4297098625789989, 0.43194824728098785, 0.4262903793291612, 0.4258447831327265, 0.4287806451320648, 0.425668713721362, 0.42411117391152814, 0.42350935665043915, 0.4207753999666734, 0.42946207794276153, 0.42303130301562225, 0.4245390675284646, 0.42369799451394513, 0.42225299640135333, 0.42194411700422113, 0.42387512597170746, 0.42039540951902216, 0.4185620519247922, 0.4202088605273854, 0.4198907586661252, 0.4184615747495131, 0.4204553148963235, 0.4179182160984386, 0.41871851682662964, 0.4160620055415414, 0.41894940625537525, 0.4168188951232217, 0.4203083433888175, 0.4148425514047796, 0.4135082174431194, 0.4155059077522971, 0.41307214173403656, 0.4115904677997936, 0.4137250076640736, 0.4165198640389876, 0.41063803976232355, 0.4133798723871058, 0.4146069125695662, 0.414056734605269, 0.4136756523088975, 0.4130935858596455, 0.41549401120706037, 0.4110326739874753, 0.41328384388576855, 0.41635368087074975, 0.412261426448822]}