{"best_val": 0.4820103198289871, "train_loss": [0.7124897771411471, 0.67651809586419, 0.6326144834359487, 0.5863628718588088, 0.5536180320713255, 0.5318542503648334, 0.5201892190509372, 0.5071114748716354, 0.501555386516783, 0.4982517394754622, 0.5000992914040884, 0.49762194686465794, 0.49404331545035046, 0.4919900745153427, 0.49381452633274925, 0.48832719524701435, 0.48804352846410537, 0.4863964219888051, 0.48651259475284153, 0.48359308143456775, 0.48106839259465534, 0.48347368008560604, 0.4800657199488746, 0.47943764593866134, 0.47465280029508805, 0.47582849032349056, 0.47322266631656223, 0.47045321265856427, 0.47292948100301957, 0.47242279681894517, 0.47090432047843933, 0.47305649684535134, 0.4677576555146111, 0.46728860172960496, 0.46634963485929704, 0.46879270672798157, 0.4686666876077652, 0.46819555428293014, 0.4671613226334254, 0.46591412358813816, 0.4664138654867808], "val_loss": [0.6884694546461105, 0.6530337333679199, 0.6131326407194138, 0.5842611342668533, 0.5705462098121643, 0.5466499701142311, 0.539083257317543, 0.5245294123888016, 0.5190608352422714, 0.5159769579768181, 0.5105492249131203, 0.5122157707810402, 0.5099104940891266, 0.5015379264950752, 0.5074521973729134, 0.500698521733284, 0.48677757382392883, 0.49316077679395676, 0.48625046014785767, 0.49761030822992325, 0.4900886118412018, 0.4833023250102997, 0.4878898039460182, 0.48356179893016815, 0.49224331974983215, 0.49007903784513474, 0.486699141561985, 0.4903417155146599, 0.48859362304210663, 0.4827839210629463, 0.4820103198289871, 0.48915717005729675, 0.484687939286232, 0.48577503114938736, 0.48615653067827225, 0.48303285241127014, 0.4922632724046707, 0.4920536056160927, 0.48850632458925247, 0.4856073632836342, 0.4881381466984749]}