{"best_val": 0.49365250766277313, "train_loss": [0.7277692390812768, 0.7077232731713189, 0.6896462208694882, 0.6691466801696353, 0.644576178656684, 0.6184186968538496, 0.590382907125685, 0.5633137822151184, 0.5400732705990473, 0.5232262561718622, 0.5101317316293716, 0.5096922665834427, 0.5021892901923921, 0.49977514147758484, 0.49804656704266864, 0.4993152485953437, 0.4953542500734329, 0.4939957724677192, 0.49168289204438526, 0.49142269293467206, 0.4904157254430983, 0.48804112937715316, 0.4874931590424644, 0.48812516695923275, 0.4888258824745814, 0.4858990791771147, 0.4887640244430966, 0.4902479516135322, 0.4848213129573398, 0.4840274751186371, 0.48494065801302594, 0.48238348464171094, 0.4843195693360435, 0.483103151122729, 0.4844902919398414, 0.48384373221132493, 0.4794044511185752, 0.48278863893614876, 0.48000862697760266, 0.48228797647688126, 0.48039209014839596, 0.48089827100435895, 0.481309187081125, 0.4790346026420593, 0.4802347934908337, 0.4780479934480455, 0.4791933115985658, 0.475411797563235, 0.47813355757130516], "val_loss": [0.717317596077919, 0.6998017877340317, 0.6826636344194412, 0.6608396023511887, 0.6353516131639481, 0.6112973392009735, 0.585004985332489, 0.5577916502952576, 0.5407194197177887, 0.5305843576788902, 0.523158386349678, 0.5168709084391594, 0.5165506973862648, 0.5146584361791611, 0.5191575437784195, 0.5131834223866463, 0.5133812204003334, 0.5176591351628304, 0.5094208419322968, 0.5153930559754372, 0.5103049427270889, 0.5124431997537613, 0.5149319469928741, 0.5139029398560524, 0.5114167183637619, 0.5084999427199364, 0.5087903439998627, 0.5122111365199089, 0.5031491592526436, 0.5092252641916275, 0.5042252689599991, 0.5086028054356575, 0.50619026273489, 0.5083371847867966, 0.5027774944901466, 0.5047233402729034, 0.5006751194596291, 0.501529686152935, 0.49365250766277313, 0.5054837837815285, 0.4999125525355339, 0.49947579205036163, 0.500543512403965, 0.4996003434062004, 0.49785076081752777, 0.49771514534950256, 0.5057410895824432, 0.4975457265973091, 0.49682585895061493]}