{"best_val": 0.4799826741218567, "train_loss": [0.7441553042994605, 0.6853808595074548, 0.6276932822333442, 0.5836355520619286, 0.5452820145421557, 0.525735573636161, 0.5139217740959592, 0.5083243432972167, 0.5038273980220159, 0.49811673329936135, 0.49580756492084926, 0.4905565463834339, 0.49469048115942216, 0.48774513602256775, 0.4859722140762541, 0.48217883871661293, 0.47897132900026107, 0.4767020278506809, 0.47751838465531665, 0.474030550983217, 0.4728630698389477, 0.47366811169518364, 0.4715302801794476, 0.46862897442446816, 0.47071461545096505, 0.46700560053189594, 0.46582020819187164, 0.46747732824749416, 0.46594390438662636, 0.4659304486380683, 0.4705750213729011, 0.46525299217965865, 0.46367911332183415, 0.46636616355843014, 0.46533060239421, 0.46686894694964093, 0.46518037219842273, 0.4614698241154353, 0.4633236941364076], "val_loss": [0.6847184300422668, 0.6277970671653748, 0.5728390067815781, 0.5390022099018097, 0.5195992887020111, 0.5113709419965744, 0.5107239931821823, 0.5104775503277779, 0.5008344277739525, 0.5039522498846054, 0.5040732771158218, 0.5060956105589867, 0.5040813833475113, 0.4998764842748642, 0.49522214382886887, 0.49548517912626266, 0.500620424747467, 0.49768592417240143, 0.4938279688358307, 0.4960605055093765, 0.48443181067705154, 0.48931948840618134, 0.4910806119441986, 0.48629479110240936, 0.4906817898154259, 0.48677222430706024, 0.4882797747850418, 0.48890553414821625, 0.4799826741218567, 0.48899830132722855, 0.4876692518591881, 0.4889664873480797, 0.48212534189224243, 0.4921931177377701, 0.4834168702363968, 0.486288420855999, 0.4874511957168579, 0.49134331941604614, 0.48653943091630936]}