{"best_val": 0.45729598673907196, "train_loss": [0.6583960278361451, 0.617686486711689, 0.5843172225297666, 0.5630442546863182, 0.5410579700095981, 0.5167237555279451, 0.4905878486586552, 0.46887924040065093, 0.4573420537453072, 0.45162904671594206, 0.44693932346269194, 0.44470783074696857, 0.4430600422270158, 0.4414510487341413, 0.440410783477858, 0.438645810473199, 0.4368394648327547, 0.4364154607641931, 0.43596844930274814, 0.4361528649049647, 0.43267681785658296, 0.4336111738401301, 0.43231582933781193, 0.4314221500181684, 0.4299910582748114, 0.4298731240571714, 0.42764800845407974, 0.4290338146920298, 0.4277090079644147, 0.42618293563524884, 0.4257611147328919, 0.42494440955274243, 0.4243689500818066, 0.4241284687145084, 0.422560161819645, 0.42221318623598886, 0.42314254886963787, 0.4207942006634731], "val_loss": [0.6385538469661366, 0.6003000411120328, 0.5778962698849764, 0.5576577945189043, 0.5370954762805592, 0.5140778070146387, 0.4866578687321056, 0.46969577941027557, 0.46469707922501996, 0.46400822834535077, 0.46160639145157556, 0.4594821279699152, 0.4607995558868755, 0.4602289687503468, 0.45979259230873804, 0.46189387007193133, 0.46131084723906085, 0.4602465412833474, 0.45784859494729474, 0.459278095852245, 0.46148705211552704, 0.45973710038445215, 0.459338442845778, 0.460959103974429, 0.4597668132998727, 0.46042971448464826, 0.4573439495130019, 0.45729598673907196, 0.46081130612980237, 0.4595147290013053, 0.4586298845031045, 0.4617642489346591, 0.463961587710814, 0.4587497900832783, 0.46044185757637024, 0.4621166668154977, 0.4601977196606723, 0.4606970386071639]}