{"best_val": 0.46600499749183655, "train_loss": [0.6768633491463132, 0.625578502813975, 0.5831898252169291, 0.5619275669256846, 0.5511700246069167, 0.5419578817155626, 0.542570463485188, 0.5371299121114943, 0.532283322678672, 0.5284862683879005, 0.5285311059819328, 0.525930267241266, 0.5211136407322354, 0.5186738901668124, 0.5161802669366201, 0.5149165110455619, 0.5127779112921821, 0.5135491887728373, 0.5094132158491347, 0.5113999727699492, 0.5102288275957108, 0.5106120457251867, 0.5118023488256667, 0.512862879368994, 0.5097922384738922, 0.505460744102796, 0.5074220101038615, 0.5111985951662064, 0.5064639780256484, 0.5062475519047843, 0.5023549165990617, 0.5043068644073274, 0.5055614726410972, 0.5039586689737108, 0.5054278506173028, 0.5056142972575294, 0.5046360128455691, 0.5041346318191953, 0.500441892279519, 0.5024620079331927, 0.5037084503306283, 0.5027307089832094, 0.5022844241725074, 0.5025176637702518, 0.500927577416102, 0.5011644528971778, 0.5007567157347997, 0.5002219809426202, 0.4991338799397151], "val_loss": [0.6350944936275482, 0.5679421126842499, 0.5227838233113289, 0.5054091960191727, 0.4976288229227066, 0.49764829128980637, 0.49179597198963165, 0.4927273616194725, 0.4903442859649658, 0.48988761752843857, 0.4861786812543869, 0.4831187576055527, 0.48383354395627975, 0.4810321629047394, 0.4773407503962517, 0.4828450605273247, 0.4760159105062485, 0.47453880310058594, 0.47708532214164734, 0.47391730546951294, 0.47518983483314514, 0.4743131175637245, 0.4789336174726486, 0.4725226014852524, 0.47570380568504333, 0.47690489143133163, 0.4701053500175476, 0.47423478215932846, 0.47274085879325867, 0.47200001031160355, 0.47433628141880035, 0.4809105843305588, 0.48018740117549896, 0.47272560000419617, 0.4695866331458092, 0.47134920954704285, 0.4777325615286827, 0.47055385261774063, 0.46600499749183655, 0.47439587861299515, 0.48082467168569565, 0.47942785918712616, 0.47997700423002243, 0.4801115468144417, 0.4731500372290611, 0.4718809872865677, 0.47075874358415604, 0.47650159150362015, 0.47311507910490036]}