{"best_val": 0.44791603630239313, "train_loss": [0.6490951192145255, 0.6178344967318516, 0.600177991623972, 0.5895841998212478, 0.5793261060527727, 0.5682173318722669, 0.5553697756692475, 0.5425924243880254, 0.5303641031770145, 0.5156505411746455, 0.5051205988023796, 0.4974270813605365, 0.4894997027574801, 0.4830426696468802, 0.47830984756058337, 0.47550955531643885, 0.47201311588287354, 0.46946625966651767, 0.4680115335127887, 0.46645137317040386, 0.46635981985166963, 0.4655872320427614, 0.46321362373875635, 0.4634422478722591, 0.4628200583598193, 0.4627974424876419, 0.46276715748450337, 0.4612569557685478, 0.46119407520574685, 0.4620706742885066, 0.46117870831022073, 0.45935125678193334, 0.4597039298683989, 0.46005260476879045, 0.4589654698091395, 0.457660717122695, 0.4578637498266557, 0.4568386662240122, 0.45761418459462183, 0.45690518033270744, 0.45583776808252524, 0.4567671488313114], "val_loss": [0.6133403778076172, 0.5901198874820363, 0.5799755399877374, 0.5699681206183, 0.5601751479235563, 0.5479714382778514, 0.534206666729667, 0.5206758650866422, 0.5065152590925043, 0.49415273558009754, 0.48386260867118835, 0.4798167076977817, 0.47262892668897455, 0.4676913917064667, 0.464741281487725, 0.46080701730468054, 0.4579878639091145, 0.4569632411003113, 0.45703133940696716, 0.4550886966965415, 0.45412753928791394, 0.45363973758437415, 0.45408406311815436, 0.4527672691778703, 0.45211579582907935, 0.45247031070969324, 0.45054881410165265, 0.4524561789902774, 0.4508954720063643, 0.45254604653878644, 0.45200659199194476, 0.44791603630239313, 0.4520279738036069, 0.44924053820696747, 0.4510108476335352, 0.4508817195892334, 0.4519720565189015, 0.4498858099633997, 0.4489002986387773, 0.4496580687436191, 0.45060894976962695, 0.4502401595765894]}