{"best_val": 0.4677257510748776, "train_loss": [0.6539738821048363, 0.6305956548335505, 0.6069064245504492, 0.5881997779303906, 0.580782905513165, 0.5731649784480825, 0.5677324854860119, 0.5596209933944777, 0.5510299503803253, 0.540851764234842, 0.5261260814526502, 0.5150457439469356, 0.504634335344913, 0.49547649247973574, 0.4884203666565465, 0.48040342564676325, 0.47481877897299973, 0.4706284701824188, 0.46615416571205737, 0.4631878108370538, 0.4598444086663863, 0.45837396675465153, 0.45638059050429103, 0.45372456136871786, 0.45359596142581865, 0.4515049212119159, 0.45051705720377905, 0.4487166328757417, 0.44851497516912575, 0.4485575603503807, 0.44752341567301285, 0.44741911280388924, 0.44673771893276887, 0.445786794611052, 0.4441713123929267, 0.4436133948026919, 0.4427475993539773, 0.44323650119351404, 0.4426904273968117, 0.4413827873912512, 0.44112417335603754, 0.4418225931186302, 0.4405842026074727, 0.440262345122356, 0.4395835767774021, 0.4404483250543183, 0.4373728329060124, 0.43782375139348645, 0.4392056114533368, 0.43872596352708104, 0.4377225526407653, 0.437267764526255, 0.43751350921743054, 0.43680330117543537, 0.4362091387019438, 0.43608388655325947, 0.43566712795519363, 0.4349478687725815, 0.4346538501627305, 0.4343000060203029, 0.43404973663535773, 0.4344326579103283, 0.43342500457576677, 0.4323464474257301, 0.43318258138263926, 0.43284742797122283, 0.43073247986681323, 0.43130547041986506, 0.4309461572590996, 0.4299730015736, 0.43062713625384313, 0.43008338236341287, 0.4300342523584179, 0.4288809036507326, 0.4294414707258636, 0.42881064964275734, 0.4282257954279582, 0.4279657228320253, 0.42830566915811275, 0.4277418518767637, 0.42763286127763633, 0.4266405502955119, 0.4267143940224367, 0.426513017392626, 0.426350883993448, 0.426351211234635, 0.4249874517029407, 0.42479481065974517, 0.424945194347232, 0.42520647072324563, 0.42336036294114354, 0.42401059702330945, 0.42364342948969674, 0.4241645353681901, 0.4240502008036071, 0.4208751648080115, 0.42306261319740146], "val_loss": [0.6496013728055087, 0.6254703185775063, 0.6051838939840143, 0.5946624875068665, 0.5870458266951821, 0.5805485519495878, 0.5749471512707797, 0.5675217617641796, 0.5606071000749414, 0.5458777546882629, 0.5371775545857169, 0.5263955132527784, 0.5182039981538599, 0.5086513053287159, 0.5026578632268038, 0.49580051682212134, 0.4924700341441415, 0.48843336376276886, 0.48516579920595343, 0.483060974966396, 0.4814609505913474, 0.47922150926156476, 0.47782664136453107, 0.4773795929822055, 0.47709921815178613, 0.47716413031924854, 0.4765700535340743, 0.4748324074528434, 0.4745654490861026, 0.475637901913036, 0.4749598801136017, 0.47564365376125683, 0.47449159351262177, 0.4754580801183527, 0.4763550948012959, 0.4749108011072332, 0.47454293207688764, 0.47532094337723474, 0.476542513478886, 0.47488385709849273, 0.47486006942662323, 0.4763900745998729, 0.474075358022343, 0.47321864420717413, 0.4748321094296195, 0.47386511076580395, 0.47361084818840027, 0.47435597668994556, 0.4728781526738947, 0.4715722609650005, 0.4730247530070218, 0.4720805449919267, 0.4711188484321941, 0.47222200306979095, 0.4717372412031347, 0.47174161130731757, 0.4713522791862488, 0.4706991206515919, 0.47158617594025354, 0.4735688323324377, 0.47247577797282825, 0.47064750302921643, 0.4715229191563346, 0.47127896547317505, 0.4710876562378623, 0.47275894609364594, 0.47034136002713983, 0.47102014043114404, 0.4704929915341464, 0.4730484052137895, 0.47081887180154974, 0.4704141779379411, 0.47070659561590716, 0.47077311169017444, 0.4694727198644118, 0.4721781042489139, 0.4692024534398859, 0.4701587910001928, 0.47064533829689026, 0.46989687464453955, 0.469579588283192, 0.468357270414179, 0.47066951339895075, 0.46945914897051727, 0.46876690875400195, 0.4713035144589164, 0.4677257510748776, 0.47300064021890814, 0.4697454138235612, 0.4691817218607122, 0.469049101526087, 0.46921704574064776, 0.46956748041239654, 0.46970121427015826, 0.46997855739160016, 0.4699205891652541, 0.47065590728412976]}