{"best_val": 0.47100015729665756, "train_loss": [0.7148331271277534, 0.6863881912496355, 0.6638748215304481, 0.6383287045690749, 0.6069202058845096, 0.5731237861845229, 0.547233470612102, 0.5322601745525996, 0.5251229819324281, 0.5184792396095064, 0.5114089631372027, 0.5087326649162505, 0.5059777696927389, 0.4999977366791831, 0.5005044539769491, 0.4937107231881883, 0.4923250294393963, 0.4905395292573505, 0.4868711415264342, 0.486052296227879, 0.4884890764951706, 0.48495004574457806, 0.4852414346403546, 0.47869887782467735, 0.48282143473625183, 0.48285950389173293, 0.4847058157126109, 0.48206055329905617, 0.4804068191183938, 0.48002191219064927, 0.48215145700507694, 0.48034507698482937, 0.48161561290423077, 0.4811995244688458, 0.48430556886725956, 0.48106739421685535, 0.47692890961964923, 0.4781351486841838, 0.480220678779814, 0.4766931053664949, 0.4799586666954888, 0.4765383352835973, 0.4825642704963684, 0.4769631259971195, 0.47818253768814933, 0.47871992985407513, 0.4777136577500237], "val_loss": [0.6786457151174545, 0.6535731554031372, 0.6299398243427277, 0.6031220406293869, 0.5775043815374374, 0.5548929423093796, 0.5348538160324097, 0.5244289636611938, 0.50436170399189, 0.5013890340924263, 0.5033671408891678, 0.48857637494802475, 0.4853636845946312, 0.49149346351623535, 0.48557695001363754, 0.47818514704704285, 0.4830845594406128, 0.48244698345661163, 0.47936559468507767, 0.4795416072010994, 0.47968000173568726, 0.48454903811216354, 0.48170577734708786, 0.47913773357868195, 0.4754299744963646, 0.4802594929933548, 0.48237092792987823, 0.4742453992366791, 0.48035039752721786, 0.47800174355506897, 0.47927672415971756, 0.4777613580226898, 0.47888902574777603, 0.4820168614387512, 0.47926056385040283, 0.4737406373023987, 0.47100015729665756, 0.47567426413297653, 0.47694583237171173, 0.4759334400296211, 0.47474782913923264, 0.47593091428279877, 0.4774007350206375, 0.4798472374677658, 0.4779994636774063, 0.47529562562704086, 0.47630855441093445]}