{"best_val": 0.4266273948279294, "train_loss": [0.6240108702697006, 0.5810053331010482, 0.5521811165061652, 0.5210335722156599, 0.49435079682107064, 0.4748133935180365, 0.45658543296888765, 0.4492323083036086, 0.44789228018592386, 0.4434085085111506, 0.44162609705737993, 0.4396030575621362, 0.4381587949453616, 0.43537629527204175, 0.4347985538781858, 0.4311442661519144, 0.4293491343657176, 0.42923102484029885, 0.42635002732276917, 0.42482437456355376, 0.4213518155556099, 0.42089245541422976, 0.4181094865004222, 0.4174611451579075, 0.4164076798102435, 0.41233816392281475, 0.4098144939132765, 0.40818360623191385, 0.40700483964938744, 0.4051136257601719, 0.40313947726698485, 0.4017641795616524, 0.3980447018847746, 0.39718544600056666, 0.396354813786114, 0.39537419291103587, 0.39227287967999774, 0.39006368786680934, 0.3863658443385479, 0.38658448352533226, 0.38443443354438334, 0.3817364415701698, 0.38020041935584126, 0.37858280890128193, 0.37762974231850865, 0.3756959929185755, 0.3722194994197172, 0.37282490554977865, 0.37222474755025375, 0.36767485620928747, 0.36660822641615776, 0.3662140795997545, 0.36452530821164447, 0.3615272126945795, 0.3594183261487998, 0.3597216062686023, 0.3567895620476966, 0.3572193501042385, 0.35252219526206746], "val_loss": [0.5779720165512778, 0.5538957227360118, 0.5227877172556791, 0.4954016018997539, 0.4707878123630177, 0.4537292177026922, 0.44283784248612146, 0.4370896978811784, 0.439325522292744, 0.4365071681412784, 0.4341109882701527, 0.4358768436041745, 0.43386305191300134, 0.4368158145384355, 0.4322999390688809, 0.4353748289021579, 0.4325327358462594, 0.43268232995813544, 0.4320927289399234, 0.4321946014057506, 0.4316011504693465, 0.43016205592588946, 0.43008733879436145, 0.4341725436123935, 0.4322397302497517, 0.4313755279237574, 0.43109739097681915, 0.4309140145778656, 0.4291412017562173, 0.43487963622266596, 0.4317862879146229, 0.4281354275616733, 0.43109648065133527, 0.43047943169420416, 0.43082337216897443, 0.4303878572854129, 0.4298741980032487, 0.4305810711600564, 0.42688370563767175, 0.42741538990627637, 0.42822929403998633, 0.4276445209980011, 0.42957007072188635, 0.4287868765267459, 0.4299045882441781, 0.43037173422900116, 0.42817880619655957, 0.42989684776826337, 0.4266273948279294, 0.42776023799722845, 0.4322039376605641, 0.42985834858634253, 0.43034991351040924, 0.43046747012571857, 0.4326775615865534, 0.4301438900557431, 0.4305384998971766, 0.43298364227468317, 0.4362270046364177]}