{"best_val": 0.457538133317774, "train_loss": [0.6565927956618515, 0.5966757372313855, 0.5703702598225837, 0.5393338291084065, 0.5041230911133336, 0.47684448080904346, 0.46252405760334986, 0.45457493791393205, 0.45222517614271124, 0.44934863378019896, 0.447621660489662, 0.446050449329264, 0.44441155300420876, 0.44402654381359324, 0.44127777627870146, 0.43942998963243823, 0.4419507021997489, 0.4388757336373423, 0.43590333999371994, 0.4357641426955952, 0.43622195603800756, 0.43236828785316617, 0.433979998032252, 0.43083081292171105, 0.430455100886962, 0.4292134648444606, 0.4267112828937231, 0.4258476291217056], "val_loss": [0.6186534654010426, 0.577074105089361, 0.5574523752385919, 0.5301931690086018, 0.49783821268515155, 0.476596016775478, 0.4702869084748355, 0.46834628690372815, 0.4647113247351213, 0.46276589415290137, 0.4628934020345861, 0.46068761023608124, 0.4604818522930145, 0.46135415001349017, 0.46006673303517426, 0.4654460061680187, 0.45836401798508386, 0.457538133317774, 0.4603476822376251, 0.45919275825673883, 0.45919334617528046, 0.45836243575269525, 0.4608034003864635, 0.45988978851925244, 0.4596288420937278, 0.46103388612920587, 0.46108000115914777, 0.4599737064404921]}