{"best_val": 0.45904161713340064, "train_loss": [0.7402453854972241, 0.6437595778820562, 0.5980009985905067, 0.5710268511491663, 0.5468343087271148, 0.5229889049249536, 0.5011744896570841, 0.48746709379495357, 0.4772060233003953, 0.47112393437647354, 0.47051583551893045, 0.4695018319522633, 0.4691095188552258, 0.46771702404115717, 0.4674534891165939, 0.4657737899060343, 0.46443644341300516, 0.4647420446077983, 0.4635935706250808, 0.463424225063885, 0.4621124986340018, 0.4620787887012257, 0.46204641519808304, 0.4613918930876489, 0.4607236572340423, 0.46004733267952413, 0.4611065218261644, 0.4604502594938465, 0.45929841901741775, 0.45810604270766764, 0.45784105857213336, 0.45682291072957654, 0.45713873412094863, 0.45625949256560383, 0.456095149119695, 0.45543355626218457, 0.45510763046788233, 0.4550548593203227, 0.45395925816367655, 0.45357467263352635, 0.4522609091272541, 0.45197391217830135, 0.45255233259762034, 0.4515240157351774, 0.4506458120018828, 0.4513293831956153, 0.45068788645314234, 0.4499351317976035, 0.44944215171477375, 0.4475812795115452, 0.44737185800776763, 0.4485333222968906, 0.4472168888531479, 0.44692741071476655, 0.4464173620822383, 0.4452125266486523, 0.44674211506750067, 0.4444064363545063, 0.44385701826974455, 0.44442257869477364, 0.4434015248336044, 0.44203508250853596, 0.4430730500641991, 0.44273057054070863, 0.4417630574282478, 0.4414959637557759, 0.43989820866023793, 0.44039616923706204, 0.44026343027750653, 0.4396202318808612, 0.43967456735816657, 0.4384327858102088, 0.4392169217268626, 0.43774475887709974, 0.43752119354173247, 0.43753906032618356, 0.43644434797997567, 0.43570354054955873, 0.43603768477252886, 0.43587475956655014, 0.4336353733259089, 0.4345684577437008, 0.433963992432052, 0.4335607559073205, 0.4339159055083406, 0.43430230664271935, 0.4331237106930976, 0.43267646724102543, 0.4324176130341549, 0.43086760476523756], "val_loss": [0.6518234447999434, 0.5983031066981229, 0.5733089772137728, 0.5494578263976357, 0.5268691073764454, 0.5056334733963013, 0.49035537242889404, 0.4821297824382782, 0.4756901806051081, 0.47441794926469977, 0.4722366522658955, 0.47381867603822186, 0.4726312214677984, 0.47223311391743744, 0.47183858264576306, 0.4733828848058527, 0.47399300607767975, 0.4704716070131822, 0.4710347977551547, 0.4712323952804912, 0.4705812362107364, 0.47054536776109174, 0.47089859572323883, 0.4693792462348938, 0.46901854601773346, 0.47375442494045605, 0.47209940444339404, 0.46805972131815826, 0.47088339924812317, 0.46945951743559405, 0.4684284112670205, 0.4671751775524833, 0.46552480079910974, 0.4674596678126942, 0.46748390793800354, 0.4662091650746085, 0.4665873402898962, 0.4673166275024414, 0.4673148366537961, 0.465408287265084, 0.4660772518678145, 0.4674439619887959, 0.46521585096012463, 0.4648916071111506, 0.4643914509903301, 0.4633278955112804, 0.4636153958060525, 0.4647775807163932, 0.46494481238451874, 0.4643344364383004, 0.46570608561689203, 0.46378113464875653, 0.4644215703010559, 0.46438994190909644, 0.4635274410247803, 0.4625390740958127, 0.46187090331857855, 0.46211055192080414, 0.46355101466178894, 0.46304523944854736, 0.4624128152023662, 0.4635000689463182, 0.46219102902845904, 0.46285990151492035, 0.4615179029378024, 0.46230475198138843, 0.4614977917887948, 0.462235534732992, 0.4624372991648587, 0.46246836944059894, 0.4629409475760026, 0.4636544205925681, 0.4629856754433025, 0.46138846603306854, 0.4620988910848444, 0.462174805727872, 0.4625817970796065, 0.462127379395745, 0.46207636865702545, 0.45904161713340064, 0.46062562140551483, 0.46199783411892975, 0.46116815642877057, 0.4613870219750838, 0.461351985281164, 0.46259883588010614, 0.4628027244047685, 0.46065073121677746, 0.4607093794779344, 0.4614283388311213]}