{"best_val": 0.4617391364140944, "train_loss": [0.7343402469859404, 0.6830376281457788, 0.6359341670485104, 0.5992553315910638, 0.579506489576078, 0.5666004179739484, 0.5535597491498087, 0.5390081312142166, 0.522488231752433, 0.5046178815411586, 0.4901187834786434, 0.47968531297702416, 0.4718410793472739, 0.4653807843432707, 0.4633717420054417, 0.4605357752126806, 0.459807156347761, 0.458023749145807, 0.4565400282541911, 0.4549553224853441, 0.4548285609366847, 0.4547980988726896, 0.45506756621248584, 0.45378448565800983, 0.45350855296733333, 0.4523880709620083, 0.45287003645709917, 0.4512468751739053, 0.45095466223417546, 0.45151180847018374, 0.451636156615089, 0.4511854146041122, 0.45058443148930866, 0.4495266418831021, 0.4504533497726216, 0.44962312544093413, 0.4498085519846748, 0.4501266689861522, 0.44830161216212255, 0.44856105306569266, 0.4483141501744588], "val_loss": [0.6980503147298639, 0.6511072353883223, 0.6086260026151483, 0.5859380526976152, 0.5747657743367282, 0.5640089945359663, 0.5524337237531488, 0.5365300964225422, 0.5201439938761971, 0.5039621672847054, 0.4904194176197052, 0.48193675550547516, 0.47623054818673566, 0.4730975763364272, 0.4684626107866114, 0.46907712383703754, 0.4685609828342091, 0.46777175773273816, 0.4664186185056513, 0.46794225952842017, 0.4656314876946536, 0.46499473398382013, 0.4635135585611517, 0.46571987054564734, 0.4662179946899414, 0.4645242311737754, 0.4653702405366031, 0.466363169930198, 0.464930767362768, 0.46555887027220294, 0.4617391364140944, 0.46189028837464075, 0.46328848058527167, 0.4619703103195537, 0.46421120925383136, 0.4636276364326477, 0.46417337926951324, 0.46257405389438977, 0.46353109587322583, 0.4620991295034235, 0.4635114209218459]}