{"best_val": 0.44577567279338837, "train_loss": [0.6809834142525991, 0.6540041797690921, 0.6256316204865774, 0.5994843906826444, 0.5745854940679338, 0.5607486300998263, 0.5478377805815803, 0.5432549019654592, 0.53666852414608, 0.5318595121304194, 0.5238774749967787, 0.526759558253818, 0.5199122875928879, 0.5178514238860872, 0.5139229562547472, 0.5132777525318993, 0.5114612893925773, 0.50718644923634, 0.5046015448040433, 0.5044901387559043, 0.5038833833403058, 0.500734171933598, 0.49832332465383744, 0.49901384943061405, 0.4984677897559272, 0.49682797491550446, 0.49734561807579464, 0.4949837840265698, 0.4962322877513038, 0.495076780517896, 0.49521763291623855, 0.49381977650854325, 0.4924015204111735, 0.4912857645087772, 0.4914418508609136, 0.49243009752697414, 0.48887234760655296, 0.48935094641314614, 0.48958464960257214, 0.4885267698102527, 0.48802190522352856, 0.4886474443806542, 0.4880782713492711, 0.4891500406795078, 0.4897587216562695, 0.4852469265460968, 0.4889250811603334, 0.48507581320073867, 0.48923033310307396, 0.4909844696521759, 0.4846883349948459, 0.483939250310262, 0.48372290862931144, 0.48545467025703853, 0.48221151034037274, 0.4862225635184182, 0.48262232210901046, 0.4852627350224389, 0.4819826947318183, 0.48262179228994584, 0.4843423416217168, 0.4800015274021361, 0.4842060191763772, 0.4814415027697881, 0.4800440188911226, 0.48380589816305375, 0.48171981672445935, 0.4806308166848289, 0.47999720606538987, 0.4772782193289863, 0.47902718517515397, 0.48121921883689034, 0.47998859816127354, 0.4813195715347926, 0.47980404727988774, 0.47895048558712006, 0.48006222479873234, 0.47842839029100204, 0.4822009139590793, 0.47866548432244194, 0.4814080248276393, 0.4810155812236998, 0.4754590044418971, 0.47682901057932114, 0.47450070083141327, 0.47383545173539054, 0.4778338058127297, 0.4795583685239156, 0.4764757802089055, 0.47664615843031144, 0.4753854986694124, 0.4785981410079532, 0.47785243888696033], "val_loss": [0.667177215218544, 0.6397992670536041, 0.6154246777296066, 0.5906645208597183, 0.5764705985784531, 0.5617588758468628, 0.5502976477146149, 0.5414944961667061, 0.5356409251689911, 0.5327058956027031, 0.5280848890542984, 0.5217824876308441, 0.5154775157570839, 0.5115133747458458, 0.5096855014562607, 0.5061359778046608, 0.5065168216824532, 0.4986312836408615, 0.5006271973252296, 0.49800822883844376, 0.4964139610528946, 0.49222608655691147, 0.4840216562151909, 0.48840196430683136, 0.47911377251148224, 0.4771488159894943, 0.4788872301578522, 0.4758002534508705, 0.48096073418855667, 0.47640908509492874, 0.473843514919281, 0.47530000656843185, 0.4697873145341873, 0.4759654551744461, 0.4751477539539337, 0.4648946672677994, 0.4719826653599739, 0.4637580066919327, 0.4697303995490074, 0.4672728404402733, 0.46310723572969437, 0.4663830026984215, 0.4662795513868332, 0.4677823409438133, 0.4636988043785095, 0.4668540731072426, 0.4623286575078964, 0.4597010314464569, 0.4582018777728081, 0.46296704560518265, 0.46210934966802597, 0.46145088225603104, 0.4577799588441849, 0.4620305895805359, 0.46356476098299026, 0.4640966132283211, 0.4607086777687073, 0.4565606191754341, 0.46183717250823975, 0.4557149261236191, 0.4525334984064102, 0.4610481858253479, 0.4598422721028328, 0.4576088637113571, 0.45551401376724243, 0.4552237540483475, 0.4533905163407326, 0.45194898545742035, 0.45204441994428635, 0.45398686081171036, 0.44991905987262726, 0.45260369032621384, 0.45658692717552185, 0.45814426243305206, 0.4519103020429611, 0.4531765952706337, 0.45209238678216934, 0.4500420466065407, 0.44770847260951996, 0.4519464820623398, 0.45181135833263397, 0.45131008327007294, 0.44577567279338837, 0.45236000418663025, 0.4507847800850868, 0.44888871163129807, 0.454174242913723, 0.453525185585022, 0.4501146078109741, 0.44908738881349564, 0.4465394467115402, 0.447765477001667, 0.4519070237874985]}