{"best_val": 0.41984419389204547, "train_loss": [0.6671503045979668, 0.6618246845170563, 0.6564515057732078, 0.650140734279857, 0.6432494941879722, 0.6352606941671932, 0.6269662473715988, 0.6191406366871852, 0.6113711478663426, 0.6045635073792701, 0.5995451656042361, 0.5945445509517894, 0.5907086671567431, 0.5882128687465892, 0.5855721585890826, 0.5819553236166636, 0.5787661437894783, 0.574633367505728, 0.5729755689116085, 0.5698525040757423, 0.5650647942926369, 0.5625942816921309, 0.5583183788785747, 0.5538411216408599, 0.5516907479248795, 0.5471964057754067, 0.5426358346845589, 0.5405423781451058, 0.535759349079693, 0.5321080988528681, 0.5285076078246621, 0.5231925617246067, 0.5180165966351827, 0.5125106076399485, 0.5095413642771104, 0.5037655620013967, 0.49804750260184794, 0.4936634927403693, 0.4903470120009254, 0.4846471659108704, 0.4806946954306434, 0.4774344031717263, 0.4738868667798884, 0.4697888347448087, 0.46626685472095714, 0.46364962820913275, 0.4627375678688872, 0.46057435227375404, 0.45872573700605657, 0.45637597289739873, 0.4552462404849483, 0.4523422449242835, 0.45053813445801827, 0.4492299737883549, 0.4486635520177729, 0.44761861130303027, 0.44671980598393607, 0.44506385104328977, 0.44534845562542186, 0.44370003366002847, 0.44352827294200076, 0.44238832534528244, 0.4423413907780367, 0.44095253243165855, 0.44070323191437066, 0.440259842895994, 0.4399171763775395, 0.4400584113364126, 0.43904752240461464, 0.43947360211727665, 0.43928641197728174, 0.43826764003903257, 0.4377245014789058, 0.4384300510088603, 0.4381616530465145, 0.4371796337997212, 0.4369548868899252, 0.43795819317593293, 0.4361898717926998, 0.4367224766927607, 0.43718306807910695, 0.4353885019526762, 0.4366662321137447, 0.43535161135243433, 0.43605439160384385, 0.43551984254051657, 0.4354667003248252, 0.4348902655582802, 0.43491071637939005, 0.4347412919296938, 0.43506430410871316, 0.43551840267929376, 0.43472519750688593, 0.43449211821836586, 0.4338587031644933, 0.4343569436494042, 0.4342867112627216, 0.4349563589283064, 0.43359844298923716, 0.43297674316985935, 0.43430403167126225, 0.43292900277119056, 0.43293990340887334, 0.43288807483280406, 0.4348886480518416, 0.4341100986097373, 0.4330153634735182, 0.43309850494066876, 0.4318724245417352, 0.4325198875922783, 0.4336529181284063, 0.4327035739141352, 0.4327599821137447, 0.4333134457176807, 0.4319712601455988, 0.4333952174467199, 0.4321906660117355, 0.432592324182099], "val_loss": [0.6628512794321234, 0.6574377038262107, 0.6512245048176158, 0.6441854455254294, 0.6368896040049467, 0.6265541911125183, 0.6185027144171975, 0.6101368828253313, 0.6016872741959312, 0.5940937399864197, 0.5880915901877664, 0.5843368660319935, 0.579601293260401, 0.5752092085101388, 0.5719411102208224, 0.5692646936936812, 0.5676675763997164, 0.5622287907383658, 0.5579499168829485, 0.5566146346655759, 0.5517629032785242, 0.5487440661950544, 0.543678186156533, 0.540625813332471, 0.537764700976285, 0.5325380238619718, 0.5294701104814356, 0.5251905891028318, 0.5206077207218517, 0.5180550488558683, 0.5136925794861533, 0.5093945319002325, 0.5043752464381132, 0.4991006471894004, 0.4917555044997822, 0.48745701800693164, 0.4826766008680517, 0.4788021905855699, 0.476035630161112, 0.4717584496194666, 0.46585099534554913, 0.46319441903721204, 0.460122135552493, 0.4558330313725905, 0.4552825960245999, 0.45124084841121326, 0.44882934472777625, 0.44666158069263806, 0.44293552095239813, 0.4404990889809348, 0.4399313411929391, 0.43595031987537036, 0.4365962960503318, 0.43533913655714557, 0.4335898513143713, 0.4328464296731082, 0.4313023903153159, 0.4313387301835147, 0.42973596128550445, 0.4293459193273024, 0.42956608262929047, 0.42847664518789813, 0.4265397543256933, 0.4268521449782632, 0.4262956841425462, 0.4260924458503723, 0.4251835888082331, 0.42589872262694617, 0.4241556227207184, 0.42376655069264496, 0.4246465103192763, 0.4258114993572235, 0.4244001670317216, 0.423933590000326, 0.42430608109994367, 0.42294452407143335, 0.4222976104779677, 0.42363148114897986, 0.42283265699039807, 0.42337224971164356, 0.4220292188904502, 0.42285353216257965, 0.4220191619612954, 0.42237971045754175, 0.4223858199336312, 0.4216632897203619, 0.4226867150176655, 0.4230370548638431, 0.42218840664083307, 0.42328030412847345, 0.42161421342329547, 0.423086169091138, 0.42207140543244104, 0.42253229834816675, 0.42237750779498706, 0.42078175057064404, 0.42302917621352454, 0.4219063737175681, 0.422279338945042, 0.42158503153107385, 0.4222399429841475, 0.4206694093617526, 0.42086468501524493, 0.421550222418525, 0.420394856821407, 0.4200620949268341, 0.420085533098741, 0.41984419389204547, 0.4203539328141646, 0.4210912368514321, 0.4207910732789473, 0.4204114946452054, 0.4205166616223075, 0.42033322290940717, 0.4211129464886405, 0.4203041358427568, 0.41995189406655054, 0.4201168038628318]}