{"best_val": 0.46815198388966645, "train_loss": [0.736665619354622, 0.659459205234752, 0.6111783572271758, 0.5825527497366363, 0.5563312692969453, 0.5297967756495756, 0.5064177039791556, 0.4907690654782688, 0.4803137866889729, 0.47542186928730384, 0.4724765782262765, 0.4703936389848298, 0.4698818869450513, 0.4700097149493648, 0.46752524726531086, 0.4677233625860775, 0.4676966778203553, 0.4669400126326318, 0.46661518835553933, 0.46502621267356126, 0.46436794365153594, 0.4657673239707947, 0.4640697503791136, 0.4657421766542921, 0.46191085144585253, 0.4639210350373212], "val_loss": [0.6631318439136852, 0.6089066754687916, 0.5769760120998729, 0.5536687048998746, 0.5287525653839111, 0.5073727721517737, 0.4878932914950631, 0.47835656187751074, 0.47255607084794476, 0.4715528135949915, 0.4719370901584625, 0.47079920768737793, 0.47134163162925025, 0.4707647236910733, 0.4704560339450836, 0.46815198388966645, 0.47028160095214844, 0.47286253896626557, 0.47082309560342267, 0.4709588045423681, 0.46899553591554816, 0.46821926127780567, 0.4708174873482097, 0.4720642620866949, 0.47152677178382874, 0.469878995960409]}