{"best_val": 0.517623208463192, "train_loss": [0.6467709243297577, 0.6314543022049798, 0.6180599795447456, 0.6040253705448575, 0.5912847651375664, 0.5788944595389895, 0.5668216182125939, 0.5575349711709552, 0.5493399815426933, 0.5424150675535202, 0.5379508452283012, 0.5357730438311895, 0.5334746258126365, 0.5295141571097903, 0.533709607190556, 0.5306090050273471, 0.5280587093697654, 0.5283961958355374, 0.528473996453815, 0.5252708809243308, 0.5252020292811923, 0.5211483687162399, 0.5230151762564977, 0.523607043756379, 0.5192705459064908, 0.5174849298265245, 0.5187979638576508, 0.5183892746766409, 0.5160543537802167, 0.5195643057425817, 0.5163932823472552, 0.5130664358536402, 0.5138857050074471, 0.5156608041789796, 0.5151434126827452, 0.5110337999131944, 0.5133914533588622, 0.5103525353802575], "val_loss": [0.629628598690033, 0.6142662018537521, 0.6016579121351242, 0.5898021310567856, 0.5769988745450974, 0.5682577937841415, 0.55857153236866, 0.5509402751922607, 0.5438801199197769, 0.5420668125152588, 0.5393313616514206, 0.5396228730678558, 0.546721450984478, 0.5280287265777588, 0.5383745431900024, 0.5386798903346062, 0.535855621099472, 0.5359987020492554, 0.5377177149057388, 0.5330994352698326, 0.5288228988647461, 0.5202658623456955, 0.5245695933699608, 0.5244795605540276, 0.5210531204938889, 0.5230620205402374, 0.5193829908967018, 0.517623208463192, 0.5227596685290337, 0.522113025188446, 0.5274088680744171, 0.519723579287529, 0.5222115814685822, 0.5292605832219124, 0.5225001275539398, 0.5231956541538239, 0.5223466753959656, 0.5221240669488907]}