{"best_val": 0.4615966162898324, "train_loss": [0.6595400384828156, 0.5878095989133797, 0.5568825754464841, 0.5218418427542144, 0.48967619327937856, 0.4689219897868587, 0.4586230282690011, 0.4537280698617299, 0.4508473423181796, 0.4486685389397191, 0.4463109648695179, 0.4438655195282955, 0.4422464604471244, 0.44181636209581415, 0.4403154312395582, 0.4385858195669511, 0.435015783590429, 0.43463217861512127, 0.43145102963728066, 0.42982982011402354, 0.42845750906888175, 0.4258098210774216, 0.4250005834242877, 0.42276408567148094, 0.4205608566602071, 0.4202561320043078, 0.4169844885667165, 0.4154278758694144, 0.413230778539882, 0.4116815953862433, 0.4104705645757563, 0.40852145938312306, 0.4057217690290189, 0.4051534025108113, 0.4036691516053443, 0.4031960771364324, 0.40022869086733054, 0.4001326391509935, 0.39765504061007034, 0.3948427690010445, 0.3936781386534373, 0.3925393615283218, 0.39215950989255716, 0.38934730022561315, 0.3861284150796778, 0.3882957626791561, 0.3847476880924374, 0.38266845953230766, 0.38026516051853404, 0.38044098487087324, 0.3768170084439072, 0.3757578087788002, 0.37599988895304065, 0.3728283708002053], "val_loss": [0.6181717244061556, 0.5901946804740212, 0.5572138591246172, 0.5212767205455087, 0.4943621266971935, 0.4820560704578053, 0.4738633930683136, 0.4722727347504009, 0.47139553048393945, 0.47462245280092413, 0.47082167863845825, 0.4693369377743114, 0.46878956935622473, 0.46943909200755035, 0.4689234359697862, 0.4678967838937586, 0.4681121734055606, 0.4641191011125391, 0.4669484089721333, 0.46671109849756415, 0.4640075889500705, 0.465922705151818, 0.4650781073353507, 0.4649514366279949, 0.4668509689244357, 0.46515812386165967, 0.4640835631977428, 0.46446590531956067, 0.4641378034244884, 0.46346701004288415, 0.4635429219766097, 0.4651984247294339, 0.4650453410365365, 0.4642362052744085, 0.46454559672962537, 0.4690025909380479, 0.4645815518769351, 0.4620590155774897, 0.4635030573064631, 0.4624125225977464, 0.4631277160211043, 0.4647083336656744, 0.4660627787763422, 0.4615966162898324, 0.4651112908666784, 0.4641682776537808, 0.4651989367875186, 0.4635529843243686, 0.46382956342263654, 0.4625258445739746, 0.46357382427562366, 0.46187974918972363, 0.46467513658783655, 0.46548420732671564]}