{"best_val": 0.45460732958533545, "train_loss": [0.6730271496024787, 0.6372007657499874, 0.6009942293167114, 0.5778668686455372, 0.5685046198321324, 0.5599855202085832, 0.5526724896010231, 0.5424649166125878, 0.5336988878016379, 0.5214037743269229, 0.5088204005185295, 0.49714749993062485, 0.4873210074854832, 0.48089007653442084, 0.473677454625859, 0.47002025328430475, 0.4673235393037983, 0.46329721574689825, 0.4614276944422254, 0.4590655004276949, 0.4551996407555599, 0.45427814359758417, 0.45311276527012095, 0.4524802577261831, 0.44878557324409485, 0.44864832653718834, 0.4463803534414254, 0.4464227288377051, 0.44540317561112197, 0.44564223406361597, 0.4443202270012276, 0.44243861413469504, 0.4436301320206885, 0.44304703146803615, 0.44115369167982366, 0.44127755714397804, 0.44018778438661615, 0.4397842223737754, 0.439615538891624, 0.43881040694666845, 0.4377622370626412, 0.43842459426206704, 0.4366863843272714, 0.4367724218789269, 0.4370713438473496, 0.43578793196117177, 0.43666452110982407, 0.43540188553286535, 0.4347682145296359, 0.4346952397449344, 0.43491871625769374, 0.4343102363979115, 0.43338703933884115, 0.43375968524053987, 0.4332969586054484, 0.4327762611940795, 0.4319813981944439], "val_loss": [0.6630594188516791, 0.6311717683618719, 0.608712147582661, 0.5967862822792747, 0.5871418931267478, 0.5813175981695001, 0.5724915862083435, 0.5646596848964691, 0.5537093173373829, 0.5411463542418047, 0.5263221589001742, 0.5190645131197843, 0.5099007406017997, 0.5010697814551267, 0.4947098466483029, 0.49104949831962585, 0.48685401678085327, 0.48344316536729987, 0.48205802657387475, 0.4781928143718026, 0.47429201006889343, 0.4732666422020305, 0.4716958891261708, 0.4702773825688796, 0.46851372718811035, 0.4683881293643605, 0.46595932136882434, 0.465459869666533, 0.46351382678205316, 0.4650530381636186, 0.46311949599872937, 0.46272028305313806, 0.4615908319299871, 0.46019430594010785, 0.4632881392132152, 0.45814278721809387, 0.4585706185210835, 0.4591099267656153, 0.46016753532669763, 0.45887580243023957, 0.45804194428704004, 0.45830113779414783, 0.45736780762672424, 0.4589010639624162, 0.45793706991455774, 0.4581631096926602, 0.45460732958533545, 0.45598151737993414, 0.4573863311247392, 0.45774833722548053, 0.45587209408933466, 0.4573235647244887, 0.45859556035561994, 0.45658977736126294, 0.45618323575366626, 0.4556919688528234, 0.45679791407151654]}