{"best_val": 0.4695206731557846, "train_loss": [0.7574468619293637, 0.7215816974639893, 0.6919682423273722, 0.6566400660408868, 0.6294837097326914, 0.605461425251431, 0.5842276944054497, 0.5686221255196465, 0.5587772213750415, 0.5546776139073901, 0.5485344562265608, 0.5455168883005778, 0.5419267101420296, 0.5409497254424624, 0.5346038639545441, 0.5306213233206007, 0.5299856447511249, 0.5268000000052981, 0.5238954805665545, 0.5214604338010153, 0.5216343965795305, 0.5180406653218799, 0.5165800468789207, 0.5138301518228319, 0.5134390079312854, 0.5105956511365043, 0.5115718493858973, 0.5127941005759769, 0.5133812857998742, 0.5120560228824615, 0.5104430615901947, 0.5086541026830673, 0.5090911040703455, 0.510435453719563, 0.5119123607873917, 0.5059885465436511, 0.5082705501053069, 0.5080681211418576, 0.5059295263555315, 0.5086049934228262], "val_loss": [0.7062962204217911, 0.673193171620369, 0.6398085653781891, 0.6094624251127243, 0.5801552534103394, 0.5665225833654404, 0.5425230115652084, 0.5330840945243835, 0.5204200819134712, 0.5167023539543152, 0.5110277384519577, 0.5114620178937912, 0.5038008913397789, 0.5010847374796867, 0.4943949058651924, 0.49571769684553146, 0.4941331371665001, 0.4932091534137726, 0.48326028138399124, 0.4869833439588547, 0.4799889847636223, 0.48884180933237076, 0.48313774913549423, 0.4871557578444481, 0.483891099691391, 0.4805065169930458, 0.4752705991268158, 0.4782310053706169, 0.48123861104249954, 0.4695206731557846, 0.4779713824391365, 0.47705574333667755, 0.4745437577366829, 0.474408321082592, 0.48058734089136124, 0.47507086396217346, 0.47647443413734436, 0.47999240458011627, 0.4820963069796562, 0.472487635910511]}