{"best_val": 0.4769453778862953, "train_loss": [0.6931487652990553, 0.6881381571292877, 0.6832735902733273, 0.678239901860555, 0.6733192470338609, 0.6680553224351671, 0.6629068917698331, 0.656679822338952, 0.6503351264529758, 0.6441208985116746, 0.6369756592644585, 0.6301136646005843, 0.6224726968341403, 0.615170074833764, 0.608399189180798, 0.6002229551474253, 0.5917104747560289, 0.5857158402601877, 0.5803691678576999, 0.5754113992055258, 0.5682027538617452, 0.5662523971663581, 0.5606836742824979, 0.5563859807120429, 0.5537077602412965, 0.5531738350788752, 0.548090065519015, 0.5470495538579093, 0.5415172345108457, 0.5366596629222234, 0.537226183546914, 0.5355610069301393, 0.531487128800816, 0.531466641359859, 0.5311958260006375, 0.5280015899075402, 0.5273921175135506, 0.5249028106530508, 0.5229161232709885, 0.5248638706074821, 0.5183926390277015, 0.5212591820293002, 0.514793818195661, 0.5188054045041403, 0.5174092120594449, 0.5162772486607233, 0.5168631143040128, 0.5163132001956304, 0.5138688931862513, 0.5141122291485468, 0.5118798613548279, 0.508677966064877, 0.5101268043120702, 0.5062928828928206, 0.5071387539307276, 0.5079723712470796, 0.506132690442933, 0.5073589815033807, 0.5036615431308746, 0.5048624475797018, 0.5015275610817803, 0.5046916405359904, 0.4999179955985811, 0.4988413221306271, 0.4995963904592726, 0.4965801040331523, 0.49845480422178906, 0.49922679033544326, 0.4982074283891254, 0.49421484768390656, 0.4919483959674835, 0.494560182094574, 0.4914264695511924, 0.4936687582068973, 0.49453367789586383, 0.4897428635093901, 0.4906319710943434, 0.4903046240409215, 0.49037760827276444, 0.489180251955986, 0.48670536776383716, 0.487993973824713, 0.48573347263866, 0.4874807960457272, 0.4891109416882197, 0.48441507915655774, 0.4845058520634969, 0.4876852747466829, 0.4833974970711602, 0.48401429255803424, 0.48446096148755813], "val_loss": [0.6906428933143616, 0.6855044662952423, 0.6802290976047516, 0.6755271255970001, 0.670962393283844, 0.6648037433624268, 0.6591076254844666, 0.6528688222169876, 0.6469284743070602, 0.6400073170661926, 0.6323479115962982, 0.6255971193313599, 0.6164393872022629, 0.6114201843738556, 0.6014691889286041, 0.5933433622121811, 0.5866913944482803, 0.5797310620546341, 0.5758207887411118, 0.5686619728803635, 0.566917896270752, 0.5585345029830933, 0.5584823042154312, 0.55288927257061, 0.5504149943590164, 0.5523582249879837, 0.5419748574495316, 0.5339287668466568, 0.5387802720069885, 0.5380704402923584, 0.5345456674695015, 0.5313527584075928, 0.5255928412079811, 0.5319397002458572, 0.5239412039518356, 0.5249441564083099, 0.5244625955820084, 0.5236414670944214, 0.5207118466496468, 0.5157678723335266, 0.5216522514820099, 0.5220049098134041, 0.5171155706048012, 0.5177630856633186, 0.5218010768294334, 0.5076960846781731, 0.5150864198803902, 0.5089533925056458, 0.5185264274477959, 0.5089066401124, 0.5085968002676964, 0.5021908730268478, 0.5056998208165169, 0.5049699693918228, 0.5067558661103249, 0.5044924914836884, 0.5003672167658806, 0.5039299577474594, 0.5029351562261581, 0.4980738162994385, 0.4989299476146698, 0.49718527495861053, 0.496032677590847, 0.500364825129509, 0.4947911649942398, 0.49707191437482834, 0.49413996934890747, 0.49444422125816345, 0.4861099645495415, 0.49103622883558273, 0.49065321683883667, 0.4892805442214012, 0.4899972155690193, 0.4879371151328087, 0.48719677329063416, 0.4898471385240555, 0.48751258105039597, 0.4846542626619339, 0.4836534783244133, 0.4831804186105728, 0.4769453778862953, 0.48928970098495483, 0.48949480801820755, 0.4838864803314209, 0.4859135150909424, 0.48061513155698776, 0.47721898555755615, 0.47867926210165024, 0.48539193719625473, 0.48302651196718216, 0.4839053377509117]}