{"best_val": 0.4896419122815132, "train_loss": [0.670768164926105, 0.6364909476704068, 0.6028787990411123, 0.5756740205817752, 0.560924212137858, 0.5496209578381644, 0.5427212715148926, 0.5356683118475808, 0.5293639782402251, 0.5268343074454201, 0.5250640362501144, 0.5247717797756195, 0.5181542966100905, 0.5152917785776986, 0.5172720038228564, 0.5152802616357803, 0.5110605127281613, 0.5101520170768102, 0.505450940794415, 0.50678850710392, 0.508572056889534, 0.5042916569444869, 0.5018640673822827, 0.4985051221317715, 0.49896228479014504, 0.4946301331122716, 0.49456459283828735, 0.4949977960851457, 0.49653560088740456, 0.4930410070551766], "val_loss": [0.6494918912649155, 0.6121535450220108, 0.573101207613945, 0.5476340651512146, 0.5319003537297249, 0.5262619182467461, 0.5208118483424187, 0.515262171626091, 0.5111384764313698, 0.5038939639925957, 0.5009865984320641, 0.504451185464859, 0.5016844719648361, 0.49886833131313324, 0.4953857585787773, 0.49651336669921875, 0.49747152626514435, 0.497175969183445, 0.49428365379571915, 0.4896419122815132, 0.4919407218694687, 0.4966346547007561, 0.4931625574827194, 0.5020344480872154, 0.4942817986011505, 0.49534720927476883, 0.49176129698753357, 0.490307554602623, 0.4926631897687912, 0.4931046813726425]}