{"best_val": 0.4214182496070862, "train_loss": [0.6538486282030741, 0.6435444553693136, 0.6322746685906953, 0.619051015844532, 0.6064990677085578, 0.5949079920263851, 0.5876038927657932, 0.5820444629472845, 0.5763969216860977, 0.5703454187103346, 0.5662417306619532, 0.5583788197414548, 0.5515160811882392, 0.5470747924318501, 0.5380690863319472, 0.5316647875542734, 0.5240566350665747, 0.5153848295118294, 0.5076083698693443, 0.49865994091127436, 0.4905749202943316, 0.48276447314842075, 0.47728631367870405, 0.47147059849664275, 0.4645138026452532, 0.46151164641567305, 0.45768406519702837, 0.45413666262346153, 0.45206154386202496, 0.4490236289360944, 0.44711915944136826, 0.44598037062906754, 0.4439771526000079, 0.4429014003744312, 0.4415798502809861, 0.44115558032896, 0.4410925606886546, 0.43974358369322386, 0.4398490634619021, 0.4393520910365909, 0.4393412394850862, 0.4374624677732879, 0.43893330938675823, 0.4383969488097172, 0.4359250360844182, 0.43643584379962846, 0.43600427286297666, 0.4356429892427781, 0.4349821256656273, 0.43553948811456267, 0.4337719041927188, 0.43476232185083274, 0.43320539944312153, 0.43309467271262525, 0.4339647544365303, 0.4331868109749813, 0.43235527300367166, 0.4328121712394789, 0.43241481570636525, 0.4326190656306697, 0.43189845891559825, 0.43124041370317046, 0.43146878656219034, 0.43154005443348603, 0.4314771294593811, 0.43010910644250755, 0.4299544575167637], "val_loss": [0.6489968950098212, 0.6385096961801703, 0.6259718862446871, 0.6119981408119202, 0.5998648730191317, 0.5893408927050504, 0.5842087052085183, 0.5802342566576871, 0.5730157386172902, 0.5678075335242532, 0.5595746257088401, 0.554478260603818, 0.548136673190377, 0.5385884100740607, 0.5323082913051952, 0.5222701186483557, 0.5144071660258553, 0.5044219981540333, 0.4939723177389665, 0.48506051301956177, 0.47819011319767346, 0.47057773850180884, 0.4635316919196736, 0.45762404799461365, 0.45329151912169025, 0.4480250396511771, 0.446229027076201, 0.44171807169914246, 0.43922249566424976, 0.4379391995343295, 0.43496802991086786, 0.4330018000169234, 0.4319275536320426, 0.4312114254994826, 0.43087915127927606, 0.42881007898937573, 0.4295046790079637, 0.42905364253304223, 0.42852690003134986, 0.4265362105586312, 0.4267505136403171, 0.42534140565178613, 0.4263314956968481, 0.42629090222445404, 0.42407478527589276, 0.42499818856065924, 0.4251642633568157, 0.4241669394753196, 0.42438450726595794, 0.42439956827597186, 0.42390109463171527, 0.42411893335255707, 0.42303611744533887, 0.4247684560038827, 0.4217071397738023, 0.4230121617967432, 0.42243134704503144, 0.42337449572303076, 0.4222184853120284, 0.42142681642012164, 0.4227560379288413, 0.42208676717498084, 0.42187507586045697, 0.42218940637328406, 0.4218541410836307, 0.42179488052021374, 0.4214182496070862]}