{"best_val": 0.4850451722741127, "train_loss": [0.6623821689022912, 0.6299660603205363, 0.5921185314655304, 0.5549701253573099, 0.5260352028740777, 0.5053805179066129, 0.49471040235625374, 0.48776887853940326, 0.4830141630437639, 0.4796522276269065, 0.47407200270228916, 0.4733336004945967, 0.47245580289098954, 0.4675845122999615, 0.4677376796801885, 0.46224770943323773, 0.46395621200402576, 0.4655882368485133, 0.4593464384476344, 0.45640933844778275, 0.46057820816834766, 0.4574357287751304, 0.4573492623037762, 0.45653459264172447, 0.45647963715924156, 0.45570416417386794, 0.4510825922091802, 0.4541623542706172, 0.45072339806291795, 0.44994955758253735, 0.4496002246936162, 0.45226732393105823, 0.4461243814892239, 0.4496753265460332, 0.4480297896597121, 0.4504619522227181], "val_loss": [0.6463389992713928, 0.6145219057798386, 0.5790433436632156, 0.5453095808625221, 0.5286315456032753, 0.5223563462495804, 0.5108015015721321, 0.5173771008849144, 0.5101851373910904, 0.5111544877290726, 0.5012668967247009, 0.5076123848557472, 0.5029510855674744, 0.49804671108722687, 0.49853920191526413, 0.5000390633940697, 0.5045436322689056, 0.5003956109285355, 0.49926986545324326, 0.4953543245792389, 0.49925460666418076, 0.4996699243783951, 0.4926929697394371, 0.4929299056529999, 0.49404244869947433, 0.4850451722741127, 0.49202172458171844, 0.4865073636174202, 0.48940253257751465, 0.4888119474053383, 0.49100133776664734, 0.48566775023937225, 0.4898045063018799, 0.48781440407037735, 0.4882657453417778, 0.4904255121946335]}