{"best_val": 0.46630246530879627, "train_loss": [0.7932710145034042, 0.7142474978577857, 0.6619286700791004, 0.6358813795388913, 0.6133468326400308, 0.5911767073706085, 0.5755532927372876, 0.564910737322826, 0.5540373424688975, 0.5429147522823483, 0.5315157058192235, 0.5194307156637603, 0.5064391429517784, 0.49475863575935364, 0.4844140550669502, 0.4752613884561202, 0.4700285862473881, 0.4667641006264032, 0.46369200418977174, 0.4623461354012583, 0.4610063293400933, 0.45959291388006773, 0.4585587633591072, 0.45801567271643995, 0.4582971778570437, 0.45719685157140094, 0.4570537992552215, 0.45679864462684183, 0.4574018915494283, 0.45652291061831457, 0.45606043116719114, 0.4569120512289159, 0.45559754208022474, 0.45567220566319483, 0.4553140840109657, 0.4545464679306629, 0.4543953257448533, 0.45370476444562274, 0.4535427823954937, 0.4543895809089436, 0.453024030900469, 0.453754736512315, 0.45306132412424277, 0.45243333835227817, 0.4536963572689131, 0.452796817410226, 0.45236850369210335, 0.4516010792816387, 0.45081781931951936, 0.45156153335290794], "val_loss": [0.6959371837702665, 0.6587267788973722, 0.6307307319207625, 0.6103610017082908, 0.59079002792185, 0.575448523868214, 0.5657729669050737, 0.5598516410047357, 0.5498732274228876, 0.5393273369832472, 0.5280708941546354, 0.5176851370117881, 0.5048089786009355, 0.49416898597370496, 0.48546517437154596, 0.4802167198874734, 0.47470510547811334, 0.4740970649502494, 0.4723090014674447, 0.4714652489532124, 0.46998877958817914, 0.4700481024655429, 0.4712070470506495, 0.46909416263753717, 0.4708511937748302, 0.4703271903774955, 0.4692471758885817, 0.47014889933846216, 0.47132481228221546, 0.46844152157956903, 0.47049547867341474, 0.4692034369165247, 0.4703896154056896, 0.4693077342076735, 0.46743758700110694, 0.46968535401604394, 0.4708404703573747, 0.4663379273631356, 0.4695035381750627, 0.46630246530879627, 0.46932870149612427, 0.4688696319406683, 0.47011355378411035, 0.4694304981014945, 0.4672260826284235, 0.46919217705726624, 0.47044783288782294, 0.4681349992752075, 0.46930691599845886, 0.46806155009703204]}