{"best_val": 0.46511646021496167, "train_loss": [0.6684533873429666, 0.6088146922680048, 0.5807986419934493, 0.5567707299039915, 0.5242312229596652, 0.4891866256411259, 0.4716695879514401, 0.46052199372878444, 0.45707255945755887, 0.45616635508262193, 0.45321820561702436, 0.45365813890328777, 0.4510260075330734, 0.44961635367228436, 0.4495533893887813, 0.4510806707235483, 0.44945214287592816, 0.44780208800847715, 0.44867771233503634, 0.4485637706059676, 0.44671058654785156, 0.44765542906064254, 0.4452033180456895, 0.44426374481274533, 0.4450726342888979, 0.44373709765764385, 0.44245580239937854, 0.44510804403286713], "val_loss": [0.6351707469333302, 0.5936330881985751, 0.5780786384235729, 0.552741061557423, 0.5167982361533425, 0.48903609676794574, 0.478555519472469, 0.47266024351119995, 0.4694810997356068, 0.47154431722380896, 0.4673049043525349, 0.4707603319124742, 0.4691856124184348, 0.4699423015117645, 0.4709007306532426, 0.4706586653536016, 0.46820028803565283, 0.46511646021496167, 0.4679928178136999, 0.46785986152562226, 0.47038842873139813, 0.46800367669625714, 0.46998874978585675, 0.4689335525035858, 0.46847522258758545, 0.47038165818561206, 0.4692585657943379, 0.47147236087105493]}