{"best_val": 0.4926995635032654, "train_loss": [0.7566620508829752, 0.7283476690451304, 0.6989323662387, 0.6643552250332303, 0.6267432934708066, 0.5919484827253554, 0.5682525038719177, 0.5527626905176375, 0.5411714679665036, 0.5346480690770679, 0.5300304293632507, 0.5242592576477263, 0.520842014087571, 0.5179761664734946, 0.5155236687925127, 0.5156959411170747, 0.5106171601348453, 0.5113130145602756, 0.5077443718910217, 0.5092429767052332, 0.5084061705403857, 0.5069423798057768, 0.5076054566436343, 0.5056138833363851, 0.502861382232772, 0.5044019454055362, 0.501162009106742, 0.5000546955400043, 0.5019853611787161, 0.5002131313085556, 0.4980231440729565, 0.49724390771653915, 0.49444641835159725, 0.4948859131998486, 0.49416420194837785, 0.49430110222763485, 0.4901813566684723, 0.49124683605300057, 0.4922054360310237, 0.48857437405321336, 0.4875660207536485, 0.4872056543827057, 0.4913978725671768, 0.4847704569498698, 0.4902035180065367, 0.4848606785138448, 0.4862131608857049, 0.48703188863065505, 0.48601620892683667, 0.48444085982110763, 0.4885684417353736, 0.483467247751024, 0.4868297361665302, 0.48359788623121047, 0.4850340502129661, 0.4845084051291148, 0.4837428430716197, 0.48255976537863415, 0.4857734425200356, 0.48552647564146256, 0.4835957321855757, 0.4848173095120324, 0.48441116842958665, 0.4821504205465317, 0.48474350902769303, 0.48150847024387783, 0.48058025704489815], "val_loss": [0.7377735376358032, 0.709752768278122, 0.6785790771245956, 0.6416366100311279, 0.6061359792947769, 0.573156088590622, 0.5600159466266632, 0.5471795499324799, 0.544105775654316, 0.5322435051202774, 0.5317160785198212, 0.5266997292637825, 0.5259472578763962, 0.5252621620893478, 0.5186108648777008, 0.5191786885261536, 0.5195415765047073, 0.518642283976078, 0.5174866244196892, 0.5111630782485008, 0.5191274583339691, 0.5155618414282799, 0.5063549354672432, 0.5119025260210037, 0.5079450458288193, 0.5099645107984543, 0.5080030634999275, 0.503258690237999, 0.5061483234167099, 0.5004862248897552, 0.5035505369305611, 0.5034865438938141, 0.5016901269555092, 0.5054826140403748, 0.5015368908643723, 0.5031338706612587, 0.5008020848035812, 0.499358206987381, 0.5024252459406853, 0.5001713931560516, 0.5025140345096588, 0.49912481755018234, 0.5085837692022324, 0.4964548572897911, 0.4984283745288849, 0.5073462352156639, 0.5054447650909424, 0.5023742616176605, 0.5022396296262741, 0.5088645070791245, 0.5003298968076706, 0.4947110712528229, 0.500593401491642, 0.5011543855071068, 0.4975748807191849, 0.5089960247278214, 0.4926995635032654, 0.5038446113467216, 0.4996934235095978, 0.5011006370186806, 0.5009347945451736, 0.5034395158290863, 0.5026470422744751, 0.49787113070487976, 0.4958311840891838, 0.5031516179442406, 0.5093683451414108]}