{"best_val": 0.47002215683460236, "train_loss": [0.6838432715998756, 0.6142231722672781, 0.543242966135343, 0.5030084914631314, 0.48718272646268207, 0.4782396952311198, 0.4771545992957221, 0.4697260492377811, 0.4690883954366048, 0.4645606925090154, 0.462193575170305, 0.4588584452867508, 0.4614381657706367, 0.46152566704485154, 0.45940687590175205, 0.45438238812817466, 0.4589776595433553, 0.45587034192350173, 0.45833399726284874, 0.456801606549157, 0.4545868784189224, 0.455074323548211, 0.452224537730217, 0.4503773831658893, 0.4540442509783639, 0.4513262493742837, 0.45085704657766557, 0.4513157407442729, 0.4514474355512195, 0.45062042276064557, 0.4533006962802675], "val_loss": [0.6478876620531082, 0.5882619619369507, 0.5575868934392929, 0.5298036336898804, 0.5219778567552567, 0.515277624130249, 0.5023607611656189, 0.5008598640561104, 0.4939035028219223, 0.48729632049798965, 0.48529214411973953, 0.4798799380660057, 0.48406045138835907, 0.4800362139940262, 0.4815642684698105, 0.47609885036945343, 0.4874739944934845, 0.47578367590904236, 0.4796437621116638, 0.47593704611063004, 0.47002215683460236, 0.4778815135359764, 0.47929050028324127, 0.47549523413181305, 0.4762421175837517, 0.47137177735567093, 0.4736480340361595, 0.4714786782860756, 0.48006752133369446, 0.47270428389310837, 0.4741263836622238]}