{"best_val": 0.47258890487930993, "train_loss": [0.686889532734366, 0.6547265204728818, 0.6242083276019377, 0.5997156769621605, 0.5850995691383586, 0.577056980600544, 0.5700716884697185, 0.5605590133106008, 0.548886791748159, 0.5361260935371998, 0.5203513608259314, 0.5062727022404764, 0.49294564478537617, 0.48412775584295686, 0.4752223287142959, 0.46776387037015427, 0.46320657636605056, 0.46011944319687637, 0.45853405372769224, 0.455247174875409, 0.45353782936638476, 0.4523170356656991, 0.4514012640597774, 0.45124874453918606, 0.44943401334332483, 0.44861510337567795, 0.4496959927035313, 0.44741980351653754, 0.446057679606419, 0.4460429888145596, 0.4447658307412091, 0.4443224177641027, 0.4452264934193854, 0.44438410681836743, 0.44283556938171387, 0.4436140042894027, 0.4426661741499807, 0.44153543897703584, 0.4416712499132343, 0.4411396103746751, 0.4408692974670261, 0.44116922920825435, 0.4393199080345677, 0.43946704911250695, 0.43967528787313725, 0.4391030908799639, 0.4380672655853571, 0.43834306036724763, 0.43781140738842533], "val_loss": [0.6699967546896501, 0.6412355195392262, 0.6154150854457509, 0.599006636576219, 0.5906828533519398, 0.583579881624742, 0.5758223912932656, 0.5654621015895497, 0.552755512974479, 0.5390051224014976, 0.5257556167515841, 0.5127846950834448, 0.5042670911008661, 0.4944988895546306, 0.49057468501004303, 0.48513140732591803, 0.4825576218691739, 0.4824308888478713, 0.4790679162198847, 0.47858868403868243, 0.4763169126077132, 0.47604614767161285, 0.4754704236984253, 0.4771651408889077, 0.47657480023124, 0.478967774998058, 0.4770520275289362, 0.4750371846285733, 0.47649557211182336, 0.4772602238438346, 0.47575788606296887, 0.47336784547025507, 0.47602414001118054, 0.47794182192195545, 0.47376626459035004, 0.4744228964502161, 0.4775367325002497, 0.4769913445819508, 0.47258890487930993, 0.4784147549759258, 0.47430969910188153, 0.476195671341636, 0.4747466472062198, 0.47388779846104706, 0.47383135015314276, 0.47567843849008734, 0.4727509319782257, 0.4750787236473777, 0.4744502983310006]}