{"best_val": 0.4501972496509552, "train_loss": [0.6584276895897061, 0.5886955120984245, 0.5506690465936473, 0.5115034036776599, 0.48242491016200945, 0.4625093562930238, 0.45537761321254805, 0.4506094508311328, 0.4486338852667341, 0.44611505083009306, 0.44399654339341554, 0.4424281061864367, 0.44082368004555794, 0.4391538635188458, 0.4371126948618421, 0.4348430306303735, 0.4355320819452697, 0.4325631675766964, 0.43161455264278487, 0.4282519945911333, 0.42616451487821694, 0.42491236212206823, 0.4235421086058897, 0.42158162535405624, 0.41961757283584744, 0.41710339632688787, 0.4167672004185471, 0.41423188880378126, 0.4140724539756775, 0.4113512500828388, 0.41007020894218893, 0.40864941010288164, 0.4060690999031067, 0.40447549200525473, 0.4015005955509111, 0.40115996143397165, 0.3991420870902492, 0.3974667436936322, 0.39550801877881964, 0.3946879453518811, 0.3923068052413417, 0.3905234447881287, 0.38982658351168914, 0.3882582135060254], "val_loss": [0.6123544302853671, 0.5646281838417053, 0.5302779647437009, 0.5079678540880029, 0.4798495254733346, 0.47208185358480975, 0.46639838272875006, 0.46481776508418, 0.4618621387264945, 0.4644524671814658, 0.4623539718714627, 0.4589623510837555, 0.459580811587247, 0.45785681767897174, 0.4564620012586767, 0.4575568545948375, 0.45770884914831683, 0.4557041173631495, 0.4556660056114197, 0.4557947814464569, 0.4577598246661099, 0.4540553255514665, 0.45624821294437756, 0.4535582255233418, 0.45336769927631726, 0.4535035192966461, 0.4531643444841558, 0.45131933147257025, 0.4518250958486037, 0.4543423490090804, 0.45593279329213227, 0.4518947276202115, 0.4537027965892445, 0.4501972496509552, 0.45587012713605707, 0.45140887661413714, 0.4516062953255393, 0.45308509739962494, 0.452359676361084, 0.45135929909619416, 0.45134644345803693, 0.4520587839863517, 0.4504475647752935, 0.451852102171291]}