{"best_val": 0.5187873840332031, "train_loss": [0.6522436704900529, 0.6485825677712759, 0.6451814969380697, 0.640857587258021, 0.6376283301247491, 0.6349317762586806, 0.6320651140477922, 0.6293404830826653, 0.6262680523925357, 0.622361958026886, 0.6187432938151889, 0.6147181193033854, 0.6126186748345693, 0.6090904341803657, 0.6058206756909689, 0.6030416852898068, 0.6004551549752554, 0.5960327751106687, 0.5935457812415229, 0.5895935628149245, 0.5882393055491977, 0.5851208766301473, 0.5813834634092119, 0.579541050725513, 0.5771019889248742, 0.5730557839075724, 0.5721821288267771, 0.5672738717661964, 0.5684490137630038, 0.5663267009788089, 0.5629763040277693, 0.5596341490745544, 0.559093263414171, 0.5556528766949972, 0.557747428615888, 0.5528228084246317, 0.5514918284283744, 0.5492400411102507, 0.5485462016529508, 0.5466874953773286, 0.5484533359607061, 0.5444485743840536, 0.5441206792990366, 0.5429684420426687, 0.5436381051937739, 0.5401457713709937, 0.5414636184771856, 0.537031685312589, 0.5397173778878318, 0.5366465730799569, 0.5365558978584077, 0.535214266843266, 0.5335288329256905, 0.5314117868741354, 0.533036028345426, 0.5311846319172118, 0.5304315470986896, 0.5274012701378928, 0.5274798886643516, 0.5236438181665208, 0.5298380239142312, 0.5269165171517266, 0.5232489324278302, 0.5245529148313735, 0.5223826782570945, 0.5227041062381532, 0.5219365292125278, 0.5225749595297707, 0.5229502469301224, 0.5177151146862242, 0.5200565358002981, 0.5182588034205966, 0.5176700320508745, 0.5186591529183917, 0.5155136949486203, 0.514851344956292, 0.5167567961745791, 0.5161199619372686, 0.5124548193481233, 0.5133021291759279, 0.5102295676867167, 0.5128038542138206, 0.5138069043556849, 0.5086583412355847, 0.5106918580002255, 0.5103021611769994, 0.5078930556774139, 0.5086472829182943, 0.5130758931239446, 0.5081574188338386, 0.50843236512608, 0.5066841211583879, 0.5083251231246524], "val_loss": [0.6513613760471344, 0.6482364535331726, 0.6445948034524918, 0.6404733061790466, 0.6379013359546661, 0.6332751512527466, 0.630133181810379, 0.6269971579313278, 0.6243851631879807, 0.622746080160141, 0.617165744304657, 0.6154631823301315, 0.6111805289983749, 0.6063179224729538, 0.6057508289813995, 0.6018975377082825, 0.599487915635109, 0.596501812338829, 0.5946500450372696, 0.5900358259677887, 0.5893912762403488, 0.5871644914150238, 0.585797980427742, 0.5800775587558746, 0.5788199603557587, 0.5734554380178452, 0.575271800160408, 0.5714261084794998, 0.5720894187688828, 0.5676451027393341, 0.5659403651952744, 0.5629939436912537, 0.5614137798547745, 0.5633168965578079, 0.5569646656513214, 0.5583762228488922, 0.5571948289871216, 0.5607842653989792, 0.5533773750066757, 0.5529548525810242, 0.5511234849691391, 0.5534683987498283, 0.5491260588169098, 0.5539704859256744, 0.5523376166820526, 0.549274817109108, 0.5382758900523186, 0.5524010732769966, 0.5422828271985054, 0.5449913740158081, 0.5424305349588394, 0.5413746684789658, 0.5442867875099182, 0.5407780259847641, 0.538581132888794, 0.5416360571980476, 0.5342824906110764, 0.5382889732718468, 0.5394423976540565, 0.5361562520265579, 0.537120446562767, 0.5308352410793304, 0.5356409549713135, 0.5366580784320831, 0.5341707840561867, 0.5332425385713577, 0.5356501564383507, 0.5254870057106018, 0.5366771146655083, 0.5331093072891235, 0.5302787125110626, 0.5273911133408546, 0.5335346460342407, 0.5326632559299469, 0.5292423740029335, 0.5333150923252106, 0.5236145555973053, 0.5334022790193558, 0.5281486585736275, 0.5208926945924759, 0.5257711783051491, 0.5207802280783653, 0.5187873840332031, 0.5255386382341385, 0.5220492780208588, 0.5291540175676346, 0.5267478600144386, 0.5209810361266136, 0.5225997343659401, 0.5202262178063393, 0.5233251303434372, 0.5226180851459503, 0.5196898877620697]}