{"best_val": 0.4931163713335991, "train_loss": [0.5837139785289764, 0.5702852441204919, 0.5591077705224355, 0.5496683153841231, 0.5387892309162352, 0.5304804096619288, 0.5253437028990852, 0.5155418597989612, 0.5144098136160109, 0.5120685481362872, 0.5079478919506073, 0.5082960608932707, 0.5046404716041353, 0.5011634131272634, 0.5031861199273003, 0.5007682376437717, 0.4965372168355518, 0.4986771312024858, 0.4970547705888748, 0.49436088071929085, 0.4922727280192905, 0.49309970604048836, 0.49348004990153843, 0.48921967380576664, 0.48968203696939683, 0.48656845423910355, 0.48835915161503685, 0.48494716154204476, 0.49303124017185634, 0.4869517832994461, 0.48302075266838074, 0.4840839256842931, 0.483078517847591, 0.48156049516465926, 0.4848693493339751, 0.483120353685485, 0.4837828129529953, 0.48198600444528794, 0.4791770693328645, 0.48121267226007247, 0.4793960137499703, 0.48040348953670925, 0.47906478577189976, 0.4771464814742406, 0.47797247933016884, 0.4798371030224694, 0.4788256337245305, 0.4793594545788235, 0.4795808659659492], "val_loss": [0.586595356464386, 0.5771425664424896, 0.5653881281614304, 0.557571530342102, 0.5528126806020737, 0.5462958663702011, 0.5391663312911987, 0.5343860536813736, 0.5309189558029175, 0.5347090139985085, 0.5266649425029755, 0.5303237363696098, 0.5285473242402077, 0.5284491181373596, 0.5195322036743164, 0.519334226846695, 0.5234570056200027, 0.5237936824560165, 0.5200204700231552, 0.5251308903098106, 0.5223076045513153, 0.5194246172904968, 0.5137168690562248, 0.5174157172441483, 0.5077217891812325, 0.5130295380949974, 0.5180554464459419, 0.5109375193715096, 0.5101573392748833, 0.5086468830704689, 0.507566548883915, 0.5134652704000473, 0.5105004534125328, 0.5130657702684402, 0.5129711255431175, 0.5097656846046448, 0.5045728608965874, 0.5134033709764481, 0.4931163713335991, 0.5023073330521584, 0.5096955671906471, 0.5055001601576805, 0.5034118890762329, 0.4979960098862648, 0.5052614286541939, 0.5059166923165321, 0.5075643658638, 0.4968166798353195, 0.49617850035429]}