{"best_val": 0.4717175289988518, "train_loss": [0.7719634705119662, 0.7332589858108096, 0.696692579322391, 0.6585433317555321, 0.6148249440722995, 0.572452144490348, 0.544447104136149, 0.5237589180469513, 0.514743255244361, 0.5063311573531892, 0.5016455186737908, 0.4956307080056932, 0.4929123901658588, 0.4882350249422921, 0.4870072619782554, 0.4849302934275733, 0.4816579868396123, 0.4776637785964542, 0.48107048206859165, 0.4772469765610165, 0.476188278860516, 0.480054818921619, 0.47194017469882965, 0.47464562786950004, 0.47346726887755924, 0.46970079176955754, 0.46939800514115226, 0.47284526626269024, 0.4726804941892624, 0.46975094079971313, 0.468930905063947, 0.46807150377167595, 0.46796634627713096, 0.46889304783609176, 0.46808480885293746, 0.4665813131464852, 0.46646780437893337, 0.467854317691591, 0.4668015440305074, 0.4677801645464367, 0.4648917582299974, 0.46398599280251396, 0.46378835870159996, 0.4651264001925786, 0.46572379767894745, 0.46434950166278416, 0.4624064399136437, 0.46439313722981346, 0.46172336571746403, 0.46259253058168626, 0.46169403195381165, 0.46177003449863857, 0.46313979228337604, 0.4582044813368056, 0.4619506514734692, 0.46159854531288147, 0.4646720273627175, 0.4599173880285687, 0.45809156199296314, 0.45921694570117527, 0.4616553717189365, 0.4603215025530921, 0.46019195516904193, 0.460537388920784, 0.4597066144148509, 0.4600832197401259, 0.4581504050228331, 0.45662886732154423, 0.4570314900742637, 0.4557262410720189, 0.45791688395871055, 0.4569209466377894, 0.4576350102821986], "val_loss": [0.746333509683609, 0.7115612626075745, 0.6760120838880539, 0.6361777186393738, 0.5924299657344818, 0.5571290850639343, 0.5289059802889824, 0.5141220092773438, 0.5077677145600319, 0.5047671645879745, 0.504056841135025, 0.49397581815719604, 0.49640773981809616, 0.5005476400256157, 0.49144061654806137, 0.4965965524315834, 0.49642860889434814, 0.4911249950528145, 0.49256155639886856, 0.5017312169075012, 0.4929565265774727, 0.4892401099205017, 0.490585058927536, 0.4905621409416199, 0.4892263412475586, 0.49283764511346817, 0.4894196316599846, 0.4935690686106682, 0.4886653497815132, 0.49217481911182404, 0.48499612510204315, 0.4860550984740257, 0.4905323386192322, 0.4880162551999092, 0.48070698976516724, 0.49258235841989517, 0.48316608369350433, 0.48144159466028214, 0.4827162027359009, 0.4849696308374405, 0.48309869319200516, 0.48105087876319885, 0.48416656255722046, 0.4869939386844635, 0.48020152002573013, 0.48239604383707047, 0.4841030016541481, 0.48301862180233, 0.48267950117588043, 0.48066502809524536, 0.481244221329689, 0.49537573754787445, 0.4767991825938225, 0.48425471037626266, 0.4789143279194832, 0.4837377369403839, 0.48086800426244736, 0.4727028012275696, 0.47878699749708176, 0.47913919389247894, 0.479607492685318, 0.48003047704696655, 0.4717175289988518, 0.4735531657934189, 0.4844399765133858, 0.47674955427646637, 0.4917367547750473, 0.47753097116947174, 0.471982978284359, 0.48265835642814636, 0.478164978325367, 0.47318894416093826, 0.475679412484169]}