{"best_val": 0.46612881124019623, "train_loss": [0.7266058921813965, 0.7087020840909746, 0.6893211007118225, 0.666417121887207, 0.6345940331617991, 0.6041345000267029, 0.5779798924922943, 0.5607966880003611, 0.5474633756611083, 0.5410197907023959, 0.5380542741881477, 0.5321260392665863, 0.5276473760604858, 0.5269660568899579, 0.5237018697791629, 0.5198586417569054, 0.516510996553633, 0.5137305392159356, 0.5115181903044382, 0.5070336543851428, 0.5078356431590186, 0.5037160880035825, 0.5071711738904318, 0.5023066467709012, 0.502397714389695, 0.5008180770609114, 0.501747159494294, 0.5030200050936805, 0.5030530012316174, 0.5041711015833749, 0.5012455301152335, 0.4988398336701923, 0.5023097164101071, 0.5023883034785589, 0.5013823327091005, 0.4995480328798294, 0.5010175224807527, 0.5007776618003845, 0.5023272898462083, 0.49892060789797044, 0.49767957131067914, 0.4992084983322356, 0.49723832143677604, 0.4998699708117379, 0.49894343316555023, 0.49800902439488304, 0.5013737115595076, 0.4987327522701687, 0.49602407382594216, 0.4972825033797158, 0.49768675367037457, 0.49547652569082046, 0.49576977557606167, 0.4969470765855577, 0.49519309567080605, 0.49705488979816437, 0.496874675154686, 0.49558381570710075, 0.49865592188305324, 0.497183170583513], "val_loss": [0.6881834417581558, 0.6727307587862015, 0.6532425433397293, 0.6277199536561966, 0.6101282238960266, 0.5904854387044907, 0.5701762437820435, 0.5513036847114563, 0.5420400202274323, 0.5283040553331375, 0.5313889235258102, 0.5187996104359627, 0.5173364281654358, 0.5074770450592041, 0.5087542459368706, 0.5021112710237503, 0.5037133693695068, 0.5020541921257973, 0.48895175755023956, 0.49375417828559875, 0.47917188704013824, 0.4847090616822243, 0.47948019206523895, 0.4766780659556389, 0.4808073118329048, 0.47548361122608185, 0.47605574131011963, 0.47661933302879333, 0.48089124262332916, 0.47829847782850266, 0.47123298794031143, 0.47493625432252884, 0.47816119343042374, 0.4792006239295006, 0.4735480695962906, 0.46885914355516434, 0.46917958557605743, 0.47357308119535446, 0.47542665153741837, 0.47349464893341064, 0.47600705176591873, 0.4674272760748863, 0.4738588482141495, 0.466709665954113, 0.469076469540596, 0.4707086607813835, 0.468168169260025, 0.47083695232868195, 0.4717608168721199, 0.46612881124019623, 0.46696359664201736, 0.470224991440773, 0.4685828536748886, 0.46916352212429047, 0.46948321908712387, 0.46869851648807526, 0.4675443544983864, 0.4738423749804497, 0.46722511947155, 0.4667957276105881]}