{"best_val": 0.4946015551686287, "train_loss": [0.6803683439890543, 0.6344790756702423, 0.6120489802625444, 0.5946359005239275, 0.5753842261102464, 0.5567107432418399, 0.5396930327018102, 0.5281550933917364, 0.5224824282858107, 0.5188656316863166, 0.5162625230020947, 0.512619768579801, 0.5114456580744849, 0.5096818092796538, 0.5088339183065627, 0.5068198608027564, 0.503499244650205, 0.5004898425605562, 0.49935804473029244, 0.5003642174932692, 0.4992435442076789, 0.49562327563762665, 0.4939630726973216, 0.49117948446008897, 0.4904409067498313, 0.48915399114290875, 0.48754170040289563, 0.48957256310515934, 0.48628004557556576, 0.4865796814362208, 0.4868922581275304, 0.4842747615443336, 0.4848124004072613, 0.48503268758455914, 0.4832239482137892, 0.4864991588724984, 0.4833299335506227, 0.48194463385476005, 0.4805537710587184, 0.48165330125225914, 0.48228464523951214, 0.4834826820426517, 0.48153071933322483, 0.48164113362630206, 0.479576556218995, 0.48047063251336414, 0.48159309724966687, 0.48018064267105526, 0.4789275924364726, 0.47997742725743187, 0.4804585973421733, 0.47857629424995846, 0.4816269675890605, 0.4792358825604121], "val_loss": [0.6276300102472305, 0.6036638766527176, 0.5915374159812927, 0.5782139897346497, 0.5697314143180847, 0.5565853416919708, 0.5478968769311905, 0.5405856445431709, 0.5418296754360199, 0.5398865342140198, 0.5364078730344772, 0.5352299958467484, 0.5409618467092514, 0.5315177589654922, 0.5356414765119553, 0.5276405215263367, 0.5275091007351875, 0.5284116715192795, 0.5250588804483414, 0.5183210745453835, 0.5227365344762802, 0.5150632336735725, 0.5210062861442566, 0.5152341201901436, 0.5125921815633774, 0.5070044472813606, 0.5097765550017357, 0.5131092593073845, 0.5047410205006599, 0.5086984932422638, 0.4998129531741142, 0.5073529854416847, 0.5035689547657967, 0.5071166828274727, 0.5006136521697044, 0.4950413703918457, 0.49987342953681946, 0.5012267082929611, 0.5006706267595291, 0.4974129870533943, 0.5068044140934944, 0.4983804374933243, 0.5028005093336105, 0.4946015551686287, 0.5030566081404686, 0.49783456325531006, 0.5082879811525345, 0.4978258013725281, 0.4999852925539017, 0.4986421465873718, 0.5015177205204964, 0.506745882332325, 0.5034083053469658, 0.49913886934518814]}