{"best_val": 0.4306177930398421, "train_loss": [0.6530079935111252, 0.6040286655519523, 0.581434996104708, 0.5590270623272541, 0.5266157704241136, 0.4975409250633389, 0.4737572190808315, 0.4615138944457559, 0.4563566586550544, 0.45126549695052354, 0.44932562930911196, 0.44625115686771916, 0.4445595671148861, 0.4438673783751095, 0.443409511271645, 0.44074613907757926, 0.43859026829401654, 0.4374442679040572, 0.43598318158411514, 0.4367220413451101, 0.43371102915090676, 0.43290260083535137, 0.43238036480604436, 0.43073713078218345, 0.4284050014673495, 0.42756230924643723, 0.4254714139536315, 0.42579205071224885, 0.42295345488716574, 0.42419560691889596, 0.42237111809206945, 0.41884705891796187, 0.4205518867455277, 0.4164099710829118, 0.4170336086376041, 0.4150209023671992, 0.4132261048345005, 0.4113816204024296, 0.41076066856290777, 0.4086655623772565, 0.40875355285756726, 0.40651507354250144, 0.40505387035070683, 0.40517614402023017, 0.40232526145729364, 0.4015972024085475, 0.39994903405507404, 0.39895248646829645, 0.397356764942992, 0.39544646471154454, 0.39469140943358927, 0.39374573382676814, 0.392487108707428, 0.39233461314556645, 0.3903140174407585, 0.3884754578272502, 0.38613059473972694, 0.3860594507525949, 0.3835044818765977, 0.3818286663176967, 0.3818147690857158, 0.3790750486009261, 0.3788069702830969, 0.3761056007123461, 0.37554153098779564, 0.37449946590498384, 0.37419448588408677, 0.37293125133888394, 0.3715745660604215, 0.36956128419614304, 0.3700593657353345, 0.36586947417726706, 0.36496378978093463, 0.36290041371887805, 0.3633967205589893], "val_loss": [0.6273891383951361, 0.5885360240936279, 0.5708380016413602, 0.5447438196702437, 0.513692931695418, 0.4817954518578269, 0.46770588105375116, 0.45962185751308093, 0.45277442173524335, 0.450673601844094, 0.45066268877549603, 0.4477024186741222, 0.44932292808185925, 0.4479846114462072, 0.4509377425367182, 0.4490860538049178, 0.4466091421517459, 0.44558455727317114, 0.44763710552995856, 0.44465890526771545, 0.4464539099823345, 0.4461671222339977, 0.4465114745226773, 0.44447537985714997, 0.44444695656949823, 0.4451761001890356, 0.44226545095443726, 0.4431920430876992, 0.4420996525070884, 0.44333002784035425, 0.44179880348118866, 0.4433411170135845, 0.44256071610884234, 0.4443377771160819, 0.44104541702704, 0.440427612174641, 0.4408656927672299, 0.4391042373397134, 0.4410070370544087, 0.43998052044348285, 0.43962090665643866, 0.4421700997786088, 0.4396527355367487, 0.43859222531318665, 0.43899998610669916, 0.43896726857532153, 0.4364464743570848, 0.4388970841060985, 0.43664200468496844, 0.4347150298682126, 0.43768301064317877, 0.4361330379139293, 0.43515454639088025, 0.43767364729534497, 0.43372255021875555, 0.4361081448468295, 0.43564193086190656, 0.433920372616161, 0.43458006327802484, 0.4339698715643449, 0.43520641868764703, 0.4350293522531336, 0.4343566731973128, 0.43386310068043793, 0.4306177930398421, 0.43555027788335626, 0.4321874109181491, 0.43484089320356195, 0.43401804295453156, 0.43341969089074567, 0.43292768705974927, 0.4374747005375949, 0.4338341951370239, 0.4322204318913547, 0.4337497787042098]}