{"best_val": 0.43569810823960736, "train_loss": [0.6610705712262321, 0.6413325410263211, 0.6150607314764285, 0.5907048407722922, 0.5770412455586826, 0.5674786409910988, 0.5568618832849989, 0.543794184923172, 0.5288174649079641, 0.5148471845131294, 0.4994405788533828, 0.48578888177871704, 0.4734996399458717, 0.46191420566801933, 0.45174332693511365, 0.445996272797678, 0.44168174851174447, 0.43922624050402176, 0.4370018617779601, 0.43482960672939525, 0.4333659293604832, 0.4312526384989421, 0.43145610538183476, 0.4294801903705971, 0.4291248420874278, 0.42904775516659605, 0.429626440300661, 0.42739715938474615, 0.4267197397409701, 0.4263860115817949, 0.42547688355632857, 0.42620792926526535, 0.42400944057632894, 0.4236901490127339, 0.4225182767007865, 0.42304687172758815, 0.422680851875567, 0.4210812297521853, 0.42204299276950313, 0.42182152236209197, 0.4203096102265751, 0.419551596922033, 0.41953736251475765, 0.41862216065911684, 0.41856900091264765, 0.4171386828609541, 0.41837025156208113, 0.416726876707638, 0.41591931967174306, 0.41497326364704207, 0.41630879862635745, 0.41426120961413665, 0.414593847358928, 0.41355031611872656, 0.41451917559492824, 0.4126244613937303, 0.41115642587343854, 0.41284897865033615], "val_loss": [0.6496572169390592, 0.6264248544519598, 0.596199555830522, 0.5784794742410834, 0.5695476802912626, 0.5604208030483939, 0.5487238439646634, 0.5369736037471078, 0.5247061686082319, 0.5091022740710865, 0.4955446476286108, 0.48440500822934235, 0.47290535406632855, 0.4630125679753043, 0.45890146222981537, 0.45424059575254266, 0.4507421011274511, 0.448191916400736, 0.44602676142345776, 0.44522365114905615, 0.445162832736969, 0.4420996470884843, 0.4439108534292741, 0.4431027580391277, 0.4401278414509513, 0.4414762719111009, 0.44147620417855005, 0.4412022287195379, 0.4382292628288269, 0.4390055781060999, 0.4384688572450118, 0.4395242821086537, 0.4388001425699754, 0.4381122426553206, 0.4380160868167877, 0.4392796050418507, 0.4379612315784801, 0.43847269361669367, 0.4387601613998413, 0.43785918842662463, 0.43840981071645563, 0.4383350041779605, 0.4375241209160198, 0.43855316801504657, 0.43733552369204437, 0.4371880428357558, 0.43667653473940765, 0.43569810823960736, 0.43715942718765954, 0.4367007857019251, 0.438387775963003, 0.4390045025131919, 0.4366834976456382, 0.436601229689338, 0.4392291307449341, 0.4369802474975586, 0.4367350556633689, 0.43646498972719366]}