{"best_val": 0.4364612671461972, "train_loss": [0.692960309047325, 0.6689938891167734, 0.6406791023179597, 0.6079170996067571, 0.5887573641889235, 0.5781838443933749, 0.5710157646852381, 0.5630049471761666, 0.5505712897169823, 0.5375473785634134, 0.5206548758581573, 0.5012725842934028, 0.4801147106815787, 0.46340463851012437, 0.4527016708663866, 0.44838512002253067, 0.4457051081984651, 0.44241689992885963, 0.44105884608100443, 0.4385266467636707, 0.43888528382076936, 0.43771349448783725, 0.4365939153175728, 0.4365447426543516, 0.4339611004380619, 0.43447140443558785, 0.4340449764448054, 0.43399086010222343, 0.4335697182253295, 0.43167942820810806, 0.43190474136202944, 0.4319979355615728, 0.43090296726600796, 0.42931173245112103, 0.4290652958785786, 0.42934992032892566, 0.42782966821801427, 0.42770890277974744, 0.4274353016825283, 0.4272659970264809, 0.42550773655667024, 0.4253681296227025, 0.4245844594403809, 0.42385869458609937, 0.4243512919136122, 0.4231560960704205, 0.42288944767970665, 0.4227406394247915, 0.4207964901830636, 0.42183409309854697, 0.4210125546829373, 0.42145660110548433, 0.4212701525173935, 0.4193935259884479, 0.42020246678707646, 0.41923557777030795, 0.4177580709550895, 0.4181495162786222], "val_loss": [0.6802791682156649, 0.6538368626074358, 0.6195141673088074, 0.5868473107164557, 0.5731227560476824, 0.5653124180707064, 0.5592404116283763, 0.5484219193458557, 0.5358786637132819, 0.5238236432725732, 0.5050957934422926, 0.4887076291170987, 0.46995405717329547, 0.4579107951034199, 0.4524736079302701, 0.45163965225219727, 0.4491666392846541, 0.4494804631580006, 0.4463693445379084, 0.4444895765998147, 0.4454087289896878, 0.44317195090380584, 0.44350300322879443, 0.443006539886648, 0.4421324973756617, 0.4429165748032657, 0.44238085367462854, 0.4400933249430223, 0.440595499493859, 0.44084459001367743, 0.44122020222923974, 0.4415073421868411, 0.4408328045498241, 0.43943628668785095, 0.4412690211426128, 0.44018698822368274, 0.4401978281411258, 0.439364186742089, 0.4389059462330558, 0.438872136852958, 0.4393885785883123, 0.4401346743106842, 0.4398106580430811, 0.44124043529683893, 0.4377976737239144, 0.43892221559177746, 0.4387147995558652, 0.4364612671461972, 0.4400142891840501, 0.43759776787324384, 0.4382693144408139, 0.4384898245334625, 0.43910053914243524, 0.43936959450895136, 0.43997650796716864, 0.43822158737616107, 0.4383335736664859, 0.43901011618700897]}