{"best_val": 0.4447170983661305, "train_loss": [0.703817202764399, 0.6310485262496799, 0.5926164038041059, 0.5705831880662956, 0.5478170917314642, 0.5228734220944199, 0.4996468699445911, 0.481041854503108, 0.46982185221185874, 0.4636690283522886, 0.4603361282862869, 0.4578388420974507, 0.45528293707791495, 0.45328305398716645, 0.451813280582428, 0.45164917321766124, 0.4506049261373632, 0.448191552769904, 0.448048730691274, 0.44820818305015564, 0.4455769517842461, 0.4461485702617496, 0.4442502511482613, 0.4436021079035366, 0.4441429417507321, 0.44187287781752793, 0.44233034288181977, 0.4417212722348232, 0.43990568261520535, 0.4395051224558961, 0.4385703685236912, 0.4377062700542749, 0.43931140326986123, 0.43817319881682304, 0.4352358474450953, 0.4349892566017076, 0.43446048042353463, 0.4325337947583666, 0.43181870205729617, 0.43143771267404746, 0.430068409910389, 0.4307553177955104, 0.4283660691158444, 0.4286966306321761, 0.42734620676321144, 0.42610593403086944, 0.4255706346502491, 0.42541813967274683, 0.42413661760442395, 0.42307527275646434, 0.4221639189065671, 0.4231362477237103, 0.4204523540010639, 0.42096784535576315, 0.41940654960333135, 0.4187151403988109, 0.4183524718471602, 0.4175184217153811, 0.41669142772169676, 0.41713927306380927, 0.4157114543166815, 0.41531559474327984, 0.4127546063825196, 0.41286426256684694, 0.41297316901824055, 0.410692995669795, 0.4107931980899736, 0.40965579479348424, 0.40805772122214823, 0.40880558362194136, 0.4095146270359264, 0.4072220290408415, 0.4051876956341313, 0.40611358658940183, 0.4040328766785416, 0.40393252992162515, 0.4030671610551722, 0.40202441928433436, 0.40343566852457385, 0.40090837548760805, 0.40151828293706854, 0.40139375364079194, 0.399194820838816, 0.4003057894753475, 0.39759065181601283, 0.39724726069207283], "val_loss": [0.6679031198674982, 0.6023135564543984, 0.5747198083183982, 0.5528453046625311, 0.532552648674358, 0.5096498781984503, 0.4882202825763009, 0.475198049436916, 0.46769682385704736, 0.4665313281796195, 0.46375149488449097, 0.4645235944877971, 0.46455487608909607, 0.4618462784723802, 0.46350986578247766, 0.4599726877429269, 0.45965889367190277, 0.46013875982978125, 0.46015219254927203, 0.4604848758740859, 0.4580885795029727, 0.46264189210805023, 0.46045370535417035, 0.45802324468439276, 0.45809305526993493, 0.45903497663411225, 0.45765796303749084, 0.4570715915073048, 0.45774673602797766, 0.4581045291640542, 0.4558818584138697, 0.4564377692612735, 0.4560043676332994, 0.4561097134243358, 0.4552955058487979, 0.45754084803841333, 0.4542306769977916, 0.45489097183400934, 0.45657091520049353, 0.45392647927457636, 0.4539917084303769, 0.4532900479706851, 0.45284308086742053, 0.4526456594467163, 0.4534705254164609, 0.4524028247052973, 0.4536938179622997, 0.45240510593761096, 0.4515911774201827, 0.4517855237830769, 0.4495802467519587, 0.4514419002966447, 0.45016982880505646, 0.4504052617333152, 0.45153828913515265, 0.451099693775177, 0.4490622959353707, 0.45033991878682916, 0.448988445780494, 0.45166919990019366, 0.4496597783132033, 0.44765131310983136, 0.4483845044266094, 0.4471308941190893, 0.4490593590519645, 0.44872794368050317, 0.4468438083475286, 0.44866980476812884, 0.44595822962847625, 0.44690875844521954, 0.44821598854931916, 0.4494227279316295, 0.4480660151351582, 0.4471038444475694, 0.44617757201194763, 0.4447170983661305, 0.44824534112756903, 0.44926126165823504, 0.4452115568247708, 0.44646622105078265, 0.44538550214333966, 0.4490426534956152, 0.4463929398493333, 0.44668109850449994, 0.44564817439426074, 0.4450514181093736]}