{"best_val": 0.5030917972326279, "train_loss": [0.7433073454433017, 0.6938370731141832, 0.6574432419406043, 0.6374164952172173, 0.6190621455510458, 0.5966733131143782, 0.578407519393497, 0.5644174781110551, 0.5588235888216231, 0.5476356860664156, 0.5426569448577033, 0.5369241171412997, 0.5345839411020279, 0.5302853948540158, 0.5261153644985623, 0.5276202427016364, 0.522161356276936, 0.5197674499617683, 0.5222388456265131, 0.5177269876003265, 0.5154778560002645, 0.5131019502878189, 0.5119116786453459, 0.5123128526740603, 0.5122598310311636, 0.5110993749565549, 0.5054928478267458, 0.5080355538262261, 0.5089098364114761, 0.5081429729859034, 0.505652098192109, 0.5066052890486188, 0.5064704749319289, 0.5063257565100988, 0.503653723332617, 0.5052480548620224, 0.5020447704527113, 0.5034970988829931, 0.5013918346828885, 0.505371931526396, 0.5003800044457117, 0.502229145831532, 0.5010030915339788, 0.4965454439322154, 0.49995485113726723, 0.5002591692739062, 0.49981942110591465, 0.5009055551555421, 0.5004851453834109, 0.496995468934377, 0.49840054909388226, 0.5001049389441808, 0.5033452146583133, 0.4985506965054406, 0.49822141726811725, 0.49822051492002273, 0.49646661182244617, 0.49671223925219643, 0.4989795784155528, 0.4973148736688826, 0.4967759781413608, 0.4982699321375953, 0.495849147439003, 0.49562714662816787], "val_loss": [0.6705780923366547, 0.645029827952385, 0.6251712143421173, 0.6091581434011459, 0.5926324278116226, 0.577879399061203, 0.5693104714155197, 0.5591433346271515, 0.5537035167217255, 0.5492699891328812, 0.5445789396762848, 0.5357150956988335, 0.5388990715146065, 0.5360225588083267, 0.5263820365071297, 0.5306497514247894, 0.5276568531990051, 0.5288258269429207, 0.5265228003263474, 0.524998664855957, 0.5185075476765633, 0.5200647637248039, 0.5143633633852005, 0.5113425254821777, 0.5094872415065765, 0.5133333280682564, 0.5199782699346542, 0.5117517560720444, 0.5123481974005699, 0.5144587680697441, 0.5158952996134758, 0.5098352506756783, 0.5140610188245773, 0.5072853043675423, 0.5137464702129364, 0.5083219259977341, 0.5106928497552872, 0.5119669288396835, 0.5081167742609978, 0.5068021267652512, 0.5085522159934044, 0.5080245062708855, 0.5135395973920822, 0.5051875859498978, 0.5103723481297493, 0.5101570412516594, 0.5112725868821144, 0.510684922337532, 0.5049676597118378, 0.5104981288313866, 0.5130551233887672, 0.5086429342627525, 0.5125715956091881, 0.5030917972326279, 0.5125368610024452, 0.5077405273914337, 0.5120525509119034, 0.5120714753866196, 0.5051528736948967, 0.5123523101210594, 0.508533202111721, 0.5155269205570221, 0.5135955661535263, 0.506917767226696]}