{"best_val": 0.47249175201762805, "train_loss": [0.789847522389655, 0.7119836912435644, 0.6593532153204376, 0.6274093915434444, 0.6035717819251266, 0.5906977197703194, 0.5804881155490875, 0.5723630154834074, 0.5643923674143997, 0.5546476034557118, 0.5445790027870852, 0.5343265650319118, 0.5231958575108472, 0.5140672857854881, 0.5054341063779944, 0.4978472900156881, 0.48957934508136675, 0.48169852238075406, 0.4760068649170445, 0.47326607096428963, 0.47033629464168175, 0.4696212206401077, 0.46783577343996835, 0.46750156376876084, 0.4660069901569217, 0.46489648433292613, 0.4646211763223012, 0.46479015256844314, 0.4641178998292661, 0.46209267249294356, 0.46247731879645704, 0.46127380109300803, 0.4616494108648861, 0.46035722716181887, 0.4590911666552226, 0.4617770717424505, 0.45988895028245214, 0.4588259113769905, 0.458862796717999, 0.45703762185339836, 0.4583500612015818, 0.4562716600941677, 0.4572983822401832, 0.45765390641549053, 0.45750320542092415, 0.4555925797013676, 0.4546368326626572, 0.454260541527879, 0.455615792204352, 0.45473547542796416, 0.4545022260908987, 0.4544648621596542, 0.45441311130336687, 0.4539143589197421, 0.4542140265305837, 0.45227448729907765, 0.4517003560767454, 0.4519810442831002, 0.4526417290463167, 0.45143205278060017, 0.45200974567263735], "val_loss": [0.6968436783010309, 0.6661508083343506, 0.6369190920482982, 0.6144316250627692, 0.602129112590443, 0.5942343473434448, 0.5866747823628512, 0.5795329700816761, 0.5708819736133922, 0.561783186414025, 0.5515259423039176, 0.5414091890508478, 0.5315026857636191, 0.5225346088409424, 0.51373321630738, 0.5042921277609739, 0.4972249079834331, 0.4882543547586961, 0.48626621744849463, 0.4814017035744407, 0.48104151812466706, 0.4788489152084697, 0.4805631095712835, 0.47876700488003815, 0.479449293830178, 0.47799438509074127, 0.476398229598999, 0.47652407125993207, 0.4757928523150357, 0.47594544562426483, 0.47754484144124115, 0.4758617877960205, 0.47717041860927234, 0.4751686724749478, 0.4760969579219818, 0.4776933491230011, 0.4749405194412578, 0.47701326825402, 0.47514063119888306, 0.47422116182067175, 0.47315992279486224, 0.47429546984759247, 0.4758581519126892, 0.4745569743893363, 0.4726889864964919, 0.4758320450782776, 0.47332391142845154, 0.47405748204751447, 0.47512549432841217, 0.47313022884455597, 0.47249175201762805, 0.4765087609941309, 0.4740340872244401, 0.4747755635868419, 0.4756209579381076, 0.47573516314679926, 0.47607814181934704, 0.4755024720322002, 0.4731885411522605, 0.47387621619484643, 0.47426860440861096]}