{"best_val": 0.5077977851033211, "train_loss": [0.6632696787516276, 0.6354751023981307, 0.6056535575124953, 0.574091288778517, 0.5501623700062434, 0.5390373799535964, 0.5309807691309187, 0.5261202603578568, 0.5205143474870257, 0.5174679656823477, 0.5166478984885745, 0.5155345996220907, 0.5141359517971674, 0.5114424394236671, 0.5115646306011412, 0.5074650098880132, 0.5103574146827062, 0.5045916123522652, 0.5031716359986199, 0.5021771755483415, 0.5057544675138261, 0.5000588132275475, 0.4980884674522612, 0.5007622490326563, 0.4971497721142239, 0.5025159186787076, 0.5000812510649363, 0.4973533898591995, 0.4950647321012285, 0.4987286494837867, 0.495329017440478, 0.4999816980626848, 0.4941699008146922, 0.4936910784906811, 0.4903971685303582, 0.49607953760359025, 0.49284309645493823, 0.4924536777867211, 0.4900936285654704, 0.4926000237464905, 0.4926884174346924, 0.49211414489481187, 0.4908967547946506, 0.4896195067299737, 0.4891476912630929, 0.48993634846475387, 0.48890609708097243, 0.48768673340479535, 0.48854250874784255], "val_loss": [0.6503662019968033, 0.6264065206050873, 0.5938435792922974, 0.5652773976325989, 0.554139718413353, 0.548589289188385, 0.5460117012262344, 0.5353651344776154, 0.5271013006567955, 0.5306013226509094, 0.5231627002358437, 0.5264055132865906, 0.5248887538909912, 0.5280364751815796, 0.5256277918815613, 0.5227129980921745, 0.5224044919013977, 0.5192472487688065, 0.5160771086812019, 0.5145313516259193, 0.5196462571620941, 0.5142299756407738, 0.5154452472925186, 0.5141249597072601, 0.516407310962677, 0.5134980157017708, 0.5140726938843727, 0.5133958756923676, 0.5114194452762604, 0.5173953026533127, 0.510755181312561, 0.5193808153271675, 0.5106748417019844, 0.512977845966816, 0.5148263946175575, 0.5142373144626617, 0.5129773318767548, 0.5162657350301743, 0.5077977851033211, 0.5127787664532661, 0.5130540579557419, 0.5151171907782555, 0.5121442824602127, 0.5148714259266853, 0.5131852552294731, 0.5136662721633911, 0.514339841902256, 0.5200651064515114, 0.5079286172986031]}