{"best_val": 0.4406960200179707, "train_loss": [0.6255325476328532, 0.5738617029844546, 0.5389751645864225, 0.4986163307638729, 0.4722390823504504, 0.461225256615994, 0.4571922661042681, 0.4548461080766192, 0.45028338946548163, 0.4509544109596926, 0.4490847827172747, 0.44438182957032146, 0.44380952154888825, 0.4422390192162757, 0.44172877190159815, 0.43932072438445746, 0.4366960496294732, 0.4351271478568806, 0.43616854501705543, 0.433848322022195, 0.43252254642692267, 0.4284345349844764, 0.4277874932569616, 0.4269467492898305, 0.4241446729968576, 0.4226638207248613, 0.42122503822925045, 0.4196526542598126, 0.4195066976780985, 0.4171619537998648, 0.415279581266291, 0.41355303981724906, 0.4116078030829336, 0.41026678739809525, 0.4081700981832018, 0.40654335127157326, 0.4060436966372471, 0.40475233980253633, 0.4021674195925395, 0.3995234983808854, 0.4002689689982171, 0.3959845041527468, 0.39574093210930916, 0.39365264948676615, 0.39159461914324295, 0.3901250859101613, 0.3894212695897794, 0.3886341668811499, 0.38603319958144544, 0.38407444369559196, 0.3824039832049725, 0.3817346510933895, 0.37928355791989493, 0.37721820730789035, 0.3763774195138146, 0.37546609897239536, 0.37390097508243486, 0.37248673918200476, 0.3728090957099316, 0.37097178662524505, 0.3680906155530144], "val_loss": [0.5802674727006392, 0.5518519688736309, 0.5174297907135703, 0.48266124996272003, 0.4705987410111861, 0.46538508209315216, 0.46457224000583996, 0.461528631773862, 0.4641193720427426, 0.45971286025914276, 0.4574917419390245, 0.4578039185567336, 0.4584109891544689, 0.45628776062618603, 0.4564005597071214, 0.4553850130601363, 0.4546057175506245, 0.45576090162450617, 0.45691105452450836, 0.4533402134071697, 0.45361575755206024, 0.4521764110435139, 0.4507423856041648, 0.4551259062506936, 0.449012580243024, 0.4495826742865823, 0.44924335317178204, 0.4516817900267514, 0.4496604718945243, 0.4513609057123011, 0.44744542782956903, 0.44669414921240375, 0.447757823900743, 0.4463973424651406, 0.44653738086873834, 0.44873357631943445, 0.4446845027533444, 0.4485201998190446, 0.4449606348167766, 0.4484727274287831, 0.4464946416291324, 0.4458416890014302, 0.4433609436858784, 0.44744703444567596, 0.44388929280367767, 0.4434690475463867, 0.44306403398513794, 0.4432504989884116, 0.443787929686633, 0.4419600448825143, 0.4406960200179707, 0.4470956027507782, 0.44581959735263477, 0.4472560692917217, 0.4423991929401051, 0.44356407631527295, 0.4415499811822718, 0.4483266201886264, 0.442762244831432, 0.44616795398972253, 0.44134083661166107]}