{"best_val": 0.4556543610312722, "train_loss": [0.6801431962088043, 0.6324804343429267, 0.5845932878699958, 0.5656880660384309, 0.5483279999564675, 0.5322875929813758, 0.5121367562050912, 0.492259681224823, 0.47609765856873754, 0.46443355083465576, 0.4567987503958683, 0.4529552658398946, 0.44939255597544653, 0.4460642232614405, 0.4443095951688056, 0.44354000161675844, 0.44378014054952886, 0.4427516898688148, 0.44207025567690533, 0.44087686199767917, 0.43864736486883726, 0.4384842392276315, 0.4383368538875206, 0.43665683035757025, 0.4354506982307808, 0.433697372674942, 0.4341341122692707, 0.43455465050304637, 0.4328092880108777, 0.43214401836488764, 0.43289749236667857, 0.4302920664058012, 0.4306218764361213, 0.42906999938628254, 0.4298155471390369, 0.42774002984458326, 0.4270977991468766, 0.42606744345496683, 0.4261717445710126, 0.4248348357630711, 0.42264146080204085, 0.42388736032972146, 0.4224230857456432, 0.42153876669266643, 0.4224836300401127, 0.41894279624901565, 0.41871491366741703, 0.41845372494529276, 0.4177791324316287, 0.4180678187632093, 0.41593918554923115, 0.416339166024152, 0.4167107156678742, 0.4153820264573191, 0.41358677137131783, 0.41368019171789583, 0.4115255217926175, 0.4110887407087812, 0.4122888101082222, 0.40937499614322886], "val_loss": [0.6597217592326078, 0.60691453110088, 0.5853682214563544, 0.5679840499704535, 0.5550175525925376, 0.534313288601962, 0.515470870516517, 0.49660111557353626, 0.4802462323145433, 0.47187528826973657, 0.4685079048980366, 0.4651119194247506, 0.465357861735604, 0.46452851728959516, 0.46280797774141486, 0.4648751426826824, 0.4622656377879056, 0.46260558475147595, 0.4616197483106093, 0.46235375783660193, 0.46410109238191083, 0.4637592814185403, 0.4594402719627727, 0.46214398741722107, 0.4632790359583768, 0.4602501798759807, 0.45932914452119306, 0.46278201179070905, 0.46195183017037134, 0.4624641916968606, 0.4632277217778293, 0.4624021513895555, 0.4576746333729137, 0.45780319517309015, 0.4615250582044775, 0.4617172588001598, 0.4620750763199546, 0.4566816037351435, 0.46162003549662506, 0.4608474482189525, 0.4639872827313163, 0.45749766718257556, 0.45923684672875836, 0.4580168371850794, 0.4565225297754461, 0.4589680487459356, 0.4604228680784052, 0.4579459943554618, 0.4585369283502752, 0.4556543610312722, 0.4588830200108615, 0.45575606552037323, 0.4594644416462291, 0.45789624886079267, 0.45796110413291236, 0.45607270435853436, 0.4582583795894276, 0.4610931927507574, 0.4563456557013772, 0.4584263265132904]}