{"best_val": 0.46929050981998444, "train_loss": [0.7466830114523569, 0.7180963688426547, 0.6960490842660269, 0.6772331628534529, 0.6578672760062747, 0.6401207347710928, 0.6230071783065796, 0.6081880927085876, 0.5940159459908804, 0.5854936208989885, 0.5776228672928281, 0.5678890198469162, 0.5661583360698488, 0.5600883464018503, 0.5556944608688354, 0.5515389624569151, 0.5489516655604044, 0.5445993228091134, 0.5415138734711541, 0.5434417343801923, 0.5358457979228761, 0.5352757026751837, 0.5366857432656817, 0.532643457253774, 0.5315951125489341, 0.5317394965224795, 0.5331653770473268, 0.5285544842481613, 0.5263330340385437, 0.5233885016706255, 0.5244569563203387, 0.5263493773010042, 0.5227950430578656, 0.521858466996087, 0.5187724580367407, 0.5200638175010681, 0.5205266624689102, 0.5194193687703874, 0.5184858226113849, 0.517867773771286, 0.5178319331672456, 0.5169684787591299, 0.514073896739218, 0.5152284486426247, 0.5140540185901854, 0.5135376006364822], "val_loss": [0.728726327419281, 0.7006520479917526, 0.6776907593011856, 0.6549709290266037, 0.6336492300033569, 0.609823539853096, 0.5901054590940475, 0.5654050707817078, 0.550696924328804, 0.5298924744129181, 0.5236519351601601, 0.5170094221830368, 0.5186095833778381, 0.5097589939832687, 0.50254687666893, 0.4977473095059395, 0.498514823615551, 0.49539464712142944, 0.4897298142313957, 0.4961579814553261, 0.484577439725399, 0.4838292896747589, 0.48131100088357925, 0.48337528109550476, 0.48133625090122223, 0.48076482862234116, 0.47967229783535004, 0.481427401304245, 0.4767885282635689, 0.48077449947595596, 0.4759571850299835, 0.4789825603365898, 0.47419173270463943, 0.474983349442482, 0.4798383116722107, 0.46929050981998444, 0.4721057638525963, 0.47754932940006256, 0.4767732098698616, 0.47461027652025223, 0.47995905578136444, 0.4703531414270401, 0.4731030762195587, 0.48005494475364685, 0.47269678860902786, 0.4794178232550621]}