{"best_val": 0.4877373278141022, "train_loss": [0.785770532157686, 0.7656188011169434, 0.7457204858462015, 0.7256903515921699, 0.7022076745827993, 0.6759243210156759, 0.6468596756458282, 0.6155907809734344, 0.5893504454029931, 0.571836981508467, 0.5599902239110734, 0.5480046156379912, 0.5415020088354746, 0.5338701357444128, 0.5272852761877908, 0.5221037649446063, 0.518948612941636, 0.5159830732478036, 0.5149092922608057, 0.5107693605952792, 0.5062251107560264, 0.5050798621442583, 0.5044967929522196, 0.5008291767703162, 0.5011804716454612, 0.4988768398761749, 0.4992130978239907, 0.4977042857143614, 0.4938994463947084, 0.4971923182408015, 0.49709754354423946, 0.49484890864955056, 0.4915829731358422, 0.49318139917320675, 0.49363718099064297, 0.4910585847165849, 0.48648422128624386, 0.48802296155028874, 0.4850197086731593, 0.4873034391138289, 0.4847112066215939, 0.4843503601021237, 0.4835209416018592, 0.48277593155701953, 0.47995711531904006, 0.47924576699733734, 0.4795447405841615, 0.4805591255426407, 0.48034562170505524, 0.47792210347122616, 0.48123146924707627, 0.4770856781138314, 0.4780719048447079, 0.4768451501925786, 0.4771212720208698, 0.4742453909582562, 0.4785836206542121, 0.4777644243505266, 0.4709517823325263, 0.47781889306174385, 0.47524962657027775], "val_loss": [0.7650574743747711, 0.7464396059513092, 0.7263055145740509, 0.7037965208292007, 0.679289385676384, 0.6516188085079193, 0.6188867390155792, 0.5924427509307861, 0.5700108110904694, 0.5560636594891548, 0.5414654612541199, 0.5375562459230423, 0.5334786251187325, 0.515830747783184, 0.5182464495301247, 0.5189379900693893, 0.5124074518680573, 0.5172790437936783, 0.5103829354047775, 0.5113538503646851, 0.5107876285910606, 0.508432537317276, 0.5103569477796555, 0.5064213573932648, 0.5058387741446495, 0.5060919001698494, 0.5081990212202072, 0.5064175799489021, 0.5096808075904846, 0.511032946407795, 0.5050151646137238, 0.5096324980258942, 0.5046986937522888, 0.49977418035268784, 0.4994003027677536, 0.49940864741802216, 0.5002180188894272, 0.5012995824217796, 0.49558787792921066, 0.49727819859981537, 0.4980298802256584, 0.49473153054714203, 0.492433525621891, 0.496510311961174, 0.491488441824913, 0.4901241213083267, 0.4908393323421478, 0.4949324131011963, 0.4941146522760391, 0.4925618916749954, 0.4877373278141022, 0.4885830655694008, 0.48880815505981445, 0.4963335245847702, 0.4903658926486969, 0.49545904994010925, 0.4969828203320503, 0.4937902241945267, 0.49497345089912415, 0.4898727163672447, 0.49215932935476303]}