{"best_val": 0.45402424985712225, "train_loss": [0.6703808997191635, 0.6511789268138362, 0.631892140005149, 0.6076330098451352, 0.5868615005530563, 0.5768896475726483, 0.566278943828508, 0.552162100871404, 0.5341614204294541, 0.5103437105814616, 0.4880993839572458, 0.47059067090352374, 0.4581337343243992, 0.44935741728427364, 0.44385362255807015, 0.4387672333156361, 0.43671611477346983, 0.4345194837626289, 0.43212144982581047, 0.4310617575458452, 0.42950520679062487, 0.4285355555076225, 0.427961797690859, 0.4264441675999585, 0.4263469904076819, 0.4253749479265774, 0.4261903102491416, 0.42377032894714206, 0.4228898923771054, 0.42267033749935673, 0.42193857010673075, 0.4198969421433468, 0.4198927657276976, 0.4200551521544363], "val_loss": [0.6629274866797707, 0.6460556387901306, 0.6256059083071622, 0.599696321920915, 0.590129635550759, 0.5816793550144542, 0.5673987106843428, 0.5549436970190569, 0.5322373726151206, 0.5106578225439246, 0.49198971553282306, 0.47837593067776074, 0.4696400680325248, 0.4650067090988159, 0.4628269618207758, 0.4597364230589433, 0.456886578689922, 0.4579250866716558, 0.4566553235054016, 0.4577874107794328, 0.4563754986632954, 0.4555913941426711, 0.4548243365504525, 0.45402424985712225, 0.455399445512078, 0.45466266707940534, 0.45509419387037103, 0.45443816076625476, 0.4558546380563216, 0.45525879751552234, 0.4562110033902255, 0.4544856981797652, 0.45431252230297436, 0.45426088029688055]}