{"best_val": 0.41354678164828906, "train_loss": [0.7030169554785186, 0.6911054323701298, 0.6790940340827493, 0.6649464696061378, 0.6481815857045791, 0.6279648109978321, 0.6130895077013502, 0.6027199368850857, 0.5951252661499322, 0.5879768682461158, 0.5807619725956636, 0.5727036577813766, 0.5669331316854439, 0.5601448101155898, 0.5537934227316987, 0.5466192890616024, 0.5408804217974345, 0.5330928230986876, 0.5265346777205374, 0.5187512303099913, 0.510933157860064, 0.5034861377641267, 0.49551014982017816, 0.48982732611543994, 0.48297858881015404, 0.4775104353240892, 0.4727795013025695, 0.468369288187401, 0.46431655685106915, 0.4611222340780146, 0.45813648373472926, 0.45564964998002144, 0.4532223577592887, 0.4525357870494618, 0.45044616741292615, 0.44845116722817513, 0.4477845079758588, 0.44698458091885435, 0.44507615706499887, 0.445667003884035, 0.44346817334493, 0.4434066344709957, 0.4426235211830513, 0.44278660475039017, 0.4423349961346271, 0.4417201420840095, 0.44194480484607174, 0.440600887817495, 0.44083457016477395, 0.4403282444851071, 0.4405059177501529, 0.43970099792760964, 0.43912773331006366, 0.4384584087951511, 0.43743328662479625, 0.4374022139053719, 0.43711714125147055, 0.43780818172529634, 0.4368606198067759, 0.4376043507865831, 0.4365141929364672, 0.4354041300567926, 0.4353417654832204, 0.43680009947103615, 0.43530458153462875, 0.4341207357013927, 0.4349896744185803, 0.43492722511291504, 0.4331233501434326, 0.4342101122818741, 0.43276457459318873, 0.43321601491348416, 0.432571915434856, 0.4322742895752776, 0.4317816402397904, 0.4310284718578937, 0.43118852844425276, 0.4309341358203514, 0.4307836755818012, 0.431222828579884, 0.4305374850245083, 0.43132299944466235, 0.42874062411925373, 0.4308183245799121, 0.42874473508666544, 0.42964155767478196, 0.4286657267925786, 0.4288577606865004, 0.4289538451269561, 0.42824815301334157, 0.42675238847732544, 0.4272021020160002, 0.42769746394718394, 0.4271051246745914, 0.42746685649834426, 0.4265577407444225, 0.42606736339774787, 0.42689037556741755, 0.4260637006338905, 0.4253677088840335, 0.42602284515605254, 0.4248674243104224, 0.42418643247847465, 0.424259482645521, 0.4252908726533254, 0.42424392817067164, 0.42471448872603623, 0.4244014369506462, 0.42458225406852423, 0.4244708892177133, 0.42367298170632006, 0.4234977084047654, 0.42296875107522103, 0.42309712194928933, 0.4226549857971715, 0.42266526000172483, 0.42296765423288535, 0.4226392174468321, 0.4222062832000209, 0.4224433279504963, 0.42166243756518645, 0.4211157081173916, 0.42105469341371576, 0.42041367818327513, 0.4214589204273972, 0.4197566637805864, 0.4202406686895034, 0.4201659945880665, 0.41932492688590406, 0.42038295724812674, 0.42002569986324684, 0.4186515264651355, 0.41915181045438726, 0.4189060546603857, 0.4186454672439426, 0.41834906737009686, 0.4193979303042094, 0.41707879889245125, 0.4175836175095801, 0.41748495896657306, 0.41834063740337596, 0.4178790081949795, 0.417814223205342, 0.41847406707557977, 0.41652779485665115, 0.4169424894978018, 0.41634226254388396, 0.417613498136109, 0.4170602811317818, 0.4165160463136785, 0.41684070404838114, 0.41570736088004767, 0.4157033673688477, 0.4161827949916615, 0.4163231598395927, 0.4148319305158129, 0.41566844255316493, 0.41434986977016225, 0.41413503125602125, 0.41369308852681924, 0.41547271141818926, 0.4147707031053655, 0.41416628687989476, 0.4140214692143833, 0.41291284619593155, 0.4141953996583527, 0.41296572135943993, 0.41355709819232717, 0.41376667396695005, 0.41340835538564946, 0.4123392251192355, 0.4125995852199255, 0.41456717544910954, 0.41224606013765525, 0.4119188096009049], "val_loss": [0.6966910578987815, 0.6847562898289073, 0.6713760820302096, 0.6552294384349476, 0.6356846310875632, 0.6171028072183783, 0.6034120917320251, 0.5967095656828447, 0.5870466882532294, 0.5811000303788618, 0.5739093802191995, 0.5674364133314653, 0.5610008212653074, 0.5542016896334562, 0.5460218597542156, 0.5393605801192197, 0.53306906060739, 0.5251931764862754, 0.5184404497796838, 0.5108613724058325, 0.5035882212898948, 0.4967536221851002, 0.48884505846283655, 0.4822805496779355, 0.47463813153180207, 0.47253733602437104, 0.46582402424378827, 0.4624625092202967, 0.4580283219164068, 0.4555952711538835, 0.4535762207074599, 0.45012816515835846, 0.4483288689093156, 0.4449685893275521, 0.4430543807419864, 0.4437083060091192, 0.44112815911119635, 0.4406391517682509, 0.4408201358535073, 0.43877184661951935, 0.4374349442395297, 0.43778777393427765, 0.4395309253172441, 0.4362535991451957, 0.43603266911073163, 0.4349000535228036, 0.43470944328741595, 0.4362789609215476, 0.43240771239454096, 0.43316092816266144, 0.4318840341134505, 0.43243765289133246, 0.4337903911417181, 0.43281898444349115, 0.4310752668163993, 0.43234566937793384, 0.4301663718440316, 0.43082599206404254, 0.43045702847567474, 0.42981603199785406, 0.43211785500699823, 0.42850650169632654, 0.4289380772547288, 0.42908899079669605, 0.4269606200131503, 0.4297611523758281, 0.4283846752210097, 0.4292727221142162, 0.4273703260855241, 0.4275436049157923, 0.4268811290914362, 0.42634583061391657, 0.42696259780363605, 0.4268099855292927, 0.42671758207407867, 0.42475328933108936, 0.42417988722974603, 0.4260767102241516, 0.4249192855574868, 0.42428549311377783, 0.42516475374048407, 0.4240265326066451, 0.4216492853381417, 0.42409669811075384, 0.42556930672038684, 0.42357941378246655, 0.4251877177845348, 0.4240128018639304, 0.4234733987938274, 0.42356920784169977, 0.4229456132108515, 0.4213395498015664, 0.4228553690693595, 0.4225177602334456, 0.42129041931845923, 0.423906992782246, 0.4202049672603607, 0.42150297219103033, 0.42098585042086517, 0.4199868386442011, 0.42017512971704657, 0.4196772846308621, 0.4194097464734858, 0.42052438855171204, 0.42000312967733905, 0.4214787727052515, 0.42000622911886737, 0.41942617297172546, 0.41886069016023114, 0.4218888662078164, 0.41970551013946533, 0.4195471866564317, 0.4183004146272486, 0.4193063866008412, 0.41907030885869806, 0.4193455387245525, 0.4176449884067882, 0.42040062492544, 0.4192406887357885, 0.4199613251469352, 0.4172804220156236, 0.41677326234904205, 0.4194454144347798, 0.41698287291960284, 0.41876036470586603, 0.41737480055202136, 0.41887516325170343, 0.41828576814044605, 0.41670380939136853, 0.4168697270480069, 0.416315802118995, 0.41716775027188385, 0.41648875312371686, 0.4160683642734181, 0.41737116195938806, 0.41614197059111163, 0.4168238179250197, 0.4164223183285106, 0.41575075550512836, 0.41569957678968256, 0.4156529903411865, 0.41587778654965485, 0.4158788025379181, 0.41518392075191846, 0.41480571844361047, 0.41438049348917877, 0.4160746823657643, 0.41513291001319885, 0.4150451123714447, 0.41579314253546973, 0.41419023275375366, 0.41585479270328174, 0.4147258292544972, 0.41568218577991833, 0.41540644385597925, 0.4148312671618028, 0.41524316505952313, 0.4157614355737513, 0.4156631420959126, 0.4146045581860976, 0.4136264378374273, 0.413588594306599, 0.41558280316266144, 0.4142071442170577, 0.41354678164828906, 0.4154905514283614, 0.4142179787158966, 0.41548449342901056, 0.41525834798812866, 0.41394827311689203, 0.4150720645080913, 0.41400313106450165, 0.4140787531029094, 0.41355049068277533, 0.41499505801634357]}