{"best_val": 0.43250541253523395, "train_loss": [0.6624631051923714, 0.6507438304377537, 0.6376765861230738, 0.6237294708981234, 0.6072054680655984, 0.5936199368215075, 0.5830729872572655, 0.5766016262419084, 0.5712423394708073, 0.5654388222039914, 0.5600515907885981, 0.5546256946582421, 0.549513658472136, 0.5426266526474672, 0.536894701275171, 0.530786958395266, 0.5234479238005245, 0.5163777400465572, 0.5102537215924731, 0.50172551297674, 0.4947006632299984, 0.4891240649363574, 0.482007026088004, 0.474780201327567, 0.4706205737357046, 0.46414248966703225, 0.4606957938156876, 0.4564041372607736, 0.4551141174400554, 0.4504279190418767, 0.4493665245233798, 0.4457350566106684, 0.4434834210311665, 0.4419143603128545, 0.4395269021099689, 0.4375342253376456, 0.43866805469288545, 0.43678129011509464, 0.43591658975563796, 0.4348217400850034, 0.43475058207324907, 0.43484266599019367, 0.4346262000355066, 0.43238083521525067, 0.4334797789068783, 0.4308624448729496, 0.4312078374273637, 0.4311833498524685, 0.4312092381365159, 0.4312482902816698, 0.4312113669573092, 0.42957627714848984, 0.42890046741448196, 0.42853036347557516, 0.42931681988286036, 0.42853394676657286, 0.4285731514294942, 0.4286979168069129, 0.42653168241182965, 0.4273105252022837, 0.42717215710995243, 0.4268169034929836, 0.42806875997898625, 0.42782462110706404, 0.42617906659257176, 0.4246532280071109, 0.4261968632539113, 0.425680047156764, 0.42501844787130166, 0.42589088631611244, 0.4251040640999289, 0.4240885470427719, 0.4235986979568706, 0.4245796606821172, 0.4243647666538463, 0.42327626137172475, 0.4239341973089704, 0.42255496569708284, 0.42261967062950134, 0.4232101510552799, 0.42278530726245805, 0.4227932872725468, 0.423172512475182, 0.42163660947014303, 0.42107802746342676, 0.4223713851442524, 0.42008982978615106, 0.4203135283554302, 0.41955917781474544, 0.4206763231286816, 0.4194812575976054, 0.42120002648409677, 0.4192458998923208, 0.41993414245399774, 0.41921376247032016, 0.4194999009955163, 0.41954925188831255, 0.4193449265816632, 0.4182598199330124, 0.4184281697460249, 0.41768960333337973, 0.4183220834124322, 0.4174113700202867, 0.4174649984228845, 0.4170752173545314, 0.4166270132158317, 0.41751959101826536, 0.4167449223060234, 0.41629406634499044, 0.4165346400410521, 0.41502172222324446, 0.41562461151796226, 0.41648928149073733, 0.41441187613150654, 0.41383077467189117, 0.414224050208634, 0.41345952188267426, 0.414345908983081, 0.4150593777497609, 0.41426316488022896, 0.41437428605322746, 0.41332767582407187, 0.412976567067352, 0.4128909455794914, 0.4126645069496304, 0.4121948924719119, 0.4130535686717314, 0.41281813558410196, 0.4123615838733374, 0.41143720173368264, 0.4118904313620399, 0.41163627832543614, 0.4111749126630671, 0.4110188460817524, 0.4111353077140509], "val_loss": [0.6581363407048312, 0.6458987702022899, 0.6329813599586487, 0.6183352687142112, 0.6040667458014055, 0.5926330739801581, 0.5870991078290072, 0.5812081532044844, 0.5753994529897516, 0.568578148430044, 0.5640470114621249, 0.5601709566333077, 0.5527442314408042, 0.54677368294109, 0.5421187606724825, 0.5359067645939913, 0.5288477133620869, 0.5212266824462197, 0.5137442052364349, 0.5076604079116475, 0.5002013878388838, 0.49440681121566077, 0.48676815087145026, 0.4832474345510656, 0.4765731448476965, 0.47377857294949616, 0.4684912237254056, 0.4642122198234905, 0.46358199553056195, 0.4607840261676095, 0.45895523645661096, 0.4564793678847226, 0.4567433866587552, 0.45327328551899304, 0.4511211541565982, 0.4497568634423343, 0.44993065162138507, 0.4477068836038763, 0.4478846246545965, 0.4494379460811615, 0.4478953047232194, 0.4481152512810447, 0.4452012235468084, 0.44734856486320496, 0.44679042155092413, 0.4486979598348791, 0.44544685699722986, 0.44543581117283215, 0.4470448683608662, 0.4449910711158406, 0.44520596211606805, 0.4452517113902352, 0.44488608837127686, 0.44426367770541797, 0.443929523229599, 0.4423391656442122, 0.4436817223375494, 0.4443996413187547, 0.4446879977529699, 0.4438551285050132, 0.44320726665583526, 0.44465396079150116, 0.44236329197883606, 0.4421490891413255, 0.4424292905764146, 0.44303639368577435, 0.4426754117012024, 0.44155701994895935, 0.4419567016038028, 0.4421550143848766, 0.4428697607733987, 0.44224039261991327, 0.44060145995833655, 0.4411587498404763, 0.44131187146360223, 0.4420136132023551, 0.44107960300012067, 0.4410457638177005, 0.4395682324062694, 0.4420986500653354, 0.43884914300658484, 0.441053263165734, 0.44200433926148847, 0.43940708853981714, 0.44047919457609, 0.438997666944157, 0.43951514634219085, 0.439008585431359, 0.43862096017057245, 0.44034963846206665, 0.43981921672821045, 0.4384444708173925, 0.4395879805088043, 0.4414270384745164, 0.439214595339515, 0.43646705421534454, 0.4393783509731293, 0.4392825798554854, 0.4382977539842779, 0.4368180415847085, 0.4360943517901681, 0.4400349503213709, 0.43723643638870935, 0.4370252544229681, 0.43757292357358063, 0.43762075901031494, 0.4366652694615451, 0.43877843564206903, 0.4386280531233007, 0.43607491796666925, 0.43614688786593353, 0.4361131326718764, 0.43670771338722925, 0.43677243861285125, 0.43713167580691253, 0.4380787367170507, 0.4356148838996887, 0.4347956288944591, 0.4353917972608046, 0.434916309335015, 0.4354823340069164, 0.4354496083476327, 0.43610467694022437, 0.4353644170544364, 0.43250541253523395, 0.43456144766374066, 0.4361234280196103, 0.4342679435556585, 0.4349977970123291, 0.43460208448496734, 0.4350504224950617, 0.43472463434392755, 0.4349363527514718, 0.43360236287117004, 0.433631105856462]}