{"best_val": 0.43111225217580795, "train_loss": [0.7397863235738542, 0.6817481716473898, 0.6312258640925089, 0.5830973585446676, 0.5505599959029092, 0.5385165164868037, 0.5272582388586469, 0.5236104859246148, 0.5167169090774324, 0.5139370659987131, 0.5098078664806154, 0.506496849987242, 0.5014307283692889, 0.5026999745104048, 0.5004975199699402, 0.4976065076059765, 0.4938235349125332, 0.4898594667514165, 0.49033545123206246, 0.49006303813722396, 0.4877566662099626, 0.4863824596007665, 0.4850938899649514, 0.48654355108737946, 0.4866114954153697, 0.48562248216734993, 0.4852723644839393, 0.4819100913074281, 0.4854631159040663, 0.48092873725626206, 0.484054007463985, 0.48412955635123783, 0.4796010735962126, 0.4828405860397551, 0.48085738387372756, 0.48112638460265267, 0.48312053249941933, 0.4801030291451348, 0.48047933479150134, 0.47710828814241624, 0.4803880039188597, 0.4800611419810189, 0.47725476655695176, 0.48001577456792194, 0.478121817111969, 0.47974395089679295, 0.47617077165179783, 0.47698012822204167, 0.47814889748891193, 0.47635258899794686, 0.4770774030023151, 0.47659094962808823, 0.47589654061529374, 0.47589437497986686, 0.4755364689562056, 0.4814094685845905, 0.4766136109828949, 0.4760838829808765, 0.47361202869150376, 0.4724049187368817, 0.4733448094791836, 0.4744192345274819, 0.473389713300599, 0.47363734245300293, 0.47402721146742505, 0.47223928901884293, 0.4758815003765954, 0.47228477398554486, 0.46964853008588153, 0.47042297157976365, 0.473384118742413, 0.47239260375499725, 0.4737231963210636, 0.47280556625790066, 0.47530422111352283, 0.4708140724235111, 0.4736112389299605, 0.46887973613209194, 0.47086558904912734, 0.4706593122747209, 0.4680291298362944, 0.4707658688227336, 0.4685417181915707, 0.47025354040993583, 0.46860426829920876, 0.4666711919837528, 0.46747683319780564, 0.47084593110614353, 0.46848902768558925], "val_loss": [0.7071291506290436, 0.6570842415094376, 0.6143026798963547, 0.569673553109169, 0.5507058650255203, 0.5268532335758209, 0.5211813747882843, 0.5206718221306801, 0.5147669166326523, 0.5065217763185501, 0.4976063445210457, 0.5025134459137917, 0.48613711446523666, 0.4843573197722435, 0.48023684322834015, 0.47904645651578903, 0.474121518433094, 0.47266794741153717, 0.4706995114684105, 0.46148286014795303, 0.46278541535139084, 0.4618668928742409, 0.46542077511548996, 0.46069759875535965, 0.4617069661617279, 0.4579240754246712, 0.45878733694553375, 0.462990365922451, 0.45499785244464874, 0.45423685014247894, 0.4560854732990265, 0.4611731395125389, 0.4573192223906517, 0.45733800530433655, 0.45002008974552155, 0.4549279734492302, 0.45263510197401047, 0.4556442126631737, 0.4478861540555954, 0.4539042264223099, 0.45302244275808334, 0.45096592605113983, 0.44948016852140427, 0.45555685460567474, 0.45005983859300613, 0.44483988732099533, 0.45755230635404587, 0.44732891768217087, 0.4534822404384613, 0.45273226499557495, 0.4494343474507332, 0.44404643028974533, 0.4501749724149704, 0.44942399114370346, 0.4444238841533661, 0.4472358301281929, 0.4478946030139923, 0.4518194943666458, 0.44549837708473206, 0.44681738317012787, 0.442708782851696, 0.4459049627184868, 0.45104900747537613, 0.4415028393268585, 0.4569053500890732, 0.4453481435775757, 0.4468487352132797, 0.44316021353006363, 0.4460828974843025, 0.44119473546743393, 0.4434264451265335, 0.43986421078443527, 0.4454518258571625, 0.44119852781295776, 0.44093021750450134, 0.4449002519249916, 0.44504766911268234, 0.44524814933538437, 0.43111225217580795, 0.4393299072980881, 0.43402063846588135, 0.43973003327846527, 0.43725942075252533, 0.4418274387717247, 0.43818349391222, 0.43862786144018173, 0.44729194790124893, 0.4478553533554077, 0.44022557884454727]}