{"best_val": 0.4708826094865799, "train_loss": [0.7765987084971534, 0.754626429743237, 0.7267823451095157, 0.691115117735333, 0.6472531722651588, 0.6015287107891507, 0.5641975634627872, 0.5372427983416451, 0.5203183657593198, 0.5088842627074983, 0.5051477634244494, 0.5004393193456862, 0.49907617105378044, 0.5010285990105735, 0.49704767598046196, 0.4940991418229209, 0.49472957021660274, 0.4945138378275765, 0.48924806382921004, 0.4888519197702408, 0.4871540152364307, 0.4895013239648607, 0.4870799399084515, 0.4847821146249771, 0.48474328882164425, 0.48560597995917004, 0.4826474967930052, 0.48195145693090224, 0.47984256512588924, 0.48261605699857074, 0.47928837438424426, 0.481854647397995, 0.4780504173702664, 0.4810650497674942, 0.4815351979600059, 0.4810150944524341, 0.4778226531214184, 0.4746561994155248, 0.4773415807220671, 0.47813631263044143, 0.4752913365761439, 0.4750365979141659, 0.472981043987804, 0.47582906981309253, 0.47293205393685234, 0.47577565908432007], "val_loss": [0.7706980407238007, 0.744496688246727, 0.7121772319078445, 0.6729406118392944, 0.6289862990379333, 0.5893938839435577, 0.5551316738128662, 0.5332164466381073, 0.5155886262655258, 0.5142718106508255, 0.5069633796811104, 0.4963923320174217, 0.49520523101091385, 0.4890197440981865, 0.4896152392029762, 0.49168944358825684, 0.4817776456475258, 0.48385658860206604, 0.48030339926481247, 0.48795169591903687, 0.4834180474281311, 0.4802898243069649, 0.4853198379278183, 0.4795266464352608, 0.48064368963241577, 0.47712914645671844, 0.4778182804584503, 0.47580309212207794, 0.4781513065099716, 0.4855511263012886, 0.4792725667357445, 0.4751484766602516, 0.47428882122039795, 0.4773117005825043, 0.4827781319618225, 0.4708826094865799, 0.4747864827513695, 0.4763055890798569, 0.47841979563236237, 0.4772689715027809, 0.47733163088560104, 0.4763137027621269, 0.479564368724823, 0.4768390506505966, 0.4799722582101822, 0.4760013148188591]}