{"best_val": 0.48867857456207275, "train_loss": [0.8672404521041446, 0.8158617251449161, 0.7728499935732948, 0.7361128826936086, 0.6975795030593872, 0.6469025843673282, 0.5845694442590078, 0.5487614406479729, 0.5390889147917429, 0.5331802202595605, 0.5267261581288444, 0.5206056088209152, 0.5205167747206159, 0.5203406612078348, 0.5174161858028836, 0.5193874769740634, 0.5157778842581643, 0.5160871148109436, 0.5105543931325277, 0.5086232042974896, 0.5084604720274607, 0.5063358909553952, 0.5063237663772371, 0.5049110766914156, 0.5002857396999995, 0.5023209634754393, 0.4974299950732125, 0.4978656537002987, 0.4946494466728634, 0.49617647959126365, 0.49285243782732224, 0.4896504398849275, 0.49247414204809403, 0.49149833619594574, 0.49026190406746334, 0.49034997324148816, 0.48828115231460995, 0.48825005027982926, 0.48551447027259403, 0.48850153883298236, 0.48531394865777755, 0.4830683022737503, 0.48426855107148487, 0.48354681664043003, 0.4839942074484295, 0.4815110464890798, 0.48210767573780483, 0.4818449748886956, 0.4821060316430198, 0.4808727552493413, 0.48367031746440464], "val_loss": [0.8139744251966476, 0.7723831981420517, 0.7357521206140518, 0.701851487159729, 0.6593962907791138, 0.6047771275043488, 0.5490524917840958, 0.5349389240145683, 0.5274984464049339, 0.5340830683708191, 0.5230313166975975, 0.5277510955929756, 0.5257282331585884, 0.5235361978411674, 0.5164226815104485, 0.5255015641450882, 0.5276645347476006, 0.5173401087522507, 0.514507882297039, 0.5129589587450027, 0.5149615779519081, 0.5128057822585106, 0.5048563405871391, 0.5014299899339676, 0.5072785168886185, 0.5035444721579552, 0.49243950098752975, 0.5019029080867767, 0.5043604746460915, 0.49977053701877594, 0.49800100177526474, 0.4943687915802002, 0.49575210362672806, 0.4920213520526886, 0.4975539520382881, 0.5007200315594673, 0.4914904609322548, 0.4947286695241928, 0.4892464652657509, 0.49116039276123047, 0.48867857456207275, 0.49348121881484985, 0.49561305344104767, 0.4911566525697708, 0.5028377026319504, 0.4925796538591385, 0.49597805738449097, 0.49326879531145096, 0.49505429714918137, 0.49635521322488785, 0.49620869755744934]}