{"best_val": 0.4691412557255138, "train_loss": [0.7125230443243887, 0.6582896674380583, 0.6294979955635819, 0.6128655274709066, 0.6003585527924931, 0.5911247379639569, 0.5840580568594091, 0.5768002084657258, 0.5687618541951273, 0.5587781854704315, 0.5484239272042817, 0.5343524953898262, 0.5190498910698236, 0.5043932631904003, 0.49288664378371894, 0.4828248894682117, 0.474571101805743, 0.4702995998017928, 0.4667135716653338, 0.464076534205792, 0.46344708928874895, 0.46120084792959926, 0.4610241721658146, 0.4600304195693895, 0.459623995364881, 0.459314540905111, 0.4587455304229961, 0.45984458631160213, 0.4588252826064241, 0.4586022081328373, 0.4586311835868686, 0.4583270076443167, 0.4574034938625261, 0.4575467244082806, 0.4560716584617016, 0.4575403671638638], "val_loss": [0.6413838917558844, 0.6171549233523282, 0.6039120717482134, 0.5956306999379938, 0.5908839377489957, 0.5856536843559959, 0.5795384537089955, 0.5745441832325675, 0.5668648941950365, 0.556710422039032, 0.5450727424838326, 0.5308820280161771, 0.5154466412284158, 0.5021058131348003, 0.493609910661524, 0.483579310503873, 0.479354284026406, 0.4774701243097132, 0.4738176763057709, 0.4743724817579443, 0.4737283939665014, 0.4734456864270297, 0.47215432741425256, 0.47221607782623987, 0.4711666134270755, 0.4691412557255138, 0.4704007858579809, 0.4716333205049688, 0.4707030681046573, 0.47095170617103577, 0.47120377963239496, 0.47119382294741546, 0.47179971499876544, 0.471842576156963, 0.47034312649206683, 0.47052903879772534]}