{"best_val": 0.5006840974092484, "train_loss": [0.5865074528588189, 0.5761226117610931, 0.567386206653383, 0.5590360164642334, 0.5530014071199629, 0.5468144797616534, 0.5408314582374361, 0.5340854707691405, 0.5291599879662195, 0.5230068696869744, 0.5184462716182073, 0.5143543697065778, 0.513213175866339, 0.5082967513137393, 0.5056943131817712, 0.501901336842113, 0.5023144168986214, 0.49921362267600167, 0.498086036907302, 0.49863208995925057, 0.49989670183923507, 0.5005844765239291, 0.49670496251848006, 0.49206549757056767, 0.4969974474774467, 0.49295462999078965, 0.49535926845338607, 0.49778253667884403, 0.49146546092298293, 0.4900861349370744, 0.4907674325837029, 0.489971528450648, 0.4905602667066786, 0.4868067999680837, 0.4889935768312878, 0.4912189957168367, 0.4854300005568398, 0.48631472057766384, 0.48294148180219865, 0.48512918916013503, 0.48706209162871045, 0.4836815297603607, 0.48468392756250167, 0.4840003980530633, 0.4845921711789237, 0.4814444151189592, 0.4824486689435111, 0.48176893923017716, 0.4847545756234063, 0.4827878508302901, 0.4851778629753325, 0.480344295501709, 0.4802762567996979, 0.48194970521661973, 0.48142457670635647, 0.47999292943212724, 0.4810141324996948, 0.4825226449304157, 0.4839383943213357, 0.4786622193124559, 0.4823784977197647, 0.48148415320449406], "val_loss": [0.5989484190940857, 0.5918518602848053, 0.584519699215889, 0.5769116580486298, 0.571390837430954, 0.5639216750860214, 0.5562586486339569, 0.5621060281991959, 0.5473422110080719, 0.5470536351203918, 0.5439970344305038, 0.5444101095199585, 0.5371550694108009, 0.5306228995323181, 0.5310275554656982, 0.5297576785087585, 0.5352468192577362, 0.5301721915602684, 0.5336720645427704, 0.5308213829994202, 0.5243829190731049, 0.530715748667717, 0.5226105004549026, 0.5268078297376633, 0.5267727077007294, 0.5260409116744995, 0.5280669406056404, 0.5249549150466919, 0.5233174413442612, 0.5286311209201813, 0.5137149766087532, 0.5148709639906883, 0.519418478012085, 0.5151369422674179, 0.5180509015917778, 0.5208972617983818, 0.5193444266915321, 0.5195387005805969, 0.5106733441352844, 0.5201111733913422, 0.5094452798366547, 0.5067696571350098, 0.5107857063412666, 0.5080875381827354, 0.5082681626081467, 0.512893795967102, 0.5093307048082352, 0.5120543986558914, 0.507289282977581, 0.5117360129952431, 0.5067354440689087, 0.5006840974092484, 0.5127486810088158, 0.5039390102028847, 0.5084724277257919, 0.5094754844903946, 0.5061959475278854, 0.5047105997800827, 0.501268059015274, 0.5088129714131355, 0.5051829591393471, 0.5049207583069801]}