{"best_val": 0.4647144228219986, "train_loss": [0.7260729438728757, 0.6929569641749064, 0.6701175537374284, 0.645189944240782, 0.6204596095614963, 0.5982112387816111, 0.5785780615276761, 0.5636547538969252, 0.5563750962416331, 0.5469967871904373, 0.5434738132688735, 0.5374218804968728, 0.5339056584570143, 0.5282279683483971, 0.5249869939353731, 0.5200321525335312, 0.5141969240374036, 0.5116879492998123, 0.5114684700965881, 0.5100219696760178, 0.5072310980823305, 0.5035220947530534, 0.5055557638406754, 0.5033807820743985, 0.49979980621072984, 0.503123422463735, 0.5017160640822517, 0.5032678577635024, 0.49971402519279057, 0.5010679662227631, 0.4991043342484368, 0.49946145051055485, 0.4993250651492013, 0.4975850267542733, 0.49888984362284344, 0.4982973055707084, 0.5001893324984444, 0.4981158673763275, 0.49926618569427067, 0.4972151236401664, 0.4977777898311615, 0.49902742935551536, 0.4952678084373474, 0.4976080556710561, 0.4948623395628399, 0.49592919482125175, 0.49611389140288037, 0.49443796939320034], "val_loss": [0.6733764111995697, 0.6499932706356049, 0.6315199434757233, 0.6150550097227097, 0.5949506163597107, 0.5728091448545456, 0.5673211067914963, 0.5512096956372261, 0.5483730733394623, 0.5408862978219986, 0.529365248978138, 0.5254067629575729, 0.5201358795166016, 0.5101036429405212, 0.5088142529129982, 0.5028931200504303, 0.5008390098810196, 0.49499817937612534, 0.497220940887928, 0.48876775056123734, 0.4914311245083809, 0.4778684452176094, 0.48556210845708847, 0.4791088402271271, 0.4738939255475998, 0.48793692886829376, 0.4787403419613838, 0.4793495163321495, 0.4753044918179512, 0.47693540900945663, 0.4777155742049217, 0.4799300357699394, 0.47036952525377274, 0.4715224429965019, 0.47243399918079376, 0.46994466334581375, 0.4757847711443901, 0.4647144228219986, 0.468600295484066, 0.4705217033624649, 0.4699081629514694, 0.46832916885614395, 0.4738396406173706, 0.4703343063592911, 0.47070644795894623, 0.4662514105439186, 0.46666353940963745, 0.46820054948329926]}