{"best_val": 0.4474364762956446, "train_loss": [0.6697228913213692, 0.5874739569776198, 0.5553461313247681, 0.5211746476444543, 0.4861089435278201, 0.46471841019742627, 0.45289942914364384, 0.4469558888790654, 0.44499825204119964, 0.4421261402906156, 0.4397791244235693, 0.4378814773232329, 0.4367985228697459, 0.43454097532758523, 0.434625820201986, 0.4318249289895974, 0.4292741306856567, 0.42897295893407333, 0.4263330598672231, 0.4256659787075192, 0.42361635612506493, 0.42282841661397147, 0.41914355754852295, 0.4187478785421334, 0.4162319360994825, 0.41391293675291774, 0.41416079390282723, 0.41135629953122604, 0.409487701514188, 0.4070628834705727, 0.4055088302668403, 0.4033328505123363, 0.4024788602894428, 0.4010610527852002, 0.39889538229680527, 0.39631380812794553, 0.39599770599720524, 0.3926942062144186, 0.39085928306860085, 0.3895194787605136, 0.38783883113487094, 0.3858030280646156, 0.3841903776514764, 0.38245154362098843, 0.37953517892781424, 0.3779493383332795, 0.3776562809944153, 0.3763233919938405, 0.3748408211212532, 0.3732301610357621, 0.3712728268959943], "val_loss": [0.613381261175329, 0.5788063948804681, 0.5461062518033114, 0.510486209934408, 0.48086024956269696, 0.4685825624249198, 0.46446277878501196, 0.46340926668860694, 0.45925579829649493, 0.4596079371192239, 0.45730083368041297, 0.4557541392066262, 0.4566365019841628, 0.45737861774184485, 0.4600207643075423, 0.4582904875278473, 0.4561160044236617, 0.45696521347219293, 0.4572067179463126, 0.4559202031655745, 0.4599345570260828, 0.4537842978130687, 0.4556054337458177, 0.4543648660182953, 0.4552722085605968, 0.4521322792226618, 0.453911385752938, 0.4560867656360973, 0.4532573602416299, 0.45271863720633765, 0.4516987285830758, 0.4524748352440921, 0.455359469760548, 0.4491107084534385, 0.4511016742749648, 0.45336736332286487, 0.4524143798784776, 0.45232507586479187, 0.45207691192626953, 0.4533331908962943, 0.4474364762956446, 0.44982652230696246, 0.4501001916148446, 0.45177593556317414, 0.4561715911735188, 0.4532906467264349, 0.4554141949523579, 0.45334132693030615, 0.4533898288553411, 0.45931509137153625, 0.4525543370030143]}