{"best_val": 0.44649855115196924, "train_loss": [0.7097596748202455, 0.6283901497429493, 0.5830594149290347, 0.5611832533396927, 0.5376466167908088, 0.5185785784440882, 0.5006134661973691, 0.48293519020080566, 0.4701412144829245, 0.46274412379545327, 0.45729318494890253, 0.45343545663590523, 0.4520038161792007, 0.4506552546632056, 0.4487646140304266, 0.44945856519773897, 0.4464278951579449, 0.44674668358821495, 0.44512001030585346, 0.4452128760954913, 0.44369267073332097, 0.4440836170140435, 0.44249703720504163, 0.4429166673445234, 0.4411415568753785, 0.43983767955910924, 0.4396798265915291, 0.4405135787000843, 0.4381111836900898, 0.43802883461409925, 0.4373516247552984, 0.4361477213747361, 0.4351973066142961, 0.4355066190747654, 0.4336479323751786, 0.4333125995654686, 0.4339020456753525, 0.4336823692508772, 0.43181518655197293, 0.43175022567019744, 0.4306163320354387, 0.43162330108530383, 0.4292212958429374, 0.42943258086840314, 0.42880428772346646, 0.42843908071517944, 0.4271296011466606, 0.42725679628989277, 0.4262477632831125, 0.4260384563137503, 0.42504308621088666, 0.4253596610882703, 0.42324432730674744, 0.4236914644054338, 0.4232315724971248, 0.4213159586869034, 0.4226311439392613, 0.4204040929382923, 0.42104195788794874, 0.41956722677922714, 0.4204431182029201, 0.41948265713803906, 0.4194204778063531, 0.4193592054002425, 0.4175161000560312, 0.41713324481365727, 0.4162859262204638, 0.41593997384987624, 0.41613813708810243], "val_loss": [0.6643933762203563, 0.6071048974990845, 0.5833457410335541, 0.5648430206558921, 0.5451751242984425, 0.5257317505099557, 0.5066939971663735, 0.4906043329022147, 0.48341600732369855, 0.4734636897390539, 0.4668963578614322, 0.46480891650373285, 0.4610147313638167, 0.46075610410083423, 0.46105396205728705, 0.4596996930512515, 0.4593558284369382, 0.45849169113419275, 0.4581975611773404, 0.4583183635364879, 0.45698337392373517, 0.4574457081881436, 0.4562868801030246, 0.4561319947242737, 0.45743623646822845, 0.4547358480366794, 0.4544543678110296, 0.4550501893867146, 0.4531002017584714, 0.45404516837813635, 0.4532143690369346, 0.4528861100023443, 0.45491842519153247, 0.45374777100302954, 0.4500733857805079, 0.45105426148934796, 0.45289748907089233, 0.4500673630020835, 0.45241250775077124, 0.45154650102962146, 0.4534672769633206, 0.45077779347246344, 0.45280762152238324, 0.44998253746466205, 0.44997636296532373, 0.45032807371833106, 0.4504592743786899, 0.4495222731070085, 0.4539943147789348, 0.44921217181465845, 0.4504159770228646, 0.4495334652337161, 0.451529706066305, 0.45024674047123303, 0.4507622610438954, 0.44881840727545996, 0.44869458404454315, 0.4507866474715146, 0.44649855115196924, 0.44757292758334766, 0.44885624809698627, 0.4500189152630893, 0.44675748727538367, 0.4482056498527527, 0.4467025670138272, 0.44672575322064484, 0.4489997544071891, 0.44873590902848676, 0.4482582482424649]}