{"best_val": 0.4938216209411621, "train_loss": [0.7158133023315005, 0.6964894632498423, 0.6836418708165487, 0.6713878578609891, 0.6588663889302148, 0.6446426179673936, 0.6307951543066237, 0.618989497423172, 0.6114213466644287, 0.5972549915313721, 0.5834206375810835, 0.5715705785486433, 0.5588216218683455, 0.5464276274045309, 0.5396789295805825, 0.5338452458381653, 0.5314950462844636, 0.529573968715138, 0.5237390415536033, 0.523951917886734, 0.5222539868619707, 0.5222519785165787, 0.5194948199722502, 0.5161393831173579, 0.5179991092946794, 0.5154644217756059, 0.5144734581311544, 0.5122795535458459, 0.5088694112168418, 0.5105738722615771, 0.5101120620965958, 0.5066639797555076, 0.5045721315675311, 0.5067581302589841, 0.5076837307877011, 0.5048927449517779, 0.5020725097921159, 0.49884912537203896, 0.5003233402967453, 0.500657371348805, 0.49926529659165275, 0.49378043082025314, 0.4954328305191464, 0.4949917379352782, 0.4930555837021934, 0.49434813691510093, 0.4915528694788615, 0.49393612146377563, 0.49600520233313244, 0.49009616010718876, 0.4906918737623427, 0.49129299653900993, 0.48753172324763405, 0.4881766057676739, 0.485552160276307, 0.49079202943378025, 0.486416510409779, 0.4870776898331112, 0.4854990906185574, 0.4856977313756943, 0.4873708619011773, 0.4887896494732963, 0.4868520051240921, 0.48248028258482617, 0.4843491282727983, 0.4848279489411248, 0.4851250582271152, 0.4826415131489436, 0.4849929329421785, 0.48452449838320416, 0.485836633377605], "val_loss": [0.641808956861496, 0.6301955729722977, 0.627160981297493, 0.6192513108253479, 0.6114397346973419, 0.6068906635046005, 0.5988421142101288, 0.5951273292303085, 0.58711838722229, 0.574537843465805, 0.5681899636983871, 0.5661206096410751, 0.5662971138954163, 0.5601916313171387, 0.5534812808036804, 0.5516775548458099, 0.5513800904154778, 0.5532943829894066, 0.5473175272345543, 0.5493789091706276, 0.5417096316814423, 0.5377167537808418, 0.5404078513383865, 0.546648308634758, 0.5402922555804253, 0.5441745966672897, 0.5349180102348328, 0.5355236828327179, 0.5328219085931778, 0.5367637127637863, 0.5278740227222443, 0.5289952456951141, 0.5226357206702232, 0.5286102369427681, 0.525049515068531, 0.5193720981478691, 0.5191104337573051, 0.5237247571349144, 0.5205871164798737, 0.5210518315434456, 0.5153521150350571, 0.5159124284982681, 0.5080023929476738, 0.5087613165378571, 0.5110630989074707, 0.5117627456784248, 0.5102952718734741, 0.5090494155883789, 0.5057701840996742, 0.5070566385984421, 0.5040727853775024, 0.51112499833107, 0.5062947794795036, 0.5051978528499603, 0.49678603559732437, 0.5027068704366684, 0.504916600883007, 0.5038816928863525, 0.5026993080973625, 0.5046994686126709, 0.4938216209411621, 0.4961371570825577, 0.495649129152298, 0.5078219324350357, 0.5003749206662178, 0.498092919588089, 0.4975866451859474, 0.49814434349536896, 0.49575190991163254, 0.49890657514333725, 0.49842679500579834]}