{"best_val": 0.4658047285946933, "train_loss": [0.8641066784952202, 0.7941196245305678, 0.723451717227113, 0.67194711227043, 0.6343406789443072, 0.608012503268672, 0.5936367979236677, 0.584411189252255, 0.5752644895338545, 0.5677874240220762, 0.5577543921330396, 0.5458146018140456, 0.5360868427098966, 0.5247331144762974, 0.5143289297234779, 0.5056551735775143, 0.4993879502894832, 0.49267370151538475, 0.488862099016414, 0.4828345389927135, 0.4796610953761082, 0.4766644163458955, 0.4752268534080655, 0.4724629351905748, 0.4714312892334134, 0.46825411915779114, 0.46936821937561035, 0.4693815743221956, 0.4675253939394857, 0.46842222120247634, 0.4669308469575994, 0.4670678920605603, 0.4657062146009183, 0.4662145533982445, 0.46487011979607973, 0.46534769324695363, 0.46432481501616685, 0.4650869170824687, 0.4639401003426197, 0.4629213213920593, 0.46335800021302465, 0.46479055811377135, 0.46254177596054824, 0.46304624922135296, 0.4625887900006537, 0.46150220316999097, 0.46162932760575237, 0.46199119792265053, 0.46178921706536236, 0.4614806075890859, 0.46199628652310837, 0.46053159996575, 0.46071212256655975, 0.46085884115275216, 0.45928890331118716, 0.45957573956134273, 0.4596795205976449, 0.4602174197926241, 0.4596146777564404, 0.4591674775469537, 0.4586627933324552, 0.4577903239166035, 0.45849380306169096, 0.4587835500053331, 0.45746972572569755, 0.45755087043724807, 0.4564315209201738, 0.4572719388148364, 0.45680847647143347, 0.45713530334771846, 0.4554193773690392, 0.45565950227718727, 0.4561120242464776, 0.4559818722453772, 0.455622150033128, 0.4560059081105625, 0.45452824527142094], "val_loss": [0.7598342841321771, 0.7195750095627524, 0.6762219017202203, 0.6355715664950284, 0.6014542579650879, 0.5859740593216636, 0.5773615945469249, 0.5675132355906747, 0.5601734844121066, 0.5510989915240895, 0.5421551276337017, 0.5310508798469197, 0.5204758779569105, 0.5110486989671533, 0.501778160983866, 0.4954252405600114, 0.4888918264345689, 0.4840351261875846, 0.480369814417579, 0.4771543036807667, 0.4751092520627109, 0.4728106449950825, 0.47279545122926886, 0.47008348595012317, 0.4705670313401656, 0.4698413231156089, 0.4682579446922649, 0.46810385855761444, 0.4697782912037589, 0.4689380851658908, 0.468036719343879, 0.46921619501980866, 0.46864817901091144, 0.4682375653223558, 0.46769497882236133, 0.4675131304697557, 0.46819719672203064, 0.4684731228785081, 0.46785255724733527, 0.46817129850387573, 0.4679407233541662, 0.4683698063546961, 0.4669657918539914, 0.46793136542493646, 0.4677212048660625, 0.46870324286547577, 0.4671733162619851, 0.46692846579985187, 0.4692500287836248, 0.4668258401480588, 0.4696819402954795, 0.4675409441644495, 0.46739788488908246, 0.46772442893548444, 0.46820311654697766, 0.46683898297223175, 0.4665683480826291, 0.46706794608723035, 0.46778767759149725, 0.4678519368171692, 0.46733762459321454, 0.4673020758412101, 0.466804100708528, 0.4682212905450301, 0.4672796374017542, 0.4669379266825589, 0.4658047285946933, 0.46621547774835065, 0.46732664650136774, 0.4683633094484156, 0.4674697301604531, 0.4669007090005008, 0.4673352295702154, 0.467160625891252, 0.46821294860406354, 0.46720400723544037, 0.4676272977482189]}