{"best_val": 0.43212262337858026, "train_loss": [0.6491057452033547, 0.6074658994581185, 0.584612668729296, 0.5565979679425558, 0.5186449739278531, 0.48893580775634915, 0.47414300371618834, 0.46589184742347867, 0.4620565024076724, 0.46121808360604677, 0.45837387150409176, 0.45769070877748375, 0.45621638672024595, 0.45610442991350214, 0.4542985131927565, 0.4539850926866718, 0.4536500841963525, 0.45255406697591144, 0.45064516277874217, 0.4500409925685209, 0.44777221247261645, 0.44866211098783154, 0.4456532223551881, 0.44698892738304885, 0.4442187039291157, 0.4449969267143923, 0.44270217535542505, 0.44211167447707234, 0.4396577868975845, 0.4398919975056368, 0.438678373893102, 0.43645673814941854, 0.4364602939755309, 0.43557382623354596, 0.4335123055121478, 0.432908040635726, 0.43143179662087383, 0.43018540506269415, 0.4284342831256343, 0.4277488110112209, 0.4270985447892956, 0.4260341209523818, 0.42480334581113327, 0.4237196439621495, 0.4230928169746025, 0.4199654781350903, 0.4199855713283314, 0.41894783284149917, 0.41770198941230774, 0.41522853164111867, 0.416570958553576, 0.41363638697886, 0.4136485065899643, 0.4114784019834855, 0.40983045510217253, 0.4083934321123011, 0.40702396572804916], "val_loss": [0.6197862679308112, 0.586500801823356, 0.5670409094203602, 0.5288655459880829, 0.4905460476875305, 0.4693243828686801, 0.46101308410817926, 0.45479288968172943, 0.45561881498856976, 0.45096909457987006, 0.4527429667386142, 0.44953318617560645, 0.45103632049127057, 0.44733644073659723, 0.45138718594204297, 0.4488447362726385, 0.4488425579938022, 0.44487572800029407, 0.44682919708165253, 0.44690239971334283, 0.446538507938385, 0.4459021064368161, 0.4454509507526051, 0.44234132495793427, 0.445963591337204, 0.4441455142064528, 0.4447254484350031, 0.4421455751765858, 0.4431657709858634, 0.44219770485704596, 0.44271027229048987, 0.4420024969361045, 0.44127423654903064, 0.4429749981923537, 0.4398141692985188, 0.43868517062880774, 0.4369316101074219, 0.4375847198746421, 0.4374359737743031, 0.43661541559479455, 0.43853767351670697, 0.4365848953073675, 0.4356110150163824, 0.4408402280374007, 0.4378797168081457, 0.4374453235756267, 0.43212262337858026, 0.4369109733538194, 0.4348822127689015, 0.44233626940033655, 0.4339825375513597, 0.4346823583949696, 0.43655303391543304, 0.43557861176404084, 0.4323968697677959, 0.4333224459127946, 0.4330754849043759]}