{"best_val": 0.49444372951984406, "train_loss": [0.6777116888099246, 0.6706167095237308, 0.6633009645673964, 0.6568556792206235, 0.6498607761330075, 0.6429310705926683, 0.6361292335722182, 0.6286213232411278, 0.621580398745007, 0.6127569443649716, 0.6047806408670213, 0.5959635045793321, 0.5880809525648752, 0.5801559355523851, 0.5703803400198618, 0.5628638300630782, 0.5540462848212984, 0.5479063838720322, 0.5390942858325111, 0.53705861667792, 0.5299186971452501, 0.5252948999404907, 0.5235905200242996, 0.5184062371651331, 0.5162490755319595, 0.5128898984856076, 0.512193939752049, 0.5072860734330283, 0.5040094438526366, 0.4998909814490212, 0.4997560663355721, 0.49780644641982186, 0.49481455981731415, 0.49280987348821426, 0.490777012374666, 0.48964284360408783, 0.4874146497911877, 0.48520001106792027, 0.48507944742838544, 0.4801891975932651, 0.47950922283861375, 0.47642577025625443, 0.4756280928850174, 0.47597060766485, 0.47509002519978416, 0.47487320171462166, 0.47138502531581455, 0.47046253581841785, 0.46517185701264274, 0.46851074198881787, 0.4676782108015484, 0.46605011655224693, 0.4656824933158027, 0.4655769881274965, 0.46244020263353985, 0.46544940769672394, 0.4638744874133004, 0.46181606418556637, 0.4610050353738997, 0.4605410529507531, 0.4602569573455387, 0.45921730167335933, 0.45819877253638375, 0.45801279611057705, 0.45793197717931533, 0.4599389202064938, 0.4562865346670151, 0.4556795044077767, 0.45719807346661884, 0.45462676717175377, 0.45595697230762905, 0.45586228536234963, 0.45533281564712524, 0.4536615014076233], "val_loss": [0.6754442751407623, 0.6683792620897293, 0.6624037325382233, 0.6568228006362915, 0.6505753695964813, 0.6446995437145233, 0.6368590146303177, 0.6283067762851715, 0.6216393113136292, 0.6154743880033493, 0.608054906129837, 0.6008617430925369, 0.5919936448335648, 0.5851371586322784, 0.5803331434726715, 0.5706037282943726, 0.5668943524360657, 0.5589673668146133, 0.5567203760147095, 0.547556683421135, 0.5476424843072891, 0.5451958328485489, 0.5447946712374687, 0.53536456823349, 0.5421359986066818, 0.5356976836919785, 0.5335578918457031, 0.542223758995533, 0.5341801419854164, 0.5303556025028229, 0.5253847017884254, 0.5306282937526703, 0.5213700011372566, 0.522993840277195, 0.5196744576096535, 0.5196406915783882, 0.526096798479557, 0.5229972824454308, 0.514560654759407, 0.5151846557855606, 0.5193176195025444, 0.5217315554618835, 0.5152266696095467, 0.5125345587730408, 0.5240158140659332, 0.5126443058252335, 0.5134902074933052, 0.5107894018292427, 0.5019364804029465, 0.5130509659647942, 0.5050565898418427, 0.5039250031113625, 0.5037926211953163, 0.5100748091936111, 0.5088099017739296, 0.5028025805950165, 0.5036100521683693, 0.50497255474329, 0.49680807441473007, 0.4985465705394745, 0.49601977318525314, 0.4991905689239502, 0.49468838423490524, 0.49444372951984406, 0.49621110409498215, 0.49499160051345825, 0.4958595037460327, 0.49644211679697037, 0.5038253366947174, 0.4979553073644638, 0.49693214148283005, 0.49574413895606995, 0.49494757503271103, 0.4946351498365402]}