{"best_val": 0.48331280797719955, "train_loss": [0.6787159045537313, 0.6446953515211741, 0.6131207247575124, 0.5836718877156576, 0.55164425737328, 0.5357368406322267, 0.5237531380520927, 0.5144900381565094, 0.5098568118280835, 0.5048460182216432, 0.4959269430902269, 0.4946852988666958, 0.49007349378532833, 0.4893851578235626, 0.4902554766999351, 0.4896302455001407, 0.48455730577309925, 0.48476828303602004, 0.48288796676529777, 0.4801867620812522, 0.48053377204471165, 0.48213236530621845, 0.4808509846528371, 0.47777891490194535, 0.4772263881233003, 0.47574927906195325, 0.4764750301837921, 0.4779859317673577, 0.4783795442846086, 0.47955117623011273, 0.47741873727904427, 0.477892882294125, 0.47686706980069477, 0.47592585451073116, 0.47454774876435596, 0.47489267256524825, 0.4736603531572554, 0.47175484399000805, 0.4736371272140079, 0.47200044492880505, 0.472867692510287, 0.4746893164184358, 0.471037389503585, 0.4710552874538634, 0.472098708152771, 0.4729056871599621, 0.4726044651534822, 0.4687425163057115, 0.4712250332037608, 0.47013500663969254, 0.4712161984708574, 0.4709087759256363, 0.467543492714564, 0.4707459757725398, 0.4690776682562298, 0.46717489262421924, 0.4723863552014033, 0.4712444560395347, 0.47110718654261696, 0.46957190169228447, 0.465914045770963, 0.4693509489297867, 0.4692089690102471, 0.4660027888086107, 0.4655572258763843, 0.4701724217997657, 0.46700117488702136, 0.4686514370971256, 0.4641595631837845, 0.4682690153519313, 0.4685312724775738], "val_loss": [0.661437064409256, 0.6343140006065369, 0.6038238704204559, 0.5773342251777649, 0.5531707555055618, 0.5411577895283699, 0.5360275059938431, 0.5315252020955086, 0.5253917723894119, 0.5234750956296921, 0.5191962718963623, 0.5218672975897789, 0.5162987783551216, 0.5132177695631981, 0.5077942088246346, 0.5160357132554054, 0.5157594978809357, 0.504671573638916, 0.515606053173542, 0.5059557780623436, 0.5009126737713814, 0.49560315161943436, 0.5001755282282829, 0.506713442504406, 0.5014602318406105, 0.49762459099292755, 0.4981040582060814, 0.4992293417453766, 0.5036222264170647, 0.4991298243403435, 0.49826568365097046, 0.48903073370456696, 0.4953501671552658, 0.5025584399700165, 0.4982732683420181, 0.494878314435482, 0.4966975748538971, 0.49789420515298843, 0.49388042092323303, 0.4877496510744095, 0.4934129863977432, 0.4900709092617035, 0.48822706937789917, 0.49742239713668823, 0.49459046870470047, 0.48757128417491913, 0.49447689205408096, 0.48895588517189026, 0.4888090491294861, 0.4908320903778076, 0.4852507710456848, 0.4965790659189224, 0.49575619399547577, 0.4925782233476639, 0.4925708547234535, 0.4895204082131386, 0.49142561107873917, 0.49351004511117935, 0.50135637819767, 0.4901844263076782, 0.48331280797719955, 0.4911772385239601, 0.4885276257991791, 0.4906376004219055, 0.48844902217388153, 0.4876905307173729, 0.49526405334472656, 0.4886491149663925, 0.4902983829379082, 0.4900420978665352, 0.4888426586985588]}