{"best_val": 0.4304392066868869, "train_loss": [0.6533819962950314, 0.6309620551034516, 0.6040531525424883, 0.5785753043258891, 0.5689862312055102, 0.5620691419816485, 0.5543069068123313, 0.5444826951213911, 0.5318520419737872, 0.5196779773515814, 0.5041251404612672, 0.487500619654562, 0.46950789701704887, 0.45447027098898796, 0.439502989544588, 0.4309578526253794, 0.42585870097665224, 0.4235680161737928, 0.42021864360454037, 0.41860174373084424, 0.41888317348910314, 0.4185139016777861, 0.4174906570537418, 0.4157295788035673, 0.41514865031429365, 0.4146066915755178, 0.41583919875762043, 0.4140581067870645, 0.4127676317504808, 0.4129508353915869, 0.4117249805553287, 0.41232940788362543, 0.4109841176107818, 0.4111611533398722, 0.409846693277359, 0.4094482771321839, 0.40926578699373733, 0.4078928863300997, 0.40757058297886567, 0.407565082989487, 0.4062525028107213, 0.40672683482076605, 0.40524650671902823, 0.4062210409080281, 0.4054374613013922, 0.40407511767219095, 0.4045477994516784, 0.40402091484443814, 0.403129075087753, 0.4035830392557032, 0.40189988881933925, 0.40268151023808646, 0.40226147747507285, 0.40149059424213335, 0.4011300363961388, 0.4000936296640658, 0.400385496078753, 0.40039778106352863, 0.3981971693973915, 0.3989569988905215, 0.398679267542035], "val_loss": [0.6469483483921398, 0.6263776909221302, 0.6026235331188549, 0.5952968705784191, 0.5895584767515009, 0.5839973742311652, 0.5755062807690013, 0.5658675323833119, 0.5505361909216101, 0.5392520536075939, 0.5226188898086548, 0.5037324672395532, 0.48429660363630816, 0.4685018468986858, 0.4558235325596549, 0.4503833976658908, 0.4476685984568162, 0.4427288147536191, 0.4420484656637365, 0.44285648519342596, 0.4403527947989377, 0.43765836683186615, 0.4392093365842646, 0.4373796365477822, 0.4371672543612393, 0.43543142622167413, 0.43592667308720673, 0.43540471521290863, 0.43537077036770905, 0.4350716227834875, 0.43489917570894415, 0.43380645459348505, 0.4343522109768607, 0.4323787120255557, 0.4336027909408916, 0.431452905589884, 0.4317374879663641, 0.4340819201686166, 0.4332411668517373, 0.43298823183233087, 0.4330845068801533, 0.43123682791536505, 0.43255185268142005, 0.4326538253914226, 0.43137793378396466, 0.43458636511455884, 0.43275761333378876, 0.4333315274932168, 0.4334314926104112, 0.4328321624885906, 0.4304392066868869, 0.43298806927420874, 0.43298017436807806, 0.433014758608558, 0.43130554123358295, 0.4331221715970473, 0.4332451874559576, 0.432551310821013, 0.4325029091401534, 0.43301296505061065, 0.4349577752026645]}