{"best_val": 0.43312790989875793, "train_loss": [0.6742529050976622, 0.597592596914254, 0.5665566126505533, 0.5381491482257843, 0.5017771189119301, 0.46849784021284063, 0.447513129196915, 0.4377958406420315, 0.4336141733562245, 0.4308956621908674, 0.42954618849006354, 0.4283251464366913, 0.42694510957773996, 0.4240202775188521, 0.423244600202523], "val_loss": [0.6338652318174188, 0.572279231114821, 0.5507074757055803, 0.5209625823931261, 0.4865516884760423, 0.46298384124582465, 0.4484291943636807, 0.4403484138575467, 0.4394349022345109, 0.4381361414085735, 0.43686062368479645, 0.43534593419595197, 0.436518593267961, 0.43313017216595734, 0.43312790989875793]}