{"best_val": 0.008147235959768295, "train_loss": [0.6354193470694802, 0.6048979732123289, 0.3446381600065665, 0.0920591318810528, 0.04467108380049467, 0.04683485881171443, 0.03554016698829152, 0.026519832624630493, 0.02443981026722626, 0.02370295999571681, 0.022250260099429976, 0.028428917200389234, 0.03512524169954387, 0.026192550335756758, 0.02215430411425504, 0.021265424280004067, 0.017917928582226687, 0.016996397933160715, 0.02318777423352003, 0.018427070844071834, 0.016354027966206722, 0.021259986668486486, 0.021415347487411716, 0.028790674511004578, 0.022726050747389145, 0.018046370284123855, 0.014017301823266527, 0.012057634515010497, 0.01465601078234613, 0.023672294972295112, 0.04284472149712118, 0.029436911625618286, 0.013669539920308373, 0.012530218259516087, 0.011990240965546533, 0.016900095241990955, 0.015807978872379117, 0.015344674042849378, 0.01243109226396138, 0.01503477116454054, 0.012256811118938706, 0.010007364495488053, 0.011705773543905128, 0.011868676297705282, 0.009104927282103083, 0.009687772496942092, 0.010616812230595811, 0.008235198593783107, 0.012915902792222121, 0.011280263774096966, 0.010102761697701433, 0.009004531068388711, 0.00825454284098338, 0.00870873107024553, 0.01289483545538546, 0.0661321333186193, 0.02733228609643199, 0.019326383459635756, 0.014479132199829275], "val_loss": [0.616446566581726, 0.542746651172638, 0.16661235988140105, 0.055467581003904344, 0.04266760125756264, 0.039921849966049194, 0.03222602233290672, 0.027495139464735984, 0.02349761500954628, 0.025719992443919183, 0.02054848875850439, 0.02275955267250538, 0.02668101489543915, 0.025257669016718866, 0.020496797002851962, 0.01944015808403492, 0.0224193774163723, 0.018031185306608678, 0.01796991042792797, 0.01668233461678028, 0.017321638762950897, 0.024742360785603525, 0.025160377472639085, 0.03828885890543461, 0.02902636379003525, 0.015544910542666912, 0.01356566846370697, 0.01332500483840704, 0.024351029470562936, 0.03254265710711479, 0.053755614906549454, 0.01393356341868639, 0.012988039664924145, 0.011748830601572991, 0.011772480700165034, 0.024118605256080627, 0.010726381465792656, 0.010932235233485698, 0.01142762079834938, 0.01114444863051176, 0.010726604983210564, 0.0107369146309793, 0.010066340677440166, 0.012920379266142845, 0.010448557790368795, 0.01010584756731987, 0.009802343137562276, 0.013800458423793316, 0.008147235959768295, 0.014488388411700725, 0.011512851156294347, 0.0109020059928298, 0.009497089311480522, 0.010955671314150095, 0.016995938681066036, 0.03369249701499939, 0.022821386530995368, 0.01741399336606264, 0.013647254928946495]}