{"best_val": 0.43918264183131134, "train_loss": [0.7503949368701262, 0.7385504047075907, 0.7268437918494729, 0.7153851495069616, 0.7030129689796298, 0.6897861969237234, 0.6756140554652494, 0.6609656810760498, 0.6462660537046545, 0.6317691452362958, 0.6181825995445251, 0.6063713314486485, 0.5960826008927589, 0.5880480759284076, 0.5817828786139395, 0.5774429487247094, 0.5743999568855062, 0.5708718206368241, 0.5663444300492605, 0.5643297357886445, 0.5582323150307524, 0.5552108930606469, 0.5523211605408612, 0.5489927021896138, 0.5449514067640492, 0.5414734991157756, 0.5380949716941983, 0.535030210719389, 0.5315738466440463, 0.5278659042190103, 0.5248624033787671, 0.5204029392962363, 0.5165501114200143, 0.5131142121904037, 0.5082337973164577, 0.5040891234781227, 0.5007587583626018, 0.49691760189392986, 0.4924374304565729, 0.48827021086917205, 0.4840938390470019, 0.4795194525344699, 0.47556711704123256, 0.47140466524105445, 0.46721166021683636, 0.4639866708540449, 0.4599594982231365, 0.45719969973844643, 0.4537861633534525, 0.4512460728486379, 0.44840827701138514, 0.4454277344778472, 0.4437592461997387, 0.4406862106977725, 0.43951281087071287, 0.4361582491912094, 0.4362289899704503, 0.4346097666843265, 0.4327772423332813, 0.43189483530381145, 0.43100422328593685, 0.4299257911887823, 0.429106183496176, 0.42904209798457577, 0.4288870411760667, 0.42699916748439565, 0.4275114962867662, 0.4273209770520528, 0.4259190284738354, 0.4246402201699276, 0.4251099398323134, 0.4249313339298847, 0.42374883036987454, 0.4248431979441175, 0.4235178349064846, 0.42305710678007086, 0.4228122742737041, 0.42459765777868386, 0.42351438484939874, 0.42245708201445786, 0.422458560443392, 0.42185252963327896, 0.4232485282654856, 0.4233771252865885, 0.4221381258730795, 0.42173098875027076, 0.42068608368144317, 0.42140939130502586, 0.4224850880164726, 0.42044710996104223, 0.4201713958207299, 0.42070502276514093, 0.42106414542478676, 0.42001178451612886, 0.4202597737312317, 0.41999755069321276, 0.42039313853955734, 0.420368550454869, 0.41966484224095063, 0.4197450940515481, 0.41949968361387063, 0.419526128207936, 0.41986311650743674, 0.4193999504341799, 0.4194773394687503, 0.4178892268854029, 0.41851123641518984, 0.41963737326509815, 0.4195155916260738, 0.4188472716247334, 0.417615087593303, 0.4182668515280181, 0.41793904643432767, 0.4177446832843855, 0.4178595174761379, 0.41804301446559383, 0.41655032190622066, 0.4185878476675819, 0.4178115859919903, 0.4162709052656211, 0.41754942781784954, 0.4161667671858096, 0.41668827977834966, 0.4171455514197256, 0.4176387155757231, 0.41641611036132364, 0.41687992565772114, 0.4166791929918177, 0.41627992192904156, 0.41568461995498807, 0.41656700770060223, 0.41597117571269765, 0.4160334941218881, 0.4158972016736573], "val_loss": [0.7426334511150013, 0.7314424839886752, 0.7209659002043984, 0.7099264047362588, 0.6981691230427135, 0.685745504769412, 0.6726219654083252, 0.6594085964289579, 0.6465828201987527, 0.6347028667276556, 0.6236316399140791, 0.6163199218836698, 0.6089035760272633, 0.603101372718811, 0.6011727777394381, 0.5973896655169401, 0.5940275679935109, 0.5930944572795521, 0.589823684909127, 0.5865098237991333, 0.5831916386430914, 0.5802171257409182, 0.5759965018792585, 0.5746010839939117, 0.5692655687982385, 0.5660453167828646, 0.5618527098135515, 0.5586940158497203, 0.553246563131159, 0.5506072694605048, 0.5460232442075555, 0.5425877300175753, 0.5373976068063215, 0.5353714661164717, 0.5286250114440918, 0.5274392041293058, 0.5221306491981853, 0.5185235196893866, 0.5129710381681268, 0.50948920304125, 0.5050296593796123, 0.5021169537847693, 0.4962128753011877, 0.49348396875641565, 0.4869266612963243, 0.4846173822879791, 0.48139332641254773, 0.4789275852116672, 0.4743688783862374, 0.47191399335861206, 0.4684156531637365, 0.46663049405271356, 0.4631342589855194, 0.45972034335136414, 0.45763504234227265, 0.457416447726163, 0.45589733394709503, 0.45503527196970855, 0.4529524337161671, 0.4529257660562342, 0.45086453448642383, 0.4516953311183236, 0.4500677450136705, 0.4504917480728843, 0.4491918601773002, 0.44859148968349805, 0.4472597729076039, 0.4487534355033528, 0.44574670087207446, 0.44684540141712537, 0.4463872936638919, 0.4445777183229273, 0.44422649253498425, 0.4467388960448178, 0.44403181021863763, 0.4429675747047771, 0.44281961159272626, 0.4441770152612166, 0.4447493011301214, 0.4445035078308799, 0.44351081143726, 0.44309700619090686, 0.4428394111719998, 0.44433628158135846, 0.44191575863144616, 0.44477044452320447, 0.44370307705619116, 0.4433956119147214, 0.44251644069498236, 0.4426684054461392, 0.44225873188538983, 0.4435561488975178, 0.44188049977475946, 0.4429049220952121, 0.4420336728746241, 0.441435307264328, 0.44135350530797784, 0.442032055421309, 0.4427964226766066, 0.4421313594688069, 0.44095436280423944, 0.44105470993302087, 0.4411394243890589, 0.44088425961407746, 0.4411029680208726, 0.4416411139748313, 0.4423444352366708, 0.4406166239218278, 0.4423027363690463, 0.4431686997413635, 0.4418810118328441, 0.44143030589277094, 0.44150871580297296, 0.4416024630719965, 0.44056501713666046, 0.44239396398717706, 0.4406298453157598, 0.44146774302829395, 0.4412415704943917, 0.4417108026417819, 0.4403937513178045, 0.4408709623596885, 0.43940176476131787, 0.43918264183131134, 0.4396818551150235, 0.439501402052966, 0.44024408947337756, 0.4400141889398748, 0.4399722624908794, 0.4409971968694167, 0.44024348800832575, 0.4399445815519853, 0.4400276948105205, 0.4395854554393075]}