{"best_val": 0.4350458735769445, "train_loss": [0.689035880799387, 0.6557825955690122, 0.6270235508095985, 0.6056360111517065, 0.5919482392423293, 0.5810582111863529, 0.5714672827253154, 0.5573360171972537, 0.5429016316638273, 0.5269280198742362, 0.5084538126693052, 0.4928429453980689, 0.4807181609611885, 0.4739368318342695, 0.4671531658546597, 0.46328509438271614, 0.45998378010357127, 0.4575393696626027, 0.4557046796761307, 0.45546239556050766, 0.4540059309379727, 0.4539024251348832, 0.4520444975179784, 0.4523184959794961, 0.45174886899835925, 0.4515571711110134, 0.4491273544582666, 0.4493320794666515, 0.44870084816334294, 0.4497090496268927, 0.44950010145411773, 0.4492940698184219, 0.44790731341231105, 0.4473274274199617, 0.44712842153567894, 0.44685422848252687, 0.44540927924361884, 0.4458301599119224, 0.44556811451911926, 0.44528287649154663, 0.44575270542911455, 0.445105081095415, 0.4443863139433019, 0.4445330880436243, 0.4439387222131093, 0.4437449977678411, 0.44358468756956215, 0.4424253830722734, 0.44202763484973534, 0.4421405651990105, 0.4417293439893162, 0.4423227129029293, 0.4410620810938816, 0.4394883010901657, 0.44005751200750765, 0.43894127478786543, 0.4400014158557443, 0.43840295310113947, 0.4394998947779338], "val_loss": [0.6620876301418651, 0.6308230540969155, 0.6042643135244196, 0.5876573811877858, 0.5745117285034873, 0.5628377632661299, 0.5522565137256276, 0.53847059878436, 0.5211076167496768, 0.503345562653108, 0.4861001128500158, 0.4705756658857519, 0.461935279044238, 0.4555614807388999, 0.44969110597263684, 0.4472741891037334, 0.44506856257265265, 0.4451965472914956, 0.44384746659885754, 0.4423056028105996, 0.4421039196577939, 0.440129507671703, 0.4398713924668052, 0.44050635532899335, 0.43973440473729913, 0.4402761323885484, 0.43881619518453424, 0.438959387215701, 0.4394595731388439, 0.44007730213078583, 0.43958731402050366, 0.4388150599869815, 0.43751288002187555, 0.438074680891904, 0.43816804073073645, 0.43880335038358514, 0.43873553384434094, 0.43730357018384064, 0.4374633648178794, 0.4393706971948797, 0.4365768459710208, 0.43905460834503174, 0.43544355034828186, 0.43630313873291016, 0.4369818486950614, 0.437463026155125, 0.4360967982899059, 0.4364818578416651, 0.4350458735769445, 0.4357891028577631, 0.43588085878979077, 0.4364632991227237, 0.4370448751883073, 0.4362082535570318, 0.43561061403968115, 0.43741329962557013, 0.43602313236756757, 0.43660511753775855, 0.43518372828310187]}