{"best_val": 0.4418343359773809, "train_loss": [0.6692470405616012, 0.6366445129992915, 0.6082320844425875, 0.5909560077330646, 0.5820803747457617, 0.5744293928146362, 0.5643698830230564, 0.5522330882502537, 0.5390105434492523, 0.5225278723473642, 0.5078648959889132, 0.49488743555312065, 0.48552800685751674, 0.47694655317886203, 0.4726308911454444, 0.4680754139142878, 0.4643012361199248, 0.4609292324851541, 0.46062202313367057, 0.45697467175184514, 0.45697688238293516, 0.45557795202030854, 0.4534323548569399, 0.45362089019195706, 0.45216615176668357, 0.45290965250894133, 0.4511823806108213, 0.4504622507329081, 0.45059871673583984, 0.44867970955138115, 0.4482598503430684, 0.44867176401848885, 0.4481199161679137, 0.44739246485280054, 0.44669925056251825, 0.4459272073764427, 0.44488704672046736, 0.4450576883905074, 0.4449882536542182, 0.4443799789045371, 0.444511144768958, 0.44422390531091127, 0.44298462306751923, 0.4418560558674382, 0.441962554174311, 0.44284744765244277, 0.4410762184975194, 0.4416620345676647, 0.44095643828896913, 0.44161560780861797, 0.44066543205111636, 0.4410053888956706, 0.43923738657259476, 0.43852975438622865, 0.4382825271756041, 0.4377531485230315, 0.43797095090735194, 0.4380829474505256, 0.43679041955985276, 0.43700435465457393, 0.43578643307966347, 0.43731850560973673], "val_loss": [0.6536653312769803, 0.6249557841907848, 0.6026436307213523, 0.5889773802323774, 0.5831567482514814, 0.5731046145612543, 0.5621480995958502, 0.5470787476409565, 0.5296807289123535, 0.5134601132436232, 0.4995381913401864, 0.48713011091405695, 0.4774128632111983, 0.46975860541517084, 0.4657199734991247, 0.46129174665971234, 0.45911058512600983, 0.45709875226020813, 0.455621673302217, 0.4537231244824149, 0.4515363736586137, 0.45172041112726385, 0.4522955200888894, 0.4500976015220989, 0.4485436975955963, 0.45135055617852643, 0.4495062665505843, 0.4496658336032521, 0.44791046326810663, 0.4477618526328694, 0.44880298321897333, 0.44814068349924957, 0.44658784432844684, 0.44594264843247156, 0.4476941715587269, 0.44693552364002576, 0.44540583003651013, 0.446048378944397, 0.444900317625566, 0.44601849805225025, 0.4469414001161402, 0.44674345038153906, 0.4466334012421695, 0.4466923746195706, 0.4443183595483953, 0.44542373581366107, 0.4439317827874964, 0.44522779367186804, 0.44416115229780023, 0.4449445496905934, 0.4433555603027344, 0.4418343359773809, 0.442675763910467, 0.4437149329618974, 0.4435369995507327, 0.44213622266596014, 0.4439031617207961, 0.4425983889536424, 0.44348661737008527, 0.44342629476027057, 0.4428419768810272, 0.44224572723562067]}