{"best_val": 0.4653501402248036, "train_loss": [0.767833703985581, 0.715774070758086, 0.6595110377440085, 0.6190189042916665, 0.5973478097182053, 0.5884208702124082, 0.575053378366507, 0.5659142595071059, 0.5578278142672318, 0.5429653089780074, 0.5324025085339179, 0.5215765111721479, 0.5063775640267593, 0.4975262307203733, 0.4854562660822502, 0.4793712256046442, 0.47571334815942323, 0.47183812581575835, 0.467397819344814, 0.46405471632113826, 0.4627854291063089, 0.4616199193092493, 0.4602388722392229, 0.45930441125081134, 0.4574914952883354, 0.4583942242539846, 0.455944255567514, 0.45668057753489566, 0.4608162595675542, 0.45676861989956635, 0.4573635562108113, 0.4542698178153772, 0.45283746833984667, 0.4546075056378658, 0.4527214507643993, 0.45140552062254685, 0.45415081542271835, 0.4507525127667647, 0.4543841154529498, 0.45330978299562746, 0.4496236987985097, 0.45086283809863603, 0.4507484997694309, 0.452863688652332, 0.4495048626111104, 0.4522214514704851, 0.448450614626591, 0.4503291312318582, 0.4501622708944174, 0.45074919725839907, 0.451322289613577, 0.4482055220466394, 0.44751908859381306, 0.450290027146156, 0.44793708335894805, 0.44803743293652165, 0.44815697234410506, 0.4465546447497148, 0.4463496964711409, 0.446798107945002], "val_loss": [0.7432999394156716, 0.6897181597622958, 0.6390506570989435, 0.6100582209500399, 0.5951019688086077, 0.5833171118389476, 0.5760177807374434, 0.5681406205350702, 0.558144290338863, 0.544001655145125, 0.5346537422050129, 0.5254118930209767, 0.5134091025049036, 0.5020674683830955, 0.4948177527297627, 0.49001181396571075, 0.48521932146765967, 0.4820084517652338, 0.475409824739803, 0.4768783450126648, 0.4771031818606637, 0.4720397564497861, 0.468634925105355, 0.4740335155617107, 0.47088459405032074, 0.4700233150612224, 0.4687161147594452, 0.4690318541093306, 0.46820715882561426, 0.46912400830875745, 0.46660620786926965, 0.4683945802125064, 0.46581897139549255, 0.46864879402247345, 0.4656341915780848, 0.46869781613349915, 0.46776269240812823, 0.4690402393991297, 0.4691020304506475, 0.4658523283221505, 0.46932154352014716, 0.4679007042538036, 0.4662607962434942, 0.4655239392410625, 0.469569821249355, 0.4677355099808086, 0.46728611263361847, 0.4683943417939273, 0.4677191972732544, 0.4653501402248036, 0.4693427058783444, 0.4656298431483182, 0.46694590828635474, 0.46787424791942944, 0.4658733145757155, 0.46768752282316034, 0.4691986712542447, 0.46917695890773425, 0.46649251742796466, 0.4670260358940471]}