{"best_val": 0.509652204811573, "train_loss": [0.67954973048634, 0.641776399479972, 0.6051078273190392, 0.5646782517433167, 0.5361850576268302, 0.5250863035519918, 0.5178243286079831, 0.5139577471547656, 0.5119870238833957, 0.5101206501324972, 0.506508501039611, 0.5032787173986435, 0.5015655242734485, 0.4966984556780921, 0.49448920951949227, 0.4941244290934669, 0.4929778476556142, 0.48927176826530033, 0.48869261807865566, 0.4861667189333174, 0.4829963528447681, 0.48249344031016034, 0.4797971232069863, 0.4799774967961841, 0.47800395720534855, 0.47517448829280007, 0.4745944109227922, 0.4729803138309055, 0.4702557325363159, 0.46997834410932326, 0.468301890624894, 0.46741005612744224, 0.4682808170715968, 0.4651598764790429, 0.4676790287097295, 0.46429682936933303, 0.46356786953078377], "val_loss": [0.6531935483217239, 0.6212631016969681, 0.5905992388725281, 0.5493324026465416, 0.5461158081889153, 0.537889689207077, 0.5409933924674988, 0.5329325646162033, 0.5380452275276184, 0.5259936675429344, 0.5292298421263695, 0.5311752781271935, 0.5271952524781227, 0.5268025249242783, 0.5197960883378983, 0.5250527039170265, 0.5188661813735962, 0.5144124925136566, 0.5178046599030495, 0.5146854966878891, 0.5191647410392761, 0.5173804387450218, 0.5157589539885521, 0.5125935524702072, 0.5116650238633156, 0.5167513117194176, 0.509652204811573, 0.5149666965007782, 0.5136819407343864, 0.5125124529004097, 0.5169485583901405, 0.5217229798436165, 0.5234874486923218, 0.5231151282787323, 0.524036355316639, 0.5231092274188995, 0.5307028740644455]}