{"best_val": 0.4690285406329415, "train_loss": [0.6321066150478288, 0.5876651628344667, 0.567161478248297, 0.550426666058746, 0.5287206155412337, 0.5058274999553082, 0.4872022352966608, 0.4733419587799147, 0.46662556599168215, 0.46029829277711753, 0.4558805209748885, 0.4550374950848374, 0.4516442383036894, 0.4507442064145032, 0.448890803491368, 0.446989308385288, 0.44662925542569626, 0.44488637412295623, 0.4435416781434826, 0.4425537884235382, 0.4419255396899055, 0.44299911751466636, 0.4402235705478519, 0.43946800220246407, 0.4382701299938501, 0.4387603723535351, 0.4364684931203431], "val_loss": [0.6141685247421265, 0.5904678810726512, 0.5750987692312761, 0.5573623072017323, 0.535113965923136, 0.513146698474884, 0.4965820014476776, 0.4856787459416823, 0.47920131412419403, 0.476133021441373, 0.4722648831931027, 0.47062262350862677, 0.4714924855665727, 0.47021089358763263, 0.47301271286877716, 0.4705920923839916, 0.4690285406329415, 0.47053715315732086, 0.47022144360975787, 0.4722039130601016, 0.4713189412247051, 0.469644077799537, 0.470753859389912, 0.47015926241874695, 0.47034257650375366, 0.47010599212212995, 0.4695653834126212]}