{"best_val": 0.44681317697871814, "train_loss": [0.7248688141504923, 0.6603100592014837, 0.6299834473460328, 0.6185599238264794, 0.6110125850228703, 0.6035241098964915, 0.5978964263317632, 0.5912744093175027, 0.5811672982047585, 0.5671532785191256, 0.5472741220511642, 0.5264710526840359, 0.5105259447705512, 0.49589818657613266, 0.48607250229985105, 0.47858522510996054, 0.4761584138169008, 0.4726243673586378, 0.4717281758785248, 0.4697698372251847, 0.46977933072576333, 0.4692266846404356, 0.46907175171609017, 0.46842773521647735, 0.4673764559568143, 0.4673697118665658, 0.46671926741506536, 0.4664948389810674, 0.46683045286758273, 0.4654203624117608, 0.46540152792837103, 0.4646148599830328, 0.46551908932480157, 0.46515343878783433, 0.4641244282909468, 0.4639539093363519, 0.46378784027754094, 0.462023397286733, 0.4627976499351801, 0.46164769460173216, 0.46206637691049013, 0.46199138433325526, 0.4631575684921414, 0.4606254451415118, 0.46097570307114544, 0.46009136824046865, 0.4622252793873058, 0.46012446810217467, 0.4599633170109169, 0.460026903479707, 0.4589107235272725, 0.45957379715115415, 0.4596174984586005, 0.45845582380014305, 0.457466734974992, 0.4574298893704134, 0.4589370915702745, 0.45712223123101625, 0.45790617723090976, 0.4570527298777711, 0.45663271406117606, 0.4556589091525358, 0.4568665746380301, 0.4565465473661236, 0.4564209329146965, 0.4543185835959865, 0.4548361798127492, 0.45433110407754485, 0.45353172982440276, 0.45457987808713723, 0.4535681780646829, 0.4533087523544536, 0.45387961058055654, 0.4533716077898063, 0.4524310482483284, 0.45268208957185935, 0.45262907591520574, 0.4520459227702197, 0.45150590936342877, 0.4510168550061245, 0.450042711169112, 0.45186100987827077, 0.45063129301164667, 0.4510713541040234, 0.451519322161581, 0.4504447427450442, 0.4494290328493305, 0.44995318148650376, 0.4491824618741578, 0.4493693551596473, 0.4490255444657569, 0.44846902524723725, 0.44883983392341464, 0.4486932205218895, 0.4484362584703109, 0.44830405303076204, 0.447505654073229, 0.44776828674709096, 0.44691187201761734, 0.4471204584720088, 0.4463682455175063, 0.4469105461064507, 0.4462990082946478, 0.44573409124916674, 0.44612393133780537, 0.4455094132937637, 0.4456567448728225, 0.4454654852549235, 0.4449937553966747, 0.4440629640046288, 0.44442620873451233, 0.4448636331978966, 0.4444069161134608, 0.4427606311498904, 0.4441613040718378], "val_loss": [0.6511336998506025, 0.6269391612573103, 0.6117783188819885, 0.6027596051042731, 0.5956172509626909, 0.5895980000495911, 0.5847871737046675, 0.5770362561399286, 0.5636122741482474, 0.5437437946146185, 0.5245152603496205, 0.5058288818055933, 0.49178122932260687, 0.48032003370198334, 0.4726805199276317, 0.46784506060860376, 0.4660272842103785, 0.4652081484144384, 0.46389755606651306, 0.4619510688564994, 0.4634017592126673, 0.46247381513768976, 0.46209327470172534, 0.459291701967066, 0.4600081281228499, 0.46164537288925866, 0.46016865426843817, 0.4617003310810436, 0.4604816897348924, 0.459760535847057, 0.45955365083434363, 0.4601241566918113, 0.460930583151904, 0.4584102928638458, 0.4592103280804374, 0.46004416183991864, 0.4587739949876612, 0.45904997803948144, 0.4581986909562891, 0.4569791988892989, 0.4603277173909274, 0.4576147632165389, 0.45672493089329114, 0.4564488069577651, 0.45708412473851984, 0.4583375724879178, 0.45766623453660443, 0.4567758630622517, 0.45751144127412274, 0.4561484293504195, 0.4570927078073675, 0.455327952449972, 0.4579490748318759, 0.45594043894247577, 0.45680536465211347, 0.4559989490292289, 0.4551420889117501, 0.45356877554546704, 0.45453760298815643, 0.4562300606207414, 0.4550605903972279, 0.4546156959100203, 0.45329335602847015, 0.45480838959867304, 0.45400838960300793, 0.4541516331109134, 0.4532799883322282, 0.45309715650298377, 0.4539297737858512, 0.45381586389108136, 0.45293501832268457, 0.4527668763290752, 0.45173960653218354, 0.4529777629808946, 0.45115632902492175, 0.45315300063653424, 0.4544292092323303, 0.4518314437432723, 0.4513413282957944, 0.4511720158837058, 0.45009704611518164, 0.4501760331067172, 0.45004698634147644, 0.4512638612227006, 0.451367738572034, 0.4501222751357339, 0.4511218883774497, 0.45063733512705023, 0.4503215524283322, 0.45007964155890723, 0.45083867690779944, 0.4509017386219718, 0.44956117326563055, 0.45112644271417096, 0.44945047118447046, 0.45144008777358313, 0.4481510140679099, 0.4471124004233967, 0.44882758368145337, 0.45064832947470923, 0.44866015965288336, 0.4478697180747986, 0.45039007609540765, 0.4485675231976943, 0.44681317697871814, 0.4498396542939273, 0.4481451592662118, 0.4493209150704471, 0.4479543295773593, 0.44731383702971717, 0.4479083743962375, 0.44837535240433435, 0.4475384842265736, 0.44905429807576264, 0.44739962978796527]}