{"best_val": 0.48466963320970535, "train_loss": [0.7035965787039863, 0.6983854870001475, 0.6930769085884094, 0.6874497201707628, 0.6811532576878866, 0.6740101906988356, 0.6660411589675479, 0.6562524139881134, 0.6461837258603838, 0.6344469454553392, 0.6210583878888024, 0.6076735887262557, 0.5932120382785797, 0.5827340483665466, 0.5741730365488265, 0.5651442805926005, 0.5589163104693095, 0.5522109750244353, 0.5442109555006027, 0.5381796459356943, 0.5347411996788449, 0.5324494805600908, 0.5247441662682427, 0.5176631444030337, 0.5174934417009354, 0.5149774038129382, 0.5080304675632052, 0.5077545659409629, 0.5052027851343155, 0.5031689190202289, 0.4976911395788193, 0.49667323463492924, 0.49227795004844666, 0.4898726161983278, 0.4897560593154695, 0.4876569625404146, 0.48536424669954514, 0.48071448008219403, 0.48237010174327427, 0.4810538093249003, 0.4770171625746621, 0.47937986420260537, 0.47907281915346783, 0.47999050550990635, 0.4714403400818507, 0.4740963511996799, 0.47202832996845245, 0.4743615123960707, 0.4699845595492257, 0.4678769227531221, 0.4693146165874269, 0.4690183136198256, 0.46599507000711227, 0.4659687727689743, 0.46604491273562115, 0.4627302785714467, 0.46300874484909904, 0.46633673045370316, 0.46308767464425826, 0.4640040430757735, 0.4618912140528361, 0.4569556564092636, 0.460728473133511, 0.4595845639705658, 0.46089770396550495, 0.4569666137297948, 0.45885877476798165, 0.4569165739748213, 0.45807676017284393, 0.4553542368941837, 0.453460521168179, 0.4541151391135322, 0.455034249358707, 0.45490239726172554, 0.4547036422623528, 0.45307527979214984, 0.45381951166523826, 0.45504098468356663, 0.45216666989856297, 0.45321743686993915, 0.4525923149453269, 0.4527754882971446, 0.45136026706960464, 0.4536482509639528, 0.44950660566488904, 0.45146245261033374, 0.4525734070274565, 0.45516925553480786, 0.4509192705154419, 0.45066991282833946, 0.4498690962791443, 0.4502940906418694, 0.45093567338254714, 0.449814283185535, 0.448913037776947, 0.4537433452076382, 0.4548574454254574], "val_loss": [0.700088232755661, 0.6952119022607803, 0.6903084367513657, 0.6846232563257217, 0.6779597103595734, 0.6707971096038818, 0.6627461314201355, 0.6541755646467209, 0.6437953263521194, 0.6323490589857101, 0.6209085881710052, 0.604485034942627, 0.5955430716276169, 0.5835323184728622, 0.5757828503847122, 0.5755036473274231, 0.5667620599269867, 0.5576243698596954, 0.5581057518720627, 0.5511214137077332, 0.5461474508047104, 0.545045793056488, 0.5422462970018387, 0.5397249907255173, 0.5369338542222977, 0.5363016128540039, 0.5328013449907303, 0.533526211977005, 0.5240871757268906, 0.5242150723934174, 0.5215452536940575, 0.522183895111084, 0.5231529697775841, 0.5181775316596031, 0.5122242122888565, 0.5188832804560661, 0.51683060079813, 0.5158978179097176, 0.5082882046699524, 0.5145977586507797, 0.514722004532814, 0.5073070600628853, 0.5132914036512375, 0.508995346724987, 0.5107895880937576, 0.511611133813858, 0.5114916786551476, 0.5126500502228737, 0.5037886649370193, 0.5050621777772903, 0.5065631791949272, 0.5099897012114525, 0.5073269680142403, 0.4956965520977974, 0.504607804119587, 0.5090824514627457, 0.5030046999454498, 0.5077024847269058, 0.49681107699871063, 0.5042156800627708, 0.49747709929943085, 0.5001624673604965, 0.49328603595495224, 0.491868294775486, 0.49792468547821045, 0.49663231521844864, 0.4949280545115471, 0.49452415108680725, 0.49549106508493423, 0.496488057076931, 0.4919683262705803, 0.49647925049066544, 0.49648427963256836, 0.48964522033929825, 0.49549654871225357, 0.49475257843732834, 0.500121496617794, 0.49378177523612976, 0.49038009345531464, 0.4878683239221573, 0.489859476685524, 0.490493543446064, 0.48567529022693634, 0.49195949733257294, 0.4898866191506386, 0.4871641919016838, 0.48466963320970535, 0.49968718737363815, 0.49625226110219955, 0.49039173126220703, 0.49638159573078156, 0.4942632168531418, 0.49103226512670517, 0.48952658474445343, 0.48722779005765915, 0.49064459651708603, 0.4855750873684883]}