{"best_val": 0.47013701498508453, "train_loss": [0.6635938617918227, 0.638139996263716, 0.6135085158877902, 0.5884140696790483, 0.5680174430211385, 0.5481265054808723, 0.5373148818810781, 0.536639047993554, 0.529118408759435, 0.5256952560610242, 0.5216555264261034, 0.5162467161814371, 0.5147928777668211, 0.5121300518512726, 0.5084292259481218, 0.5044925196303262, 0.5071473767360052, 0.5041190998421775, 0.5028484248452716, 0.5022062758604685, 0.5001789546675153, 0.498437268866433, 0.49674000673823887, 0.4943270418379042, 0.49403462807337445, 0.4935816890663571, 0.49118247462643516, 0.49203653468026054, 0.48967529502179885, 0.4883286754290263, 0.4874393459823396, 0.4860463473531935, 0.48452798691060806, 0.48731182846758103, 0.48655545380380416, 0.4848651621076796, 0.48290260632832843, 0.4834701369206111, 0.4877651698059506], "val_loss": [0.6435308754444122, 0.6208752542734146, 0.5953580439090729, 0.5723845213651657, 0.5516812205314636, 0.5371772348880768, 0.5250584706664085, 0.5208347514271736, 0.5096900835633278, 0.508424274623394, 0.4991617575287819, 0.5034222304821014, 0.49631350487470627, 0.48907017707824707, 0.48806483298540115, 0.4912283420562744, 0.48449061810970306, 0.4827142283320427, 0.4806019887328148, 0.4702327847480774, 0.4777945652604103, 0.47688861936330795, 0.47904154658317566, 0.4793711230158806, 0.4763766750693321, 0.47573016583919525, 0.4800780713558197, 0.4720851853489876, 0.47013701498508453, 0.4749089777469635, 0.48255080729722977, 0.47337596118450165, 0.4788345694541931, 0.4722677394747734, 0.4769173711538315, 0.4783438816666603, 0.4724332317709923, 0.4764352813363075, 0.4755125269293785]}