{"best_val": 0.4468093514442444, "train_loss": [0.6448222912994086, 0.5996878883417915, 0.5748159686724345, 0.5550343931890002, 0.5301362983151978, 0.5012636944359424, 0.481075922648112, 0.4644503646037158, 0.4561825827056286, 0.4533739703543046, 0.4492560817914851, 0.44666750816737905, 0.4466051687212551, 0.445416191629335, 0.4431832672334185, 0.44339505305477217, 0.4416578862012601, 0.4397110594253914, 0.4397721132811378, 0.43743204719880047, 0.4369443801103854, 0.4357275898550071, 0.4345380324943393, 0.433837156085407, 0.4319649432219711, 0.42933737355120044, 0.430184661173353, 0.4269648182625864, 0.4263606755172505, 0.4271434078029558, 0.42430514447829304, 0.42221736907958984, 0.4233222188902836, 0.42152120435939117, 0.4207052319657569, 0.4172704143851411, 0.41690002469455495, 0.41540128927604825, 0.41583000328026565, 0.4138062578790328, 0.4124179353900984, 0.41290391251152636, 0.40951409760643454, 0.4099024160235536, 0.4069893938653609, 0.4060940012043598, 0.40518999216603296, 0.40496836573469874, 0.4027301119823082, 0.40311182071180907, 0.40104510036169316, 0.39994359483905867, 0.39921292662620544, 0.39734063954914317, 0.39452052525445525, 0.3963426369078019, 0.3953024832641377, 0.39281578800257516, 0.3912669256621716, 0.3905650166904225, 0.3903527487726772, 0.3880808341736887, 0.3870549289619221, 0.38709137311168745, 0.3850318555738412, 0.3830871272320841, 0.3803677605647667, 0.3803921090621574, 0.3799052881259544, 0.37910029350542557, 0.3764075876451006, 0.37544659189149443], "val_loss": [0.6236631111665205, 0.5964546691287648, 0.5850757360458374, 0.564735469492999, 0.5375341773033142, 0.5120180574330416, 0.48903032595461066, 0.4765061085874384, 0.46908130699937994, 0.4658766117962924, 0.46225144375454297, 0.4605696147138422, 0.4597988480871374, 0.4607692767273296, 0.4576470499688929, 0.45948499170216645, 0.45790354772047565, 0.4567621946334839, 0.4572522450577129, 0.4560728506608443, 0.4575685614889318, 0.45862972465428437, 0.4584829834374515, 0.45564844933423126, 0.4551905366507443, 0.46357267824086273, 0.4546425532210957, 0.4555671458894556, 0.458199452270161, 0.4543196125464006, 0.4549693356860768, 0.45537355000322516, 0.45279513976790686, 0.4542443345893513, 0.45572967691855, 0.45489252426407556, 0.45616221698847687, 0.4610620709982785, 0.4547275386073373, 0.45507586002349854, 0.45702880350026215, 0.4519012760032307, 0.4550617716529153, 0.45335819775407965, 0.4553591961210424, 0.45261416922916065, 0.4525176069953225, 0.452765708619898, 0.45526850494471466, 0.45319436355070636, 0.45078848708759656, 0.44808370687744836, 0.45289553837342694, 0.45379965142770246, 0.4516065608371388, 0.4511176185174422, 0.45152180845087225, 0.4526660713282498, 0.45062693682583893, 0.4515194594860077, 0.4499094404957511, 0.4468093514442444, 0.45026341622525995, 0.44943674586035987, 0.45129145817323163, 0.45186844739046966, 0.4488393339243802, 0.4502922675826333, 0.44991990652951325, 0.44892260974103754, 0.4474115615541285, 0.44929766113107855]}