{"best_val": 0.46934668719768524, "train_loss": [0.7471887800428603, 0.6690567566288842, 0.6248757243156433, 0.5847147504488627, 0.5663115746445126, 0.5504572424623702, 0.5459793408711752, 0.5410771518945694, 0.5358510033951865, 0.5323065883583493, 0.5260039485163159, 0.5214521719349755, 0.518023615082105, 0.5176663200060526, 0.5144850843482547, 0.5132891039053599, 0.5117204371425841, 0.5141733437776566, 0.5081246909168031, 0.5081521852148904, 0.5061626434326172, 0.5094630022843679, 0.5094788902335696, 0.5090463244252734, 0.5101715375979742, 0.5119710332817502, 0.5148437668879827, 0.5069019380542967, 0.5054353492127525, 0.5053239514430364, 0.5034277472231123, 0.5038992795679305, 0.5074270268281301, 0.5049900114536285, 0.5056968496905433, 0.5044067170884874, 0.503061239918073, 0.5021572841538323, 0.5038207736280229, 0.502192465795411], "val_loss": [0.6749271005392075, 0.6102577298879623, 0.5668743699789047, 0.5360041707754135, 0.5140332281589508, 0.5159344375133514, 0.5093476995825768, 0.507728323340416, 0.4996918961405754, 0.4924149215221405, 0.4877980574965477, 0.48328543454408646, 0.48569559305906296, 0.48483022302389145, 0.47840747982263565, 0.48484256118535995, 0.49081412702798843, 0.48091578483581543, 0.4740578532218933, 0.47432418167591095, 0.4748724326491356, 0.4805082231760025, 0.47866903245449066, 0.47603435814380646, 0.47477947920560837, 0.47891514003276825, 0.48154059052467346, 0.47268375754356384, 0.474872425198555, 0.46934668719768524, 0.4750823527574539, 0.47424761205911636, 0.48231200873851776, 0.47523876279592514, 0.47774409502744675, 0.4728087931871414, 0.47960512340068817, 0.4714352414011955, 0.48093610256910324, 0.47024117410182953]}