{"best_val": 0.4601784199476242, "train_loss": [0.746696283419927, 0.7155400713284811, 0.682993792825275, 0.6435943875047896, 0.6031380527549319, 0.5718091163370345, 0.555024223195182, 0.5442352824740939, 0.5366118649641672, 0.5341003123256896, 0.5307198365529379, 0.5273426787720786, 0.523595639401012, 0.521728409661187, 0.5208447658353381, 0.5167146159542931, 0.516927570104599, 0.5158010837104585, 0.5109645260704888, 0.5133067468802134, 0.511331644323137, 0.5058721022473441, 0.5088343256049686, 0.507290768954489, 0.5047431223922305, 0.5053462021880679, 0.5042273998260498, 0.5008346603976356, 0.5023177448246214, 0.5004924999343024, 0.4997313469648361, 0.4978782600826687, 0.49767357110977173, 0.4973462637927797, 0.49876732130845386, 0.4979422075880898, 0.4975028981765111, 0.4977535390191608, 0.49794776406553054], "val_loss": [0.731954038143158, 0.6968225389719009, 0.656829446554184, 0.6050778478384018, 0.55799999833107, 0.5239156931638718, 0.5119932219386101, 0.5048230960965157, 0.49776845425367355, 0.4968593865633011, 0.49695927649736404, 0.49108266830444336, 0.49366888403892517, 0.48511311411857605, 0.48255155235528946, 0.4781866818666458, 0.4829201102256775, 0.4834821820259094, 0.4843263402581215, 0.4686468318104744, 0.47741060703992844, 0.4726170301437378, 0.4743815213441849, 0.47334323078393936, 0.469503253698349, 0.4701186493039131, 0.46496251225471497, 0.46989645063877106, 0.4601784199476242, 0.47622281312942505, 0.4659057483077049, 0.46682875603437424, 0.46728605031967163, 0.4733138233423233, 0.46602070331573486, 0.4630826488137245, 0.46519048511981964, 0.46768734604120255, 0.4647919163107872]}