{"best_val": 0.5045008361339569, "train_loss": [0.7214348713556925, 0.7191186878416274, 0.7167677349514432, 0.7143547468715243, 0.7120290067460802, 0.7096460693412356, 0.7073734766907163, 0.7051337295108371, 0.7027482191721598, 0.7004547946982913, 0.6980819635921054, 0.6957228746679094, 0.693310452832116, 0.6908240715662638, 0.6883262958791521, 0.6857436133755578, 0.6830755372842153, 0.6802960799800025, 0.6776238083839417, 0.6745507253540887, 0.6714304851161109, 0.6681193345122867, 0.6648357874817319, 0.6611188583903842, 0.6571209563149346, 0.6535810165935092, 0.6496215826935239, 0.6461240781678094, 0.6416135132312775, 0.6382328470547994, 0.6338553925355276, 0.6304124295711517, 0.6256924006674025, 0.6217728422747718, 0.6181800531016456, 0.6140162812338935, 0.6100731160905626, 0.6061218513382806, 0.6031230588754019, 0.5979079537921481, 0.5941993693510691, 0.5908800827132331, 0.5874473121431139, 0.58384394314554, 0.5793217155668471, 0.5779552360375723, 0.5729869504769644, 0.569613536198934, 0.5680616233083937, 0.5635668800936805, 0.56433823870288, 0.5579050017727746, 0.555377698606915, 0.5529504153463576, 0.550542049937778, 0.5494374169243706, 0.5502707047594918, 0.5446978592210345, 0.5420711388190588, 0.5424484494659636, 0.5387416018380059, 0.538885752360026, 0.5379309240314696, 0.5381660196516249, 0.5332283410761092, 0.5313441356023153, 0.5307809412479401, 0.529775439037217, 0.5308979219860501, 0.5252674486902025, 0.5273882332775328, 0.526977249317699, 0.5220518343978457, 0.5224966241253747, 0.5223245720068613, 0.5199812799692154, 0.5218915972444746, 0.5199217531416152, 0.5167656060722139, 0.5158690644635094, 0.5154774106211133, 0.5129759030209647, 0.515522688627243, 0.5100870662265353, 0.5153177214993371, 0.508932007683648, 0.5089376187986798, 0.5066605822907554, 0.5073272304402457, 0.5050784829590056, 0.5051168567604489, 0.5047965480221642, 0.5026481383376651, 0.503455724981096, 0.4991353419091966, 0.4958832578526603, 0.4976908034748501, 0.4993898454639647, 0.49788205160035026, 0.49518845478693646, 0.4957065218024784, 0.49465735422240364, 0.49085446695486706, 0.4940376530090968, 0.4933476017581092, 0.48964349097675747, 0.489142722553677, 0.489264781276385, 0.4874691466490428, 0.48745567599932355, 0.48661842279964024, 0.4858127236366272, 0.4845307519038518, 0.4846336659457948, 0.4884878446658452, 0.4833441956175698, 0.48418451680077446, 0.4817113909456465, 0.48113423420323265, 0.48364198207855225, 0.4840360747443305, 0.4815613428751628, 0.4756956117020713, 0.48270080983638763, 0.47785462107923293, 0.4784061312675476, 0.4797145475943883, 0.4767748498254352, 0.4784400148524178, 0.47649330894152325, 0.47944795257515377, 0.4793247961335712, 0.4733739776743783, 0.4754824356900321, 0.47434406810336643, 0.4743724266688029, 0.47382572127713096, 0.47421036163965863, 0.473719522356987, 0.4732491539584266, 0.4743395960993237, 0.47414952847692704, 0.4737483114004135, 0.47248929407861495, 0.47024017241266036, 0.46968983941608006, 0.47151627639929455, 0.46867120762666065, 0.4692708734009001, 0.4691274017095566, 0.4706486016511917, 0.4696167939239078, 0.47002341681056553, 0.4682924813694424, 0.46979625357521904, 0.4699176980389489, 0.46703317595852745, 0.4684904565413793, 0.4672272288137012, 0.46850443051921, 0.4670880403783586, 0.47038499845398796, 0.4664129747284783, 0.4643641644053989, 0.4699697395165761, 0.46534261769718593, 0.4677819659312566, 0.4634680036041472, 0.46399981445736355, 0.4672984811994765, 0.4648267345296012, 0.46369711723592544, 0.4644211679697037, 0.4628348433309131, 0.4634284691678153], "val_loss": [0.7168101370334625, 0.7152829617261887, 0.7128740549087524, 0.7112392336130142, 0.7083715051412582, 0.7069321274757385, 0.7049220949411392, 0.7025966346263885, 0.7004140764474869, 0.6985184997320175, 0.6963084787130356, 0.6942387074232101, 0.6920938342809677, 0.6899589598178864, 0.6877115070819855, 0.6854577958583832, 0.6833177953958511, 0.6804661005735397, 0.678011491894722, 0.6753631234169006, 0.6726787686347961, 0.6699684709310532, 0.6670235991477966, 0.6641850024461746, 0.6602929383516312, 0.6574234962463379, 0.6538685262203217, 0.6495615094900131, 0.6478677839040756, 0.6445741653442383, 0.6407240480184555, 0.63758984208107, 0.6332831531763077, 0.6308299750089645, 0.6279056221246719, 0.6237336546182632, 0.6189851313829422, 0.6151048392057419, 0.6162667870521545, 0.610937237739563, 0.6071123033761978, 0.604811355471611, 0.6036315858364105, 0.5982274860143661, 0.5981930196285248, 0.5947625786066055, 0.5922981053590775, 0.5900060832500458, 0.5869546830654144, 0.5849459022283554, 0.5833849459886551, 0.583561435341835, 0.5810554325580597, 0.57761450111866, 0.574736937880516, 0.5728596746921539, 0.5701853185892105, 0.5702501833438873, 0.5706154108047485, 0.5725110024213791, 0.5682138949632645, 0.5634825229644775, 0.5639264732599258, 0.5638751983642578, 0.5639740526676178, 0.5614921599626541, 0.5636037141084671, 0.5611741691827774, 0.5644499957561493, 0.5501851141452789, 0.5555633753538132, 0.5611450672149658, 0.5525042414665222, 0.5558593422174454, 0.5514797419309616, 0.5544503033161163, 0.552970215678215, 0.5563985258340836, 0.5462896749377251, 0.5532749146223068, 0.5523992329835892, 0.5521384030580521, 0.5505422651767731, 0.548356369137764, 0.5472919270396233, 0.551696665585041, 0.552461102604866, 0.5431796684861183, 0.5392053201794624, 0.5434011816978455, 0.5426821261644363, 0.5394826531410217, 0.5424337387084961, 0.5402093082666397, 0.5332363769412041, 0.542586550116539, 0.5372682809829712, 0.5382193401455879, 0.5366388186812401, 0.5334444418549538, 0.5298758670687675, 0.5260295793414116, 0.5317463278770447, 0.5298013463616371, 0.5274212956428528, 0.5335770100355148, 0.530212476849556, 0.5335025861859322, 0.5286972373723984, 0.527020275592804, 0.5288404449820518, 0.5259542539715767, 0.5271121710538864, 0.5285520479083061, 0.5362487807869911, 0.5258670002222061, 0.530246876180172, 0.5293733924627304, 0.5240567103028297, 0.5229784101247787, 0.5235454589128494, 0.5187590271234512, 0.5245433077216148, 0.5247957333922386, 0.523970790207386, 0.5239720642566681, 0.5183730870485306, 0.5201970115303993, 0.5222720727324486, 0.5238401591777802, 0.5254206359386444, 0.5260332897305489, 0.5226118117570877, 0.5202900245785713, 0.5241605713963509, 0.5198279395699501, 0.5170440897345543, 0.5194864422082901, 0.5208056345582008, 0.5165247768163681, 0.5146279782056808, 0.5146013125777245, 0.5218855813145638, 0.5166497305035591, 0.5120935961604118, 0.521750196814537, 0.5146918073296547, 0.5238058194518089, 0.5195547938346863, 0.5225744917988777, 0.5155073404312134, 0.5118593946099281, 0.5106741413474083, 0.5108039379119873, 0.5146266967058182, 0.5159459710121155, 0.5187909454107285, 0.5177636817097664, 0.5103486850857735, 0.5086125209927559, 0.5123317316174507, 0.5102447271347046, 0.5083852559328079, 0.5115395188331604, 0.5045008361339569, 0.5210997685790062, 0.5083832442760468, 0.512180432677269, 0.5131896585226059, 0.510576419532299, 0.513541117310524, 0.5131276547908783, 0.5086719319224358, 0.5119475275278091, 0.5189441293478012]}