{"best_val": 0.508191354572773, "train_loss": [0.6657535235087076, 0.6622897651460435, 0.6593913866413964, 0.6561877297030555, 0.6538254552417331, 0.6503251526090834, 0.6470602651437124, 0.6447628306017982, 0.6408031251695421, 0.6381419168578254, 0.63502569993337, 0.6319657431708442, 0.6295622256067064, 0.6257912947071923, 0.6228354308340285, 0.6200668017069498, 0.6167866620752547, 0.6141754885514578, 0.6108801662921906, 0.6078547173076205, 0.6051498419708676, 0.5998827616373698, 0.5973362889554765, 0.5922446913189359, 0.5900752312607236, 0.5850003626611497, 0.5828731689188216, 0.5791125297546387, 0.5748235649532742, 0.570988784233729, 0.5673218866189321, 0.5656524499257406, 0.5593534939818912, 0.55427718659242, 0.5518982112407684, 0.5481034484174516, 0.5422100176413854, 0.5401381568776237, 0.5356560349464417, 0.5340540226962831, 0.5296018438206779, 0.5236604660749435, 0.5238384306430817, 0.5222753898964988, 0.5173549668656455, 0.5192514773872163, 0.5166227171818415, 0.5125119139750799, 0.5131595267189873, 0.5120099749830034, 0.5081515279081132, 0.5055005600055059, 0.5065673159228431, 0.5101451824108759, 0.5045082916816076, 0.5015139016840193, 0.5017601135704253, 0.5035410010152392, 0.49941527512338424, 0.5008367117908266, 0.5002286947435803, 0.49631081852647996, 0.49712470836109585, 0.495895857612292, 0.49498869644271004, 0.49335838854312897, 0.49349671436680687, 0.4917944586939282, 0.4931832899649938, 0.4911109291844898, 0.4904123958614137, 0.4913088281949361, 0.4907672339015537, 0.48842620352904004, 0.4864768882592519, 0.4864730089902878, 0.4860512995057636, 0.4849797719054752, 0.4851113822725084, 0.4872480283180873, 0.4840250809987386, 0.48227009177207947, 0.483205614818467, 0.48092081314987606, 0.48371849954128265, 0.4801507459746467, 0.4785446325937907, 0.4792438546816508], "val_loss": [0.6656061410903931, 0.6628754884004593, 0.6599925756454468, 0.657200425863266, 0.6541076451539993, 0.651120513677597, 0.6507146060466766, 0.6454422622919083, 0.6443931758403778, 0.641179546713829, 0.6384754925966263, 0.6343072056770325, 0.6314603984355927, 0.6292047649621964, 0.6279101818799973, 0.6241673678159714, 0.6224545985460281, 0.6185270696878433, 0.6147905439138412, 0.6107930690050125, 0.6088154315948486, 0.6089024692773819, 0.6057834774255753, 0.601469874382019, 0.5961736291646957, 0.5925453007221222, 0.5883007794618607, 0.5868480056524277, 0.5825312435626984, 0.5830481201410294, 0.5757070928812027, 0.5743430405855179, 0.5720988810062408, 0.5673474073410034, 0.5603741556406021, 0.5624075680971146, 0.5563363134860992, 0.5559742599725723, 0.5525787472724915, 0.5531733334064484, 0.5456324964761734, 0.54328353703022, 0.5436268299818039, 0.5417877733707428, 0.5394674986600876, 0.542815811932087, 0.5340095013380051, 0.538760632276535, 0.5427515283226967, 0.532915361225605, 0.5378540009260178, 0.5328650698065758, 0.5323265045881271, 0.5299757346510887, 0.5291294604539871, 0.531881108880043, 0.5333775281906128, 0.5233358889818192, 0.5321426540613174, 0.5240457355976105, 0.5242676287889481, 0.5342561081051826, 0.5215964242815971, 0.5250909104943275, 0.5256869718432426, 0.5275601223111153, 0.5290628299117088, 0.5225292220711708, 0.5231612846255302, 0.5252678319811821, 0.5165149047970772, 0.5112145617604256, 0.5194433778524399, 0.5212735235691071, 0.5224958658218384, 0.5238873809576035, 0.5186500027775764, 0.508191354572773, 0.5207382366061211, 0.5158954039216042, 0.5192021727561951, 0.5169045031070709, 0.516678124666214, 0.520178772509098, 0.515007957816124, 0.5086908265948296, 0.5311184898018837, 0.5121789574623108]}