{"best_val": 0.4776904135942459, "train_loss": [0.9096409877141317, 0.8707896437909868, 0.8308842182159424, 0.7873798310756683, 0.743504222896364, 0.6986763212415907, 0.6577391227086385, 0.6310225195354886, 0.6116936802864075, 0.5932791729768118, 0.5767643253008524, 0.5640638768672943, 0.5521590875254737, 0.5399055663082335, 0.5340150396029154, 0.5275830527146658, 0.5233248571554819, 0.5185114857223299, 0.5162836230463452, 0.5153241886032952, 0.5109254585372077, 0.5070714536640379, 0.5031260434124205, 0.5001088033119837, 0.4988856116930644, 0.4968661781814363, 0.49515867233276367, 0.49428504705429077, 0.49644958476225537, 0.49104999171362984, 0.4882415102587806, 0.4887727349996567, 0.4876505782206853, 0.48737941185633343, 0.48275981181197697, 0.4842653556002511, 0.4875230524275038, 0.4846167200141483, 0.4817679524421692, 0.47899073859055835, 0.4792615506384108, 0.48131249513891006, 0.47995445628960925, 0.4825637555784649, 0.48024848269091713, 0.47850531670782304, 0.47448111904991996, 0.4758594450023439, 0.4757240547074212, 0.477354829510053, 0.4744182560178969, 0.47534218430519104, 0.47272036638524795, 0.47548160122500527, 0.4758075790272819, 0.4787683023346795, 0.472742004526986, 0.470460025800599, 0.47091498805416954, 0.46863093475500744, 0.4768728729751375, 0.4676832920975155, 0.46922499934832257, 0.470933155881034, 0.47150710390673745, 0.4670058621300591, 0.46736912098195815, 0.4711087809668647, 0.4699273837937249], "val_loss": [0.8223991543054581, 0.7921623587608337, 0.7619739472866058, 0.728213369846344, 0.6936077624559402, 0.6561565399169922, 0.6218505799770355, 0.6001355648040771, 0.5807406604290009, 0.5610208809375763, 0.5443173199892044, 0.5393778681755066, 0.5246931537985802, 0.5309889018535614, 0.5251678973436356, 0.5163965597748756, 0.5179392024874687, 0.5175986215472221, 0.5099459365010262, 0.5059567242860794, 0.5150190740823746, 0.5059679076075554, 0.5095551460981369, 0.503570057451725, 0.504307858645916, 0.5011388510465622, 0.5044282153248787, 0.49804166704416275, 0.5094153136014938, 0.5007169991731644, 0.5048237964510918, 0.5009046867489815, 0.49659790843725204, 0.49553028494119644, 0.4987141117453575, 0.49544164538383484, 0.5013162270188332, 0.5061071887612343, 0.49604084342718124, 0.4952886030077934, 0.49360740929841995, 0.4924941584467888, 0.5016259476542473, 0.49506015330553055, 0.4961288198828697, 0.4935242086648941, 0.49334384500980377, 0.49346837401390076, 0.49285224825143814, 0.5037462636828423, 0.4951303154230118, 0.4881729781627655, 0.49473609030246735, 0.49256112426519394, 0.4932469427585602, 0.48887529969215393, 0.4942740425467491, 0.4876336455345154, 0.4776904135942459, 0.4922906905412674, 0.4838671311736107, 0.48826342076063156, 0.48594459891319275, 0.48657385259866714, 0.49181580543518066, 0.4952288046479225, 0.49330366402864456, 0.49257759004831314, 0.495688334107399]}