{"best_val": 0.4698934555053711, "train_loss": [0.6308028201262156, 0.6000920832157135, 0.5716222094164954, 0.5439176228311327, 0.5321034573846393, 0.523207931054963, 0.5160506433910794, 0.5128201411830055, 0.5081106374661127, 0.5042533278465271, 0.5043085548612807, 0.49840157727400464, 0.49807660778363544, 0.49893374078803593, 0.4948903802368376, 0.4949760006533729, 0.492678690287802, 0.4950157470173306, 0.4896259307861328, 0.4917132771677441, 0.4885476562711928, 0.4910898523198234, 0.4851287222570843, 0.48673080570167965, 0.48459583355320823, 0.48600053952799904, 0.48301486174265545, 0.48224157757229275, 0.48260567751195693, 0.48295144736766815, 0.47875673572222394, 0.4834524161285824, 0.48051176137394375, 0.4779118398825328, 0.4780648284488254, 0.4748697380224864, 0.47818999820285374, 0.4790515883101357, 0.4764364891582065, 0.48085930612352157, 0.47656648688846165, 0.47541950311925674, 0.47976801958349014], "val_loss": [0.6165401488542557, 0.5841304957866669, 0.5525810569524765, 0.5300681889057159, 0.518488347530365, 0.5129171311855316, 0.5115941762924194, 0.5076125487685204, 0.500181719660759, 0.5010197162628174, 0.49423741549253464, 0.49989019334316254, 0.495417945086956, 0.4919782802462578, 0.49443812668323517, 0.4953710734844208, 0.4947173669934273, 0.48184647411108017, 0.4827408269047737, 0.48566634207963943, 0.48357129842042923, 0.4860784634947777, 0.4818330258131027, 0.4768513888120651, 0.48625411093235016, 0.4782555401325226, 0.48051663488149643, 0.4839140996336937, 0.48146966844797134, 0.48412472009658813, 0.480535127222538, 0.479319766163826, 0.4698934555053711, 0.47394633293151855, 0.4827379286289215, 0.4767920523881912, 0.4722157418727875, 0.4837748482823372, 0.47889894247055054, 0.47760312259197235, 0.4806150570511818, 0.48017457872629166, 0.4761537089943886]}