{"best_val": 0.46692558310248633, "train_loss": [0.8250931314393586, 0.7490532865711287, 0.6801556208554436, 0.6316642258681503, 0.5984862867523643, 0.58245849609375, 0.5714822651124468, 0.5617388475174997, 0.5522815368923486, 0.5410725439296049, 0.5285108591995987, 0.5182799398899078, 0.510037326929616, 0.5033634953639087, 0.4957873803727767, 0.48926422818034304, 0.4838910511895722, 0.4771268963813782, 0.47341305484958723, 0.4688449174750085, 0.4648997088273366, 0.4620571750051835, 0.4616676013843686, 0.4590921437039095, 0.4587199068536945, 0.4577516106998219, 0.4551028439811632, 0.45504467510709573, 0.4546531327799255, 0.45508278117460366, 0.45334997071939354, 0.45344965364418777, 0.453020700637032, 0.45272988256286173, 0.4534090582062216, 0.45201049365249335, 0.4525316340081832, 0.45117422003372043, 0.449584751736884, 0.4496654564259099, 0.4504062346383637, 0.4495811345530491, 0.4489632470934999, 0.4496738460718417, 0.44953009836813984, 0.4481423824441199], "val_loss": [0.718945091420954, 0.6761842695149508, 0.6389846801757812, 0.6095387122847817, 0.5956685651432384, 0.5879670164801858, 0.581931856545535, 0.5730364160104231, 0.562040543014353, 0.5503921183672819, 0.5393238772045482, 0.5291375815868378, 0.5218997462229296, 0.5134557404301383, 0.5074936584992842, 0.4996037889610637, 0.4934626519680023, 0.48978317054835235, 0.48406185887076636, 0.4797228087078441, 0.47875144535844977, 0.4761237827214328, 0.47529813376339997, 0.47255905108018353, 0.47200831229036505, 0.47226861119270325, 0.4713389277458191, 0.47065074064514856, 0.46922715685584326, 0.47078330408443103, 0.47025602514093573, 0.46899618072943255, 0.4692856967449188, 0.46855770728804846, 0.46857762336730957, 0.46692558310248633, 0.4680833626877178, 0.46967816623774444, 0.46748901226303796, 0.4710118093273856, 0.4685308337211609, 0.467271395704963, 0.4689882533116774, 0.4685648896477439, 0.46951137618585065, 0.46844602714885364]}