{"best_val": 0.4834945276379585, "train_loss": [0.6926058861944411, 0.6816205845938789, 0.6714640259742737, 0.6609981490506066, 0.6489510304398007, 0.6350563565889994, 0.6185160246160295, 0.6015113956398435, 0.5838538904984792, 0.5679995053344302, 0.5560881528589461, 0.5449577967325846, 0.5375749203893874, 0.5316072089804543, 0.5262083858251572, 0.5211455523967743, 0.5161610841751099, 0.512893976436721, 0.5075301246510612, 0.5072209255562888, 0.504306243525611, 0.5039518690771527, 0.5036965972847409, 0.4967530369758606, 0.4975283708837297, 0.49513787196742165, 0.494495486219724, 0.4953533841503991, 0.4902569204568863, 0.4882613701952828, 0.4914027882946862, 0.4874430033895705, 0.48626529342598385, 0.4859999633497662, 0.48548902571201324, 0.4848618259032567, 0.48207224408785504, 0.48087741600142586, 0.48165031605296665, 0.47968027492364246, 0.4816497282849418, 0.47939738465680015, 0.47989678879578906, 0.4753267168998718, 0.4785729597012202, 0.4746585537989934, 0.47799307273493874, 0.4758688310782115, 0.47347811692290837, 0.4785939090781742, 0.476791360312038, 0.47506535881095463, 0.47222506172127193, 0.4723999599615733, 0.4735686464442147, 0.4689733501937654, 0.4711676786343257, 0.4716267337401708, 0.4724899232387543, 0.47090548111332786, 0.4691707541545232, 0.4732173267338011, 0.47113002836704254, 0.4697066644827525, 0.46843381391631234, 0.4730518377489514, 0.47126368350452846, 0.46955419580141705], "val_loss": [0.6869518011808395, 0.6772162467241287, 0.6677360385656357, 0.6572015583515167, 0.6448144465684891, 0.6315771490335464, 0.6170094013214111, 0.6011732816696167, 0.583515390753746, 0.5736700594425201, 0.5642589181661606, 0.5545242577791214, 0.5494546443223953, 0.5443157255649567, 0.542755015194416, 0.5352286249399185, 0.5309799909591675, 0.5345219001173973, 0.527075432240963, 0.5276488438248634, 0.5237262696027756, 0.5222929269075394, 0.5206363126635551, 0.5189050808548927, 0.5195313170552254, 0.5242570415139198, 0.5112657621502876, 0.5203833132982254, 0.5191676020622253, 0.5116152614355087, 0.5118735507130623, 0.5103431567549706, 0.5081503316760063, 0.5018894672393799, 0.5067742094397545, 0.5055807307362556, 0.5053128004074097, 0.5071206390857697, 0.5027740523219109, 0.5031322911381721, 0.501969464123249, 0.4980747029185295, 0.5003065541386604, 0.49327000975608826, 0.4977906793355942, 0.49236856400966644, 0.4970266595482826, 0.4997194930911064, 0.48945214599370956, 0.4908692091703415, 0.4928031712770462, 0.4900265857577324, 0.49843812733888626, 0.49456244707107544, 0.48539263755083084, 0.48564137518405914, 0.4914482980966568, 0.4834945276379585, 0.4925616979598999, 0.49287304282188416, 0.4918864816427231, 0.4840652123093605, 0.487365260720253, 0.4929601103067398, 0.4984283521771431, 0.48865795880556107, 0.48673636466264725, 0.48430246114730835]}