{"best_val": 0.4646983668208122, "train_loss": [0.6916306846671634, 0.6695526772075229, 0.645055933131112, 0.6183186074097952, 0.5835486816035377, 0.5531008475356631, 0.5386741939518187, 0.5288359953297509, 0.5247910701566272, 0.5177562021546893, 0.5183939966890547, 0.5163885007301966, 0.5161237981584337, 0.5145905050966475, 0.512397148542934, 0.5089663548601998, 0.512092822127872, 0.5103284203343921, 0.5096471905708313, 0.5074274440606436, 0.5064597792095609, 0.5049042486482196, 0.502008232805464, 0.5008378492461311, 0.5031445059511397, 0.49933115972412956, 0.5022085259358088, 0.4989280270205604, 0.49926117559274036, 0.4961624973350101, 0.49244362778133816, 0.49481899042924243, 0.4934027956591712, 0.4886382569869359, 0.4895767569541931, 0.4905205054415597, 0.4849668045838674, 0.4882015569342507, 0.48870527413156295, 0.4860670351319843, 0.48783524003293777, 0.4839814619885551, 0.4848732418484158, 0.48338524003823596, 0.4819300224383672, 0.48263876305686104, 0.48248322473631966, 0.48424989481767017, 0.4807993719975154, 0.4805404676331414, 0.4811363567908605, 0.4787963430086772, 0.4809424231449763, 0.4825684477885564, 0.48019157350063324, 0.477695322699017], "val_loss": [0.6757672429084778, 0.6519766002893448, 0.6259820908308029, 0.5915132313966751, 0.5585762858390808, 0.535789430141449, 0.5191981047391891, 0.5123676136136055, 0.5051149651408195, 0.5009243711829185, 0.496697373688221, 0.49370189011096954, 0.4900714233517647, 0.4869104400277138, 0.4874557703733444, 0.4844496473670006, 0.48431382328271866, 0.48589275032281876, 0.47691693902015686, 0.4821828156709671, 0.47887153923511505, 0.4824944734573364, 0.4794067367911339, 0.48006466031074524, 0.4733083173632622, 0.4798494502902031, 0.470526859164238, 0.47256946563720703, 0.4756819158792496, 0.47467679530382156, 0.4734712690114975, 0.4693351462483406, 0.47064875811338425, 0.47145065665245056, 0.47389308363199234, 0.4748951271176338, 0.4799891710281372, 0.4736618101596832, 0.4744546040892601, 0.46693675220012665, 0.4725375473499298, 0.4709214121103287, 0.47044336050748825, 0.4702693969011307, 0.46759217977523804, 0.4646983668208122, 0.4737982079386711, 0.47224660217761993, 0.47190888226032257, 0.47262755036354065, 0.4706585481762886, 0.4700743705034256, 0.47131649404764175, 0.4663703665137291, 0.4717303216457367, 0.47339995950460434]}