{"best_val": 0.49429256469011307, "train_loss": [0.7366143001450433, 0.7332559459739261, 0.729829255077574, 0.7260537577999963, 0.7227954169114431, 0.7193013495869107, 0.7159011628892686, 0.7121657994058397, 0.7084462311532762, 0.7045722073978848, 0.7006424168745676, 0.6963278618123796, 0.6917968557940589, 0.6872137718730502, 0.6822265552149879, 0.676938513914744, 0.6711109181245168, 0.6655707822905647, 0.6603446006774902, 0.6547362870640225, 0.6488923165533278, 0.6430163648393419, 0.6371052099598778, 0.6321242882145776, 0.6264706485801272, 0.6219988597763909, 0.6153990030288696, 0.609155966175927, 0.6034835577011108, 0.5977714823351966, 0.5939398341708713, 0.5875866247547997, 0.5818167196379768, 0.5771024492051866, 0.572952065202925, 0.5670996473895179, 0.5627009206347995, 0.5585030217965444, 0.5578741927941641, 0.5517169005341, 0.5485641029145982, 0.5458225674099393, 0.5417786141236623, 0.5410724497503705, 0.538328058189816, 0.5354018608729044, 0.5339590211709341, 0.5316483510865105, 0.5282288690408071, 0.5293725083271662, 0.5247384392552905, 0.5255585213502248, 0.5241448879241943, 0.5234098947710462, 0.5224313901530372, 0.5192684564325545, 0.5170928107367622, 0.517605216966735, 0.517869171169069, 0.5156487276156744, 0.513071338335673, 0.5136946770879958, 0.5111987027857039, 0.5105413761403825, 0.5096947368648317, 0.5047380460633172, 0.5042576723628573, 0.5045466538932588, 0.5044446272982491, 0.5031102216906018, 0.5015572309494019, 0.5013628154993057, 0.5026162299844954, 0.5004461639457278, 0.4968419604831272, 0.4962528232071135, 0.49620887802706826, 0.49687448143959045, 0.4956246233648724, 0.49406060245301986, 0.4925289799769719, 0.4930049015416039, 0.494096373518308, 0.48939141465557945, 0.4915461970700158, 0.4895596139960819, 0.48918506337536705, 0.48772284719679093, 0.4893477112054825, 0.4838842451572418, 0.48855460517936283, 0.4860197256008784, 0.4864865342775981, 0.4841189748711056, 0.4849252750476201, 0.4860142072041829, 0.48482922712961835, 0.48598389161957634, 0.4868375625875261, 0.4850537379582723, 0.48594337536229026, 0.4819434765312407, 0.4827855196264055, 0.4825929171509213, 0.484544316927592, 0.4822482168674469, 0.4832657227913539, 0.4808858782052994, 0.4800729950269063, 0.48268717692957985, 0.4821406751871109, 0.4799976365433799, 0.48210513095060986, 0.479782846238878, 0.4795846227142546, 0.48067665762371486, 0.48038669261667466, 0.4785822282234828, 0.47626159919632804, 0.4772300091054704, 0.4753108256393009, 0.47820913129382664, 0.47703957392109764, 0.47689547969235313], "val_loss": [0.7319117188453674, 0.7282194346189499, 0.723968967795372, 0.721063882112503, 0.7175862938165665, 0.7148893922567368, 0.7118816375732422, 0.7083772569894791, 0.7042704373598099, 0.7008507549762726, 0.6969753205776215, 0.692921057343483, 0.6885946244001389, 0.6839249432086945, 0.679174616932869, 0.6742034703493118, 0.6686741709709167, 0.6639503091573715, 0.6585495918989182, 0.6530175507068634, 0.6493094861507416, 0.6430369019508362, 0.6373621672391891, 0.6324481815099716, 0.6270737498998642, 0.61982162296772, 0.615585133433342, 0.6121172159910202, 0.6066246777772903, 0.6003446877002716, 0.5972281098365784, 0.5946836024522781, 0.5863284170627594, 0.5822906196117401, 0.5810990482568741, 0.5749367773532867, 0.5701432377099991, 0.5733914971351624, 0.5647637248039246, 0.5598873794078827, 0.5603493601083755, 0.5562719255685806, 0.5514238104224205, 0.5508367344737053, 0.5526498258113861, 0.5487818643450737, 0.5503321588039398, 0.5486175790429115, 0.5504907816648483, 0.5508479028940201, 0.5440279021859169, 0.5467240065336227, 0.542942151427269, 0.5393667072057724, 0.5419565886259079, 0.5349274426698685, 0.5382802039384842, 0.5351456254720688, 0.5339131206274033, 0.5308836400508881, 0.5338409841060638, 0.531131699681282, 0.52755456417799, 0.527095802128315, 0.5274451076984406, 0.5168652608990669, 0.5246072709560394, 0.5253090187907219, 0.5302629172801971, 0.5253858789801598, 0.5205687433481216, 0.5251322612166405, 0.5223022401332855, 0.5191496759653091, 0.5178530514240265, 0.5142562761902809, 0.5206060782074928, 0.517947606742382, 0.514705240726471, 0.5147033706307411, 0.5144953951239586, 0.5131428465247154, 0.5112176761031151, 0.5040553659200668, 0.5202325284481049, 0.5073550641536713, 0.507787249982357, 0.5109253749251366, 0.5097977072000504, 0.507749080657959, 0.508635587990284, 0.5047064498066902, 0.5039017572999, 0.5050814747810364, 0.503987729549408, 0.5084832683205605, 0.5052553191781044, 0.4963727742433548, 0.5030789524316788, 0.5031449198722839, 0.4992842450737953, 0.5022556632757187, 0.5008883699774742, 0.4986315071582794, 0.5031267181038857, 0.5140833631157875, 0.4953914135694504, 0.4991162493824959, 0.5036923959851265, 0.5035630092024803, 0.5044970810413361, 0.49774017184972763, 0.49968644231557846, 0.49429256469011307, 0.49784839898347855, 0.49941152334213257, 0.506621241569519, 0.49564073979854584, 0.5002647340297699, 0.4976026862859726, 0.49579518288373947, 0.49549923837184906, 0.49840662628412247, 0.4968656599521637]}