{"best_val": 0.47925612330436707, "train_loss": [0.8351671132776473, 0.8122237159146203, 0.7909716897540622, 0.7685963842603896, 0.746220565504498, 0.7213465770085653, 0.6942177083757188, 0.662985043393241, 0.6315044429567125, 0.5990272329913245, 0.575375066863166, 0.5620711776945326, 0.5484974914126926, 0.5403886106279161, 0.5360070549779468, 0.5287670228216383, 0.5263902511861589, 0.5216800024112066, 0.5162782089577781, 0.5157923135492537, 0.5144192692306306, 0.5090502434306674, 0.5090535713566674, 0.5099475582440695, 0.5103042440281974, 0.5065202895137999, 0.5061424771944681, 0.5042935046884749, 0.5056993845436308, 0.5014772646956973, 0.5009604576561186, 0.500826304157575, 0.500964010755221, 0.4998387081755532, 0.4994841002755695, 0.5013805660936568, 0.49621791309780544, 0.5002682159344355, 0.49649860130416024, 0.49724575380484265, 0.49697159561845994, 0.49794614646169877, 0.4957760274410248, 0.4915221565299564, 0.49282418688138324, 0.4937931646903356, 0.4926092459095849, 0.4904645284016927, 0.4901420805189345, 0.48822232749727035, 0.4928474012348387, 0.4876118650039037, 0.4896470738781823, 0.48800667292541927, 0.486977928214603], "val_loss": [0.8229812532663345, 0.8026259690523148, 0.778127521276474, 0.7576886117458344, 0.7327468693256378, 0.7051379531621933, 0.6747024953365326, 0.6391669660806656, 0.604330986738205, 0.5753992050886154, 0.5584656000137329, 0.5427895337343216, 0.5286474898457527, 0.5219216495752335, 0.5146464556455612, 0.5145799592137337, 0.5098864436149597, 0.5059141144156456, 0.5054138526320457, 0.505492553114891, 0.5023735910654068, 0.4983602315187454, 0.49722957611083984, 0.5003752335906029, 0.4980124980211258, 0.49436209350824356, 0.49365949630737305, 0.5058258473873138, 0.49893634766340256, 0.48995131999254227, 0.5011202469468117, 0.4902665391564369, 0.49306244403123856, 0.48975444585084915, 0.4891241416335106, 0.4872649163007736, 0.49276426434516907, 0.4923662394285202, 0.4909716993570328, 0.486736923456192, 0.4852204844355583, 0.4866451099514961, 0.4893309473991394, 0.4827529788017273, 0.47925612330436707, 0.481587253510952, 0.48760179430246353, 0.4863312169909477, 0.48292090743780136, 0.48316310346126556, 0.48226066678762436, 0.4874657839536667, 0.48500869423151016, 0.4834410697221756, 0.4830654636025429]}