{"best_val": 0.4841930493712425, "train_loss": [0.7246274749437968, 0.6850943432913886, 0.6560486555099487, 0.6293141908115811, 0.5969985259903802, 0.5724585172202852, 0.5557331591844559, 0.543243439661132, 0.5369091696209378, 0.5318438294861052, 0.5276897781425052, 0.5239974872933494, 0.523569330573082, 0.5200799620813794, 0.5154764884048038, 0.5132615433798896, 0.512489292356703, 0.5077293432421155, 0.508544471528795, 0.5084346880515417, 0.5051289647817612, 0.5040838221708933, 0.5017512556579378, 0.5028179668717914, 0.5008062173922857, 0.500606894493103, 0.499214768409729, 0.5004148748185899, 0.5006133367617925, 0.4990743166870541, 0.49753377503818935, 0.4930676834450828, 0.4948513193262948, 0.49604665736357373, 0.49270158674981857, 0.49392955667442745, 0.4981901976797316, 0.4893596072991689, 0.49052732520633274, 0.48968063791592914, 0.4918421573109097, 0.49295055700672996, 0.4913182225492265, 0.49121588468551636, 0.4902930325931973, 0.49031342069307965, 0.48843426836861503, 0.4884909937779109, 0.4873406837383906, 0.48573733038372463, 0.48786511023839313], "val_loss": [0.6876482516527176, 0.6540395468473434, 0.6234542578458786, 0.5978728085756302, 0.5741859674453735, 0.5538570880889893, 0.5467595309019089, 0.5317917317152023, 0.5293625518679619, 0.5335928052663803, 0.5251611098647118, 0.5295309647917747, 0.5158000066876411, 0.5152642503380775, 0.5077169686555862, 0.5131906569004059, 0.5192452892661095, 0.5061237066984177, 0.511625736951828, 0.503730334341526, 0.5030982717871666, 0.4987396001815796, 0.5006317049264908, 0.5023569688200951, 0.4959681034088135, 0.5069811642169952, 0.5002309307456017, 0.5004730373620987, 0.49763888120651245, 0.5006188005208969, 0.49964140355587006, 0.49568262696266174, 0.4955950453877449, 0.5048067718744278, 0.501636229455471, 0.4894649162888527, 0.4932961240410805, 0.4951767548918724, 0.49824661016464233, 0.5000899732112885, 0.4841930493712425, 0.4915090799331665, 0.49037060886621475, 0.49595506489276886, 0.48861125111579895, 0.49794014543294907, 0.4962742328643799, 0.4976844787597656, 0.49653763324022293, 0.4947539120912552, 0.4951915740966797]}