{"best_val": 0.4852873906493187, "train_loss": [0.689130382405387, 0.6334622336758507, 0.593722962670856, 0.5555526117483774, 0.5268205652634302, 0.5201472126775317, 0.5112782435284721, 0.49996809164683026, 0.49971834156248307, 0.4944432212246789, 0.48882901502980125, 0.4863230718506707, 0.482015503777398, 0.48034092949496376, 0.4800667679972119, 0.47305116719669765, 0.47664961053265464, 0.4739500598775016, 0.4736235837141673, 0.4731594936715232, 0.4711315946446525, 0.4689107338587443, 0.4691854798131519, 0.46685366166962516, 0.4682139754295349, 0.46881990796989864, 0.4676633377869924, 0.46621347467104596, 0.4662124613920848, 0.4670076105329726, 0.4686620947387483, 0.4674949215518104, 0.4646964834796058, 0.46482716500759125], "val_loss": [0.6387992054224014, 0.5997613072395325, 0.5771220922470093, 0.561329573392868, 0.5600227862596512, 0.5442953258752823, 0.5375689119100571, 0.5387592613697052, 0.5328322276473045, 0.5226806923747063, 0.5199428349733353, 0.5204082280397415, 0.5073396414518356, 0.5071752816438675, 0.49912042915821075, 0.4997015744447708, 0.4947371780872345, 0.4998592510819435, 0.4891669452190399, 0.49462784081697464, 0.4896095544099808, 0.49258577078580856, 0.48914574086666107, 0.4852873906493187, 0.4959838315844536, 0.49102239310741425, 0.4975302219390869, 0.4881380572915077, 0.49125606566667557, 0.4874463975429535, 0.48604706674814224, 0.4927941560745239, 0.48974233865737915, 0.49549097567796707]}