{"best_val": 0.481636949560859, "train_loss": [0.7606441752583373, 0.6885708243239159, 0.6472562212570041, 0.6203860056166556, 0.6052626219450259, 0.5930204473289789, 0.5811099918449626, 0.5716255231230867, 0.5593392176955354, 0.542111831552842, 0.5258015306556926, 0.5077892495136634, 0.49437857316989525, 0.48322631097307395, 0.47590016909674104, 0.4717818521985821, 0.46827642064468533, 0.4663206952459672, 0.4655664978074093, 0.46632063505696314, 0.46468588300779756, 0.4641461682085897, 0.4639128908222797, 0.46303456612661775, 0.4630556240970013, 0.4625794309027055, 0.46248066483759415, 0.4619779949094735, 0.4623498291361566, 0.46149252325880763, 0.46257904347251444, 0.4614890498273513, 0.4609193235051398, 0.45938730064560385, 0.460383123626896, 0.46053291418973136, 0.4588456148026036, 0.45956499494758307, 0.4593232490268408, 0.4580410122871399, 0.45753252214076473, 0.4572996298472087, 0.4570178757695591, 0.45622192235553966, 0.45647424985380736, 0.45823218366679025], "val_loss": [0.6532779281789606, 0.6343216137452559, 0.6235903555696661, 0.6111865639686584, 0.6017586317929354, 0.5895439332181757, 0.5807564746249806, 0.5678860436786305, 0.5537165945226495, 0.5362552160566504, 0.520908837968653, 0.5073685483499006, 0.4972881728952581, 0.4895274314013394, 0.4909630472009832, 0.488105681809512, 0.48598650097846985, 0.48647934740239923, 0.48502396182580426, 0.48627359487793664, 0.4876950437372381, 0.4848496913909912, 0.4838739335536957, 0.48478613658384845, 0.483785016970201, 0.4840327636762099, 0.48419859463518317, 0.4851572567766363, 0.48360971970991656, 0.482787777077068, 0.48427892273122614, 0.4850145226175135, 0.4838601052761078, 0.4835850515148856, 0.4848974807695909, 0.481636949560859, 0.4829677939414978, 0.4827565984292464, 0.4855702654881911, 0.4827980344945734, 0.48422720757397736, 0.4826923500407826, 0.4845783006061207, 0.4854315763170069, 0.48337158831683075, 0.4828869808803905]}