{"best_val": 0.44629625231027603, "train_loss": [0.6455847124258677, 0.621891525056627, 0.594085521168179, 0.5696413848135207, 0.5490626394748688, 0.5360212292936113, 0.528757232758734, 0.5238457951280806, 0.5173255536291335, 0.5128397842248281, 0.5105438099967109, 0.5074412441915936, 0.5028591652711233, 0.5025263312790129, 0.5007264133956697, 0.49780212673876023, 0.4927259832620621, 0.49173127942615086, 0.4944567249880897, 0.4916343440612157, 0.48885920147101086, 0.4884665823645062, 0.48978902730676865, 0.48827609419822693, 0.4887266324626075, 0.4875080320570204, 0.48925090829531354, 0.48728323645061916, 0.4849027577373717, 0.48618653416633606, 0.4851793961392509, 0.4835190458430184, 0.485952776339319, 0.48513883021142745, 0.483939861257871, 0.48410907222165, 0.4847062826156616, 0.48293602301014793, 0.4848114036851459, 0.4778607471121682, 0.482934617333942, 0.48056380450725555, 0.4835965931415558, 0.482144296169281, 0.48039689163366955, 0.47556951145331067, 0.479274097416136, 0.4759444114234712, 0.4781858440902498, 0.48081449336475796, 0.4783669180340237, 0.47691840926806134, 0.4767702983485328, 0.4758170064952638, 0.4760213593641917, 0.47696879009405774, 0.47569121917088825, 0.474791525138749, 0.47543999718295205, 0.4748051448000802, 0.476555014650027], "val_loss": [0.6372265070676804, 0.6134674251079559, 0.589623436331749, 0.5662786960601807, 0.5551566779613495, 0.5427791029214859, 0.517743855714798, 0.5182199999690056, 0.5119552090764046, 0.5073393508791924, 0.500892236828804, 0.4943256378173828, 0.4930175542831421, 0.48820842802524567, 0.48379096388816833, 0.4795270338654518, 0.47291523963212967, 0.47349274903535843, 0.47070398926734924, 0.470863938331604, 0.4705195873975754, 0.46510015428066254, 0.4645901024341583, 0.4688103646039963, 0.4629705399274826, 0.4598696306347847, 0.46322810649871826, 0.4658837616443634, 0.45842161774635315, 0.4628881365060806, 0.46146268397569656, 0.4663023203611374, 0.4605976939201355, 0.46199939399957657, 0.45749738812446594, 0.46316851675510406, 0.4596618413925171, 0.45824261009693146, 0.44855187833309174, 0.45769084990024567, 0.4590394198894501, 0.452631451189518, 0.45793693512678146, 0.45291511714458466, 0.45671361684799194, 0.45447083562612534, 0.45236970484256744, 0.4528876766562462, 0.44640590995550156, 0.45063935220241547, 0.44629625231027603, 0.4526064768433571, 0.4524315968155861, 0.44633110612630844, 0.4512215927243233, 0.45189206302165985, 0.45587893575429916, 0.44951240718364716, 0.4533005356788635, 0.4484347775578499, 0.4503115192055702]}