{"best_val": 0.49731064587831497, "train_loss": [0.7227203581068251, 0.683996233675215, 0.647250794702106, 0.6136971248520745, 0.5838542216353946, 0.5624438358677758, 0.5400806483295228, 0.5297288878096474, 0.5243873976998858, 0.5164912574821048, 0.5115841627120972, 0.5065844919946458, 0.5030850486622916, 0.500985355840789, 0.49887442257669234, 0.49764038622379303, 0.4954119738605287, 0.4947132252984577, 0.49211229880650836, 0.4886160476340188, 0.48853696717156303, 0.48964009020063615, 0.48606303334236145, 0.48438235620657605, 0.4853414429558648, 0.4833819485372967, 0.4822515348593394, 0.48179741866058773, 0.48200183775689864, 0.4794706089629067, 0.47940073079533047, 0.47952257593472797, 0.4797317551241981, 0.47756873899035984, 0.47827355398072136, 0.47678986854023403, 0.4785643203390969, 0.47808101773262024, 0.48098212977250415, 0.4748239450984531], "val_loss": [0.698927104473114, 0.663072258234024, 0.6290547251701355, 0.6003137677907944, 0.5750559419393539, 0.5562099665403366, 0.5466162115335464, 0.5463954508304596, 0.5416212826967239, 0.5397867560386658, 0.5351174920797348, 0.5379807651042938, 0.5307125300168991, 0.5258083119988441, 0.5246516242623329, 0.5225577801465988, 0.5276425406336784, 0.5237978622317314, 0.5185998976230621, 0.5201849043369293, 0.514422595500946, 0.5168300718069077, 0.517324298620224, 0.5168116241693497, 0.5098698288202286, 0.5105679631233215, 0.508493959903717, 0.5082865506410599, 0.5074348524212837, 0.49731064587831497, 0.5071669667959213, 0.5012047216296196, 0.5094552636146545, 0.4998820796608925, 0.5063217282295227, 0.5037565901875496, 0.5009559467434883, 0.5023684278130531, 0.5016225203871727, 0.5024899691343307]}