{"best_val": 0.48245684802532196, "train_loss": [0.6941713293393453, 0.651939203341802, 0.6016465359263949, 0.5564490738842223, 0.5294355783197615, 0.5165537065929837, 0.5031203809711668, 0.49980118374029797, 0.49264848232269287, 0.4916430364052455, 0.48838996556070113, 0.48990702794657814, 0.48513101041316986, 0.4883618669377433, 0.48386095298661125, 0.4861278368367089, 0.480344972676701, 0.4797576516866684, 0.4811781860060162, 0.4791247049967448, 0.4814009616772334, 0.4811091373364131, 0.476636270682017, 0.47396550244755214, 0.4777575085560481, 0.4760370088948144, 0.47561249799198574, 0.47451410194238025, 0.4718303895658917, 0.4741068697637982, 0.474586072895262, 0.475124082631535, 0.4735906968514125, 0.4718106968535317, 0.47260675496525234, 0.47040176226033104, 0.4724979102611542, 0.46939732134342194, 0.47339171171188354, 0.47174181871944004, 0.47149371604124707, 0.4753126816617118, 0.47175826629002887, 0.4721107201443778, 0.4702033715115653, 0.4698948893282149, 0.46811047030819786, 0.4706586086087757, 0.46933170821931625, 0.468213505215115, 0.46659257014592487, 0.4730326185623805, 0.4685315787792206, 0.4728155897723304, 0.46889474160141414, 0.46873461206754047, 0.46860748198297286, 0.46781084107028115, 0.4655483530627357, 0.46732552018430495, 0.46990763478808933, 0.46814683741993374, 0.46746103796694016, 0.4674389395448897, 0.4675551818476783, 0.46439160572157967, 0.46817272570398116, 0.4633568690882789, 0.46606868671046364, 0.4654151052236557, 0.4647820707824495, 0.4615843527846866, 0.4626963370376163], "val_loss": [0.675074502825737, 0.6326872706413269, 0.579335555434227, 0.5518191605806351, 0.5417973175644875, 0.5307711660861969, 0.5209249258041382, 0.5186487808823586, 0.5165227130055428, 0.520750604569912, 0.5022165924310684, 0.5149500668048859, 0.5112457275390625, 0.5096719563007355, 0.5167376399040222, 0.5113930329680443, 0.5083599984645844, 0.504289522767067, 0.5049650147557259, 0.4993921369314194, 0.49987418204545975, 0.5068887397646904, 0.4990946650505066, 0.5014056488871574, 0.4964083954691887, 0.4967668503522873, 0.49405357986688614, 0.4964575543999672, 0.4995824545621872, 0.491195872426033, 0.49226339906454086, 0.49515677988529205, 0.4896523281931877, 0.4888259992003441, 0.4979505017399788, 0.49258462339639664, 0.4882659241557121, 0.485919788479805, 0.48804789036512375, 0.48978832364082336, 0.49196895211935043, 0.4855612888932228, 0.4926820248365402, 0.4884856641292572, 0.48398270457983017, 0.4879687577486038, 0.49237390607595444, 0.4879842475056648, 0.4910266101360321, 0.4897323027253151, 0.49215225130319595, 0.487815760076046, 0.48922935128211975, 0.48352881520986557, 0.49307552725076675, 0.4862627908587456, 0.48333992809057236, 0.487151600420475, 0.4899126812815666, 0.48867712914943695, 0.4885111376643181, 0.4840644598007202, 0.48245684802532196, 0.4896315559744835, 0.4889632388949394, 0.49328750371932983, 0.4854501113295555, 0.495726503431797, 0.49309512227773666, 0.48631712794303894, 0.48970527201890945, 0.4906580075621605, 0.4876384660601616]}