{"best_val": 0.473659947514534, "train_loss": [0.8622661795881059, 0.8323519627253214, 0.7953396638234457, 0.7525146868493822, 0.7128132349914975, 0.6795409056875441, 0.6568264729446835, 0.6432043512662252, 0.6305557688077291, 0.6189972758293152, 0.6073357495996687, 0.597642848889033, 0.5862190259827508, 0.577430248260498, 0.5681328508589003, 0.5617786314752367, 0.5521439363559087, 0.5462720592816671, 0.5431160496340858, 0.5406757295131683, 0.5393065909544627, 0.5344303647677103, 0.5345866050985124, 0.5326561530431112, 0.5366656018628014, 0.5301346729199091, 0.5278977569606569, 0.5250135593944125, 0.5268744147486157, 0.5216959748003218, 0.5200714965661367, 0.5210278448131349, 0.5184496806727515, 0.5153925716876984, 0.5160746773084005, 0.5140614112218221, 0.5129053576125039, 0.5124353617429733, 0.5111621568600336, 0.5101361241605546, 0.5131022913588418, 0.510536758436097, 0.5081205483939912, 0.5075445357296202, 0.5071821593576007, 0.5064637180831697, 0.5016821904314889, 0.5048698849148221, 0.5069781988859177, 0.5049500316381454, 0.503856928812133, 0.5035489317443635, 0.5064013219541974, 0.5021237366729312, 0.5029254986180199, 0.5038131243652768, 0.5035027083423402, 0.501380936967002, 0.5011597358518176, 0.5042353040642209, 0.49825166165828705, 0.5010066529115041, 0.5008988993035423, 0.4992692901028527, 0.497860300872061, 0.5024540788597531, 0.49980628656016457, 0.5020475735267004, 0.499070942401886, 0.4997330473528968], "val_loss": [0.7643402516841888, 0.7422974109649658, 0.7150191962718964, 0.6847333312034607, 0.654335543513298, 0.6253441572189331, 0.610082283616066, 0.5989098846912384, 0.5901517570018768, 0.5789761394262314, 0.5690582245588303, 0.5617786347866058, 0.5618412643671036, 0.5541652143001556, 0.5495599955320358, 0.5503357648849487, 0.5407951548695564, 0.5439356416463852, 0.542570173740387, 0.5383058711886406, 0.534665659070015, 0.5305049493908882, 0.5258064940571785, 0.519058495759964, 0.5175813511013985, 0.5180765315890312, 0.5142544656991959, 0.5208732634782791, 0.5090088620781898, 0.5088589489459991, 0.5001222640275955, 0.5064412355422974, 0.502874106168747, 0.49854501336812973, 0.5006621479988098, 0.5018197894096375, 0.4940878376364708, 0.4949624463915825, 0.49095481634140015, 0.49373505264520645, 0.4872240722179413, 0.4875984713435173, 0.4885077700018883, 0.48733826726675034, 0.4883984625339508, 0.4827936217188835, 0.48392239958047867, 0.4833759367465973, 0.48700595647096634, 0.4858369678258896, 0.4869360774755478, 0.4800148755311966, 0.4817764386534691, 0.48138919472694397, 0.4835904985666275, 0.48269835859537125, 0.4795784279704094, 0.4809057489037514, 0.48250483721494675, 0.473659947514534, 0.47937528789043427, 0.4796769544482231, 0.47456515580415726, 0.47872013598680496, 0.4764394760131836, 0.4749797284603119, 0.4749898314476013, 0.4832650274038315, 0.4794206991791725, 0.4758390858769417]}