{"best_val": 0.45685865120454267, "train_loss": [0.7014250556627909, 0.6465935496722951, 0.607102115948995, 0.5860659199602464, 0.5748860292574939, 0.5652812438852647, 0.5554021404070013, 0.5427797641239914, 0.5286226605667788, 0.5152964597823573, 0.5010988957741681, 0.48886550174039956, 0.481161026393666, 0.4734489432736939, 0.46908212526171816, 0.46468181119245644, 0.4611363048646964, 0.4596055640893824, 0.45658878017874327, 0.4566736776454776, 0.4554562954341664, 0.4551531765975204, 0.4542628614341511, 0.4533965201938854, 0.4524122260364832, 0.452333798011144, 0.4506513639992359, 0.4517020273442362, 0.4507322819793926, 0.451008817728828, 0.44919131608570323, 0.44982971455536636, 0.4494888455260034, 0.44759506045603287, 0.4482512123444501, 0.4479248856796938, 0.44746273522283514, 0.44806866610751434, 0.44675538411327437, 0.446989294945025, 0.4463762155934876, 0.44624794698229026, 0.4453340488321641, 0.4459461049706328, 0.4444342980197832, 0.44426819915864985, 0.44524221618970233, 0.44435149022177156, 0.4430927534898122, 0.4430434797324386, 0.44336852548169153, 0.4430067071727678, 0.44328489023096423, 0.44336260533800315, 0.4427709930083331, 0.44306473755368997, 0.4416167192599353, 0.44274454724554924, 0.4409440948682673, 0.4426225669243756], "val_loss": [0.6696737733754244, 0.6233819614757191, 0.5949211391535673, 0.5794879523190585, 0.5693744312633168, 0.5598546049811624, 0.5486091429536993, 0.5375153557820753, 0.5261729495091871, 0.512230862270702, 0.4995542087338187, 0.49197597395290027, 0.4864481145685369, 0.4788326756520705, 0.4738971834832972, 0.47337596253915265, 0.47013597054914996, 0.4687072417952798, 0.46636089411648834, 0.4657893749800595, 0.4647629829970273, 0.4645793004469438, 0.4630589403889396, 0.46287576447833667, 0.4651323042132638, 0.463901240717281, 0.46307494423606177, 0.4642759588631717, 0.4628462791442871, 0.46109083023938263, 0.4621105166998776, 0.4615818126635118, 0.46109408140182495, 0.45980608463287354, 0.45990810881961475, 0.46076694943688135, 0.460392179814252, 0.46018132296475495, 0.4591717151078311, 0.46205590529875323, 0.46113338795575226, 0.4579979452219876, 0.46049515496600757, 0.4609517509287054, 0.45965265144001355, 0.4587362679568204, 0.4593877521428195, 0.46014757318930194, 0.45994807102463464, 0.45685865120454267, 0.45917493917725305, 0.459218293428421, 0.45943705331195483, 0.4580852416428653, 0.4594040242108432, 0.4590821293267337, 0.45986185561526904, 0.458790277892893, 0.45924068039113825, 0.4578359695998105]}