{"best_val": 0.4812910184264183, "train_loss": [0.6751641266875796, 0.6256688038508097, 0.5732817815409766, 0.5320392217901018, 0.5074514928791258, 0.49685023228327435, 0.48904863331052995, 0.48604192833105725, 0.48425660530726117, 0.4811284691095352, 0.4763995690478219, 0.47524983021948075, 0.47285252809524536, 0.467423462205463, 0.4685940312014686, 0.46675512856907314, 0.4665111005306244, 0.4606274664402008, 0.46129006644090015, 0.46253202358881634, 0.4606845908694797, 0.45829179717434776, 0.45799164639578926, 0.45544934935039944, 0.455586067504353, 0.4558781484762828, 0.45592475765281254, 0.45300375918547314, 0.451963398191664, 0.4527139845821593, 0.4519777364201016, 0.4531059083011415, 0.45031941930452984, 0.45510034925407833, 0.45187321305274963, 0.45577173431714374, 0.45137201084031, 0.4507508940166897, 0.44706391129228806, 0.4519274930159251, 0.45117168294058907, 0.44968751238452065, 0.44647064639462364, 0.45021243890126544, 0.4477606068054835, 0.4467889567216237, 0.4503823518753052, 0.4473753008577559, 0.44628848797745174, 0.4472337630059984, 0.4510427597496245, 0.4475004060400857, 0.44657179878817665, 0.4455961154566871], "val_loss": [0.6538366377353668, 0.6047294437885284, 0.5597055107355118, 0.5323948264122009, 0.5255212560296059, 0.524627260863781, 0.517135463654995, 0.5190998837351799, 0.5153911039233208, 0.5181673541665077, 0.5107883661985397, 0.5005987882614136, 0.5094827488064766, 0.502415619790554, 0.5075117722153664, 0.49952708929777145, 0.5000120103359222, 0.5009735450148582, 0.49506379663944244, 0.49782201647758484, 0.49144741892814636, 0.49386097490787506, 0.49696558713912964, 0.4910723716020584, 0.49530695378780365, 0.4951581656932831, 0.48802510648965836, 0.49172159284353256, 0.48636433482170105, 0.4944085627794266, 0.4910954535007477, 0.4908011555671692, 0.49212633073329926, 0.4914097487926483, 0.49834830313920975, 0.5079018622636795, 0.48446980118751526, 0.491519033908844, 0.4872581735253334, 0.4923083111643791, 0.4939914494752884, 0.4871346354484558, 0.49527689814567566, 0.4812910184264183, 0.4926433265209198, 0.4932371452450752, 0.4877360910177231, 0.49355853348970413, 0.488556407392025, 0.48223967105150223, 0.4918540269136429, 0.49332331120967865, 0.4939323961734772, 0.48857709020376205]}