{"best_val": 0.5000529885292053, "train_loss": [0.6926550269126892, 0.6594695018397437, 0.6272272864977518, 0.5916118125120798, 0.5572657651371427, 0.530584207839436, 0.5133032004038492, 0.5061467455493079, 0.5012220541636149, 0.497648674580786, 0.4899684720569187, 0.48916694190767074, 0.48636793593565625, 0.4880891458855735, 0.483851186103291, 0.4807532827059428, 0.4804142614205678, 0.47442569500870174, 0.47528323696719277, 0.47648991975519395, 0.47159020768271553, 0.47189778917365605, 0.468104115790791, 0.4676719158887863, 0.4679989069700241, 0.46597697337468463, 0.4657777018017239, 0.4656556894381841, 0.46480882002247703, 0.4622182183795505, 0.4620804902580049, 0.46347769763734603, 0.46211210389931995, 0.4598299264907837, 0.45991826388571, 0.4561945895353953, 0.45919493668609196, 0.4594896170828078, 0.45920540392398834, 0.45866014891200596, 0.4574848628706402, 0.45710446933905285, 0.45330435037612915, 0.4541141821278466], "val_loss": [0.6799709647893906, 0.6515007615089417, 0.6227312237024307, 0.5917405784130096, 0.5637912750244141, 0.5549072027206421, 0.5489136129617691, 0.5442528575658798, 0.5413636937737465, 0.5337865948677063, 0.5332633852958679, 0.5314753875136375, 0.5314510613679886, 0.5134352073073387, 0.5274303629994392, 0.5214790478348732, 0.5233988538384438, 0.5149862915277481, 0.5157499834895134, 0.5196428745985031, 0.5160952061414719, 0.5228772908449173, 0.5120563507080078, 0.5228027030825615, 0.5108918026089668, 0.5197312980890274, 0.509379118680954, 0.5134277790784836, 0.5127884298563004, 0.5082387402653694, 0.511132225394249, 0.5155979171395302, 0.5094184577465057, 0.5000529885292053, 0.5187633410096169, 0.5099282190203667, 0.5077599585056305, 0.5154553949832916, 0.5138881430029869, 0.508884608745575, 0.5137723907828331, 0.5187456011772156, 0.5128099471330643, 0.5128994137048721]}