{"best_val": 0.45600257136605005, "train_loss": [0.6783008762434417, 0.637942422838772, 0.606173437015683, 0.5872811879597458, 0.5749515517085206, 0.5637026528517405, 0.5540236135323843, 0.5422983461735296, 0.5285786279276306, 0.5156640223428315, 0.5027227150458916, 0.49166954907716487, 0.48377198623675927, 0.4755329156623167, 0.46935447524575624, 0.46470167882302227, 0.4619644003755906, 0.459280005272697, 0.4576298150361753, 0.4539789674328823, 0.4522328026154462, 0.45026185757973614, 0.45036457508218053, 0.4473322717582478, 0.44716569605995626, 0.4462780876486909, 0.44671448013361764, 0.4454350348781137, 0.4443647779670416, 0.44350068241942164, 0.4445473113480736, 0.44226067732362184, 0.4411875664019117, 0.44229457542008044, 0.4430021655325796, 0.44101008480670406, 0.4402015682529001, 0.4392670936444226, 0.43993288395451563, 0.4398561166782005, 0.4391167046977024, 0.4380423765556485, 0.438605689534954, 0.4383226732412974, 0.43811192290455686, 0.43737058429157033, 0.4363183373329686, 0.43669454081385745, 0.43647384994170246, 0.43631172004868], "val_loss": [0.6595072746276855, 0.622109895402735, 0.5996848236430775, 0.5863084901462902, 0.5779536745764993, 0.5682495696978136, 0.5596744634888389, 0.5512826930392872, 0.537000138651241, 0.5232601788910952, 0.5085998014970259, 0.49889376759529114, 0.4933840903368863, 0.48552122712135315, 0.4808906750245528, 0.4763792807405645, 0.47463262893936853, 0.4714959074150432, 0.4685064879330722, 0.46751983057368884, 0.4651412069797516, 0.463795623996041, 0.462078259749846, 0.464146841656078, 0.46071295033801685, 0.46045883948152716, 0.45854864608157764, 0.46139906211332843, 0.45759110017256305, 0.45867815071886237, 0.4603992023251273, 0.45697022568095813, 0.4613772251389243, 0.4595844122496518, 0.4588358862833543, 0.45954247225414624, 0.45965423909100617, 0.4586837616833774, 0.45879556103186175, 0.45600257136605005, 0.45696568489074707, 0.4593938562003049, 0.4590037085793235, 0.45774467424912885, 0.4594951570034027, 0.4595507871020924, 0.45828062837774103, 0.4588087797164917, 0.4583762965419076, 0.4581370164047588]}