{"best_val": 0.4012990268793973, "train_loss": [0.6921518632009918, 0.6537970339550692, 0.6090298458641651, 0.5853658704196706, 0.5747893125403161, 0.5635091031298918, 0.5522592599485435, 0.5366337988890854, 0.5201833236451242, 0.5010583120233872, 0.482228055304172, 0.4674597996122697, 0.4573094920784819, 0.4496950139017666, 0.4472450070521411, 0.4431587615433861, 0.44091925083422195, 0.43729399758226734, 0.43610719489116295, 0.43442539899956945, 0.4323231969393936, 0.43374524280136706, 0.4304935306895013, 0.4298246502876282, 0.42922061857055216, 0.42815982769517336, 0.4273734238802218, 0.4268545023366517, 0.42604950011945236, 0.42498596626169544, 0.4252727791374805, 0.4237363262503755, 0.4219190227050407, 0.42229840860647316, 0.4211862227495979, 0.4216425255233166, 0.4196654090694353, 0.41927093501184504, 0.4186071741814707, 0.4190535107079674, 0.41722170102830025, 0.41737056596606387, 0.4173540344425276, 0.41667833982729446, 0.4158688234347923, 0.41492046678767486, 0.4148082148795034, 0.41355891087475943, 0.4135213061874988, 0.4135095319327186, 0.41257595899058325, 0.4129013910013087, 0.4117267009089975, 0.4113796803296781, 0.4104739246415157, 0.4100371301174164, 0.41052169016763274, 0.4096258937143812, 0.4086337463528502, 0.4094184835751851, 0.4079032119582681, 0.4081369433917251, 0.40706908001619224, 0.4080548818204917, 0.40612057903233695, 0.4064163717569089, 0.40681983384431575, 0.4066898115709716, 0.40561149283951403, 0.4056235697923922], "val_loss": [0.673465446992354, 0.6273670142347162, 0.5825153589248657, 0.5674716965718702, 0.554231808944182, 0.5435976413163272, 0.5298957228660583, 0.5137730999426409, 0.4963368963111531, 0.47585240277377044, 0.4599193713881753, 0.4454623054374348, 0.4383210160515525, 0.43296184052120557, 0.42884576320648193, 0.42723492600701074, 0.4244953150098974, 0.422839573838494, 0.4201590256257491, 0.41896884820678015, 0.41846550594676624, 0.4182648414915258, 0.4155076769265262, 0.4166699864647605, 0.4185998195951635, 0.4139721122655002, 0.4138803644613786, 0.4131473113190044, 0.41297032345425, 0.4135984642939134, 0.41114032539454376, 0.4098222716288133, 0.4098022525960749, 0.40984278646382416, 0.40809760039502924, 0.40982242064042523, 0.40633538365364075, 0.40610818700356915, 0.4063024845990268, 0.40638252279975196, 0.40580637888474896, 0.4055423113432797, 0.4038424491882324, 0.40545323491096497, 0.40588211200454016, 0.40433705665848474, 0.40329472585157916, 0.4042889719659632, 0.40493090044368396, 0.4059463983232325, 0.40321318398822437, 0.4031985645944422, 0.4039138609712774, 0.40474292635917664, 0.4040086567401886, 0.4040716155008836, 0.40425001220269635, 0.40401755408807233, 0.40275252678177575, 0.4012990268793973, 0.4036369838497855, 0.4046217826279727, 0.40276467529210175, 0.40681900490414014, 0.40465411814776336, 0.40152371471578424, 0.40324884111231024, 0.4034303508021615, 0.40317579291083594, 0.40339955958453094]}