{"best_val": 0.4804084897041321, "train_loss": [0.6986323330137465, 0.6735382477442423, 0.649532824754715, 0.6268543468581306, 0.6048352188534207, 0.5842346681488885, 0.5642318593131171, 0.5472709602779813, 0.533640154533916, 0.5206577032804489, 0.5136270340945985, 0.5075959910949072, 0.5046621958414713, 0.49928687512874603, 0.4957859085665809, 0.49236879746119183, 0.4897663957542843, 0.4869377116362254, 0.48657764659987557, 0.48230203489462536, 0.480163605676757, 0.48220135271549225, 0.479403340154224, 0.4813012315167321, 0.47780167394214207, 0.4766300784216987, 0.4752182728714413, 0.474535819556978, 0.4749648720026016, 0.4686555349164539, 0.47272371252377826, 0.47348688377274406, 0.4696779068973329, 0.46855779654449886, 0.46795568532413906, 0.4668439444568422, 0.4662505173020893, 0.46557435558901894, 0.4642601211865743, 0.46432455546326107, 0.46851926379733616, 0.46314117146862877, 0.4675912890169356, 0.46355923016866046, 0.46435003479321796, 0.461884296602673, 0.4647872895002365, 0.4630819410085678, 0.4644296252065235], "val_loss": [0.6878909319639206, 0.6649339199066162, 0.6420713067054749, 0.620220497250557, 0.5990364253520966, 0.5791706591844559, 0.5595260709524155, 0.5437281057238579, 0.5280622392892838, 0.5220746323466301, 0.5149501636624336, 0.5117423832416534, 0.5063105449080467, 0.5082473456859589, 0.510081097483635, 0.4982529729604721, 0.4978047013282776, 0.4966279938817024, 0.49551571160554886, 0.49612119048833847, 0.4954315572977066, 0.4924985095858574, 0.5021117329597473, 0.49194151163101196, 0.490604043006897, 0.48808980733156204, 0.48813755065202713, 0.4832235500216484, 0.4940064176917076, 0.48958922922611237, 0.48961781710386276, 0.4907318353652954, 0.49116987735033035, 0.48549364507198334, 0.4883571118116379, 0.4877071753144264, 0.4810234159231186, 0.4836341291666031, 0.4804084897041321, 0.4875171333551407, 0.49249840527772903, 0.480569027364254, 0.4847993552684784, 0.48530878871679306, 0.4815055653452873, 0.4835391044616699, 0.4854026511311531, 0.48066430538892746, 0.48143547028303146]}