{"best_val": 0.4447201192378998, "train_loss": [0.7272639683648652, 0.7189072078349543, 0.7108918276487612, 0.702361588384591, 0.6927004842197194, 0.6812186942381018, 0.6673686001815048, 0.6509808769413069, 0.6325298255565119, 0.6127018951902202, 0.5959011538355958, 0.58455390439314, 0.5761432881448784, 0.5704366903679043, 0.5665898025035858, 0.5625698624872694, 0.5597847863739612, 0.5546583001520119, 0.5520989292976903, 0.5494635373938317, 0.5446441705320396, 0.5415456113862056, 0.5367285457311892, 0.5352153444991392, 0.5302176761860941, 0.5271506064078387, 0.5247323238382152, 0.5196055810825497, 0.5166364458261752, 0.512547143534118, 0.509050308489332, 0.5064149382067662, 0.5029531156315523, 0.4988287097098781, 0.4941733993735968, 0.4925691754210229, 0.4883824335593803, 0.484967193182777, 0.48232994067902657, 0.4794759265348023, 0.4762864247256634, 0.4733805492812512, 0.4708283549430324, 0.4680064682867013, 0.4655754332448922, 0.4633210687076344, 0.46112555616042195, 0.4586186619365917, 0.45724768381492764, 0.4550030792460722, 0.45420243284281564, 0.4521535185037875, 0.4502159199293922, 0.44930846550885367, 0.4482940090637581, 0.4459705861175762, 0.4454072170397815, 0.44472478476225163, 0.44414691013448376, 0.4418608096300387, 0.44216104406936496, 0.4407351016998291, 0.44106125773168076, 0.4400469193271562, 0.43886325522965075, 0.43886109193166095, 0.4378701302350736, 0.4373822960199094, 0.43859012746343423, 0.437572216870738, 0.4378823860018861, 0.43657125094357657, 0.4373495713168499, 0.4356882355961145, 0.43566220122225147, 0.435012607013478, 0.43527142908058913, 0.43526754659764905, 0.43541667800323636, 0.4343959548894097, 0.4350609002160091, 0.4342777214798273, 0.43389265034713, 0.43414579302656886, 0.43324554024958145, 0.43358125990512325, 0.4342019183962953, 0.43268153363583134, 0.43310018497354846, 0.43265851981499615, 0.43345993698811996, 0.4318673400317921, 0.432407923188864, 0.43329734136076536, 0.43139555173761707, 0.43169711033503216, 0.4327136102844687, 0.43204118048443513, 0.4317464372690986, 0.4302707875476164, 0.4314962502788095, 0.4303198445077036, 0.43122555870635837, 0.43057826453564213, 0.42978136679705453, 0.43073705014060526, 0.4294782105614157, 0.42945392751226236, 0.43050140376184504, 0.43018627692671385, 0.42947204849299264, 0.42926953177826077, 0.43049561860514624, 0.42903315261298536, 0.4304126489396189, 0.4288744225221522, 0.42973190546035767, 0.42928008589090083, 0.42916841834199193, 0.4294331032855838, 0.4285515815603967, 0.42879074578191717, 0.4288475402429992, 0.42841653613483205, 0.4279303731871586, 0.4280563137110542, 0.42831042233635397, 0.42854077792635153, 0.42824434708146486, 0.42793232845325097, 0.42719247469715044], "val_loss": [0.7211540829051625, 0.7130370465191928, 0.7053240212527189, 0.6967052221298218, 0.6865300319411538, 0.6742062947966836, 0.6597620790654962, 0.6426871039650657, 0.6252490986477245, 0.6090841293334961, 0.5949947996573015, 0.5873163775964216, 0.5831293951381337, 0.5776966268366034, 0.5742963444102894, 0.5708216537128795, 0.5696633458137512, 0.5647858056155118, 0.5608394200151617, 0.5567498125813224, 0.5548633147369731, 0.5494702512567694, 0.5455700863491405, 0.5439673635092649, 0.5399782495065168, 0.5366487096656453, 0.5327610834078356, 0.5296309861269864, 0.5269610773433339, 0.522831076925451, 0.5202990580688823, 0.5157594328576868, 0.5113213089379397, 0.5083130056207831, 0.5063757706772197, 0.5028532391244714, 0.49994939294728363, 0.4953190901062705, 0.4931741546500813, 0.4911291788924824, 0.4883707409555262, 0.4834569502960552, 0.48046089573339984, 0.47905451872132043, 0.4767420806668021, 0.4759724275632338, 0.47156909650022333, 0.47106547247279773, 0.4678891815922477, 0.46459128910844977, 0.4638208665631034, 0.46355887434699317, 0.46113051880489697, 0.46088511564514856, 0.45955763350833545, 0.4565918066284873, 0.4571419818834825, 0.45804107731038873, 0.45615847544236615, 0.4550066509030082, 0.45276342738758435, 0.4537376490506259, 0.4541240226138722, 0.453909849578684, 0.45267482779242774, 0.45310292460701684, 0.45362837748094037, 0.45221479914405127, 0.45067850568077783, 0.45097371664914215, 0.44929036227139557, 0.4515531659126282, 0.4505218348719857, 0.45243479988791724, 0.4494891573082317, 0.4511123678900979, 0.4494916796684265, 0.45241139422763477, 0.44973577152598987, 0.4481371207670732, 0.44910531694238837, 0.44849540428681806, 0.4486762285232544, 0.4474652897227894, 0.4495028176090934, 0.448998746546832, 0.44828527894887055, 0.4483839273452759, 0.4470814899964766, 0.4489069906148044, 0.4487656436183236, 0.4473042759028348, 0.4484400749206543, 0.448077375238592, 0.4475762898271734, 0.44807459820400586, 0.4485040009021759, 0.4470003003423864, 0.449129890311848, 0.4467763223431327, 0.44840745763345197, 0.4458246285265142, 0.44883539459922095, 0.4480981013991616, 0.4467459564859217, 0.4489055438475175, 0.44713646173477173, 0.4479691982269287, 0.44579645178534766, 0.4480021731419997, 0.44546683809973975, 0.4467938623645089, 0.4480074020949277, 0.44680503010749817, 0.4462322809479453, 0.4454190595583482, 0.44563348455862567, 0.4450754387812181, 0.4467035342346538, 0.4461327276446603, 0.44481501796028833, 0.4475728923624212, 0.4456666545434432, 0.4455336034297943, 0.44542820345271716, 0.44545661590316077, 0.4454194117676128, 0.4448190954598514, 0.4460790915922685, 0.44472751021385193, 0.4447201192378998]}