{"best_val": 0.47716859728097916, "train_loss": [0.6725667615731558, 0.6316465139389038, 0.591622081067827, 0.5568127301004198, 0.5334105210171806, 0.5247262997759713, 0.515225511458185, 0.5108954111735026, 0.5050552288691202, 0.5028708196348615, 0.49975307782491046, 0.4974330961704254, 0.495936652024587, 0.49278024004565346, 0.493997057278951, 0.49067719446288216, 0.49066820243994397, 0.48836468491289353, 0.4861845092640983, 0.4810103111796909, 0.4799508601427078, 0.48085035880406696, 0.4770645217763053, 0.47926588190926445, 0.47785186933146584, 0.4771333949433433, 0.4759764075279236, 0.47748121950361466, 0.47691461278332603, 0.47451044287946487, 0.47578010459740955, 0.46958756777975297, 0.4715694586435954, 0.47230107916726005, 0.46964661445882583, 0.46948231094413334, 0.46826014750533634, 0.46870745056205326, 0.4668755994902717, 0.46696845028135514, 0.46682428154680466, 0.46608873705069226, 0.4655165523290634, 0.4684921552737554, 0.4647654477092955, 0.4686812427308824, 0.46442805892891353, 0.46400320198800826], "val_loss": [0.648276224732399, 0.6050737798213959, 0.5631418973207474, 0.5305416956543922, 0.5175956338644028, 0.5072227865457535, 0.5000639855861664, 0.49274224042892456, 0.4954151064157486, 0.4966408461332321, 0.48780275136232376, 0.495010107755661, 0.4902253746986389, 0.49024593085050583, 0.49210455268621445, 0.48486344516277313, 0.48820899426937103, 0.48589296638965607, 0.4832570552825928, 0.4828568324446678, 0.4853173792362213, 0.48391028493642807, 0.4840015470981598, 0.481663316488266, 0.4839009493589401, 0.4848250672221184, 0.4799340143799782, 0.48028944432735443, 0.48670340329408646, 0.48388782143592834, 0.4814906269311905, 0.48343050479888916, 0.4844106510281563, 0.4794425219297409, 0.4869444891810417, 0.479527048766613, 0.4829257056117058, 0.47716859728097916, 0.4848748818039894, 0.4794483035802841, 0.4865977242588997, 0.4789402335882187, 0.48013338446617126, 0.4821898192167282, 0.4910739064216614, 0.4808841496706009, 0.4786922559142113, 0.47953546047210693]}