{"best_val": 0.4675331711769104, "train_loss": [0.6574505170186361, 0.6384184824095832, 0.6117851336797079, 0.5788302222887675, 0.5527661939462026, 0.5342688527372148, 0.5225858754581876, 0.5148991760280397, 0.504852326379882, 0.5022507839732699, 0.5037407908174727, 0.4968242115444607, 0.4977319422695372, 0.4933492922120624, 0.4896195845471488, 0.488746025496059, 0.48377161390251583, 0.4836018615298801, 0.47821443776289624, 0.47582319544421303, 0.47710564566983116, 0.4755483865737915, 0.4720194439093272, 0.4695676366488139, 0.4702502290407817, 0.46875302824709153, 0.46898437705304885, 0.46636757420168984, 0.47030916313330334, 0.46469567550553215, 0.4686642371945911, 0.4661169581943088, 0.4654361506303151], "val_loss": [0.6449356228113174, 0.6244853436946869, 0.5952432304620743, 0.5667767077684402, 0.5484576374292374, 0.530024342238903, 0.5191345438361168, 0.5145624801516533, 0.5044130086898804, 0.5024558305740356, 0.49805930256843567, 0.498354472219944, 0.4924742728471756, 0.48778239637613297, 0.48784051090478897, 0.48602741956710815, 0.4795893505215645, 0.4885610342025757, 0.47421059757471085, 0.47509854286909103, 0.47900598496198654, 0.4755931571125984, 0.4675331711769104, 0.4774288535118103, 0.47553711384534836, 0.47721148282289505, 0.4748668894171715, 0.47206617146730423, 0.47255393862724304, 0.47193239629268646, 0.47462403029203415, 0.47356797009706497, 0.47460129857063293]}