{"best_val": 0.47330813109874725, "train_loss": [0.6707125008106232, 0.6659550997945998, 0.6613905827204386, 0.6565148962868584, 0.6514900492297279, 0.646446019411087, 0.6404945121871101, 0.6351867251925998, 0.6295865774154663, 0.6240030262205336, 0.6175666915045844, 0.6111839612325033, 0.6043580340014564, 0.5992084675365024, 0.5921293199062347, 0.5887714127699534, 0.5830757452381982, 0.5784638027350107, 0.5736729502677917, 0.5698864559332529, 0.5689373479949104, 0.5654224985175662, 0.5610807455248303, 0.5594794319735633, 0.5558086302545335, 0.5527560744020674, 0.5516664452022977, 0.5484836763805814, 0.5463518069850074, 0.5438102202283012, 0.541549864742491, 0.5434331844250361, 0.5365453180339601, 0.5386725399229262, 0.536863699555397, 0.5342392226060232, 0.5329566829734378, 0.5317308455705643, 0.5292678972085317, 0.5274287429120805, 0.5284145292308595, 0.5248466481765112, 0.5257140729162428, 0.5235850297742419, 0.5223793337742487, 0.5196757366259893, 0.5209820138083564, 0.5191255228386985, 0.5179698583152559, 0.5179312113258574, 0.5159264902273814, 0.5138464752170775, 0.5117266658279631, 0.5136582122908698, 0.513764340016577, 0.5119146655003229, 0.510974743300014, 0.5126618776056502, 0.510771276222335, 0.513456952240732, 0.5097333076927397, 0.5101851423581442, 0.507930287056499, 0.5084076722462972, 0.5063397834698359, 0.5082501090235181, 0.5055509176519182, 0.5096904966566298, 0.5073224786255095], "val_loss": [0.6660507768392563, 0.6606448143720627, 0.6557936519384384, 0.6499733626842499, 0.6444269120693207, 0.6373387277126312, 0.6321346908807755, 0.6251241117715836, 0.6177057325839996, 0.6098000705242157, 0.6046851724386215, 0.5957095623016357, 0.5877813547849655, 0.5809166133403778, 0.5709634870290756, 0.5673968493938446, 0.5610669255256653, 0.5571669936180115, 0.5509305149316788, 0.5458973050117493, 0.5444443896412849, 0.5394763499498367, 0.5314457789063454, 0.5288520082831383, 0.5319717079401016, 0.5233847051858902, 0.5243159383535385, 0.5233101099729538, 0.5177645534276962, 0.5165421664714813, 0.5122665390372276, 0.5077405571937561, 0.5061825513839722, 0.5056716129183769, 0.5079423040151596, 0.5051970556378365, 0.4988473579287529, 0.4999588653445244, 0.4966304674744606, 0.49861927330493927, 0.4920375943183899, 0.48935630917549133, 0.4942450225353241, 0.4886789619922638, 0.49055643379688263, 0.49034637957811356, 0.490713968873024, 0.48270783573389053, 0.4872073009610176, 0.4845159128308296, 0.48447810858488083, 0.47948622703552246, 0.47532957792282104, 0.47936227917671204, 0.4797855541110039, 0.47719136625528336, 0.48056991398334503, 0.48024042695760727, 0.47330813109874725, 0.4773285835981369, 0.4796862378716469, 0.475589819252491, 0.4745647758245468, 0.4812370166182518, 0.47472889721393585, 0.47794264554977417, 0.4754379391670227, 0.4781043007969856, 0.4789501950144768]}