{"best_val": 0.5060315579175949, "train_loss": [0.7212322221861945, 0.6870925625165304, 0.6531053284804026, 0.6128575735621982, 0.5850078099303775, 0.5663081622785993, 0.5514523122045729, 0.5412007537153032, 0.5364679429266188, 0.5343142996231715, 0.5340819689962599, 0.5316657473643621, 0.5310494502385458, 0.5300821446710162, 0.5293227202362485, 0.5222817560036978, 0.5227140386899313, 0.5202214237716463, 0.5227675388256708, 0.5169849428865645, 0.5208579583300484, 0.5185345808664957, 0.5154006878534952, 0.5113667911953397, 0.5143594973617129, 0.512441916598214, 0.5091188500324885, 0.5077469348907471, 0.5073127200206121, 0.5091612769497765, 0.5044588463173972], "val_loss": [0.6947245597839355, 0.6612111032009125, 0.6232504099607468, 0.590504601597786, 0.5642813369631767, 0.5574870333075523, 0.5456733927130699, 0.5340595319867134, 0.5363835468888283, 0.5230318233370781, 0.5254712402820587, 0.523973636329174, 0.5206721648573875, 0.517712913453579, 0.5170960053801537, 0.514299787580967, 0.5189325958490372, 0.514899879693985, 0.5101741328835487, 0.5084225684404373, 0.5060315579175949, 0.5083302855491638, 0.5111747980117798, 0.5165538564324379, 0.5067737549543381, 0.5147331729531288, 0.5094252675771713, 0.5068796500563622, 0.514888733625412, 0.5077538937330246, 0.5102812796831131]}