{"best_val": 0.4772385507822037, "train_loss": [0.7308801213900248, 0.7275214559502072, 0.7246052457226647, 0.7210977441734738, 0.7173125942548116, 0.7135191096199883, 0.7095388902558221, 0.7049618032243516, 0.7001776165432401, 0.6951349973678589, 0.6895399490992228, 0.6837664908832974, 0.6772766444418166, 0.6705453561411964, 0.6630991001923879, 0.6549541983339522, 0.6453629864586724, 0.6368381281693777, 0.6281375222735934, 0.6173844238122305, 0.6082896126641167, 0.6003631783856286, 0.591253787279129, 0.5845347146193186, 0.5789812505245209, 0.5716597338517507, 0.5667374001608955, 0.5609048704306284, 0.5561125410927666, 0.5501527372333739, 0.5474153657754263, 0.542581362856759, 0.540347052945031, 0.5372989856534534, 0.5335608952575259, 0.5285153206851747, 0.5268620716200935, 0.5242051167620553, 0.5205748346116807, 0.5190821157561408, 0.5146996362341775, 0.5123433768749237, 0.5108623057603836, 0.5080951187345717, 0.5033436533477571, 0.5010725458463033, 0.4997087965408961, 0.49544916881455314, 0.4950695236523946, 0.4946126722627216, 0.4935099267297321, 0.4908043063349194, 0.488965951734119, 0.4850368897120158, 0.48441625634829205, 0.48573582039939034, 0.4821462631225586, 0.48247157368395066, 0.48501646684275734, 0.4803297022978465, 0.48112540940443677, 0.4798159483406279, 0.48330015937487286, 0.4809996121459537, 0.481157049536705, 0.4773571044206619, 0.4762486782338884, 0.47781189117166734, 0.4768947611252467, 0.4762289888328976, 0.4769573642147912, 0.4750383761194017, 0.47722112635771435, 0.4752887917889489, 0.4769471486409505, 0.4758012559678819, 0.4721378634373347, 0.47451989021566177, 0.47629422942797345], "val_loss": [0.7282310575246811, 0.7244550287723541, 0.7221880704164505, 0.7183262258768082, 0.7148302495479584, 0.7108270972967148, 0.706756666302681, 0.7019646167755127, 0.6970887035131454, 0.6918032914400101, 0.6857820600271225, 0.6798024773597717, 0.6731444299221039, 0.6658147275447845, 0.6579007804393768, 0.6495236456394196, 0.6399811208248138, 0.6299441158771515, 0.6192959398031235, 0.6113362312316895, 0.6033933162689209, 0.5961325615644455, 0.5852860510349274, 0.5803113132715225, 0.5713038891553879, 0.5705912411212921, 0.5543538853526115, 0.5541487485170364, 0.5497357696294785, 0.5486715584993362, 0.5434281080961227, 0.5363999009132385, 0.5377479195594788, 0.5370677709579468, 0.5356056988239288, 0.5308318585157394, 0.5252460092306137, 0.518123097717762, 0.516267791390419, 0.512904666364193, 0.5117551758885384, 0.510301485657692, 0.5054628700017929, 0.5085849910974503, 0.5094062983989716, 0.49834194034338, 0.5019479319453239, 0.4991830736398697, 0.4954080432653427, 0.4953645020723343, 0.4956780821084976, 0.4932394325733185, 0.48978186398744583, 0.4925333112478256, 0.48799556493759155, 0.4951118156313896, 0.4905283972620964, 0.49049993604421616, 0.487480066716671, 0.4815347120165825, 0.4877828136086464, 0.4847940504550934, 0.48420684039592743, 0.4866448789834976, 0.4926658570766449, 0.48624684661626816, 0.4812672510743141, 0.4832741767168045, 0.4772385507822037, 0.48197804391384125, 0.48829207569360733, 0.48374390602111816, 0.4846995994448662, 0.48720527440309525, 0.4829848110675812, 0.48337844759225845, 0.4787558913230896, 0.4863540306687355, 0.47881635278463364]}