{"best_val": 0.4513487192717465, "train_loss": [0.6882629499715918, 0.6266384078007118, 0.6018192884968776, 0.5846525489115247, 0.5661128519796857, 0.5385707312939214, 0.5098615201080546, 0.488325331140967, 0.47743645368837845, 0.47310806431022345, 0.47020474719066246, 0.46925557419365527, 0.4684977771020403, 0.4669331580984826, 0.4668203533864489, 0.4658690001450333, 0.46691278382843615, 0.4641573855689928, 0.4629370973390691, 0.4641167328638189, 0.46341956538312573, 0.4617195830625646, 0.46189061040971796, 0.46127621741855845, 0.4603408113414166, 0.4607062865706051, 0.46077068763620715, 0.46008991318590503, 0.46011369719224815, 0.45893995726809783, 0.4594895565042309, 0.4577811149989857, 0.457822814875958, 0.458067890475778, 0.4568298388929928, 0.45577779236961813, 0.45706600710457446, 0.4569854742171718, 0.4556489773825103, 0.4553159849316466, 0.455615082207848, 0.4551350906783459, 0.45308663038646474, 0.4542101043112138, 0.45311756052222907, 0.4526938018845577, 0.4511122224377651, 0.4516078391495873, 0.45264698068300885, 0.4522807580583236, 0.4506000163508396, 0.4514487350688261, 0.4509684420099445, 0.44932307799657184, 0.4496412195411383, 0.4482029723186119, 0.44917428376627905, 0.44786502742299844, 0.447367564720266, 0.44704266622954725, 0.44676381583307306, 0.4472073076986799, 0.4460044316217011, 0.4451850734504999, 0.44484007767602507, 0.44467542685714423, 0.4432164342964397, 0.44553274675911547, 0.4427892764409383, 0.44228115093474296, 0.44275688190086215, 0.4407184731726553, 0.44186917473288145, 0.4414579172929128, 0.44024892648061115, 0.4400236863715976, 0.4396851495200512, 0.4386015078600715, 0.4384046746235268, 0.4389880644340141, 0.43808414246521743, 0.4374806016099219, 0.4366505245367686, 0.4363453440806445, 0.43618667008830053, 0.4361447762040531, 0.43673278537451055, 0.4354700586375068, 0.4332653032798393, 0.4341801591947967], "val_loss": [0.626488674770702, 0.6026448770002886, 0.586216926574707, 0.5727265477180481, 0.5493531037460674, 0.5182875150983984, 0.4890236258506775, 0.47314507040110504, 0.4660451276735826, 0.4626836668361317, 0.4620651765303178, 0.4600626446984031, 0.4600876109166579, 0.46324813095006073, 0.45964510061524133, 0.46026989817619324, 0.45749701153148303, 0.45779056440700183, 0.4595020765608007, 0.4569519893689589, 0.4572922939603979, 0.4581709612499584, 0.4576223682273518, 0.45702458782629535, 0.45674691687930713, 0.45752389051697473, 0.4572970542040738, 0.4585244059562683, 0.457577876069329, 0.4570912610400807, 0.45646912401372736, 0.45680816877971997, 0.4584729996594516, 0.4573153853416443, 0.45923359014771203, 0.4579843418164687, 0.45673228664831683, 0.4575479166074233, 0.4573527926748449, 0.45812027833678504, 0.45541068098761817, 0.4573429660363631, 0.4560112004930323, 0.45652247017080133, 0.455439954996109, 0.4554437073794278, 0.45737082307988947, 0.45558053526011383, 0.4549721669067036, 0.45572318814017554, 0.45555654439059173, 0.456093812530691, 0.4564299935644323, 0.45592341639778833, 0.45526609366590326, 0.4552787786180323, 0.4565742151303725, 0.45512466539036145, 0.454226247288964, 0.4551450718532909, 0.4555525481700897, 0.4554403478449041, 0.4550342776558616, 0.4532985307953574, 0.4542645432732322, 0.4547819901596416, 0.4529919217933308, 0.4525227817622098, 0.45438285036520526, 0.4529952190139077, 0.4553012387319045, 0.45354311032728717, 0.45566660978577356, 0.45499965819445526, 0.45279342207041656, 0.45367681167342444, 0.4533929906108163, 0.4521693804047324, 0.45420976118607953, 0.4513487192717465, 0.45296874371441925, 0.453461462801153, 0.45417996970089997, 0.45427201281894336, 0.4525716982104562, 0.45268686793067237, 0.45342929525808856, 0.4514392776922746, 0.45212629979307, 0.4519330019300634]}