{"best_val": 0.49537985771894455, "train_loss": [0.6032965580622355, 0.5890190800031027, 0.5781305465433333, 0.5697737104362912, 0.561757528119617, 0.5547026379240884, 0.5486868421236674, 0.5437932858864466, 0.5377605391873254, 0.5338287800550461, 0.5328065918551551, 0.5290649980306625, 0.5258046719763014, 0.5269807146655189, 0.5230557041035758, 0.5220201561848322, 0.5218344132105509, 0.524209651682112, 0.5206146952178743, 0.5189761734671063, 0.5159184055195914, 0.5137895858950086, 0.5128867344723808, 0.5125029500987794, 0.5150063633918762, 0.5095769349071715, 0.5071074846718047, 0.5045104622840881, 0.5038824909263186, 0.5004138929976357, 0.5033013837205039, 0.49776216844717663, 0.49709495570924545, 0.5004561344782511, 0.49656278060542214, 0.497369443376859, 0.49561991459793514, 0.49254699879222447, 0.4932216654221217, 0.49441022011968827, 0.4902316414647632, 0.49060382114516365, 0.4909282277027766, 0.4886728260252211, 0.48795810176266563, 0.4885968863964081, 0.4842418134212494, 0.485299257768525, 0.4856036321984397, 0.48597347570790184, 0.4846317072709401, 0.482559460732672, 0.48645977675914764, 0.48601560129059684, 0.47971520324548084, 0.4830513099829356, 0.48016185727384353, 0.48299581971433425, 0.48256350888146293, 0.4793809155623118, 0.4810238464011086, 0.4805890917778015, 0.4808354394303428, 0.4801761872238583, 0.48066964248816174, 0.47954175372918445, 0.47825996081034344, 0.47758086687988704, 0.47731495400269824, 0.477699703640408, 0.4764037248161104, 0.4781099292967055, 0.4791163123316235, 0.4804222087065379, 0.47738634215460884, 0.4792049957646264, 0.4769248879618115, 0.4789259251621034, 0.47873439888159436, 0.4781462848186493, 0.47616339060995316, 0.47717893951469, 0.47745350665516323, 0.477888532810741, 0.47459500200218624, 0.47481263015005326, 0.4770932479037179], "val_loss": [0.6167422384023666, 0.6024440228939056, 0.5956885069608688, 0.5876850038766861, 0.5789963603019714, 0.5734580457210541, 0.5687061846256256, 0.5629255175590515, 0.5583608448505402, 0.5602565929293633, 0.5612689256668091, 0.5586267858743668, 0.5592932552099228, 0.562730684876442, 0.5651543736457825, 0.5523741841316223, 0.5522891730070114, 0.5502931326627731, 0.5472530052065849, 0.5508386641740799, 0.5502608120441437, 0.5495683997869492, 0.5493333786725998, 0.5379500240087509, 0.5380518212914467, 0.5425881296396255, 0.5443352460861206, 0.5378887951374054, 0.5447013601660728, 0.5377866849303246, 0.5356305092573166, 0.5313299596309662, 0.5312125086784363, 0.5305358842015266, 0.526251457631588, 0.5274348184466362, 0.5236188843846321, 0.52640251070261, 0.5228012055158615, 0.5184450596570969, 0.5216898322105408, 0.5148556903004646, 0.5117942914366722, 0.5193473324179649, 0.5153617560863495, 0.518853135406971, 0.519718699157238, 0.5123745426535606, 0.5144702941179276, 0.5176270455121994, 0.5058271288871765, 0.5151250511407852, 0.5171286761760712, 0.5078624188899994, 0.5036907941102982, 0.5059370324015617, 0.5119185745716095, 0.5019831955432892, 0.5039891749620438, 0.5125595256686211, 0.5095131695270538, 0.502904050052166, 0.5053464472293854, 0.5020335167646408, 0.5025634691119194, 0.49967800825834274, 0.5026367232203484, 0.49924417585134506, 0.5011048913002014, 0.4979031905531883, 0.5062471553683281, 0.49780622124671936, 0.49641766399145126, 0.5025426149368286, 0.5012042373418808, 0.4976828172802925, 0.49537985771894455, 0.498741015791893, 0.4985143393278122, 0.49888914078474045, 0.4982938840985298, 0.500379353761673, 0.4998543933033943, 0.49699683487415314, 0.49722861498594284, 0.5010315403342247, 0.49796900153160095]}