{"best_val": 0.43033476309342816, "train_loss": [0.6815101796505498, 0.6204726450583514, 0.5777168016807706, 0.5634614796030755, 0.5450499122049294, 0.5229594660740272, 0.49855539319561976, 0.4754118130487554, 0.45903608611985747, 0.44693097004703447, 0.4397026031625037, 0.4372933968609455, 0.43281729665457036, 0.4304907082342634, 0.42994637641252254, 0.42887917160987854, 0.4263656624391967, 0.42720544688841877, 0.42516455171154993, 0.4243406080732159, 0.42231303511881363, 0.42265666933620677, 0.4222207221330381, 0.41965220313446194, 0.42105622151318717, 0.41867240211542917, 0.41930922924303543, 0.41737159210092883, 0.417028768974192, 0.4184347344379799, 0.4163932104905446, 0.4151281188516056, 0.4145684061097164, 0.4147885880049537, 0.41347700532744913, 0.41369691140511455, 0.41282788035916346, 0.4115082300176807, 0.4104907781470056, 0.40949007693459005, 0.4094185291552076], "val_loss": [0.6548645333810286, 0.5879272222518921, 0.5682948475534265, 0.5529950179836967, 0.5343384498899634, 0.5135376128283414, 0.49008273536508734, 0.47191471403295343, 0.4604742879217321, 0.4509296335957267, 0.4442951110276309, 0.4441336691379547, 0.44279246167703107, 0.43918168815699493, 0.4380239221182736, 0.43889282508329913, 0.4376599897037853, 0.43820863691243256, 0.43585489283908496, 0.4362300282174891, 0.4376217235218395, 0.43468468568541785, 0.43454327095638623, 0.4359958280216564, 0.4340803867036646, 0.4350788728757338, 0.4327305636622689, 0.432400719685988, 0.4334371415051547, 0.4334202381697568, 0.43033476309342816, 0.43179449439048767, 0.4328990199349143, 0.4324471733786843, 0.43228757923299616, 0.4319071661342274, 0.4324065013365312, 0.43087696758183563, 0.4318124733187936, 0.4308210855180567, 0.43179138140244916]}