{"best_val": 0.49384040385484695, "train_loss": [0.6650717291567061, 0.6406318677796258, 0.6204133530457815, 0.6008689535988702, 0.574563162194358, 0.5515330500072904, 0.5350621193647385, 0.5270905759599473, 0.5174641807874044, 0.5114789936277602, 0.5107182959715525, 0.5089476588699553, 0.5039876202742258, 0.49689124193456435, 0.5027411745654212, 0.49971813129054177, 0.49610994425084853, 0.49299808508820003, 0.49341676632563275, 0.49227264523506165, 0.4896053771177928, 0.4912826369206111, 0.49029303590456647, 0.4862471620241801, 0.48599885900815326, 0.485774964094162, 0.4835479474729962, 0.4872022436724769, 0.48608895474010044, 0.48612556358178455, 0.48451993862787884, 0.4805416928397285, 0.48203611539469826, 0.48216952714655137, 0.4813213845094045, 0.48270166251394486, 0.4828123450279236, 0.4873061411910587, 0.4835650424162547, 0.4867883407407337, 0.48137396408451927, 0.4792461958196428, 0.4826205422480901, 0.48442143864101833, 0.4824291302098168, 0.4816442065768772], "val_loss": [0.6389734894037247, 0.6210411041975021, 0.6031614989042282, 0.5867149531841278, 0.5696885883808136, 0.5542869716882706, 0.5412893444299698, 0.5458469837903976, 0.5400383174419403, 0.5325878635048866, 0.530976302921772, 0.5289448797702789, 0.5233013853430748, 0.5249258205294609, 0.5202550739049911, 0.5247335508465767, 0.5075487568974495, 0.5119033679366112, 0.5140914022922516, 0.5096221268177032, 0.5057775154709816, 0.5036148801445961, 0.5049070343375206, 0.5038814321160316, 0.5056417137384415, 0.4969983175396919, 0.5088163241744041, 0.5076199397444725, 0.5001249685883522, 0.49915995448827744, 0.49819541722536087, 0.4991951510310173, 0.49966659396886826, 0.5006407350301743, 0.4972567930817604, 0.49384040385484695, 0.4980950951576233, 0.4992935582995415, 0.4989999383687973, 0.5029454007744789, 0.49549003690481186, 0.49645479023456573, 0.5009387508034706, 0.49444008618593216, 0.4990019425749779, 0.4983898028731346]}