{"best_val": 0.48779337853193283, "train_loss": [0.7333930929501852, 0.7169732881916894, 0.6994055112202963, 0.6770392722553678, 0.6494110822677612, 0.6156683696640862, 0.5784647332297431, 0.5452720754676394, 0.5267222043540742, 0.5218656526671516, 0.5132466852664948, 0.5049350675609376, 0.5012400166855918, 0.4999548726611667, 0.492311696211497, 0.48838645550939774, 0.4913716713587443, 0.4860685252481037, 0.4839476810561286, 0.480659662021531, 0.4822421686516868, 0.4785555584563149, 0.47682895097467637, 0.4754982690016429, 0.4765872359275818, 0.47698579397466445, 0.47823229597674477, 0.4711059547132916, 0.4694632937510808, 0.4712008254395591, 0.4661288642221027, 0.4702632791466183, 0.4672543836964501, 0.4681904713312785, 0.4657202810049057, 0.46788326733642155, 0.4665498700406816, 0.46625155707200366, 0.46861546900537276, 0.46501382688681286, 0.4625137796004613, 0.46351585454410976, 0.46343137323856354, 0.4618033915758133, 0.46244678894678753, 0.4598516374826431, 0.4648073961337407, 0.46379008889198303, 0.4631778498490651, 0.4608425680134032, 0.46112392014927334, 0.46151163015100694, 0.4604783273405499, 0.45882543093628353, 0.4591878337992562, 0.46140438814957935, 0.45683591895633274, 0.45742448833253646, 0.45959629118442535, 0.4578698409928216, 0.45829062660535175, 0.4573158588674333, 0.46028660734494525, 0.4586851828628116, 0.45658743878205615, 0.45741771161556244, 0.4593368238872952, 0.45594657626416946, 0.4563712030649185, 0.45563557081752354], "val_loss": [0.7239428460597992, 0.7082711011171341, 0.6898064911365509, 0.6665781885385513, 0.6356450915336609, 0.6019909977912903, 0.5678858608007431, 0.5441532582044601, 0.5355760455131531, 0.5338942036032677, 0.531282439827919, 0.5292034670710564, 0.5238880962133408, 0.5298886001110077, 0.5176550075411797, 0.5218739584088326, 0.5103153735399246, 0.5191108286380768, 0.5088012665510178, 0.517396830022335, 0.5064873546361923, 0.510931059718132, 0.5078528374433517, 0.5037545040249825, 0.5074312463402748, 0.5022803992033005, 0.5021397843956947, 0.5008804425597191, 0.5061213746666908, 0.4986601322889328, 0.5038632452487946, 0.5014116540551186, 0.509133867919445, 0.5042542889714241, 0.4991728439927101, 0.5041436851024628, 0.5035489648580551, 0.5082261115312576, 0.49668149650096893, 0.4958691745996475, 0.4961932897567749, 0.4974181428551674, 0.5102197155356407, 0.5001206248998642, 0.4951915368437767, 0.498585045337677, 0.49801066517829895, 0.4969739317893982, 0.49407093971967697, 0.4977845251560211, 0.4976792335510254, 0.4961632490158081, 0.5010898634791374, 0.49402638524770737, 0.49687864631414413, 0.49454744905233383, 0.4930766671895981, 0.4935110732913017, 0.49419964104890823, 0.48779337853193283, 0.498661108314991, 0.4914080500602722, 0.4912216514348984, 0.4960830584168434, 0.4997703805565834, 0.4925399646162987, 0.4931139498949051, 0.4924430176615715, 0.4959815889596939, 0.4955344498157501]}