{"best_val": 0.46759989112615585, "train_loss": [0.7335855497254266, 0.707957449886534, 0.6818190283245511, 0.6566420396169027, 0.631459418270323, 0.6073831882741716, 0.5896490613619486, 0.5717769480413861, 0.5644981960455576, 0.5574509120649762, 0.5503036479155222, 0.5424542741643058, 0.5385041038195292, 0.5342322985331217, 0.5316052022907469, 0.5336036301321454, 0.5299211425913705, 0.52703647977776, 0.5258936236302058, 0.5274155719412698, 0.5235234946012497, 0.521478984091017, 0.5198623239994049, 0.5197275612089369, 0.51664128071732, 0.516785783900155, 0.5168862160709169, 0.5140003446075652, 0.5142435895072089, 0.5140510102113088, 0.5136353290743298, 0.5110685908132129, 0.5109529578023486, 0.5078684240579605, 0.5090954270627763, 0.507641421424018, 0.5055998232629564, 0.5044570879803764, 0.5067135161823697, 0.5050913376940621, 0.5052834451198578, 0.5043449617094464, 0.5046275175280042, 0.5046535796589322, 0.5016782830158869, 0.5043440394931369, 0.5030792206525803], "val_loss": [0.7133751064538956, 0.6859985589981079, 0.655550166964531, 0.6254080682992935, 0.5974284559488297, 0.5695200711488724, 0.5479430556297302, 0.525867648422718, 0.5181378722190857, 0.5080023407936096, 0.5016501471400261, 0.5023039504885674, 0.49256161600351334, 0.4959501475095749, 0.49507951736450195, 0.48263319581747055, 0.49135953933000565, 0.4902641996741295, 0.48122943192720413, 0.4861907586455345, 0.48924117535352707, 0.48315396904945374, 0.48331521451473236, 0.49032168090343475, 0.48141472041606903, 0.4817276820540428, 0.4827101156115532, 0.4788103625178337, 0.48225654661655426, 0.47554638236761093, 0.47597454488277435, 0.47506124526262283, 0.47283268719911575, 0.4755905419588089, 0.47661715745925903, 0.47575344890356064, 0.46759989112615585, 0.47453249990940094, 0.47501616179943085, 0.4707890897989273, 0.4732837677001953, 0.47006016224622726, 0.47072363644838333, 0.4726380631327629, 0.47143908590078354, 0.4734713062644005, 0.47266804426908493]}