{"best_val": 0.4653036215088584, "train_loss": [0.6730674596933218, 0.6353825594370182, 0.6013184499282104, 0.5814860302668351, 0.5664716276984948, 0.5507403119252279, 0.5355294151948049, 0.5106299393452131, 0.4877196326851845, 0.47168310846273714, 0.46056888825618303, 0.4611549354516543, 0.45992162307867634, 0.45594910990733367, 0.45200174072614085, 0.45426851453689426, 0.45142952180825746, 0.4506102055311203, 0.45167768803926617, 0.4517856114185773, 0.4499277483958464, 0.4500563729267854, 0.4519241245893332, 0.44938113483098835, 0.4471380062974416, 0.44770367042376447, 0.4452235552553947], "val_loss": [0.6522473530335859, 0.6125904484228655, 0.5901473327116533, 0.5792786939577623, 0.5645053413781252, 0.5508732714436271, 0.5262546539306641, 0.5063628608530218, 0.4866087084466761, 0.4785462699153207, 0.4756093377416784, 0.47117783535610547, 0.4711060253056613, 0.4664366760037162, 0.46763230995698407, 0.4665518484332345, 0.4653036215088584, 0.46620792692357843, 0.4657818322831934, 0.4655922055244446, 0.4689331650733948, 0.4703236357732253, 0.46773177927190607, 0.4664160934361545, 0.4714209247719158, 0.4755676659670743, 0.4659358100457625]}