{"best_val": 0.49970611929893494, "train_loss": [0.813285681936476, 0.7928270234002007, 0.7727563911014133, 0.7512218852837881, 0.7288540800412496, 0.7042211095492045, 0.6806110905276405, 0.6633455389075809, 0.6475240323278639, 0.6327993936008878, 0.6197235882282257, 0.6056386530399323, 0.5918600526120927, 0.5755203929212358, 0.5587478693988588, 0.5443527003129324, 0.5333834058708615, 0.5234665754768584, 0.5157193508413103, 0.5092756367392011, 0.5024305317136977, 0.4989384396208657, 0.5010307100084093, 0.49711305234167313, 0.49308667414718205, 0.49157189826170605, 0.48941996528042686, 0.4911761101749208, 0.48603535691897076, 0.4864015231529872, 0.48609143329991233, 0.4853602796792984, 0.4834105885691113, 0.4824339234166675, 0.4804151819811927, 0.4812816149658627, 0.47872356242603725, 0.47475862668620217, 0.4809265782435735, 0.4776449220048057, 0.4769249078300264, 0.47882543835375047, 0.4762880669699775, 0.4763562000460095, 0.4762022975418303, 0.47428003284666276, 0.4726601209905412, 0.4716016070710288, 0.4767189853721195, 0.472801407178243, 0.47218799259927535, 0.473748783270518, 0.47154270112514496, 0.46953655779361725, 0.4740591247876485, 0.47151316040092045, 0.4719196707010269, 0.4711894111500846, 0.47262200050883824, 0.469843316409323, 0.4683937016460631, 0.4701135539346271, 0.4725442131360372, 0.4699939770831002, 0.46879828307363725], "val_loss": [0.75153449177742, 0.7303337305784225, 0.7087923884391785, 0.685941070318222, 0.6634569019079208, 0.6410558074712753, 0.6217913925647736, 0.609481006860733, 0.6001171171665192, 0.587299257516861, 0.5805115103721619, 0.5689960718154907, 0.5646316111087799, 0.553944781422615, 0.5536693632602692, 0.5435397177934647, 0.5315427407622337, 0.5302555561065674, 0.5263719260692596, 0.525013767182827, 0.5270341709256172, 0.5268918201327324, 0.5321182534098625, 0.5217934548854828, 0.5207017734646797, 0.5204076170921326, 0.5248040333390236, 0.516702264547348, 0.5231897160410881, 0.5217389464378357, 0.5214053243398666, 0.5149702578783035, 0.5142743289470673, 0.5168735384941101, 0.5148855894804001, 0.5133261904120445, 0.5074939057230949, 0.5115081295371056, 0.5095719769597054, 0.5147556662559509, 0.5064843222498894, 0.5161721557378769, 0.5094732418656349, 0.5057476758956909, 0.5091694965958595, 0.5004752725362778, 0.5178296640515327, 0.5054060071706772, 0.5109656900167465, 0.5043589249253273, 0.5050714239478111, 0.5123467817902565, 0.5059342831373215, 0.5090580955147743, 0.49970611929893494, 0.4999944269657135, 0.5059227645397186, 0.5084483250975609, 0.5066317468881607, 0.5037669688463211, 0.510321170091629, 0.5094727277755737, 0.5098758041858673, 0.5108766630291939, 0.5007925033569336]}