{"best_val": 0.45989295840263367, "train_loss": [0.661100496264065, 0.6427506149983874, 0.6274513754190183, 0.6147652712522769, 0.6020762312646005, 0.5901830418437135, 0.5807790779599956, 0.5724537442712223, 0.5627586122821359, 0.5484699653644188, 0.5343321655310836, 0.5199338524949317, 0.5057503569359872, 0.4954044953280804, 0.4869110403107662, 0.4796919939564724, 0.47378814687915877, 0.4699028514179529, 0.46703998306218314, 0.4646734408303803, 0.4617890779878579, 0.46031485293425767, 0.46029194838860454, 0.4592011331343183, 0.45801375718677745, 0.4572493019057255, 0.45689151859750937, 0.4564467528287102, 0.455707402790294, 0.45469766738368017, 0.4527025240309098, 0.4530184952651753, 0.4536324827110066, 0.45082878715851726, 0.4521543021295585, 0.4501931223214841, 0.4507644941993788, 0.4497074689350876], "val_loss": [0.6461353898048401, 0.6294646208936517, 0.6160322644493796, 0.6016476696187799, 0.5893141627311707, 0.5780659534714438, 0.5708725127306852, 0.5612364411354065, 0.547725571827455, 0.5336398048834368, 0.5187888741493225, 0.5054181597449563, 0.49498862569982355, 0.4863936115394939, 0.480644705620679, 0.47409540143879975, 0.4711178188974207, 0.46729061007499695, 0.46707863970236346, 0.4647183228622783, 0.46474040909246966, 0.462280121716586, 0.4602777497334914, 0.46274223923683167, 0.460345135493712, 0.4600044082511555, 0.461887310851704, 0.45989295840263367, 0.4603661542589014, 0.46134739030491223, 0.46086653525179083, 0.46168854290788824, 0.4599653590809215, 0.4619869291782379, 0.46031497554345563, 0.4607391790910201, 0.4609771804376082, 0.4625861075791446]}