{"best_val": 0.4705077734860507, "train_loss": [0.668867895416185, 0.5995168113241008, 0.5624891402674657, 0.5267711252558465, 0.4953324753864139, 0.47688158762221244, 0.4717641805901247, 0.4676765723555696, 0.4672205524117339, 0.46334219095753687, 0.462085881653954, 0.46036261612293766, 0.4593672144646738, 0.45549945270313935, 0.4565066771180022, 0.4553666535545798, 0.45351338328099716, 0.4523157781245662, 0.45192450343393814, 0.4501927985864527, 0.4498540729868646, 0.4474791031257779, 0.4463854543134278, 0.4462090438487483, 0.4461728877880994, 0.4426913471782909, 0.44277329421510886, 0.43994423571754904, 0.4411063953941944, 0.43970490962851283, 0.4377386236892027, 0.4366740379847732, 0.4354969409166598, 0.4342581612222335, 0.43330204194667293, 0.4336568672283023, 0.43167030226950553, 0.43171222712479385, 0.43096305868204904], "val_loss": [0.6193258003755049, 0.5865534814921293, 0.5532136749137532, 0.5178297812288458, 0.4921186756003987, 0.4842842871492559, 0.48203097690235486, 0.47943370179696515, 0.47898247838020325, 0.4789869351820512, 0.4768541563640941, 0.47687040675770154, 0.4769921519539573, 0.474889029156078, 0.47714742476289923, 0.4752637066624381, 0.472714746540243, 0.4734503681009466, 0.4766071980649775, 0.4724944071336226, 0.4727566973729567, 0.4729160991582004, 0.47112234885042364, 0.4722490202296864, 0.47166726805947046, 0.47103041952306574, 0.47251674261960114, 0.47216114130887116, 0.4705077734860507, 0.47093273292888294, 0.4717747298153964, 0.47427535869858484, 0.4735692197626287, 0.4731297628446059, 0.47414325313134625, 0.47185521776025946, 0.4724256260828538, 0.4733440036123449, 0.4709662984717976]}