{"best_val": 0.4703479896892201, "train_loss": [0.6256437141161698, 0.5716380402445793, 0.5366618684851207, 0.49925711349799085, 0.47153975012210697, 0.4615253106905864, 0.45642177760601044, 0.4534221331660564, 0.4550435543060303, 0.4533820072045693, 0.45072543506438917, 0.44781092783579457, 0.44626492032637965, 0.44580647349357605, 0.44908122087900454, 0.4458867534995079, 0.44298733656223005, 0.4442707924888684, 0.44448833282177264, 0.44261847264491594, 0.4394261630681845, 0.4370894618332386, 0.43719869680129564, 0.44218598306179047, 0.44022753318915, 0.44109465697636974, 0.43504196118849975, 0.43436124462347764, 0.43660036761027116, 0.43464102424108064, 0.43295064625831753, 0.43358934957247514, 0.43438519365512407], "val_loss": [0.5910968888889659, 0.5602197863838889, 0.5254154638810591, 0.49475819685242395, 0.4831253777850758, 0.4751513925465671, 0.4737774594263597, 0.47098818963224237, 0.47131372581828723, 0.473162751306187, 0.47519339485601947, 0.47671661322767084, 0.4704716286875985, 0.47188322110609576, 0.472866491837935, 0.47036383097822015, 0.4802258692004464, 0.47219513763080945, 0.4742009856484153, 0.4746290933002125, 0.4714515615593303, 0.4717746675014496, 0.4703479896892201, 0.4707739163528789, 0.4763194268400019, 0.4741255586797541, 0.47095242684537714, 0.4751195582476529, 0.47389499707655475, 0.47259514169259503, 0.47619064287705853, 0.47477262941273773, 0.47337613051587885]}