{"best_val": 0.433015148748051, "train_loss": [0.6734581157272937, 0.5995336969693502, 0.5630941823417065, 0.5268502790553897, 0.49364980003413034, 0.47315287239411297, 0.4660140620727165, 0.4621889971050562, 0.45878088240529974, 0.45620611543748896, 0.453715652811761, 0.45231223807615395, 0.450446429790235, 0.44837817257525875, 0.4475593350681604, 0.44678399784892214, 0.4455975855098051, 0.44436369164317263, 0.44264090528675154, 0.44184229128500996, 0.44002577720903885, 0.4398403991671169, 0.43658211242918876, 0.43610111872355145, 0.4344774993026958, 0.43330105847003414, 0.431448592859156, 0.42892998515390884, 0.4289431531055301, 0.428540919341293, 0.42698196686950385, 0.424074215631859, 0.4226202906346789, 0.42026280188092996, 0.4199889775584726, 0.4177027969968085, 0.41536258482465555, 0.41482526239226847, 0.4139542193973766, 0.41131799595028745, 0.411097179440891, 0.41186511224391414, 0.40733663065760745, 0.406440395934909, 0.40434518923946455, 0.40383608785330083, 0.40268822160421636, 0.39996617564968034, 0.3991297179577397, 0.3980672336092182, 0.39734988411267597, 0.3955423709224252, 0.395569631282021, 0.3910207450389862, 0.3905198731843163, 0.39046022763439253, 0.3884243959305333, 0.38767848061580285, 0.3852280764018788, 0.38495677592707617, 0.38281838858828826, 0.3820354687232597, 0.38156833368189197, 0.3801904151252672, 0.37844176385916917, 0.37640226296350066, 0.37468237795081794, 0.37323176218014137, 0.37402046018955754, 0.37062088765350043, 0.3698335260737176, 0.367295737360038, 0.36770352662778366, 0.36535385309481155, 0.3644769402111278, 0.3649781165169735, 0.3623206136273403, 0.3611694591886857, 0.3598942517065534, 0.3580279063944723], "val_loss": [0.6155286756428805, 0.5688493956219066, 0.5368065237998962, 0.49833529645746405, 0.4799003926190463, 0.467565195126967, 0.466409368948503, 0.465313347903165, 0.46230651302771136, 0.4624282555146651, 0.4592478600415317, 0.4569497433575717, 0.4580891186540777, 0.4562532603740692, 0.4577531624924053, 0.45695149627598847, 0.4551943079991774, 0.455658419565721, 0.45428113503889606, 0.4524765746159987, 0.4531454714861783, 0.4513484158299186, 0.45175174149599945, 0.4503305581482974, 0.45114246010780334, 0.4490032358603044, 0.44843977418812836, 0.4493222507563504, 0.45161559365012427, 0.44930291175842285, 0.44579058614644135, 0.4486930559981953, 0.4469627656719901, 0.44654807448387146, 0.4461066045544364, 0.44550804658369586, 0.44603916189887305, 0.446486697955565, 0.4438126899979331, 0.4443836103786122, 0.44559716094623913, 0.44457932764833624, 0.4453120475465601, 0.4424132000316273, 0.4451783462004228, 0.43967969851060346, 0.44243322719227185, 0.43992284482175653, 0.4428239248015664, 0.43983583558689465, 0.44233780015598645, 0.4439638690514998, 0.4405078508637168, 0.4413525814359838, 0.4392071474682201, 0.43871292200955475, 0.4409370584921403, 0.44182129068808124, 0.4386417025869543, 0.437651815739545, 0.4389918013052507, 0.4390833486210216, 0.438179688020186, 0.4355864064259963, 0.44132630120624194, 0.4374706880612807, 0.4360893829302354, 0.43664723905650055, 0.4414226873354478, 0.433015148748051, 0.43780421126972546, 0.43635440143671905, 0.43628313866528595, 0.43703190846876666, 0.44310768896883185, 0.43732413378628815, 0.4350641965866089, 0.4353443113240329, 0.4347503293644298, 0.43492404981092975]}