{"best_val": 0.4955301284790039, "train_loss": [0.6268183257844713, 0.5717887249257829, 0.5283581233686871, 0.5128892676697837, 0.504391160276201, 0.501680764887068, 0.49528177082538605, 0.48933668103482986, 0.48480716513262856, 0.48398179478115505, 0.47769638233714634, 0.4801166554292043, 0.4744901590877109, 0.4709843910402722, 0.47097211910618675, 0.4697353012031979, 0.4673406680425008, 0.4653279599216249, 0.4674510690901015, 0.46547694669829476, 0.46242010593414307, 0.46272343397140503, 0.46473391519652474, 0.4626802835199568, 0.4621192183759477, 0.4618281407488717, 0.45827798048655194, 0.4617092377609677], "val_loss": [0.600751519203186, 0.5460424721240997, 0.5306805595755577, 0.5249842628836632, 0.5206918567419052, 0.5138641744852066, 0.5099482461810112, 0.510639026761055, 0.49831048399209976, 0.503740705549717, 0.5020756721496582, 0.5037790164351463, 0.49998846650123596, 0.49952860176563263, 0.5088256374001503, 0.500989519059658, 0.5023075193166733, 0.4955301284790039, 0.5032652467489243, 0.5013034716248512, 0.5006470307707787, 0.5055370777845383, 0.4981844052672386, 0.5029598772525787, 0.4988953322172165, 0.5023997873067856, 0.5044737681746483, 0.49815013259649277]}