{"best_val": 0.4506485164165497, "train_loss": [0.6901768346627554, 0.6872742109828525, 0.6842895448207855, 0.6811313529809316, 0.6782547434171041, 0.6748719678984748, 0.6713734136687385, 0.6674337387084961, 0.6635140975316366, 0.6592443154917823, 0.6552159984906515, 0.6507091687785255, 0.6462172733412849, 0.6407831278112199, 0.6359428200456831, 0.6305960847271813, 0.6248023211956024, 0.619687471124861, 0.613117946518792, 0.608060919576221, 0.6031962931156158, 0.5987947914335463, 0.595806618531545, 0.5906582938300239, 0.5865896774662865, 0.5856282379892137, 0.5800773070918189, 0.5777000817987654, 0.5748696840471692, 0.5740934809048971, 0.5687883926762475, 0.5661534137196012, 0.563924703333113, 0.5640915152099397, 0.5588819368018044, 0.5586993727419112, 0.5572103394402398, 0.5575516786840227, 0.5526127484109666, 0.5545329004526138, 0.5526097036070294, 0.549004551437166, 0.5485442645019956, 0.5447791814804077, 0.5417624546421899, 0.541912285817994, 0.5432347837421629, 0.5397533526023229, 0.5400926089949079, 0.5369812614387937, 0.5317765557103686, 0.5325193487935596, 0.5325608866082298, 0.5263471172915565, 0.5265061010917028, 0.5276835064093272, 0.5244504196776284, 0.520508724782202, 0.5196041613817215, 0.516521543264389, 0.5173664424154494, 0.5142710291677051, 0.5136990149815878, 0.5159090078539319, 0.5141203701496124, 0.5102513697412279, 0.5116406546698676, 0.5070178757111231, 0.5064846144782172, 0.5073919412162569, 0.5067686587572098, 0.5071815467543073, 0.5040245486630334, 0.5015474359194437, 0.5041706065336863, 0.50267393887043, 0.5017158322864108, 0.5022003269857831, 0.49912752707799274, 0.49740444951587254, 0.4947568012608422, 0.4958159509632323, 0.4957599623335732, 0.4961203220817778, 0.49541105661127305, 0.4963703668779797, 0.4923986080620024, 0.4947204490502675, 0.493146139714453, 0.49412062598599327, 0.4929041398896111, 0.49132247434722054, 0.4898318333758248, 0.49431026975313824, 0.4901339891884062, 0.4916212161382039, 0.4907495280106862, 0.48931074804729885, 0.49119918379518723, 0.49301577111085254, 0.48947957654794055, 0.4890839010477066, 0.491049920519193, 0.49064764380455017, 0.48601534134811825, 0.4897925969627168, 0.4889771391948064, 0.48792677289909786, 0.4848791112502416, 0.484995209508472, 0.4850199785497453, 0.4856280850039588, 0.48339879347218406, 0.48705047865708667, 0.4852137731181251, 0.4821089804172516, 0.4859723266628053, 0.4829527901278602, 0.4841109249326918, 0.4833451592259937, 0.48543957703643376, 0.48406855596436393, 0.48746834695339203, 0.48225366738107467, 0.48584067655934227, 0.484029084444046, 0.48562520576847923, 0.4858915838930342, 0.4839552359448539, 0.48131031625800663, 0.4831986427307129, 0.4831649644507302, 0.48308776650163865, 0.48272548781500924, 0.4827580170498954, 0.4802602678537369, 0.4838070405854119, 0.4813401616281933, 0.4841158952977922, 0.48233483400609756, 0.48242997295326656, 0.4827387299802568, 0.4829319301578734, 0.4813801580005222, 0.4806905719969008], "val_loss": [0.6887760609388351, 0.6859434396028519, 0.6831233948469162, 0.6801000982522964, 0.6771028488874435, 0.6742923110723495, 0.670550063252449, 0.6671418845653534, 0.6634524017572403, 0.6588638722896576, 0.6553629785776138, 0.6521147340536118, 0.6463805437088013, 0.642632931470871, 0.6370199918746948, 0.6336634159088135, 0.6285538226366043, 0.6195489913225174, 0.6162290126085281, 0.6135161221027374, 0.6090521067380905, 0.6033200174570084, 0.5980091392993927, 0.5943224877119064, 0.5903969407081604, 0.5910734683275223, 0.5901167243719101, 0.584317609667778, 0.58161561191082, 0.5759954005479813, 0.577379897236824, 0.5750017613172531, 0.5711479038000107, 0.5685925185680389, 0.5691291093826294, 0.5617164224386215, 0.5666652023792267, 0.5588249266147614, 0.5591063499450684, 0.5621334165334702, 0.5515244677662849, 0.5563201755285263, 0.5553242415189743, 0.5534220859408379, 0.5482497587800026, 0.5503726005554199, 0.5427199006080627, 0.5417957678437233, 0.5403029695153236, 0.5369348600506783, 0.537268802523613, 0.531223714351654, 0.5297967717051506, 0.5205978453159332, 0.5222155153751373, 0.5235223770141602, 0.5174518972635269, 0.5182701572775841, 0.5137982293963432, 0.5148917436599731, 0.5083735287189484, 0.5089866369962692, 0.502717524766922, 0.5018151849508286, 0.5022055432200432, 0.5010958835482597, 0.49821924418210983, 0.49871762841939926, 0.4940670356154442, 0.4947812929749489, 0.4939291775226593, 0.4920549690723419, 0.48929277062416077, 0.4930797144770622, 0.4895732253789902, 0.4912039190530777, 0.4803343117237091, 0.48065148293972015, 0.48769062012434006, 0.4853658229112625, 0.4825882613658905, 0.481381818652153, 0.4795387461781502, 0.47627565264701843, 0.4861573204398155, 0.4736330807209015, 0.4724724441766739, 0.47401462495326996, 0.47384946793317795, 0.4775126650929451, 0.4731895476579666, 0.47279464453458786, 0.4767373576760292, 0.47458595782518387, 0.46843697130680084, 0.46844954788684845, 0.47116027772426605, 0.46491555869579315, 0.47154688835144043, 0.4691486060619354, 0.46716152876615524, 0.4673883318901062, 0.46347862482070923, 0.45967481285333633, 0.4711378142237663, 0.45813213288784027, 0.4649066850543022, 0.4592685252428055, 0.4630765989422798, 0.4647196754813194, 0.45562538504600525, 0.4598694443702698, 0.46127012372016907, 0.4547187313437462, 0.4633088633418083, 0.46686629951000214, 0.4597671553492546, 0.4578653573989868, 0.45844588428735733, 0.4573074206709862, 0.4552411884069443, 0.45532023906707764, 0.4525551050901413, 0.45957520604133606, 0.45837433636188507, 0.4603631719946861, 0.4557242915034294, 0.45412930101156235, 0.4567754715681076, 0.4565669745206833, 0.4520592540502548, 0.4543408453464508, 0.4558534547686577, 0.45095863938331604, 0.4506485164165497, 0.4565391093492508, 0.45393258333206177, 0.4533330872654915, 0.4614652469754219, 0.45423509925603867, 0.4553733468055725, 0.4605608806014061, 0.45291294902563095, 0.4550052657723427, 0.45368626713752747]}