{"best_val": 0.4254428365013816, "train_loss": [0.6527728204633675, 0.6134876199797088, 0.5813570466696047, 0.5640670405883416, 0.5445320454298281, 0.5218553157413707, 0.49568288875561134, 0.4712882643821193, 0.4507775628099255, 0.43632005125868556, 0.4281168504088533, 0.4236246832445556, 0.4203483871385163, 0.4177961144961563, 0.41600313432076397, 0.4156823450443791, 0.41367443577916013, 0.4121290398579018, 0.4102239614608241, 0.4096383364761577, 0.4090089692788966, 0.40720149290327934, 0.40529653137805416, 0.40436870151875065, 0.4027758211481805, 0.40357425750470627, 0.40117187827241185, 0.40039301795117993, 0.39963986242518706, 0.39809977190167295, 0.39700670511114833, 0.39719848773058725, 0.39667408080662, 0.3949316459543565, 0.3938320401836844, 0.3926827685505736, 0.3926124783123241, 0.3926961153161292, 0.3909335124726389, 0.39072685557253223, 0.3895380619694205, 0.38831307841282264, 0.38758788681497763, 0.3869095964759004, 0.3853325873028998, 0.38492675563868356, 0.3841801601297715, 0.3837025814196643, 0.38258983224045995, 0.38221588204888735, 0.3808513383070628, 0.3800353834442064, 0.380742444711573, 0.3778600388882207, 0.3783162557611279, 0.37719634525916157, 0.3752293691915624, 0.3757835217550689, 0.37402214139115575, 0.37417726540098, 0.37214939208591685, 0.37133731269368936, 0.3713395034565645, 0.3706786848750769], "val_loss": [0.63974144783887, 0.6029726483605125, 0.5901243415745822, 0.579214404929768, 0.561198353767395, 0.5369963239539753, 0.5104812302372672, 0.4863896911794489, 0.47124610163948755, 0.45475507053461944, 0.4503115307201039, 0.44484313238750806, 0.4420002617619254, 0.4425046823241494, 0.4408398812467402, 0.4385004775090651, 0.4383789057081396, 0.4393946880644018, 0.43735832517797296, 0.43671775135126983, 0.4359514686194333, 0.4339964037591761, 0.4334815334190022, 0.43611671165986493, 0.43295425989411096, 0.4336808052929965, 0.43507442420179193, 0.4321745444427837, 0.4318497424775904, 0.43134575269439, 0.4304384643381292, 0.4305271181193265, 0.4302337955344807, 0.4295480115847154, 0.43099399317394604, 0.429663284258409, 0.4279641238125888, 0.42854899168014526, 0.42920237508687104, 0.42968969724395056, 0.42776248129931366, 0.42840290611440485, 0.4273563596335324, 0.42889056422493677, 0.4292244260961359, 0.42849410393021325, 0.42665548758073285, 0.4276109148155559, 0.42916249416091223, 0.42876743457534094, 0.427110956473784, 0.4293260195038535, 0.4264847392385656, 0.4254428365013816, 0.42784921689467, 0.4262592819604007, 0.42715558951551263, 0.42649405652826483, 0.42859451608224347, 0.42827374826778064, 0.4283222203904932, 0.4263615201820027, 0.42550400170412933, 0.42885617505420337]}