{"best_val": 0.4297173158688979, "train_loss": [0.6731953866341535, 0.6280211864733228, 0.5989280553425059, 0.5850716624774185, 0.5714603510557437, 0.550908564936881, 0.5242795792280459, 0.49751705165002863, 0.48072406883333246, 0.47110408719848185, 0.4640316840480356, 0.4602287791523279, 0.45812612304500505, 0.45731353350714143, 0.45590244613441766, 0.4555188487557804, 0.4536784577603434, 0.4537046066686219, 0.4513823296509537, 0.45024550954500836, 0.4508705507306492, 0.4503350193594016, 0.450274176457349, 0.44877759031220976, 0.44823059965582457, 0.44733206080455407, 0.44651733543358596, 0.4456828148926006, 0.44433342183337493, 0.44484713965771244, 0.4432513795646967, 0.44304535727874905, 0.44164326728559006, 0.44087058773227766, 0.43974311795889165, 0.43966539174902675, 0.4384842409807093, 0.43851563392900955, 0.43694701264886293, 0.43792854512439056, 0.4364587372424556, 0.4346146940016279, 0.4333932569213942, 0.43329310826226775, 0.43274204053130805, 0.4319368665124856, 0.43135563707819174, 0.4306253650609185, 0.42992402467073176, 0.4287760812862247, 0.42814163074773903, 0.42695075565693424, 0.4261573518023771, 0.4258890748023987, 0.4263407003645803, 0.4246677826432621, 0.42439087757877275, 0.42191293543460323, 0.422460873337353, 0.42191869078897964, 0.4198628015377942, 0.4202990216367385, 0.41889132705389287, 0.4190041598151712, 0.41798094908396405, 0.4165027422063491, 0.4173858411171857, 0.4158324955725202, 0.41434090336163837, 0.41568944033454447, 0.41354939633724735, 0.41193563330407235, 0.4128543868953106, 0.4114834970118953, 0.41179073967185675, 0.409383998782027, 0.40997520439765034, 0.4098638833737841, 0.40831278001560883, 0.4077152457891726, 0.4069772865258011, 0.40706713059369254, 0.4045822445084067, 0.4042763505496231, 0.4046017188651889, 0.4039553362949222, 0.40357831646414366, 0.40238072065746083, 0.4024439705353157, 0.402477970310286, 0.401044601318883, 0.4012366264474158, 0.3992631815227808, 0.39900575548994777, 0.398170575207355, 0.397503547224344, 0.39525434491681116, 0.39536487822439154, 0.3952849074905994, 0.3944408426097795, 0.3940238286467159, 0.393568275605931, 0.3925650026284012, 0.39269911307914585, 0.39186446397912267, 0.3903963448954563, 0.39003975251141715, 0.38973277398184236, 0.3884124130594964], "val_loss": [0.6483155814084139, 0.6052627726034685, 0.5856859927827661, 0.5730106478387659, 0.5578649260781028, 0.5320878733288158, 0.5036085247993469, 0.4793340699239211, 0.46937852826985443, 0.4617332084612413, 0.45805230465802277, 0.4548779617656361, 0.45663587884469464, 0.45436620712280273, 0.4540844505483454, 0.45370193232189526, 0.4533211968161843, 0.4500663090835918, 0.4502883011644537, 0.4505202363837849, 0.4510945731943304, 0.45274009758775885, 0.44848622517152265, 0.4500918550924821, 0.44814288345250214, 0.44961027936501935, 0.4475508359345523, 0.4456212737343528, 0.44775851748206397, 0.44736293771050195, 0.4442611607638272, 0.4469622563232075, 0.445810927586122, 0.4463122080672871, 0.4446396285837347, 0.44467261704531585, 0.44419309767809784, 0.44443565607070923, 0.4442883079702204, 0.44304224848747253, 0.44298530979589984, 0.4423528638753024, 0.44109598073092376, 0.44342405687678943, 0.4439509158784693, 0.4406297342343764, 0.4409983185204593, 0.44303841211579065, 0.44038216092369775, 0.43939906087788666, 0.44138194214213977, 0.44271964647553186, 0.4412759244441986, 0.44119750369678845, 0.4400244192643599, 0.4426361078565771, 0.44024333357810974, 0.4401294561949643, 0.43924072113904084, 0.4435548728162592, 0.43669991330666974, 0.4401154274290258, 0.43959174914793536, 0.4372437758879228, 0.4366471604867415, 0.43741463260217145, 0.43745633688839997, 0.43822258710861206, 0.43795170567252417, 0.43565133484927093, 0.43742067976431415, 0.4407141398299824, 0.4373814192685214, 0.434214402328838, 0.43445870551196014, 0.43522427027875726, 0.43941337953914295, 0.4364552281119607, 0.433774316852743, 0.435655648058111, 0.4362511499361558, 0.4373411400751634, 0.4376429156823592, 0.43786881186745386, 0.4354723177172921, 0.43539561195807025, 0.43404760414903815, 0.43553250486200507, 0.43319388411261817, 0.4374835951761766, 0.4341034943407232, 0.4347628788514571, 0.433922293511304, 0.4314302558248693, 0.4318560388955203, 0.43507269295779144, 0.4316360218958421, 0.4311504770408977, 0.4297173158688979, 0.43216104399074207, 0.4364927194335244, 0.43198719891634857, 0.4334258897738023, 0.43131944266232575, 0.4311758279800415, 0.4312892231074246, 0.43242516029964795, 0.4297307404604825, 0.43333483826030383]}