{"best_val": 0.45854582569815894, "train_loss": [0.6754414100272983, 0.6198794444402059, 0.5862125199215085, 0.5662480569353291, 0.5473408617225348, 0.5244669960994347, 0.5045061292601567, 0.4880746865973753, 0.47648372077474405, 0.4664336472165351, 0.46164627168692796, 0.4579960084428974, 0.45564668318804574, 0.4536007175258562, 0.45173150300979614, 0.4509197339123371, 0.4500659885359745, 0.44924217287231893, 0.4482679378752615, 0.4471666602527394, 0.44666318799935134, 0.4456624943836063, 0.44540699439890247, 0.44535599502862666, 0.44481633866534515, 0.4435824488892275, 0.44368089647854075, 0.4415358433536455, 0.44151877655702476, 0.4396133837746639, 0.43876970632403506, 0.440147948031332, 0.4373611030625362, 0.4377387575074738, 0.4370328030165504, 0.43507955530110526, 0.4340927273619409, 0.4340939206235549, 0.43315084833724826, 0.43248912575198156, 0.4328477458626616, 0.43028365981345085, 0.4301978449026744, 0.43039155882947583, 0.4292260548647712, 0.428700586160024, 0.4286724241340862, 0.42829393288668466, 0.42640121777852374, 0.4247949976547092, 0.4250862014059927, 0.4244537733349146, 0.42380249734018366, 0.4219648247840358, 0.4235876968093947, 0.4213784787000394, 0.42089122416926367, 0.4195263414990668, 0.4193234192390068, 0.42074960353327734, 0.419365138984194, 0.4187009188474393, 0.4173777570911482, 0.41688361705518234, 0.4179544413790983, 0.4158010213982825, 0.4158703807522269, 0.4156688218023263, 0.4146622162239224], "val_loss": [0.6403393311934038, 0.59779400175268, 0.5796791260892694, 0.5641109293157404, 0.5443161780183966, 0.5229392647743225, 0.5089581933888522, 0.4970163540406661, 0.4883804240010001, 0.48283718661828473, 0.479299932718277, 0.4765655886043202, 0.47369549491188745, 0.47680197791619733, 0.4727891521020369, 0.47402613271366467, 0.4721960723400116, 0.4714088169011203, 0.46997649561275134, 0.47269879146055743, 0.47122846137393604, 0.4710439281030135, 0.4693574038418857, 0.46947368437593634, 0.4688825471834703, 0.4699176387353377, 0.468275013295087, 0.46681029959158465, 0.46711350029165094, 0.4642267281358892, 0.46608249978585675, 0.46308414231647144, 0.46619798107580707, 0.46674624356356537, 0.4654619910500266, 0.46350699392232025, 0.4643279422413219, 0.46463331851092254, 0.4627075114033439, 0.4622440879995173, 0.4623029882257635, 0.46372467279434204, 0.46366552873091266, 0.46039602702314203, 0.46003076975995844, 0.46082511273297394, 0.4655141965909438, 0.46016018228097394, 0.46019612659107556, 0.4589459950273687, 0.4613110287622972, 0.4606748575514013, 0.4595641629262404, 0.45914304527369415, 0.46062478152188385, 0.45993908697908575, 0.460964254357598, 0.46084286949851294, 0.45854582569815894, 0.45982521230524237, 0.459379873492501, 0.45919293436137115, 0.46187377788803796, 0.46030873873017053, 0.460542919960889, 0.4597324728965759, 0.4601174403320659, 0.4590487507256595, 0.4595412422310222]}