{"best_val": 0.4664774686098099, "train_loss": [0.6301836801899804, 0.5675319168302748, 0.51897760728995, 0.5005975862344106, 0.487205876244439, 0.4820840193165673, 0.478690461979972, 0.47482410073280334, 0.4722403304444419, 0.472245497836007, 0.47208784851762986, 0.4687146147092183, 0.46898096965418923, 0.46512464185555774, 0.4641805688540141, 0.46009037064181435, 0.45804911024040645, 0.4593150118986766, 0.45678700009981793, 0.4593515677584542, 0.45523958570427364, 0.4586233049631119, 0.45840708911418915, 0.45491978691683876, 0.45426391396257615, 0.4538368168804381, 0.45368100371625686, 0.4477015684048335, 0.4502888023853302, 0.4497654371791416, 0.45159173177348244, 0.4473881440030204, 0.4495482991139094, 0.44760564466317493], "val_loss": [0.598946824669838, 0.5338315516710281, 0.5142581090331078, 0.497626394033432, 0.49412723630666733, 0.4880855232477188, 0.4924502670764923, 0.49781809747219086, 0.4851917028427124, 0.4853474646806717, 0.4871927350759506, 0.4804837107658386, 0.4812660440802574, 0.47983720898628235, 0.483902670443058, 0.4742960259318352, 0.4779452309012413, 0.475485697388649, 0.4754016250371933, 0.4861334040760994, 0.4747321605682373, 0.4683709740638733, 0.47499746829271317, 0.4664774686098099, 0.47724413126707077, 0.47542596608400345, 0.47088266909122467, 0.4724031239748001, 0.47096070647239685, 0.47681164741516113, 0.47527486830949783, 0.47024640440940857, 0.47175461798906326, 0.4702356681227684]}