{"best_val": 0.4951357766985893, "train_loss": [0.7229177620675828, 0.6896356277995639, 0.6535666750537025, 0.6146086951096853, 0.5759122669696808, 0.5513900485303667, 0.5394384314616522, 0.527424039112197, 0.5256597995758057, 0.5197202844752206, 0.5170224292410744, 0.5130470444758733, 0.5091772807968987, 0.5102662278546227, 0.5076426648431354, 0.5050932864348093, 0.5049606892797682, 0.5047259860568576, 0.5003751665353775, 0.501214302248425, 0.5005701068374846, 0.49725159506003064, 0.49566295742988586, 0.49490608606073594, 0.49609262413448757, 0.4979294968975915, 0.49340494473775226, 0.4926985187662972, 0.4912771698501375, 0.4959469619724486, 0.4921274499760734, 0.49430208570427364, 0.490869692630238, 0.48961567878723145, 0.49211308856805164, 0.49355418648984695, 0.4879562258720398, 0.49099771347310806, 0.49064383076296914, 0.48931363059414756, 0.4897814757294125, 0.4895716955264409, 0.48668690191374886, 0.4831467287407981, 0.48656245403819615, 0.4856641921732161, 0.4849574731455909, 0.48461734420723385, 0.48340493109491134, 0.48538369437058765, 0.4832306222783195, 0.4829935332139333, 0.48059247103002334, 0.47979460491074455, 0.4809340337912242, 0.48119031886259717, 0.4817742192082935, 0.47998230159282684], "val_loss": [0.7069081962108612, 0.6743576973676682, 0.6365521550178528, 0.5991859436035156, 0.5718962997198105, 0.5549916625022888, 0.5455698370933533, 0.5372022092342377, 0.536460630595684, 0.5247118473052979, 0.5209807902574539, 0.5224270820617676, 0.5211748778820038, 0.518567256629467, 0.5109300166368484, 0.514103852212429, 0.5125851631164551, 0.5187956094741821, 0.5169921219348907, 0.5082781836390495, 0.5082413032650948, 0.5055443793535233, 0.5116629973053932, 0.5055666342377663, 0.5111313238739967, 0.5113210082054138, 0.500198245048523, 0.5046677812933922, 0.5008036941289902, 0.5036753863096237, 0.5080032423138618, 0.5047629773616791, 0.502475269138813, 0.5011588037014008, 0.5029015466570854, 0.5085926875472069, 0.5001593604683876, 0.5047495067119598, 0.4952673465013504, 0.5111956149339676, 0.4999428242444992, 0.5070994049310684, 0.5015480518341064, 0.5025929510593414, 0.49883750826120377, 0.5034287050366402, 0.5040651857852936, 0.4951357766985893, 0.5079843774437904, 0.5052935481071472, 0.5016040951013565, 0.5060588419437408, 0.49782872945070267, 0.4995114281773567, 0.5017495155334473, 0.5010219886898994, 0.49845677614212036, 0.4999683052301407]}