{"best_val": 0.46220604939894244, "train_loss": [0.7046424734826181, 0.6366045685375438, 0.591825522628485, 0.5709385223248425, 0.5533030816152984, 0.5295806147304236, 0.5010383035622391, 0.4794813230925915, 0.46818283375571756, 0.4618049819095462, 0.4593589019541647, 0.4570849800811094, 0.4557434934027055, 0.4539722087336521, 0.4534563334549175, 0.45300040467112673, 0.45276033293967155, 0.4515961753387077, 0.4498040494965572, 0.44956936146698745, 0.448737725907681, 0.44798258648199196, 0.44722360255671484, 0.4473043463978113, 0.44560738463027805, 0.4451862561936472, 0.4438029019271626, 0.4432089667694241, 0.44165538163746104, 0.4415672444829754, 0.43876705976093516, 0.4408630115144393, 0.43938904533199236, 0.43637048087868036, 0.43825770885336635, 0.43469075478759467, 0.43337757622494416, 0.43236734878783134, 0.4326091899591334, 0.4300052038594788, 0.4287014919168809, 0.42811688956092386, 0.42825942530351524, 0.4242827693621318], "val_loss": [0.652847327969291, 0.6090809865431352, 0.5948855822736566, 0.5784531046043743, 0.5612349997867238, 0.5326050655408339, 0.5051411200653423, 0.4827720522880554, 0.47400151870467444, 0.4694623432376168, 0.46732117371125653, 0.4682050266049125, 0.47348049824888055, 0.4662937413562428, 0.4688022190874273, 0.46681805090470746, 0.46698881550268695, 0.46600116924806073, 0.46753939986228943, 0.4681703773411838, 0.4662294875491749, 0.46769955212419684, 0.4693313186818903, 0.466164767742157, 0.4654648927125064, 0.46541840650818567, 0.4645454639738256, 0.4666770805012096, 0.46597902883182873, 0.4642020491036502, 0.4657654139128598, 0.4658179093490947, 0.46522580222650006, 0.46220604939894244, 0.4648846577514302, 0.4658931493759155, 0.46445045417005365, 0.46331965110518714, 0.46469097516753455, 0.46256306767463684, 0.46576192433183844, 0.4655960202217102, 0.4649502797560258, 0.46433998237956653]}