{"best_val": 0.4650134959004142, "train_loss": [0.6399865664687812, 0.6024347169726503, 0.5830686162499821, 0.56905604577532, 0.549579406485838, 0.5243963979038537, 0.49940095578922944, 0.4848199188709259, 0.4756717196866578, 0.46947790653097865, 0.46394039369096945, 0.4618354182617337, 0.4602131118961409, 0.4578913461928274, 0.4572422101217158, 0.45677908261617023, 0.45458441037757724, 0.4536842300611384, 0.4531729460931292, 0.4526328941186269, 0.4513326445046593, 0.45013806340741175, 0.4495784155294007, 0.4487169145369062, 0.44851532344724615, 0.4466826378130445, 0.44626543860809476, 0.4469568109979816, 0.44494880472912507, 0.44508210116741703, 0.4444562640844607, 0.44352980746942405, 0.4423694394382776, 0.44202949720270496, 0.44020893994499655, 0.4402306103238873, 0.43926337478207605, 0.437402686067656, 0.4367650957668529, 0.4361850467382693, 0.43495577807519953, 0.4355350867205975, 0.4339558412046993, 0.4341944637251835, 0.4321059800830542, 0.43262282656688317, 0.4315478737447776, 0.42907388829717447, 0.431304172557943, 0.42823752351835664, 0.4292880162304523, 0.4274882907960929, 0.4284317785618352, 0.4257178037774329, 0.42649416596281764, 0.42509783015531655, 0.42454585316134436, 0.4254104214556077, 0.4241296871035707, 0.4234779757611892, 0.4219004494302413, 0.42219442538186613, 0.42270510512239795, 0.4200136468690984, 0.42033058813973967, 0.4189279359929702, 0.418971014957802, 0.4177324222583397, 0.4173294188929539, 0.41741249491186705, 0.4166008730729421, 0.41542671474755977], "val_loss": [0.6220927834510803, 0.6031639630144293, 0.5909175005826083, 0.575079782442613, 0.5525217950344086, 0.5245402455329895, 0.5031716200438413, 0.4928282255476171, 0.48275979540564795, 0.47712585600939666, 0.4778586978262121, 0.4755819223143838, 0.47424211827191437, 0.4735423299399289, 0.4732119820334695, 0.472842660817233, 0.47381638938730414, 0.47153248299251904, 0.4730422550981695, 0.47222881696440955, 0.4715288416905837, 0.47083168680017645, 0.47231514887376264, 0.47344440763646906, 0.4715174436569214, 0.4708629169247367, 0.47190537506883795, 0.47100401466543024, 0.4753616614775224, 0.4694851609793576, 0.4685683114962144, 0.4702550714666193, 0.4716438922015103, 0.46886498819697986, 0.470280183987184, 0.46888687393882056, 0.4696121188727292, 0.4691114506938241, 0.4698312932794744, 0.4678702273152091, 0.46987778490239923, 0.4674445959654721, 0.46639422936873004, 0.4680712737820365, 0.46754851124503394, 0.46658345515077765, 0.4677808555689725, 0.470721418207342, 0.4665538180958141, 0.4699977311221036, 0.4678197286345742, 0.4664777002551339, 0.46575497497211804, 0.466352871873162, 0.46627423709089105, 0.46946668895808136, 0.4681228859858079, 0.46843619780106976, 0.4715902805328369, 0.4672850993546573, 0.468879526311701, 0.4650134959004142, 0.4669631746682254, 0.46635775945403357, 0.46575820446014404, 0.46741770885207434, 0.4685369242321361, 0.46605492721904407, 0.46605610847473145, 0.4686034375971014, 0.46647265553474426, 0.4671690220182592]}