{"best_val": 0.45353521542115643, "train_loss": [0.7239953932853845, 0.7131780408895932, 0.7023972055086722, 0.6916386691423563, 0.680210061944448, 0.6671532289339945, 0.6528175049103223, 0.6381802879847013, 0.6236464289518503, 0.6109711894622216, 0.6026574751505485, 0.595787334900636, 0.5890285624907567, 0.588088367994015, 0.5806643412663386, 0.5787244760073148, 0.5746754235946215, 0.5706306873605802, 0.5671706320001528, 0.5633709688599293, 0.5553838157883058, 0.5525066927075386, 0.5454810834847964, 0.5407369045110849, 0.5334722697734833, 0.5294545734157929, 0.5278020741847845, 0.5191839578060004, 0.5163403944327281, 0.5114756152033806, 0.5085942447185516, 0.5044622518695318, 0.5010601746348234, 0.49407142572678053, 0.4897321445437578, 0.4878857634388484, 0.4838331720003715, 0.4807048004407149, 0.47461888366020644, 0.47486747056245804, 0.4715476081921504, 0.4691888724382107, 0.4665294839785649, 0.46548952104953617, 0.45799759603463686, 0.455889377456445, 0.4586264038315186, 0.4568651026258102, 0.4525216118647502, 0.45328356612187165, 0.45014538902502793, 0.45190417537322414, 0.4468205129871002, 0.447146621461098, 0.4481103832905109, 0.44512489094183993, 0.44658466199269664, 0.4443714590026782, 0.44608117869267094, 0.4446362486252418, 0.4436982308442776, 0.44161363117969954, 0.44170980900526047, 0.441171275308499, 0.44329962650170696, 0.44158926606178284, 0.44058649700421554, 0.43985311171183217, 0.44197463874633497, 0.4387041530930079, 0.4392573988208404, 0.4416733940060322, 0.43723634286568713, 0.441619757276315, 0.4377455676977451, 0.4372507671897228, 0.4397108887250607, 0.4379669955143562, 0.43976602015587, 0.43837256271105546, 0.4402023914914865, 0.4397674919320987, 0.43804583182701695, 0.4402564878647144, 0.4380023697247872], "val_loss": [0.7189196998422797, 0.7082106362689625, 0.6973457119681619, 0.6861931139772589, 0.6745260412042792, 0.6604695861989801, 0.64580622586337, 0.6311154961585999, 0.6179545467550104, 0.6071434291926298, 0.6009334217418324, 0.5928048166361722, 0.589335945519534, 0.5865885019302368, 0.5856328281489286, 0.5810299786654386, 0.5750927708365701, 0.5733702182769775, 0.5675105127421293, 0.5641688216816295, 0.5605795762755654, 0.5555028427730907, 0.5507800443605944, 0.5464247302575544, 0.5421474521810358, 0.537442063743418, 0.5319679812951521, 0.5296271687204187, 0.525651601227847, 0.5186058526689356, 0.5139690691774542, 0.5116146640344099, 0.5054495551369407, 0.5045566016977484, 0.49822063879533246, 0.49476052956147626, 0.493669100783088, 0.4914422631263733, 0.48821246894923126, 0.48301405798305164, 0.4794622009450739, 0.47740934924645856, 0.4739181697368622, 0.47415872053666547, 0.4748893759467385, 0.47019542347301135, 0.469187086278742, 0.4665547311306, 0.46451999653469433, 0.46647233312780206, 0.4630819288167087, 0.4614880653944882, 0.4618006700819189, 0.4634069393981587, 0.4609765952283686, 0.4626434228637002, 0.4601001604036851, 0.461998850107193, 0.45962248878045514, 0.4597381488843398, 0.46141168204220856, 0.4595619927753102, 0.45839912783015857, 0.4574142667380246, 0.46047035130587494, 0.4561091200871901, 0.4575546275485646, 0.4585989903319966, 0.45642114769328723, 0.45937236872586334, 0.4568320323120464, 0.4581376314163208, 0.45780016617341474, 0.46023938059806824, 0.45353521542115643, 0.4577273563905196, 0.4579922394319014, 0.4588263983076269, 0.4585893994027918, 0.4594373377886685, 0.45900608734651044, 0.4567551775412126, 0.4582298723134128, 0.45710162953896954, 0.456903953443874]}