{"best_val": 0.4705574959516525, "train_loss": [0.6749055021338992, 0.6231536865234375, 0.5700074467394087, 0.5372693157858319, 0.5233295013507208, 0.5158475339412689, 0.5097154395447837, 0.5052698221471574, 0.5050818373759588, 0.5029578540060256, 0.4968855381011963, 0.49419618646303815, 0.4927256885502074, 0.49072742958863574, 0.488109462791019, 0.4863923291365306, 0.48569421966870624, 0.4856388767560323, 0.48338860935635036, 0.48563354545169407, 0.4809299972322252, 0.48214800986978745, 0.4854011270734999, 0.482404222091039, 0.4821404616038005, 0.4756094796790017, 0.4796406577030818, 0.4804779506391949, 0.47884531650278306, 0.479051454199685, 0.47694019311004215, 0.47776998579502106, 0.4751131104098426, 0.47624394794305164], "val_loss": [0.6469359397888184, 0.5894542336463928, 0.5445049852132797, 0.5194994211196899, 0.5091761648654938, 0.5037791281938553, 0.5109419152140617, 0.49970822781324387, 0.49793800711631775, 0.49238864332437515, 0.48924848437309265, 0.48680752515792847, 0.4853370562195778, 0.48259372264146805, 0.4836282283067703, 0.4763512760400772, 0.4795629531145096, 0.4742242246866226, 0.47930005192756653, 0.48072053492069244, 0.47173605114221573, 0.4790792688727379, 0.471647284924984, 0.4705574959516525, 0.4773617312312126, 0.47404302656650543, 0.47735899686813354, 0.47417178750038147, 0.4862123057246208, 0.474665567278862, 0.4748474135994911, 0.47621484100818634, 0.4737512916326523, 0.4728484973311424]}