{"best_val": 0.45714472369714215, "train_loss": [0.6890448600638146, 0.6118848393945133, 0.5819467510662827, 0.5595400631427765, 0.536234017680673, 0.507478830276751, 0.484448091656554, 0.469996358834061, 0.46217866563329507, 0.4582037621853398, 0.4543191147785561, 0.45262854531699537, 0.4511303995169845, 0.44892842746248435, 0.4483947847403732, 0.44723760205156665, 0.4464478574547113, 0.4443749352997425, 0.44353118071369096, 0.441563020734226, 0.4406455357869466, 0.4389825387328279, 0.4379634132572249, 0.4368692753361721, 0.4367791525289124, 0.4357650846827264, 0.43439405280001026, 0.4323628013040505, 0.4315938610656589, 0.4309033237251581, 0.4287579918608946, 0.4271193807031594, 0.4269761110053343, 0.4254690046403922, 0.42311996747465697, 0.42155874593585146, 0.42220619496177225, 0.4189342646037831, 0.41868746339106094, 0.41593388482636096, 0.4153785612068924, 0.4134617611473682, 0.4137970477926965, 0.41101938602971094, 0.41018680906763266, 0.4092823319575366, 0.4093842874555027, 0.407354020020541, 0.4046187617030798, 0.40458374163683725, 0.4030347986548555, 0.4009500654304729, 0.39910146944663105, 0.39777743173580543, 0.39765557354571773, 0.39506606436243247, 0.39528548951242487, 0.39293742764229866, 0.3919314864803763, 0.39052097528588536, 0.3884628339141023, 0.38688308584923836, 0.38629141449928284, 0.3849412296332565, 0.3847028729962368, 0.38420357832721636, 0.3816098886377671, 0.3810683775181864], "val_loss": [0.6444932439110496, 0.5963251970031045, 0.5796384459192102, 0.5573949705470692, 0.5322906049815092, 0.5058940838683735, 0.490420327945189, 0.4896989844062112, 0.47737676176157867, 0.47816347804936493, 0.4750056537714871, 0.47619875452735205, 0.47395202246579254, 0.4752924957058646, 0.4710815196687525, 0.4762463461269032, 0.47290603951974347, 0.4725609204985879, 0.47348605502735486, 0.47130330313335767, 0.47156657955863257, 0.47185579484159296, 0.46654692834073846, 0.472144676880403, 0.47309604016217316, 0.4705331948670474, 0.4752368222583424, 0.4746096378022974, 0.4672489383003928, 0.4682212201031772, 0.4707997143268585, 0.4658782427961176, 0.46629042517055164, 0.4676171432841908, 0.46681213107976044, 0.4664616313847629, 0.4652606032111428, 0.46411261233416473, 0.4670036028731953, 0.4642135582186959, 0.46367197686975653, 0.46739184856414795, 0.4639712626283819, 0.4681972021406347, 0.4640995236960324, 0.4632585048675537, 0.4640307914127003, 0.45994024114175275, 0.4621958082372492, 0.4644944667816162, 0.46172600984573364, 0.4648443433371457, 0.45941382375630463, 0.4633286947553808, 0.46135707335038617, 0.45739763433283026, 0.4614687643267892, 0.45714472369714215, 0.46190955422141333, 0.45823025703430176, 0.46300039237195795, 0.45867857336997986, 0.45913639122789557, 0.46269110387021845, 0.46594506773081695, 0.4577509733763608, 0.4619443660432642, 0.4600399244915355]}