{"best_val": 0.48362076553431427, "train_loss": [0.8187810790305045, 0.7398283598469753, 0.6795001240337596, 0.6428029677447151, 0.6202468276023865, 0.6015012159067041, 0.587645573943269, 0.5755873532856212, 0.5624350642456728, 0.5472850326229545, 0.5321842356055391, 0.5170566077325859, 0.5044177046009138, 0.4945520974841772, 0.4862287114648258, 0.48084842165311176, 0.47755251561894135, 0.47292418573416917, 0.47124214441168544, 0.4696411186573552, 0.4684317030158697, 0.46714245571809654, 0.46684584839671267, 0.46644844494613946, 0.4666868717062707, 0.46555602667378443, 0.46478331965558667, 0.46519915555037705, 0.4642694294452667, 0.464068685092178, 0.4632871507429609], "val_loss": [0.7159106514670632, 0.6694461811672557, 0.6383055936206471, 0.6198531768538735, 0.6044388034126975, 0.5926371758634393, 0.5812186002731323, 0.5699685920368541, 0.5529070442373102, 0.5385911843993447, 0.5251923501491547, 0.511686541817405, 0.5033973590894179, 0.49903141910379584, 0.49271655624563043, 0.49076834321022034, 0.49001569097692316, 0.4863597344268452, 0.4869940253821286, 0.48413141478191724, 0.48362076553431427, 0.4844321337613193, 0.484786640514027, 0.48701455105434766, 0.48464241352948273, 0.48434520038691437, 0.48416388576680963, 0.4851129407232458, 0.4844724806872281, 0.4852022474462336, 0.4841042025522752]}