{"best_val": 0.4296446876092391, "train_loss": [0.7130896530899347, 0.6907071634834888, 0.653446614742279, 0.608139344290191, 0.586381112243615, 0.5764710944072873, 0.5631644474525078, 0.5448986204231486, 0.524514308162764, 0.5018896437158772, 0.48067567395228966, 0.4658215045928955, 0.45437930728874953, 0.44712260248614294, 0.44309159996462805, 0.4412570338623196], "val_loss": [0.7026279351928018, 0.6753857731819153, 0.6256855509497903, 0.5919653935865923, 0.5791628848422657, 0.5680229961872101, 0.5537590411576357, 0.5329635630954396, 0.5086852339181033, 0.48479881340807135, 0.4637655697085641, 0.45064622163772583, 0.44098583134737884, 0.4342550608244809, 0.4296447986906225, 0.4296446876092391]}