{"best_val": 0.4818969741463661, "train_loss": [0.7027331491311392, 0.6737997465663486, 0.6433903641170926, 0.6069186362955306, 0.5690605872207217, 0.5411135637097888, 0.5319754547542996, 0.5178811318344541, 0.5114549961354997, 0.5066885865396924, 0.5046086112658182, 0.4993249343501197, 0.49588840040895676, 0.49452885654237533, 0.4926661302646001, 0.49043262335989213, 0.48730724718835616, 0.48846565352545845, 0.49047303530904984, 0.48391755753093296, 0.486850811375512, 0.4880705426136653, 0.48541635606024003, 0.4838315662410524, 0.4883921725882424, 0.48706887827979195, 0.4869372116194831, 0.48429061969121295, 0.48334381977717084, 0.4832579774989022, 0.4812987728251351, 0.48406530419985455, 0.4812670085165236, 0.479994750685162, 0.4798405253224903, 0.48002953992949593, 0.4786374502711826, 0.4777005629407035, 0.4820784098572201, 0.4779711647166146, 0.4813399347994063, 0.4780295540889104, 0.48027212421099347, 0.4778660386800766, 0.47798410389158463, 0.47529957360691494, 0.4786789384153154, 0.4767785602145725, 0.47998097870084977, 0.4787249465783437, 0.47963836126857334, 0.47962212562561035, 0.4765707337194019, 0.4757335881392161, 0.47744623488850063, 0.4746670375267665, 0.47474074198140037, 0.47426923447185093, 0.475992610057195, 0.475709941652086, 0.47614378730456036, 0.4746406790282991, 0.4740705192089081], "val_loss": [0.6866069436073303, 0.6597234308719635, 0.6287208944559097, 0.5943363755941391, 0.5617552846670151, 0.5508350133895874, 0.5448541417717934, 0.5316882431507111, 0.5270646810531616, 0.522528663277626, 0.5221547931432724, 0.5169119462370872, 0.5118286162614822, 0.514098271727562, 0.5112010464072227, 0.5153721049427986, 0.5141758024692535, 0.5096000581979752, 0.5129215866327286, 0.5113691240549088, 0.5134349018335342, 0.5148684531450272, 0.5132591500878334, 0.505997784435749, 0.5053674429655075, 0.5035808607935905, 0.5017859116196632, 0.4939645901322365, 0.5029255300760269, 0.49986976385116577, 0.5051835179328918, 0.48999615013599396, 0.49772921204566956, 0.49561431258916855, 0.49889418482780457, 0.49629614502191544, 0.4947839602828026, 0.4994887709617615, 0.4930974021553993, 0.4974720850586891, 0.4899533912539482, 0.49804968386888504, 0.49440914392471313, 0.49231117218732834, 0.4973983019590378, 0.48940302431583405, 0.4922149106860161, 0.4912227466702461, 0.49206483364105225, 0.4932191073894501, 0.48943109810352325, 0.49509940296411514, 0.4818969741463661, 0.492182694375515, 0.4913598373532295, 0.49087266623973846, 0.48955611139535904, 0.49427132308483124, 0.4920596480369568, 0.490461565554142, 0.49027056246995926, 0.4906121715903282, 0.49553854018449783]}