{"best_val": 0.47930897027254105, "train_loss": [0.7426836225721571, 0.7176387045118544, 0.6942552626132965, 0.6692479683293237, 0.640891002284156, 0.6089095936881171, 0.5782042178842757, 0.5495056162277857, 0.5356730851862166, 0.5275082637866338, 0.5213699224922392, 0.5181760407156415, 0.5155512491861979, 0.5123574684063593, 0.5073948370085822, 0.5054150389300452, 0.5077814310789108, 0.5049330972962909, 0.5026692234807544, 0.5012075553337733, 0.5011531826522615, 0.5008377730846405, 0.4972136848502689, 0.49699807001484764, 0.496574353840616, 0.49534988900025684, 0.49200782014264, 0.4926898462904824, 0.4890529877609677, 0.4908599538935555, 0.487937072912852, 0.4868771864308251, 0.4887339307202233, 0.4884510354863273, 0.4831795030170017, 0.4849512113465203, 0.48463620245456696, 0.47965734865930343, 0.48138006197081673, 0.4842241174644894, 0.4795265909698274, 0.48181773059897953, 0.47900070084465873, 0.4782402548525069, 0.47924286292658913, 0.4793013830979665, 0.47755657467577195, 0.4769427064392302, 0.4763498736752404, 0.4765524086025026, 0.47616555624538, 0.47467801968256634, 0.47596274978584713, 0.4737529903650284, 0.4763111256890827, 0.4748388131459554, 0.47368846668137443, 0.474747219019466, 0.4751748310195075, 0.4735739512575997, 0.4730263468292024, 0.4761648823817571, 0.4737899866369035, 0.4735906836059358, 0.4718601206938426, 0.4743422435389625, 0.4724002828200658, 0.473552233643002], "val_loss": [0.7192801237106323, 0.6980338096618652, 0.6769623160362244, 0.6533276289701462, 0.625523030757904, 0.5996799170970917, 0.5760761797428131, 0.5621612668037415, 0.5473245978355408, 0.5445756316184998, 0.5429998934268951, 0.5377984046936035, 0.5398241952061653, 0.5346406847238541, 0.5413442775607109, 0.5316762626171112, 0.5348120555281639, 0.533043384552002, 0.529517874121666, 0.5304970964789391, 0.5233096480369568, 0.5161606296896935, 0.5204408913850784, 0.5188836604356766, 0.517346702516079, 0.5181079655885696, 0.5156276598572731, 0.5190769135951996, 0.5228275656700134, 0.5114941000938416, 0.516515389084816, 0.5119320899248123, 0.5048245489597321, 0.5022037848830223, 0.5064442083239555, 0.5081678926944733, 0.5062627121806145, 0.49807945638895035, 0.5050500929355621, 0.5024698823690414, 0.4972387105226517, 0.49626968055963516, 0.5000195279717445, 0.49059683084487915, 0.4954101964831352, 0.4920491948723793, 0.4917929023504257, 0.4941841661930084, 0.49130619317293167, 0.488615982234478, 0.4913623034954071, 0.4926879033446312, 0.49022170901298523, 0.4933151602745056, 0.48871248215436935, 0.4902448132634163, 0.4927032068371773, 0.47930897027254105, 0.48928315192461014, 0.4872271493077278, 0.4862462729215622, 0.4870232716202736, 0.4918130859732628, 0.4877190440893173, 0.4895320162177086, 0.49004101008176804, 0.4850868508219719, 0.48526234179735184]}