{"best_val": 0.4664868786931038, "train_loss": [0.6233688029978011, 0.5906575289037492, 0.5583218236764272, 0.5261596027347777, 0.5141485085090002, 0.5046827064620124, 0.4984700679779053, 0.49455883271164364, 0.4883565637800429, 0.4870764546924167, 0.4875177674823337, 0.48216241266992355, 0.48272698289818233, 0.4772065861357583, 0.4755612545543247, 0.47794856793350643, 0.4788646582100127, 0.4743988795412911, 0.4708636850118637, 0.47095512184831834, 0.4697170638375812, 0.4693683137496312, 0.46973298986752826, 0.4715375088983112, 0.4727349877357483, 0.46927394304010606, 0.4679970294237137, 0.4668383316861259, 0.4662683655818303, 0.4675185547934638, 0.4682096391916275, 0.4667586535215378, 0.4651368260383606, 0.4636220468415154], "val_loss": [0.6093724817037582, 0.5743073970079422, 0.5432900637388229, 0.5242577195167542, 0.5153395310044289, 0.508889801800251, 0.5004085674881935, 0.4856828525662422, 0.4844580963253975, 0.4838448092341423, 0.47747599333524704, 0.4772215038537979, 0.48147130757570267, 0.4845546931028366, 0.47668516635894775, 0.4777466654777527, 0.486409455537796, 0.47535495460033417, 0.4791403189301491, 0.47431696206331253, 0.47406165301799774, 0.4707917273044586, 0.477146752178669, 0.4664868786931038, 0.47371619939804077, 0.47117630392313004, 0.47017912566661835, 0.47216688841581345, 0.47595003992319107, 0.4775664359331131, 0.4742036312818527, 0.47035983204841614, 0.4778490513563156, 0.46975261718034744]}