{"best_val": 0.44912477785890753, "train_loss": [0.664280426268484, 0.6004833146637562, 0.5730365625783509, 0.5524601813624886, 0.5238858087390077, 0.4935339502259797, 0.46994690041916043, 0.4564034617414661, 0.44950125848545747, 0.44526276576752755, 0.4428755617609211, 0.4417182937556622, 0.44059258465673407, 0.4368669530924629, 0.4373587843249826, 0.4366067484313366, 0.4327545884777518, 0.43262381939327016, 0.43130746308495016, 0.4312243128524107, 0.42715851641168784, 0.4264874680369508, 0.42447225720274684, 0.4224100971923155, 0.4231116321741366, 0.4213452660569958, 0.4180801767928928, 0.4173624562282188, 0.4163473458851085, 0.4143131772677104, 0.4145728893139783, 0.4116041677839616, 0.4089618693379795, 0.40899710503278996, 0.4066249956102932, 0.406019153548222, 0.4044719893558353, 0.40294574113453135, 0.4012068568491468, 0.401069560471703, 0.39782195523673414, 0.3959461807035932, 0.39588353096270096, 0.3961627103534399, 0.39128465336911816, 0.39163293733316307, 0.3896583943974738, 0.38771044857361736, 0.3886041261401831, 0.3870580611275692, 0.384593478604859, 0.38195734807089265, 0.38174895328633923, 0.38042985750179664, 0.38196636824046865, 0.37839237206122456, 0.375870929629195, 0.37369535834181544, 0.37409545919474435, 0.37264519111782896, 0.3698383920332965, 0.3707911833828571], "val_loss": [0.6354006583040411, 0.6027226177128878, 0.5843996947461908, 0.56136692924933, 0.5308438566598025, 0.5019234093752775, 0.48079590634866193, 0.4713309488513253, 0.46343246373263275, 0.4645071706988595, 0.462457456372001, 0.46444879336790607, 0.4582272388718345, 0.45658436146649445, 0.4578108083118092, 0.45703560926697473, 0.4602040648460388, 0.45322304422205145, 0.45522602850740607, 0.45536076751622284, 0.4553454707969319, 0.4536421922120181, 0.4560079032724554, 0.4546410631049763, 0.4549445482817563, 0.45196758887984534, 0.45175299590284174, 0.45133181322704663, 0.4571108547123996, 0.4530356770212, 0.4514518542723222, 0.4549472846768119, 0.45234185457229614, 0.45498907566070557, 0.45293262329968537, 0.4517513621937145, 0.4502433348785747, 0.4518991546197371, 0.4518577510660345, 0.4512926069172946, 0.4537836177782579, 0.45120853727514093, 0.4548776149749756, 0.45509494976563886, 0.4634592885320837, 0.45008752833713184, 0.45097616314888, 0.4517412673343312, 0.4530504427172921, 0.45339863950555975, 0.4536938586018302, 0.44912477785890753, 0.45069679617881775, 0.4548653716390783, 0.4526697045022791, 0.45499134876511316, 0.45132808793674817, 0.451922362500971, 0.453010537407615, 0.46054496548392554, 0.45539508895440534, 0.45274429700591345]}