{"best_val": 0.4338474382053722, "train_loss": [0.641408361640631, 0.5894813958336326, 0.558066585484673, 0.5230192734914667, 0.49063653864112555, 0.472449111587861, 0.46299564312486086, 0.4578153905915279, 0.4573223859656091, 0.4528603086284563, 0.45129207477850075, 0.4500131945984036, 0.4472060373016432, 0.4463523778260923, 0.44379479920162873, 0.4432330236715429, 0.44195905561540644, 0.440617828392515, 0.4395833430336971, 0.4382918103068483, 0.4374060139936559, 0.436203796489566, 0.43610963342236536, 0.43487874783721625, 0.43228748557614344, 0.43074151990460413, 0.4297233533625509, 0.42978549120472925, 0.42699846566892136, 0.42684392601835963, 0.42554570062487734, 0.4238489655887379, 0.42272860805193585, 0.4204627427400327, 0.4199284379388772, 0.41838788869334204, 0.41749699092378806, 0.4156515919694714, 0.4135975031291737, 0.4144771438018948, 0.41189630300390956, 0.4115843393054663, 0.4087374613565557, 0.4091968144856247, 0.40581000844637555, 0.40464384766185985, 0.40439893918878894, 0.4027734831267712, 0.4017353163045995, 0.3994830174773347, 0.39897922791686713, 0.3972395833800821, 0.3965290013481589, 0.39586904294350567, 0.3942006487472385, 0.3934076469318539, 0.3896704164205813, 0.38985303628678414, 0.3879686769317178, 0.38756835226919134, 0.3854467383786744, 0.38447289607104135, 0.3816611012991737, 0.38244866506726133, 0.38138221525678445, 0.3789650867967045, 0.37767176476179387, 0.37640537935144763, 0.37471023610993925, 0.37389394348742916, 0.37344692559803233, 0.3715293103573369, 0.37060092652545257, 0.36940959446570454, 0.36817508935928345, 0.36764824098231746, 0.3660375025926852, 0.3643740643473232, 0.36318249036284056, 0.36319346813594594, 0.36147775720147524, 0.35927095658638897, 0.3577406359653847, 0.3571443370744294, 0.35577452124333847, 0.3554580573942147, 0.3541007158803005, 0.35275151741270927, 0.35097767208136765, 0.3498423549474454, 0.3486122424696006, 0.34946871037576716, 0.34881258069300186, 0.3477805169189678, 0.34636445372712377], "val_loss": [0.5940669124776666, 0.5674348961223256, 0.5378507104786959, 0.5085532936182889, 0.48740246891975403, 0.47557760910554364, 0.4690826481038874, 0.46754469112916425, 0.4648260609670119, 0.46040547435933893, 0.4630464884367856, 0.46026672558350995, 0.4636814133687453, 0.46097212758931244, 0.4574614546515725, 0.45921071009202435, 0.4568601169369437, 0.4587898471138694, 0.4573024565523321, 0.4568763321096247, 0.45618012005632574, 0.45647743344306946, 0.4554536288434809, 0.4563206840645183, 0.4557241309772838, 0.45438332991166547, 0.453022301197052, 0.45564262433485553, 0.4574985043569045, 0.4553175487301566, 0.45345636118542065, 0.4562258097258481, 0.4537893533706665, 0.4558069814335216, 0.45283652435649524, 0.4517642313783819, 0.4547367990016937, 0.4535386155952107, 0.4508209770376032, 0.45209962129592896, 0.45254074985330756, 0.4479176700115204, 0.44909434697844763, 0.4545724012634971, 0.4522034634243358, 0.4528657441789454, 0.4487302980639718, 0.45554123412479053, 0.45250407403165643, 0.44737655466253107, 0.4507813074372031, 0.45007437196644867, 0.44813521612774243, 0.4488888437097723, 0.4474210061810233, 0.4463440179824829, 0.4460522369904952, 0.44946340268308466, 0.4450063136490909, 0.44596162167462433, 0.44900763576680963, 0.4524906873703003, 0.44570968638766895, 0.45110156590288336, 0.4457404044541446, 0.44799828258427704, 0.44475040381604974, 0.4406568164175207, 0.44301360032775183, 0.44523141059008514, 0.4489639862017198, 0.4510718746618791, 0.4405904547734694, 0.4399095150557431, 0.44375132701613684, 0.4411313371224837, 0.4428120499307459, 0.44293847951022064, 0.4403440139510415, 0.4366511512886394, 0.43878536332737317, 0.4383488595485687, 0.43906249783255835, 0.4392323981631886, 0.4338474382053722, 0.43777505647052417, 0.4380764744498513, 0.4357982169498097, 0.4374828176064925, 0.43816049803387036, 0.4372591105374423, 0.435729362747886, 0.4377953193404458, 0.43418049812316895, 0.4348127977414565]}