{"best_val": 0.4884416460990906, "train_loss": [0.7878207001421187, 0.7341899308893416, 0.6826935178703732, 0.63942994011773, 0.6097129682699839, 0.5863574743270874, 0.5656887458430396, 0.5424692233403524, 0.5267687075667911, 0.5172318915526072, 0.5113399657938216, 0.5102627062135272, 0.5021203342411253, 0.4999869962533315, 0.49550537599457634, 0.4919176946083705, 0.4883290148443646, 0.48743705120351577, 0.4854618145359887, 0.48177624411053127, 0.4828792346848382, 0.47905434005790287, 0.47633837163448334, 0.4747344172663159, 0.4747825513283412, 0.47467507753107285, 0.47348621156480575, 0.47180184059672886, 0.4717520061466429, 0.47056890030701953, 0.46871091259850395, 0.47094594604439205, 0.4677588293949763, 0.46726062728299034, 0.4673345635334651, 0.4677073210477829, 0.46967797146903145, 0.46486764318413204, 0.46867429051134324], "val_loss": [0.7298482954502106, 0.6892322301864624, 0.6462975293397903, 0.6118921339511871, 0.5934862941503525, 0.5786191821098328, 0.5739786922931671, 0.556195080280304, 0.5499847158789635, 0.5465987026691437, 0.5422241240739822, 0.531968504190445, 0.5275832340121269, 0.5271224528551102, 0.5317596942186356, 0.5234839245676994, 0.5193088799715042, 0.5197981670498848, 0.5084572657942772, 0.5110709294676781, 0.5058108121156693, 0.5041809752583504, 0.5012945532798767, 0.5036307200789452, 0.49995504319667816, 0.49220123142004013, 0.49813252687454224, 0.4919288903474808, 0.4884416460990906, 0.5000059679150581, 0.4900135099887848, 0.4959016963839531, 0.5003233551979065, 0.4969436600804329, 0.4921856224536896, 0.49478184431791306, 0.4934409037232399, 0.4922688454389572, 0.4894617050886154]}