{"best_val": 0.5159595906734467, "train_loss": [0.7068809568881989, 0.6832368473211924, 0.6600762969917722, 0.6359132528305054, 0.6088433927959866, 0.5786273015869988, 0.5593039062288072, 0.5395751628610823, 0.5299486219882965, 0.5193600869841046, 0.5160167101356719, 0.5086264957984289, 0.5067823164992862, 0.5032939381069608, 0.500154991944631, 0.49850766360759735, 0.497887306743198, 0.4954240587022569, 0.4945930971039666, 0.4955219278732936, 0.49167676435576546, 0.49498121937115985, 0.49162906739446854, 0.48794007466899025, 0.48853126499387955, 0.4895111504528258, 0.4888201256593068, 0.4874434785710441, 0.4844401727120082, 0.48540350960360634, 0.48820674419403076, 0.4849392788277732, 0.48571661280261147, 0.48372704949643874, 0.48348146345880294, 0.48330725895033944, 0.47840871579117245, 0.4861639555957582, 0.4867541955577003, 0.48219972683323753], "val_loss": [0.7015981078147888, 0.6804428249597549, 0.6577613949775696, 0.6369573175907135, 0.6120975762605667, 0.5855969041585922, 0.5691126435995102, 0.5683381408452988, 0.5589423328638077, 0.5514605194330215, 0.5490685924887657, 0.5398221015930176, 0.5442186072468758, 0.5366043448448181, 0.5287957042455673, 0.531926266849041, 0.5344513058662415, 0.5330119505524635, 0.5267239063978195, 0.5257231742143631, 0.5319790095090866, 0.5241055339574814, 0.5310134738683701, 0.5309541150927544, 0.5257349386811256, 0.5258422046899796, 0.5240515545010567, 0.5282090157270432, 0.5208361148834229, 0.5159595906734467, 0.5205238536000252, 0.5177503824234009, 0.5179789364337921, 0.527307778596878, 0.5197107866406441, 0.5169268175959587, 0.5186242163181305, 0.5208226963877678, 0.5167885348200798, 0.5230485200881958]}