{"best_val": 0.45206480947407807, "train_loss": [0.7140686991168004, 0.7016146743998808, 0.6895692032926223, 0.6775772524814979, 0.6656878508773505, 0.6540871461232504, 0.6424491311989579, 0.6313774153298023, 0.6208422791724112, 0.6110731316547767, 0.6016203001433728, 0.5943404330926783, 0.5881138443946838, 0.582324792357052, 0.5779525555816352, 0.573731488456913, 0.5686219346289542, 0.5654010959700042, 0.5624045811447442, 0.5576648624504313, 0.5533455020072413, 0.5514315501147625, 0.5471275518922245, 0.5421707373039395, 0.5380148969444574, 0.533389104347603, 0.5303640266259512, 0.5249990838415483, 0.5217423561741324, 0.5173436245497536, 0.5132980288243761, 0.5090188793107575, 0.504251713846244, 0.4997667611814013, 0.4962458365103778, 0.4920688546171375, 0.48864364331843807, 0.4850260311481999, 0.48096229457387735, 0.4779372413953145, 0.4743324635075588, 0.4710351515050028, 0.46845895519443587, 0.46611236824708824, 0.46475158894763274, 0.4626817674029107, 0.46087377094754983, 0.45805831399618413, 0.45836103196237604, 0.45520081882383306, 0.45407353779848886, 0.45368725996391446, 0.45163051404205024, 0.45183656437724246, 0.45062467864915434, 0.4515850140767939, 0.44924355020710066, 0.4489227498278898, 0.44925912513452415, 0.44787711197254704, 0.4470091222548017, 0.4491489371832679, 0.44693531358943267, 0.44760413263358323, 0.44678179715193955, 0.4458369156893562, 0.44583068700397716, 0.4440355785921508, 0.44486027897572983, 0.4441801332959942, 0.4438576032133663, 0.44526251858355953, 0.4442153467851527, 0.44390244928060796, 0.44445202222057417, 0.44343648062032814, 0.4433179386690551, 0.44394541838589835], "val_loss": [0.7088044665076516, 0.6962545785036954, 0.6837301687760786, 0.67146343534643, 0.6595286564393477, 0.6477021900090304, 0.6362764781171625, 0.6239732178774747, 0.6137085286053744, 0.6038596034049988, 0.5943977074189619, 0.587053960019892, 0.5814651359211315, 0.5759151957251809, 0.5714484778317538, 0.5665674805641174, 0.5631197203289379, 0.5604183023626154, 0.5556124719706449, 0.5516302368857644, 0.5463432750918649, 0.5418958582661368, 0.5398498990318992, 0.5339049832387404, 0.5302763093601573, 0.5265514633872292, 0.5223724029280923, 0.5182083167813041, 0.5137768198143352, 0.50967184251005, 0.5057486891746521, 0.5040076510472731, 0.5005301589315588, 0.49595826322382147, 0.4922567443414168, 0.48878614739938214, 0.4848054295236414, 0.48186488314108417, 0.47874301401051605, 0.4753401902588931, 0.4742137274958871, 0.47080194679173554, 0.4701813811605627, 0.46692588925361633, 0.4664316854693673, 0.46488490158861334, 0.46367788314819336, 0.46171277490529145, 0.46279221231287176, 0.4605169269171628, 0.4602017267183824, 0.4573811753229661, 0.458697416565635, 0.4575949934395877, 0.4577470503070138, 0.4568770202723416, 0.45695117657834833, 0.4570983052253723, 0.45632036978548224, 0.45589552413333545, 0.452744031494314, 0.4561156522143971, 0.45493344285271387, 0.4564000909978693, 0.4531408819285306, 0.4543753239241513, 0.45328662341291254, 0.45206480947407807, 0.4535308615727858, 0.45318433913317596, 0.4532927057959817, 0.45278059623458167, 0.4523617056283084, 0.4524786959994923, 0.45312770117412915, 0.45461785251444037, 0.45246698639609595, 0.45275356010957196]}