{"best_val": 0.4679549715735696, "train_loss": [0.7550573722988951, 0.6723716083694907, 0.640685124724519, 0.6203835033902935, 0.6074861638686236, 0.5962303923625573, 0.5860025964531244, 0.5759664791471818, 0.5633345994294858, 0.5513153567033655, 0.5370959984321221, 0.5257634263412625, 0.5185804717680987, 0.5125130590270547, 0.5080664157867432, 0.5047509243675307, 0.5013939504529915, 0.49901987699901357, 0.4962005930788377, 0.49465786943248674, 0.4928404063570733, 0.49186016239371955, 0.4900980188566096, 0.4884575850823346, 0.4873828829503527, 0.4855281015237172, 0.485249658425649, 0.4846816536258249, 0.4834023392667957, 0.48256411213500827, 0.4822527871412389, 0.48047611409542607, 0.4791930662650688, 0.47805144681650047, 0.4769747479289186, 0.47685957247135685, 0.47449737086015586, 0.47473540902137756, 0.4719199468107784, 0.470509621442533, 0.4690712666979023, 0.4695924403620701, 0.4674111353416069, 0.46568524077826856, 0.4675778039530212, 0.4653807562940261, 0.46521595704789254, 0.46556609459951814, 0.46444273462482527, 0.4648678887124155, 0.46329130787475437, 0.464392960655923, 0.46383609724979774], "val_loss": [0.6542691100727428, 0.6252469366247003, 0.6076350591399453, 0.5939466899091547, 0.5849446708505804, 0.5746819214387373, 0.5661123882640492, 0.5545574643395164, 0.5422652309591119, 0.5290860777551477, 0.518329219384627, 0.5093200694430958, 0.5043603886257518, 0.4991232996637171, 0.49717428467490454, 0.494612149216912, 0.49308094111355866, 0.49063675241036847, 0.4903545000336387, 0.4890624799511649, 0.48898526484316046, 0.4865256520834836, 0.48477225682952185, 0.4854038411920721, 0.48472597382285376, 0.48205081712115894, 0.4808735224333676, 0.4826140755956823, 0.48042839765548706, 0.4790251065384258, 0.4782037138938904, 0.477230042219162, 0.4762131869792938, 0.47749063643542206, 0.4764252169565721, 0.4753964164040305, 0.47228350964459503, 0.473112935369665, 0.47407411445270886, 0.47206407514485443, 0.4699525968594985, 0.4712134355848486, 0.4679549715735696, 0.47176399556073273, 0.4707356799732555, 0.469884915785356, 0.47028250856833026, 0.4697962620041587, 0.4702723134647716, 0.47063605893741955, 0.47033290429548785, 0.4690223444591869, 0.4704893908717416]}