{"best_val": 0.45710170539942657, "train_loss": [0.6392266995766583, 0.5834173162778219, 0.5471500310243345, 0.5051437207296783, 0.47702348290705215, 0.462205006795771, 0.45351926836312983, 0.447978733217015, 0.44488752414198485, 0.4448286335842282, 0.44112063798249934, 0.4413796184109707, 0.4384089795982136, 0.43630646607455087, 0.43363386976952645, 0.4321287087365693, 0.4323705592576195, 0.42988014396499186, 0.4277257253141964, 0.425068246383293, 0.4228103932212381, 0.4230472614952162, 0.4215246807126438, 0.4185037647976595, 0.4158087682490255, 0.41470129057472827, 0.4132018878179438, 0.40997376862694235, 0.4096537068778393, 0.40745209771044116, 0.40626731456494797, 0.4040515416977452, 0.4032396907899894, 0.40123113230162977, 0.3991379065840852, 0.3975887976440729, 0.3973578056868385, 0.39372056664205063, 0.39275871246468785, 0.39127080814511167, 0.38964800332106797, 0.388449993203668, 0.3848930427841112, 0.3832751348906872, 0.38135567833395567, 0.38090013113676335, 0.3784906361617294, 0.37835998278038174, 0.3769800294848049, 0.37382108148406534, 0.3729305921816358, 0.37125781178474426, 0.3691800879497154, 0.3668568876444125, 0.366582255153095, 0.363877614923552, 0.3629230903644188, 0.36081480746175726, 0.3601059510427363, 0.3599645103894028, 0.3582679489079644, 0.3557108851040111, 0.3544476061475043, 0.3554253192508922, 0.35247579158521164, 0.3495982336063011, 0.347965935866038, 0.34809943507699403, 0.34459205059444203, 0.3437715944121866, 0.34162543217341107], "val_loss": [0.604998463934118, 0.5751313783905723, 0.5406171544031664, 0.5054323781620372, 0.48781519857319916, 0.4778300848874179, 0.4730499711903659, 0.4746993400833823, 0.4761026149446314, 0.4739086384123022, 0.47655400362881745, 0.4763808927752755, 0.4714059260758487, 0.4735157110474326, 0.4703058952634985, 0.4701694602316076, 0.46971385045485065, 0.4705180390314622, 0.46767865256829694, 0.4691311039707877, 0.46779530156742444, 0.468410155989907, 0.47033015435392206, 0.46812459284609015, 0.46632952852682635, 0.465616220777685, 0.46357331763614307, 0.4667835831642151, 0.4657536745071411, 0.463346310637214, 0.46595816720615735, 0.46409898183562537, 0.4618800905617801, 0.46783463792367413, 0.460918591781096, 0.4612808200446042, 0.4608417072079398, 0.4615975320339203, 0.46347523819316516, 0.45992169596932153, 0.46045786955139856, 0.4619420983574607, 0.4604625647718256, 0.4591861123388464, 0.4598533104766499, 0.4618083482438868, 0.46311005408113654, 0.4609686786478216, 0.45933386412533844, 0.463527730920098, 0.4599712951616807, 0.45864695039662445, 0.4576228233900937, 0.46199298717758874, 0.4605149518359791, 0.45770168033513153, 0.4634168879552321, 0.4581440334970301, 0.4583997672254389, 0.4623296450484883, 0.45710170539942657, 0.460593350908973, 0.4604293812404979, 0.4602323987267234, 0.46108101443810895, 0.45997241139411926, 0.46708493070168927, 0.4594478823921897, 0.45897394147786225, 0.45954152941703796, 0.46377162499861285]}