{"best_val": 0.48235106468200684, "train_loss": [0.6601924300193787, 0.6573495003912184, 0.6546058886580997, 0.6514507631460825, 0.6482067538632287, 0.6450671321815915, 0.6420823368761275, 0.6380246447192298, 0.6347556147310469, 0.6305650174617767, 0.6270050240887536, 0.6239648262659708, 0.6208363076051077, 0.6158944235907661, 0.6125028332074484, 0.6093871725930108, 0.6045570108625624, 0.6014168726073371, 0.5970867806010776, 0.5930632617738512, 0.5882836348480649, 0.5835029184818268, 0.5806847711404165, 0.5742005142900679, 0.5710382461547852, 0.5657702585061392, 0.559077478117413, 0.5568326777882047, 0.5506148686011633, 0.54531619615025, 0.5399165832334094, 0.5372865067587959, 0.5318836785025067, 0.5308583064211739, 0.5269609805610445, 0.5243537939257092, 0.5205201357603073, 0.5190835545460383, 0.5160891628927655, 0.5152724021010928, 0.5175503542025884, 0.513928794198566, 0.5113464974694781, 0.5098941309584512, 0.5100363857216306, 0.5098565104934905, 0.5065722233719296, 0.506707575586107, 0.5094483726554446, 0.5065928730699751, 0.504237002796597, 0.5024065772692362, 0.5038923505279753, 0.5012692030933168, 0.5013241635428535, 0.5017380565404892, 0.49868489967452156, 0.5001657638284895, 0.49833375546667313, 0.4967602789402008, 0.49913041128052604, 0.4955824116865794, 0.4957996904850006, 0.4937673442893558, 0.4959043595525954, 0.4960018578502867, 0.49447354343202377, 0.49357723858621383, 0.4892758909198973, 0.488864435089959, 0.4907420443163978, 0.4925864040851593, 0.4862571077214347, 0.49205655852953595, 0.4905175781912274, 0.49244672391149735, 0.49028804567125106, 0.4851168973578347, 0.4871609757343928, 0.48604608409934574, 0.4865831732749939, 0.4853941566414303, 0.4878775460852517, 0.4853694919082854, 0.48504456877708435, 0.48564909398555756, 0.48552646074030137, 0.4845792171027925, 0.4858144885963864, 0.4810852242840661, 0.4839785893758138, 0.48560529616143966, 0.48476449648539227, 0.4872567156950633, 0.48263289365503526, 0.48144686553213334, 0.4806961516539256, 0.4824746665027406, 0.4831063532167011, 0.48178491989771527, 0.48120003276401097, 0.48012468053234947, 0.4785512089729309, 0.48112453189161086, 0.4818154639667935, 0.483122318983078, 0.4796977506743537], "val_loss": [0.6594269126653671, 0.6563706248998642, 0.6535708755254745, 0.6501093357801437, 0.6471595168113708, 0.6441822797060013, 0.640813335776329, 0.6375683099031448, 0.6327458620071411, 0.6303686201572418, 0.6268561482429504, 0.6238422244787216, 0.6187386810779572, 0.6156636774539948, 0.6113297194242477, 0.6088558435440063, 0.6078696548938751, 0.5987433344125748, 0.5957823842763901, 0.5931747257709503, 0.5867749750614166, 0.5834594368934631, 0.5790346562862396, 0.5741220265626907, 0.5688307285308838, 0.5619307309389114, 0.5595330446958542, 0.5485154390335083, 0.5476337671279907, 0.5424111187458038, 0.5379133969545364, 0.5350901037454605, 0.5332700982689857, 0.5314381420612335, 0.5252879783511162, 0.5269368067383766, 0.5191069319844246, 0.5237877294421196, 0.5161442533135414, 0.5160749182105064, 0.5090519934892654, 0.5130669176578522, 0.5176757723093033, 0.5120727568864822, 0.5141695514321327, 0.5099923461675644, 0.507034420967102, 0.5134122669696808, 0.5079058557748795, 0.5044293776154518, 0.5085411369800568, 0.5052189603447914, 0.5112585872411728, 0.5095106512308121, 0.5038423836231232, 0.5059860572218895, 0.5025374665856361, 0.5006162971258163, 0.5008116364479065, 0.5039970651268959, 0.5016707628965378, 0.5052355900406837, 0.5009961575269699, 0.5024970769882202, 0.4985269829630852, 0.4962308555841446, 0.49394305795431137, 0.5038468241691589, 0.49847520142793655, 0.5002048462629318, 0.49881426244974136, 0.49826667457818985, 0.5021229609847069, 0.5004167482256889, 0.49827688932418823, 0.4969715252518654, 0.4925853759050369, 0.4902971386909485, 0.49637284874916077, 0.4976188614964485, 0.4935711845755577, 0.4967840239405632, 0.5014344975352287, 0.4987787827849388, 0.5020779445767403, 0.4895428642630577, 0.4938480034470558, 0.4948553293943405, 0.5032479763031006, 0.49282991141080856, 0.496596559882164, 0.49589669704437256, 0.4891798347234726, 0.49300555139780045, 0.5006210580468178, 0.49285829067230225, 0.48235106468200684, 0.49428483843803406, 0.4914740324020386, 0.4901699125766754, 0.49350326508283615, 0.49458959698677063, 0.49745791405439377, 0.49563340097665787, 0.49844393134117126, 0.4930174872279167, 0.4925077557563782]}