{"best_val": 0.49717308580875397, "train_loss": [0.6737041903866662, 0.6125350793202718, 0.5652458651198281, 0.5414291405015521, 0.5265876634253396, 0.5194763325982623, 0.5098451789882448, 0.5115000307559967, 0.5027724521027671, 0.49967340297169155, 0.5006576312912835, 0.5015673869185977, 0.49495500326156616, 0.49458877245585126, 0.49415741860866547, 0.49492423236370087, 0.4921258870098326, 0.49373656180169845, 0.48559290170669556, 0.4903419431712892, 0.49031708969010246, 0.4856698430246777, 0.48535315526856315, 0.48397007087866467, 0.4858346035083135, 0.48213480909665424, 0.48361601101027596, 0.4828939288854599, 0.4826173186302185, 0.4840615689754486], "val_loss": [0.6537818759679794, 0.6048152595758438, 0.5747160464525223, 0.5523160099983215, 0.5426913648843765, 0.534340038895607, 0.5210985839366913, 0.5136786103248596, 0.5075507536530495, 0.5061182677745819, 0.5072177052497864, 0.5058440715074539, 0.5030180588364601, 0.5075360611081123, 0.5032215863466263, 0.499258354306221, 0.4997366741299629, 0.5004425868391991, 0.5021596997976303, 0.49717308580875397, 0.4977644607424736, 0.5091984644532204, 0.5023608133196831, 0.5029160007834435, 0.5024246796965599, 0.5074151009321213, 0.500634677708149, 0.5149800553917885, 0.5043487101793289, 0.5002648308873177]}