{"best_val": 0.47740230709314346, "train_loss": [0.7527044978406694, 0.7225775983598497, 0.6905982891718546, 0.6559164722760519, 0.6160959833198123, 0.5857556296719445, 0.5639438198672401, 0.5497000134653516, 0.5398062583472993, 0.5323414951562881, 0.5260270105467902, 0.5199968036678102, 0.5159594284163581, 0.5140423874060313, 0.510915908548567, 0.5099668817387687, 0.5069572031497955, 0.5070066965288587, 0.5065450651778115, 0.504769977596071, 0.5040859397914674, 0.5000767459472021, 0.5021193789111243, 0.5020166271262698, 0.49939775798055863, 0.4991772439744737, 0.4943968852361043, 0.49587048921320176, 0.49525858958562213, 0.4934230513042874, 0.4909755405452516, 0.48946381939782035, 0.49171821938620675, 0.4878135754002465, 0.49063553909460705, 0.485730465915468, 0.49030354784594643, 0.4892423583401574, 0.4875537272956636, 0.49140279988447827, 0.48392878141668105, 0.4859989848401811, 0.4857331977950202, 0.48761992156505585, 0.4875583764579561, 0.4841782682471805, 0.4862790240181817, 0.4865216016769409, 0.48348794877529144, 0.4816734227869246], "val_loss": [0.7399193048477173, 0.7083630412817001, 0.6733946055173874, 0.6318530589342117, 0.5951136648654938, 0.5647362470626831, 0.5524790063500404, 0.5423840135335922, 0.5323863625526428, 0.5232472121715546, 0.5182387381792068, 0.5165662840008736, 0.5151657164096832, 0.5040570572018623, 0.5019500404596329, 0.5065071359276772, 0.506659023463726, 0.5067834556102753, 0.5008060485124588, 0.5011076927185059, 0.494221992790699, 0.4949648752808571, 0.49389347434043884, 0.49589239805936813, 0.4875480383634567, 0.49125736951828003, 0.49014581739902496, 0.49414481967687607, 0.4882092773914337, 0.49125005304813385, 0.4914252609014511, 0.491568922996521, 0.4822574481368065, 0.48799632489681244, 0.4882343262434006, 0.484024316072464, 0.4803929775953293, 0.48154139518737793, 0.48014238476753235, 0.47740230709314346, 0.48031338304281235, 0.48801735788583755, 0.48355257511138916, 0.48005131632089615, 0.4792865887284279, 0.4804464280605316, 0.4825918823480606, 0.48221009969711304, 0.48268506675958633, 0.4783123806118965]}