{"best_val": 0.4408437230370261, "train_loss": [0.6704744766740238, 0.606428512171203, 0.5813039067913505, 0.5576525342230704, 0.5269585023908054, 0.4908381361587375, 0.4661228224342945, 0.4598136275422339, 0.4533308522374022, 0.45079460915397196, 0.4489457455335879, 0.445785229696947, 0.445475241132811, 0.4434777346311831, 0.4410736519916385, 0.4412419392782099, 0.43947174151738483, 0.439273875133664, 0.43708040550643323, 0.43605396268414515, 0.4350964111440322, 0.432672942385954, 0.4317128634920307, 0.43080393356435437, 0.42964693319563774, 0.42806530700010414, 0.4284646727290808, 0.4260578243171467, 0.4247070860628988, 0.4242594569337134, 0.42500198939267325, 0.42207173798598496, 0.42148298726362343, 0.41931414253571453, 0.4175264660049887, 0.41612116554204154, 0.41597146088001774, 0.4142112194323072, 0.4129345557268928, 0.4117250372381771, 0.4091133218185574, 0.40945616481350916], "val_loss": [0.6375017437067899, 0.5895932696082375, 0.5736324164000425, 0.5489707562056455, 0.5096647333015095, 0.47547622973268683, 0.4604009823365645, 0.457347344268452, 0.44950663501566107, 0.44921875, 0.44761253757910296, 0.44735752181573346, 0.44602509520270606, 0.44824078950014984, 0.4506654603914781, 0.44594138860702515, 0.4459824697537856, 0.44595071944323456, 0.4474321414123882, 0.44615491411902686, 0.4441251781853763, 0.4450587413527749, 0.4443149241534146, 0.44909440929239447, 0.44468170133504, 0.44507691535082733, 0.4453159949996255, 0.44258028810674493, 0.44512037255547265, 0.4442395649173043, 0.44386286627162586, 0.4408437230370261, 0.44237226247787476, 0.44387846372344275, 0.44186099009080365, 0.44238160956989636, 0.44613009691238403, 0.4431771392172033, 0.44348133964972064, 0.44111277569424023, 0.44302709807049145, 0.444604827599092]}