{"best_val": 0.42506395144896075, "train_loss": [0.6933494479048485, 0.6510981917381287, 0.6092262688805076, 0.5859627267893623, 0.5689151614320045, 0.5501859386761984, 0.532400545536303, 0.5109958023417229, 0.4926321944769691, 0.47622157604086635, 0.46737592243680764, 0.46169249392023276, 0.4587663628307043, 0.4576866410526575, 0.45649731568261687, 0.45496080260650784, 0.45378514890577276, 0.4538002154406379, 0.45260703096202776, 0.45221438419585136, 0.4505433767449622, 0.4488397556192735, 0.45046115856544644, 0.4491136763610092, 0.44849437533640396, 0.44813794365116194, 0.44756440263168484, 0.4461846743144241, 0.4453983908774806, 0.4453341294737423, 0.443884496010986, 0.4435558231437908, 0.4433908614457822, 0.4421650966008504, 0.44206877666361194, 0.44096337171161876, 0.4402441966767405, 0.4386197129885356, 0.43822142832419453, 0.4370308033391541, 0.43668338773297327, 0.43513601317125206, 0.43517380134732114, 0.4332518308770423, 0.43436776890474205, 0.4330310979310204, 0.4326595704929501, 0.4306497906937319, 0.43019960323969525, 0.4305122722597683, 0.42833927273750305, 0.42906546066789064, 0.42689818728203865, 0.42763926643951267, 0.42611708243687946, 0.42483944869508933, 0.4247774955104379, 0.4250776907976936, 0.42407048800412345, 0.4233263275202583, 0.4206615937691109, 0.4205402054038702, 0.4207247308656281, 0.4203207989533742, 0.4184756775697072, 0.4195365999259201, 0.41682930904276233, 0.41755016060436473, 0.4154206350737927, 0.4153714472172307, 0.4144430154678868, 0.41437870614668904, 0.41330496294825686, 0.41238149124033313, 0.41185474395751953, 0.4126626171317755, 0.4091202155047772, 0.4095325715401593, 0.408440700933045, 0.4072980109383078, 0.407833105208827, 0.4060071338625515, 0.4060956952618618, 0.40456822047046587, 0.40350950465482827, 0.4034210443496704, 0.4035979088614969, 0.40164855414745854, 0.40158411509850445, 0.4009590797564563, 0.3997722916743335, 0.39968786812296103, 0.3985939651143317, 0.39908034778108786, 0.3989446776754716, 0.3967352182257409, 0.3975846936889723, 0.3958563226110795, 0.3956076391771728, 0.394604575400259], "val_loss": [0.6627296805381775, 0.614019594409249, 0.5781567584384572, 0.5627892559224908, 0.5448371361602437, 0.5242476896806196, 0.5011394186453386, 0.4829839088700034, 0.4646888944235715, 0.45563035661523993, 0.4448613036762584, 0.4452754015272314, 0.44204840605909174, 0.43979672952131793, 0.43990695205601776, 0.4388635619120164, 0.4392435198480433, 0.4374742643399672, 0.43889319896698, 0.4367248172109777, 0.43669646978378296, 0.43838549743999133, 0.4385357580401681, 0.4375734329223633, 0.4363901262933558, 0.4360087757760828, 0.4366690922867168, 0.4347800449891524, 0.43519546497951855, 0.435515739701011, 0.43640652298927307, 0.4368225498632951, 0.43525857546112756, 0.4336722737008875, 0.4336713227358731, 0.434954282912341, 0.43440059369260614, 0.43340264667164197, 0.43264055252075195, 0.4322703236883337, 0.4337135526266965, 0.432424626567147, 0.4322487305511128, 0.43346896225755865, 0.4339112205938859, 0.4319599650122903, 0.4323566799814051, 0.4318179732019251, 0.4330423880707134, 0.4319127310406078, 0.4316097308288921, 0.43131339820948517, 0.4321415532719005, 0.4303190301765095, 0.43196055022152985, 0.43075072494420136, 0.431285099549727, 0.43080747398463165, 0.42999633333899756, 0.4312616261568936, 0.4299609823660417, 0.4278853860768405, 0.42938944697380066, 0.4274382537061518, 0.42974590442397376, 0.4285159002650868, 0.4283695166761225, 0.428066687150435, 0.4283010797067122, 0.4274514507163655, 0.427937082268975, 0.42872298576615075, 0.42688448320735584, 0.4293847273696553, 0.4279967031695626, 0.4266311390833421, 0.42704225941137836, 0.42724946412173187, 0.42637828263369476, 0.42551949620246887, 0.42755154046145355, 0.42805113846605475, 0.42610413107005035, 0.4274562353437597, 0.4297070936723189, 0.42873903296210547, 0.42512102018703113, 0.42591503804380243, 0.4251472760330547, 0.42506395144896075, 0.4280496158383109, 0.4271610677242279, 0.4276347946036946, 0.42517854137854144, 0.42827176776799286, 0.42785007574341516, 0.426924085075205, 0.4265411712906577, 0.4283436049114574, 0.4254223812710155]}