{"best_val": 0.48220789432525635, "train_loss": [0.7018950680891672, 0.6993992726008097, 0.6967675586541494, 0.6940801441669464, 0.6912346912754906, 0.6883187592029572, 0.685256345404519, 0.6819301909870572, 0.6783670981725057, 0.6744623846477933, 0.6708440648184882, 0.6664284798834059, 0.6624609298176236, 0.6571381290753683, 0.6529409488042196, 0.6480630503760444, 0.6430530813005235, 0.6368922094504038, 0.6319074862533145, 0.6253390179740058, 0.6190875503751967, 0.6150393949614631, 0.6091334223747253, 0.6024456388420529, 0.5996827152040269, 0.593367831574546, 0.5886007216241624, 0.5864646037419637, 0.5822518037425147, 0.5785467492209541, 0.5737575458155738, 0.57123112016254, 0.5693239917357763, 0.5653453038798438, 0.562470061911477, 0.561534560388989, 0.558087890346845, 0.5582186943954892, 0.5555325564410951, 0.5511092080010308, 0.5516044580274158, 0.5474106984006034, 0.5437609917587705, 0.5476430770423677, 0.5425373100572162, 0.5403183052937189, 0.5353993227084478, 0.536489897304111, 0.5316041111946106, 0.5312687953313192, 0.5287973466846678, 0.5292517294486364, 0.5256993191109763, 0.5219778484768338, 0.5219573560688231, 0.5204262004958259, 0.5189406358533435, 0.5187358094586266, 0.5156054827902052, 0.5130001389318042, 0.5132823006974326, 0.5121103657616509, 0.5103166980875863, 0.5134589589304395, 0.5101388941208521, 0.5069603125254313, 0.5082157254219055, 0.5067365947696898, 0.5073468155331082, 0.5040593064493604, 0.5051131778293185, 0.5038495063781738, 0.5032796329922147, 0.5050488279925452, 0.5030311445395151, 0.5044287393490473, 0.5037907693121169, 0.5007557090785768, 0.5006613433361053, 0.49868567287921906, 0.5009800725513034, 0.5001571178436279, 0.4990025907754898, 0.5004778454701105, 0.5000157058238983, 0.49943144619464874, 0.4978267550468445, 0.49873080684079063, 0.4965310361650255, 0.4955907960732778, 0.4946524252494176, 0.49296215342150795, 0.4949558294481701, 0.49415120316876304, 0.4962938030560811, 0.4924740360842811, 0.4938320153289371, 0.49504952960544163, 0.49659665094481575, 0.49494369162453544, 0.4926459590593974, 0.49113505085309345], "val_loss": [0.7007717937231064, 0.6981370598077774, 0.6954196244478226, 0.6925448626279831, 0.6896832436323166, 0.6866254657506943, 0.683271050453186, 0.6799861490726471, 0.6761028319597244, 0.6718206107616425, 0.6681752651929855, 0.6632902473211288, 0.6595686823129654, 0.654393881559372, 0.6485409140586853, 0.6444431841373444, 0.6377611011266708, 0.6331215500831604, 0.6265840232372284, 0.6208768039941788, 0.6170777231454849, 0.6098038703203201, 0.604375034570694, 0.5994854420423508, 0.5954514443874359, 0.587256520986557, 0.5845996588468552, 0.5817851126194, 0.5745275169610977, 0.572305828332901, 0.5684698075056076, 0.5657834559679031, 0.5564379915595055, 0.5579948276281357, 0.5546998232603073, 0.5523426085710526, 0.5531075745820999, 0.5472297370433807, 0.5452563315629959, 0.5444033890962601, 0.5389794632792473, 0.5408422648906708, 0.5415351092815399, 0.5321429893374443, 0.5370335653424263, 0.5326366722583771, 0.5264056175947189, 0.5289801210165024, 0.5305712595582008, 0.5220651999115944, 0.520620808005333, 0.5285857245326042, 0.5205821245908737, 0.5173414945602417, 0.5145073607563972, 0.5136441513895988, 0.5171845108270645, 0.5112446546554565, 0.5136297419667244, 0.5101785212755203, 0.507327176630497, 0.5120531693100929, 0.5091247260570526, 0.5064693614840508, 0.49906085431575775, 0.5031341910362244, 0.4984676465392113, 0.505614809691906, 0.5023750811815262, 0.5044860541820526, 0.5037525966763496, 0.502420999109745, 0.5031929910182953, 0.4959217458963394, 0.4981660321354866, 0.4973899945616722, 0.49386993050575256, 0.4964262694120407, 0.4965828135609627, 0.49583927541971207, 0.49623724818229675, 0.49909117817878723, 0.49196168780326843, 0.49230099469423294, 0.49406712502241135, 0.4921300932765007, 0.49745935946702957, 0.49623914062976837, 0.4937247484922409, 0.4887116104364395, 0.49073632061481476, 0.48220789432525635, 0.4917480871081352, 0.48740021884441376, 0.4894423931837082, 0.4876357987523079, 0.49435100704431534, 0.4939042404294014, 0.49200592190027237, 0.49170614778995514, 0.49164585769176483, 0.4883056879043579]}