{"best_val": 0.442556768655777, "train_loss": [0.6789997687526778, 0.6151634513163099, 0.5771594964990429, 0.5560576518376669, 0.5310416583921395, 0.5020279469443303, 0.47979000152326096, 0.46393993380022985, 0.4552292011532129, 0.44836948724354014, 0.4457900325457255, 0.4444592308764364, 0.441909087639229, 0.43938840019936654, 0.43933942563393535, 0.4371038172759262, 0.437015618763718, 0.4363139277579738, 0.4348101814587911, 0.43429064166312126, 0.43338624461024416, 0.4340044750886805, 0.4320739729731691, 0.4305553173317629, 0.43005502223968506, 0.4291206791120417, 0.42925307154655457, 0.4279719859946008, 0.4267289252842174, 0.42511208969004016, 0.42398970910147127, 0.4239087624877107, 0.42334658316537443, 0.4226483539039013, 0.4213332171533622, 0.42073337237040204, 0.41935117104474234, 0.4192279986306733, 0.41799746482980016, 0.4174749021436654, 0.41777819453501236, 0.4162217875321706, 0.41672270087634816, 0.413331562981886, 0.4145495774699192, 0.4128090803529702, 0.4126859827368867, 0.4115431016566707, 0.40984824007632686, 0.4093065267684413, 0.4093988654660244, 0.40855152174538256, 0.40782126959632425, 0.4068786910935944, 0.4057729518881031, 0.4049740497972451, 0.40467630063786225, 0.4043278752588758, 0.4028344639376098, 0.40222054953668634, 0.4013669525875765, 0.39934659179519205, 0.3997408385370292, 0.39855659475513533, 0.397058412140491, 0.39687542412795274, 0.39711400632764776, 0.39582188281358455, 0.39518895394661846, 0.3926759835551767, 0.3930528572961396, 0.39179488607481416, 0.3917625920445311, 0.3915751196590124, 0.39008403876248526, 0.38969813258040187, 0.38867367424216925, 0.38873276114463806, 0.38805653826863157, 0.38723892557854744, 0.386985204967798, 0.38494375640270756, 0.38529980591699187, 0.3850817335586922, 0.38565172459564956], "val_loss": [0.6521318825808439, 0.6104236841201782, 0.5888088182969526, 0.5667315884069963, 0.5419502041556619, 0.516330057924444, 0.49468009851195593, 0.4830211102962494, 0.47277079929005017, 0.4684679724953391, 0.46625287153504114, 0.4643598198890686, 0.46239936080845917, 0.46107200329953973, 0.45880261876366357, 0.4587928598577326, 0.45671138709241693, 0.45418271964246576, 0.45661987499757245, 0.4557007876309482, 0.4539556557481939, 0.4527159495787187, 0.45642769878560846, 0.45207564668221906, 0.4528285806829279, 0.4536173804239793, 0.45431091026826337, 0.45167064937678253, 0.45084122907031665, 0.4505370096726851, 0.4538016508926045, 0.44999954917214136, 0.45276800881732593, 0.44953690333799884, 0.45086258107965643, 0.4496468522331931, 0.44944215362722223, 0.4485138708894903, 0.4513142325661399, 0.4476285495541312, 0.44717135483568365, 0.4474757503379475, 0.44908700476993213, 0.44781865044073627, 0.4484418874437159, 0.4462947357784618, 0.44552721218629315, 0.445960751988671, 0.44661498069763184, 0.4467516947876323, 0.4451182349161668, 0.44720306450670416, 0.4461325163191015, 0.44508495926856995, 0.44420766830444336, 0.44554202123121783, 0.44466766715049744, 0.44467014887116174, 0.44393710927529767, 0.44353722442280163, 0.44400877302343195, 0.44493234157562256, 0.44396794926036487, 0.44440108808604156, 0.443599516695196, 0.44339298660104925, 0.44378882917490875, 0.44431041316552594, 0.44551005688580597, 0.44644162871620874, 0.4431966922499917, 0.44898438995534723, 0.44514640082012524, 0.44496352022344415, 0.442556768655777, 0.44418642737648706, 0.444083034992218, 0.44753110679713165, 0.4470894255421378, 0.44637941230427136, 0.44775392521511426, 0.44585453922098334, 0.4488092227415605, 0.4490209086374803, 0.4465557634830475]}