{"best_val": 0.46519434452056885, "train_loss": [0.6657955818451368, 0.6088480318968112, 0.5779526474384161, 0.5609562425659254, 0.5357293962286069, 0.507880625816492, 0.487246786745695, 0.4699351340532303, 0.4642706920321171, 0.46053703645100963, 0.457550914814839, 0.4528252768975038, 0.45423444417806774, 0.45352102242983305, 0.45097157244498914, 0.4509331366190544, 0.4506185960311156, 0.45108930193460905, 0.45244702180990803, 0.4489380316092418, 0.4488099744686714, 0.44348791872079557, 0.44491509004281116, 0.44591654206697756, 0.4458181244822649], "val_loss": [0.6301754550500349, 0.5910422151738947, 0.5761034434491937, 0.5598816275596619, 0.5324836779724468, 0.5081074752590873, 0.4892126565629786, 0.4783099645918066, 0.4684003672816537, 0.4700474441051483, 0.4662300835956227, 0.47126859155568207, 0.4698970372026617, 0.46867365728725086, 0.46519434452056885, 0.46685178713365033, 0.47047640789638867, 0.4704893177205866, 0.4700414917685769, 0.47009137543764984, 0.4694104953245683, 0.4709792272611098, 0.4712362451986833, 0.46881548924879596, 0.4705489304932681]}