{"best_val": 0.42621197212826123, "train_loss": [0.7188158140462988, 0.6607827392278933, 0.5970909875981948, 0.576476142686956, 0.5573596743976369, 0.5380336940288544, 0.5132983028888702, 0.4874770413426792, 0.46433573669078304, 0.4518631270118788, 0.44417454331528905, 0.4393235398273842, 0.43751004396700394, 0.43562374337046755, 0.4345608675012402, 0.4335944126634037, 0.43190513229837607, 0.4300008702511881, 0.42974941987617343, 0.43103260678403515, 0.427139574990553, 0.42561164323021383, 0.42558175676009236, 0.42266158847247853, 0.42214397589365643, 0.42012278823291554, 0.4198128645326577, 0.41895096266970916, 0.41879785294626276, 0.4182110113256118, 0.4159541632614884, 0.4148106463983947, 0.41428320723421436, 0.41267454331996395, 0.41294996820244134, 0.4123924269395716, 0.41018109695584165, 0.4094718425881629, 0.40925562673924015, 0.4076765898395987, 0.40571169525969264, 0.4063068365349489, 0.4037294481314865, 0.40358596222073423, 0.40223787578881953, 0.4005950625036277, 0.39945782458080964, 0.39802445851120294, 0.3990831830922295, 0.3974167523430843, 0.3970092505800958, 0.3954569562977436, 0.3950459606507245, 0.3932302524061764, 0.39358361036169764, 0.3919791380564372, 0.3902368276726966, 0.39095119985879634, 0.38904062614721413, 0.3873898141524371, 0.3882404519062416, 0.3872555254721174, 0.3861743632484885, 0.38498525058521943, 0.3845505293677835, 0.3834388676811667, 0.3821287973254335, 0.38182125138301476, 0.3802123046388813, 0.3795136891159357, 0.37893834184197817, 0.3783315244842978, 0.3790794587602802, 0.3759068168845831, 0.37527836187213076, 0.3742242578197928, 0.37399132695852544, 0.37248368765793594, 0.37174079815546673, 0.3722917542738073, 0.37048958738644916, 0.37045102201256097, 0.36930719427033964, 0.3688272553331712, 0.3679060579514971, 0.36656855952505973, 0.36738834603160037, 0.36428358683399126, 0.36384764781185225, 0.36340643027249503, 0.36212147334042716, 0.362117621828528, 0.3608247684497459, 0.3610989132932588, 0.36011671055765715, 0.35841016149988364, 0.35683998523973953, 0.35702620417464015, 0.3571711883825414, 0.35502445873092203, 0.3555467941013037, 0.35261380555582983, 0.3536438199819303, 0.3516102555920096, 0.3530580734505373], "val_loss": [0.6983007409355857, 0.6087576855312694, 0.5790661898526278, 0.5615015463395552, 0.5423814356327057, 0.5197762223807249, 0.4973783709786155, 0.4750202704559673, 0.46156470613046124, 0.4559345164082267, 0.4524239545518702, 0.4513762430711226, 0.4478134404529225, 0.4505425854162736, 0.4464825527234511, 0.44655009833249176, 0.4455890520052476, 0.44724469022317365, 0.4455651288682764, 0.4441480961712924, 0.4446593929420818, 0.4438444674015045, 0.44335235248912463, 0.4416750967502594, 0.44253226030956616, 0.4408006126230413, 0.4423275725408034, 0.44157623973759735, 0.44048981774937024, 0.43894158981063147, 0.4398348873311823, 0.43888336149129, 0.4381153068759225, 0.44038102301684295, 0.4357515952803872, 0.440088071606376, 0.43679398840123956, 0.4359960989518599, 0.4360136633569544, 0.4363340816714547, 0.43644496527585114, 0.43546402183446015, 0.43553060022267426, 0.43268289078365674, 0.43221612681042065, 0.43313095515424554, 0.4362818029793826, 0.43296029621904547, 0.4335705312815579, 0.434443709525195, 0.4319785914637826, 0.43214000084183435, 0.4329990961334922, 0.4336481175639413, 0.4333553530953147, 0.4305277602239089, 0.43087139183824713, 0.43192667852748523, 0.4306500825014981, 0.43413133783773944, 0.43086420135064557, 0.4322972758249803, 0.43268991871313617, 0.43431551077149133, 0.43410940874706616, 0.43011420423334296, 0.43158272992480884, 0.4305602257901972, 0.4288870963183316, 0.42802616411989386, 0.4296462833881378, 0.4311266162178733, 0.430145569823005, 0.42918059771711176, 0.43380448493090545, 0.43044422431425616, 0.43010626055977563, 0.42772706801241095, 0.42905307628891687, 0.43008080937645654, 0.4316650927066803, 0.4311544597148895, 0.42799030108885333, 0.4290072132240642, 0.42830433628775855, 0.4272412061691284, 0.42768727378411725, 0.42638012224977667, 0.42769451303915546, 0.4296608973633159, 0.4271179193800146, 0.42788706584410235, 0.42826559326865454, 0.42780865051529626, 0.42621197212826123, 0.4276131066409024, 0.4312607022848996, 0.42663853005929425, 0.42754229361360724, 0.4314709576693448, 0.4300635213201696, 0.4296343272382563, 0.42884609645063226, 0.430377570065585, 0.4286278648809953]}