{"best_val": 0.4716166630387306, "train_loss": [0.7389209700955285, 0.7124255465136634, 0.6835102538267771, 0.6528683337900374, 0.6201641824510362, 0.5890460279252794, 0.5631486574808756, 0.5473025010691749, 0.5282525387075212, 0.5186731451087527, 0.5114515042967267, 0.5004405246840583, 0.4997013376818763, 0.49501443405946094, 0.4914148913489448, 0.4879801372687022, 0.48346217970053357, 0.48250171376599205, 0.4803578539027108, 0.47910847928788924, 0.4764459845092561, 0.4743224134047826, 0.47452671494748855, 0.4718613177537918, 0.4703717446989483, 0.4694609757926729, 0.4693279067675273, 0.4657106151183446, 0.463784858584404, 0.4686029603083928, 0.46459044019381207, 0.46565859350893235, 0.4631134768327077, 0.46020305653413135, 0.46254265970653957, 0.4618393729130427, 0.46279504398504895, 0.4604698171218236, 0.4573032756646474, 0.4607313490576214, 0.46402280363771653, 0.46126900282171035, 0.45833543439706165, 0.4599786566363441, 0.4560507900185055, 0.45819878412617576, 0.4575852354367574, 0.4597834249337514], "val_loss": [0.7214626967906952, 0.6942026913166046, 0.6652668118476868, 0.6333308070898056, 0.5993443578481674, 0.5730587691068649, 0.5489716678857803, 0.533354252576828, 0.5223929360508919, 0.5173807591199875, 0.5071163773536682, 0.5059894174337387, 0.4989713951945305, 0.5010037645697594, 0.49393273890018463, 0.49465642869472504, 0.49168533831834793, 0.49066559970378876, 0.48933862149715424, 0.48883674293756485, 0.48627107590436935, 0.4869176372885704, 0.4828735366463661, 0.4895442724227905, 0.48482485115528107, 0.4825712814927101, 0.4831507131457329, 0.4867364466190338, 0.4771195650100708, 0.4806387200951576, 0.47838976234197617, 0.47806059569120407, 0.47537076473236084, 0.47822319716215134, 0.4755127280950546, 0.4809335172176361, 0.48595328629016876, 0.4716166630387306, 0.4748266115784645, 0.47937748581171036, 0.47671493887901306, 0.47924111038446426, 0.47232405096292496, 0.47900375723838806, 0.4772401228547096, 0.4799550473690033, 0.472260557115078, 0.4739049971103668]}