{"best_val": 0.47345253825187683, "train_loss": [0.7057561609480116, 0.6594497892591689, 0.6174414489004347, 0.5870615045229594, 0.5679983215199577, 0.5579029139545228, 0.5515830268462499, 0.5478475590546926, 0.541729544599851, 0.538073362575637, 0.5409959604342779, 0.5351444847053952, 0.5322084195084043, 0.5301465607351727, 0.5272133400042852, 0.526690736413002, 0.5264508244064119, 0.5224850806925032, 0.5227275159623888, 0.5213042795658112, 0.515086077981525, 0.5147463381290436, 0.5143966575463613, 0.5138476573758655, 0.5142852813005447, 0.5118254241016176, 0.5138902035024431, 0.5140879104534785, 0.5074579632944531, 0.5093219810061984, 0.5085804810126623, 0.5087358719772763, 0.5071087926626205, 0.5089898539914025, 0.5072614318794675, 0.5075187765889697, 0.5060509575737847], "val_loss": [0.6724333018064499, 0.6150631010532379, 0.5697572082281113, 0.5400413945317268, 0.521649070084095, 0.5117786005139351, 0.5115337669849396, 0.504944458603859, 0.5009649619460106, 0.4962775558233261, 0.49617715179920197, 0.49835048615932465, 0.4962373599410057, 0.4913283735513687, 0.48923177272081375, 0.4885106682777405, 0.4860113337635994, 0.48755616694688797, 0.4819329306483269, 0.4823108837008476, 0.49040280282497406, 0.4813607335090637, 0.4799667224287987, 0.48114539682865143, 0.4811936318874359, 0.47480088472366333, 0.47345253825187683, 0.475244477391243, 0.47510726004838943, 0.47814837098121643, 0.474693700671196, 0.47660858929157257, 0.47581635415554047, 0.47469642758369446, 0.47461047023534775, 0.4740009754896164, 0.47454833984375]}