{"best_val": 0.4829220473766327, "train_loss": [0.6933479838901095, 0.686718675825331, 0.6802434888150957, 0.6742640866173638, 0.6683220167954763, 0.6622796058654785, 0.6564886073271433, 0.6501769191688962, 0.6432376205921173, 0.6359032425615523, 0.6292169160313077, 0.6207015878624387, 0.6120999885929955, 0.6052059696780311, 0.5968959165943993, 0.5882127218776279, 0.5801004138257768, 0.571062210533354, 0.5640268160237206, 0.5574903554386563, 0.5492432134019004, 0.5460096465216743, 0.5389134585857391, 0.5377097775538763, 0.5305718382199606, 0.5276497420337465, 0.5248021400637097, 0.5194561183452606, 0.518089739812745, 0.5138413939211104, 0.5106686651706696, 0.5077845570113924, 0.5078269789616267, 0.505386158823967, 0.5006758007738326, 0.4985535790522893, 0.4980459047688378, 0.49921336935626137, 0.4941231674618191, 0.49499934911727905, 0.4898372491200765, 0.49004948139190674, 0.48982393741607666, 0.4879743721750047, 0.485724871357282, 0.4884460237291124, 0.48545829289489323, 0.4831093069579866, 0.4823124772972531, 0.4823005166318681, 0.48127683334880406, 0.4800573272837533, 0.47684087687068516, 0.47811324563291335, 0.476473116212421, 0.47481392323970795, 0.4763384660085042, 0.47421564492914414, 0.47241440912087757, 0.47081728445159066, 0.47212250530719757, 0.4719224174817403, 0.4695906274848514, 0.46928536395231885, 0.4670409974124696, 0.46676871677239734, 0.4685918705330955, 0.46567773322264355, 0.46558698018391925, 0.4651327232519786, 0.464933810962571, 0.4647621462742488, 0.4621274520953496, 0.46476834019025165, 0.4634353717168172, 0.4617211123307546, 0.4610907468530867, 0.46204810506767696, 0.4587867375877168, 0.45989728305074906], "val_loss": [0.689433291554451, 0.684152826666832, 0.678960457444191, 0.6736256331205368, 0.6689560264348984, 0.6641990840435028, 0.6595447212457657, 0.6539948731660843, 0.6483041644096375, 0.642963245511055, 0.6355207413434982, 0.6297739893198013, 0.6246509999036789, 0.6165151745080948, 0.6126788705587387, 0.6036335527896881, 0.6024105697870255, 0.5981291085481644, 0.5877130329608917, 0.5848719775676727, 0.5797599703073502, 0.5799049139022827, 0.5700529962778091, 0.5726084113121033, 0.5710946023464203, 0.5687900334596634, 0.5605495125055313, 0.5615478456020355, 0.5558274239301682, 0.5552292913198471, 0.5512755662202835, 0.5447095856070518, 0.5494862049818039, 0.5412289202213287, 0.5399114638566971, 0.5360671356320381, 0.5320657566189766, 0.5323405414819717, 0.5307482331991196, 0.5287793353199959, 0.5290417075157166, 0.52769935131073, 0.5218312665820122, 0.525899313390255, 0.5216568037867546, 0.5200710594654083, 0.5179934203624725, 0.5183242857456207, 0.5182157754898071, 0.5160442069172859, 0.5126421600580215, 0.5085415914654732, 0.5101897120475769, 0.5114141777157784, 0.5042256116867065, 0.5026007145643234, 0.5006937831640244, 0.5089450404047966, 0.5054502710700035, 0.5017532929778099, 0.5028852373361588, 0.49366554617881775, 0.49422136694192886, 0.49249888956546783, 0.4905068427324295, 0.4929238557815552, 0.4894573986530304, 0.4943167045712471, 0.48807254433631897, 0.4829220473766327, 0.4971954673528671, 0.48303140699863434, 0.4852941557765007, 0.48678992688655853, 0.4899274408817291, 0.48366905003786087, 0.48854368925094604, 0.4853290542960167, 0.4858635291457176, 0.4842352271080017]}