{"best_val": 0.46142368018627167, "train_loss": [0.6508327722549438, 0.6323468916945987, 0.6124562786685096, 0.5925296511914995, 0.5764990581406487, 0.5638461692465676, 0.5575564834806654, 0.5527515808741251, 0.5486981024344763, 0.5469262384706073, 0.5414338873492347, 0.5401930924918916, 0.5369572821590636, 0.5345399131377538, 0.5327688472138511, 0.5328389439317915, 0.53311601612303, 0.5287911163436042, 0.5309039933813943, 0.527780243092113, 0.5237394140826331, 0.5235235740741094, 0.5221099423037635, 0.5225774513350593, 0.5183202574650446, 0.5175366914934583, 0.5171467992994521, 0.5149437321556939, 0.5147129992643992, 0.5117963072326448, 0.5104317317406336, 0.5092138350009918, 0.5077818582455317, 0.5067412190967135, 0.5097190307246314, 0.5068279173639085, 0.5065377818213569, 0.5057013779878616, 0.505898043513298, 0.5050476706690259, 0.5062347402175268, 0.504645566145579, 0.5040408025185267, 0.5065694666571088, 0.5049216863181856, 0.500797419084443, 0.5022829406791263, 0.5017052061027951, 0.504559240407414, 0.5012958960400687, 0.5032306594981087, 0.5001658449570338, 0.49890632927417755, 0.4999053047762977, 0.5002945843670104, 0.5017285893360773, 0.49868837826781803, 0.4990288002623452, 0.49867361618412864, 0.49940695365269977, 0.49717047148280674, 0.4985470324754715, 0.4992467727926042, 0.4953659839100308, 0.4983036783006456, 0.49855036040147144, 0.49722529616620803, 0.4932114001777437, 0.4969436211718453, 0.4945245020919376, 0.49571412801742554, 0.4966650969452328, 0.4993552317221959, 0.4972912520170212, 0.49607499440511066, 0.4990575263897578], "val_loss": [0.642229825258255, 0.6234934628009796, 0.6030166894197464, 0.5835297703742981, 0.5706638395786285, 0.5554557740688324, 0.5512272417545319, 0.5429157465696335, 0.5452376306056976, 0.5341289415955544, 0.5332646071910858, 0.522395633161068, 0.5206367745995522, 0.5233603715896606, 0.5174484774470329, 0.5159027054905891, 0.5109336972236633, 0.511420264840126, 0.5040292590856552, 0.5058023482561111, 0.49347561597824097, 0.4989688917994499, 0.4959213435649872, 0.4926009774208069, 0.4939778372645378, 0.4915415495634079, 0.48523779958486557, 0.48684633523225784, 0.4802047535777092, 0.48478808254003525, 0.48059381544589996, 0.4738132432103157, 0.4778856411576271, 0.4775103032588959, 0.47694552689790726, 0.4779895544052124, 0.4755666255950928, 0.47407857328653336, 0.47467371076345444, 0.47127409279346466, 0.47738873213529587, 0.47108345478773117, 0.46777529269456863, 0.4739158898591995, 0.4715266078710556, 0.4729776009917259, 0.4779624119400978, 0.47318586707115173, 0.48030850291252136, 0.47184980660676956, 0.4701096639037132, 0.4714079797267914, 0.46702583879232407, 0.46733997762203217, 0.4688648357987404, 0.4689764082431793, 0.46868787705898285, 0.47551120817661285, 0.46937011182308197, 0.4674061983823776, 0.4673440232872963, 0.47411131113767624, 0.46665818244218826, 0.4693891182541847, 0.4683913588523865, 0.46142368018627167, 0.46723078936338425, 0.46844150871038437, 0.4676539897918701, 0.4620271474123001, 0.4615406021475792, 0.4628927484154701, 0.4647528678178787, 0.46647942066192627, 0.4668949320912361, 0.47034451365470886]}