{"best_val": 0.4487525089220567, "train_loss": [0.6690700708651075, 0.6382757238313264, 0.6056597454875123, 0.5850379700754204, 0.5727971932467293, 0.5605032315441206, 0.5447525411259895, 0.5247547129789988, 0.5029335769952512, 0.4877035319805145, 0.4762847213184132, 0.47105555382429387, 0.4652593913031559, 0.46352724643314586, 0.4593331083363178, 0.4580000808425978, 0.4564124001007454, 0.45557846450338174, 0.4537204200146245, 0.45439312563223, 0.45363957449501635, 0.45167341302422914, 0.45176951850161834, 0.4507494317550285, 0.4494105869648503, 0.4487195394787134, 0.447662553950852, 0.4481324524271722, 0.44804708455123154, 0.44684326064352897, 0.44469469844126236, 0.4462043076169257, 0.443774119311688, 0.44411513910574074, 0.4430410271766139, 0.4429006699253531, 0.4411913378565919, 0.4394325438667746, 0.4404191275437673, 0.43914104267662646, 0.43735506487827674, 0.4382699009250192, 0.4361330159738952, 0.43644115679404316, 0.4359993028874491, 0.4335602592019474, 0.4335564240521076, 0.43178850879856184, 0.43179211312649296, 0.43022074126729776, 0.4295879783583622, 0.42834141382984087, 0.4281558674924514, 0.42847107555352004], "val_loss": [0.65598064661026, 0.6256166859106584, 0.6007077639753168, 0.5888671278953552, 0.5757399743253534, 0.5614916546778246, 0.5414344451644204, 0.5165961493145336, 0.49803129922259937, 0.48277721079913055, 0.4746256551959298, 0.4682927592234178, 0.4674392586404627, 0.46358066526326264, 0.46135095032778656, 0.4631477052515203, 0.45922870527614246, 0.46118135072968225, 0.46024310317906464, 0.45899732546372846, 0.4582787752151489, 0.4568301249634136, 0.45718465609983966, 0.4577325474132191, 0.4571081914684989, 0.45483914017677307, 0.4566155265678059, 0.45777532729235565, 0.45538723739710724, 0.4571164548397064, 0.45501134341413324, 0.4543898674574765, 0.45397368344393646, 0.4530211199413646, 0.4512646116993644, 0.452338844537735, 0.4522097679701718, 0.4509070163423365, 0.4552080739628185, 0.4500315080989491, 0.45143953507596796, 0.45191401514140045, 0.44994812391021033, 0.4487525089220567, 0.4499630738388408, 0.45058744062076916, 0.4499134963208979, 0.45005260001529346, 0.45086823539300397, 0.45019690556959674, 0.4514110061255368, 0.4515509849244898, 0.4493541582064195, 0.45023976401849225]}