{"best_val": 0.4531508819623427, "train_loss": [0.6706615078682993, 0.6155966718991598, 0.5772735277811686, 0.5567198839842105, 0.5313085750037548, 0.5036564340778426, 0.48091940669452443, 0.4664774151409374, 0.4573678222357058, 0.4533805128406076, 0.45117224548377244, 0.45205728154556424, 0.44853093635802177, 0.4474574900140949, 0.44646984864683714, 0.4459075997857487, 0.44697420971066343, 0.44509723490359737, 0.4438479414173201, 0.4433613127353145, 0.4435841984608594, 0.44090121750738104, 0.43960807019588993, 0.43879419156149324, 0.4376319512432697, 0.4357343187519148, 0.43572142194299135, 0.4325352988991083, 0.43273334292804494, 0.4316636475862241, 0.4317653623281741, 0.42884619329489915, 0.42684491650730955, 0.4277714853193246, 0.4253695128010769, 0.4237166163968105, 0.42116807196654527, 0.4211939760282928, 0.4179757810106464, 0.4170861016301548, 0.4162837319514331, 0.4166780447258669, 0.41332505789457585, 0.41335000360713287, 0.4107850153072208, 0.40847019588246064, 0.4065268057234147, 0.40489285249336093, 0.40246819923905763, 0.4035110730750888], "val_loss": [0.6415626298297535, 0.5928212620995261, 0.5726013075221669, 0.5480829639868303, 0.5195900012146343, 0.4942497123371471, 0.4761081419207833, 0.46694292805411597, 0.4629112753001126, 0.4615074531598525, 0.4635083323175257, 0.4609831923788244, 0.45731954953887244, 0.45908827673305164, 0.46134689992124384, 0.46143565394661645, 0.46004182913086633, 0.4597365774891593, 0.46250525929711084, 0.46008291840553284, 0.45894560488787567, 0.46043343164704065, 0.4553859260949222, 0.45805547725070606, 0.4577837721867995, 0.45541333610361273, 0.4573335485024886, 0.456527669321407, 0.45520717989314685, 0.45744783499024133, 0.4546598087657582, 0.4545923742381009, 0.4545590010556308, 0.4569023441184651, 0.4534271847118031, 0.45408074151385913, 0.454790705984289, 0.456015792759982, 0.45786900411952625, 0.4531508819623427, 0.4554437290538441, 0.4544290466742082, 0.45409519293091516, 0.45816984501751984, 0.45606931231238623, 0.45842932029203937, 0.45612917705015704, 0.45541429248723114, 0.4621715924956582, 0.457065763798627]}