{"best_val": 0.48579829931259155, "train_loss": [0.7060259580612183, 0.6639434198538462, 0.6157016489240859, 0.5656328929795159, 0.5372745427820418, 0.5180087818039788, 0.508755463692877, 0.499563733736674, 0.4968149529563056, 0.4918104343944126, 0.4922483248843087, 0.4895976334810257, 0.48779014084074235, 0.48204734921455383, 0.4850255482726627, 0.4816047234667672, 0.48271804716851974, 0.4798988683356179, 0.4779023677110672, 0.4814254442850749, 0.4806905835866928, 0.4795374787516064, 0.4792843659718831, 0.4798668175935745, 0.4810781644450294, 0.4763016651074092, 0.47386951744556427, 0.47730007270971936, 0.4766867475377189, 0.4770114802651935, 0.47686342729462516, 0.47494127187463975, 0.4747638487153583, 0.47404064734776813, 0.4708742830488417, 0.4739815543095271, 0.4735255142052968, 0.4722860919104682, 0.47292913330925834, 0.4747334470351537, 0.47237135304345024, 0.47190463211801315, 0.4699530220694012, 0.4714801361163457, 0.4726419349511464, 0.469916476143731, 0.4721740086873372, 0.4701985849274529, 0.4696474141544766], "val_loss": [0.6832263022661209, 0.6402372866868973, 0.5912831425666809, 0.5572608262300491, 0.5408515632152557, 0.5322949290275574, 0.5220020636916161, 0.5154372975230217, 0.5210372731089592, 0.5123893469572067, 0.5157029330730438, 0.5200039073824883, 0.5215054452419281, 0.5124803632497787, 0.508403517305851, 0.5155723616480827, 0.5000698566436768, 0.503764919936657, 0.5061051249504089, 0.5038938298821449, 0.5027474537491798, 0.5011917725205421, 0.49694522470235825, 0.4897093251347542, 0.5017048865556717, 0.4962056279182434, 0.49971216171979904, 0.4965231865644455, 0.49298201501369476, 0.48888950049877167, 0.4963359832763672, 0.49155013263225555, 0.494265541434288, 0.49041637778282166, 0.4964806064963341, 0.499142050743103, 0.49496227502822876, 0.49040548503398895, 0.48579829931259155, 0.4886030927300453, 0.48655204474925995, 0.4880209118127823, 0.48974835127592087, 0.4884203225374222, 0.49281442910432816, 0.49132808297872543, 0.4877491295337677, 0.4952031373977661, 0.4909973293542862]}