{"best_val": 0.5713745594024658, "train_loss": [0.6924423250285062, 0.6915704228661277, 0.6901279931718652, 0.6873769109899347, 0.6831705868244171, 0.6758049157532778, 0.6639261733401906, 0.6468455764380369, 0.6268777359615673, 0.6094921041618694, 0.5976065288890492, 0.5908363434401426, 0.5848536464301023, 0.5830228762193159, 0.5810690711845051, 0.5802371095527302, 0.5796342627568678, 0.5795371369882063, 0.5792880762707103, 0.5790874009782617, 0.5785486047918146, 0.5784878866239027, 0.5785617123950612, 0.5794013711539182, 0.5785867517644708, 0.5783803733912382, 0.5783319500359622, 0.578092713247646, 0.5779631544243206, 0.5777509239586917, 0.5778967602686449, 0.5777616907249797, 0.5776760442690416, 0.5777634463526986, 0.5772966309027239, 0.5780299549753015, 0.5775737599893049, 0.5774888125332919, 0.5774958187883551, 0.5773758508942344, 0.57728665525263, 0.5774368291551416, 0.5778504528782584], "val_loss": [0.6919661164283752, 0.6909621357917786, 0.6886539816856384, 0.6851628065109253, 0.679407262802124, 0.6703656911849976, 0.6544160485267639, 0.6345715165138245, 0.6145714402198792, 0.5996778964996338, 0.592775821685791, 0.5863798379898071, 0.5800678968429566, 0.5782572269439697, 0.5773085474967956, 0.5763206839561462, 0.5739094734191894, 0.5772929549217224, 0.5771297693252564, 0.5766772747039794, 0.5733611702919006, 0.5772649645805359, 0.5719125986099243, 0.5753961086273194, 0.5748513817787171, 0.5730206370353699, 0.572968864440918, 0.5749884247779846, 0.5755325317382812, 0.5759739518165589, 0.5746201634407043, 0.5748040080070496, 0.5713745594024658, 0.5744294643402099, 0.5769687294960022, 0.5750396013259887, 0.5728392362594604, 0.5721994280815125, 0.5754146218299866, 0.5742910742759705, 0.574195122718811, 0.5718300580978394, 0.5718817234039306]}