{"best_val": 0.44709616899490356, "train_loss": [0.6425606748637032, 0.6061779786558712, 0.5821206148932961, 0.5715148314541462, 0.5574517664956111, 0.5354965644724229, 0.5054069021168877, 0.4766787962586272, 0.4561552078116174, 0.44388120957449373, 0.43749835970355017, 0.43369442166066635, 0.4318432842983919, 0.429972019850039, 0.4266837063957663, 0.42443167812684, 0.42381758841813777, 0.42147619817771165, 0.42041582687228335, 0.4202848859861785, 0.4176919378486334, 0.41742127140363056, 0.41524458223698185, 0.41434604806058545, 0.41269806202720194, 0.4121948766942118, 0.4113757809003194, 0.40969550726460474, 0.4100504178626865, 0.408833535862904, 0.409277326336094], "val_loss": [0.6304200941866095, 0.5934825756333091, 0.5857948823408647, 0.5759554722092368, 0.5591247488151897, 0.5344572040167722, 0.5055618584156036, 0.48024512421001087, 0.4677132313901728, 0.45833051746541803, 0.4547881240194494, 0.45249764214862476, 0.4540710855614055, 0.4539129083806818, 0.4522809846834703, 0.4515181508931247, 0.45418043570085004, 0.44984484260732477, 0.44935320995070716, 0.44972709634087304, 0.44709616899490356, 0.44897722927006806, 0.45101510936563666, 0.4506511146372015, 0.44926753640174866, 0.4505759206685153, 0.45232787186449225, 0.44923096895217896, 0.4510785801844163, 0.4488495777953755, 0.44983239607377484]}