{"best_val": 0.4842088893055916, "train_loss": [0.7281001110871633, 0.7017574508984884, 0.6786413027180566, 0.6623512970076667, 0.6507431202464633, 0.6378397345542908, 0.6204694509506226, 0.6004321078459421, 0.5796201692687141, 0.5559085773097144, 0.5379493368996514, 0.5264770603842206, 0.5139687442117267, 0.5071364326609505, 0.5018369538916482, 0.49804463154739803, 0.49287329945299363, 0.4935157679849201, 0.49162918825944263, 0.48702792161040837, 0.48378325667646194, 0.48434314297305214, 0.4805978155798382, 0.479162260890007, 0.4774653911590576, 0.4785657938983705, 0.4752115507920583, 0.47760526835918427, 0.47692757182651097, 0.47684162855148315, 0.4736735175053279, 0.4724736346138848, 0.4730152537425359, 0.47115812202294666, 0.46957363353835213, 0.46895981662803227, 0.46695884068806964, 0.4696195092466142, 0.46882503893640304, 0.4662766291035546, 0.46711502141422695, 0.4695385264025794, 0.4710906710889604, 0.4670636124081082, 0.46583204964796704, 0.4683939102623198, 0.46564535134368473, 0.4696478479438358, 0.4655004077487522, 0.4692628002829022, 0.468124454220136, 0.4670097529888153, 0.4650993314054277, 0.46643642750051284, 0.4633221990532345, 0.46743318604098427], "val_loss": [0.6822791248559952, 0.6666016727685928, 0.6524519473314285, 0.6411087512969971, 0.6271043866872787, 0.6148889660835266, 0.6034285426139832, 0.5915498435497284, 0.5839544087648392, 0.5831750631332397, 0.5699594393372536, 0.5537199527025223, 0.5418031066656113, 0.537413015961647, 0.5345396846532822, 0.5208790153264999, 0.5305168628692627, 0.5228412449359894, 0.5249592289328575, 0.5144906714558601, 0.5188511684536934, 0.512383945286274, 0.5109526365995407, 0.5088055953383446, 0.5055362060666084, 0.4977434575557709, 0.5034733414649963, 0.4940147250890732, 0.5045183524489403, 0.5030554682016373, 0.49852944910526276, 0.4992787092924118, 0.49094192683696747, 0.4897415190935135, 0.5024964213371277, 0.4880519136786461, 0.5021279081702232, 0.4927995055913925, 0.4865991100668907, 0.4940229058265686, 0.48609448224306107, 0.48766593635082245, 0.4930683374404907, 0.4847221001982689, 0.4887240454554558, 0.4842088893055916, 0.4917024224996567, 0.48901528865098953, 0.4932202100753784, 0.4870924949645996, 0.48541779071092606, 0.49284763634204865, 0.4876799210906029, 0.48806626349687576, 0.49763959646224976, 0.4886360764503479]}