{"best_val": 0.4383286237716675, "train_loss": [0.6412841642604155, 0.5992041779499427, 0.5702252282815821, 0.5571920217252245, 0.5410515578354106, 0.5206101700371387, 0.49492071598183873, 0.47050785784627874, 0.4519624318562302, 0.4411027846383114, 0.4346489812813553, 0.4312112097646676, 0.4300391913629046, 0.4284388896297006, 0.42663007916188705, 0.4252948918763329, 0.423805458872926], "val_loss": [0.6245483214204962, 0.5861007571220398, 0.5712967623363842, 0.5587668202140115, 0.542481704191728, 0.5199885232882067, 0.49168438803065906, 0.4699010767719962, 0.4603401341221549, 0.447581637989391, 0.44275435534390534, 0.4409123035994443, 0.44025844606486236, 0.44149011915380304, 0.4406916851347143, 0.4383316229690205, 0.4383286237716675]}