{"best_val": 0.40791324322873895, "train_loss": [0.6647661889300627, 0.6384647056168201, 0.6114128290438184, 0.5907953124420315, 0.5788284540176392, 0.5700221061706543, 0.5585857290847629, 0.5471961878094018, 0.5357654018729341, 0.5232744152639427, 0.509508828906452, 0.4973866997980604, 0.48545945800986945, 0.4761564100489897, 0.465488683943655, 0.45807178932077747, 0.4535814687317493, 0.4491572724837883, 0.44388970148329643, 0.4418177914385702, 0.44025785023090885, 0.43957331484439327, 0.4364798852041656, 0.435543720628701, 0.43473004885748323, 0.43136097110953986, 0.4333275737715702, 0.4305616260743609, 0.43053557709151624, 0.42910318865495567, 0.42793911929224054, 0.42913565916173596, 0.42821473584455605, 0.426257191919813, 0.42728106882057937, 0.42439500315516604, 0.42522212629224737, 0.42403502733099696, 0.42365599379819985, 0.42279787975199085, 0.4226363125969382, 0.42236493381799434, 0.42190277342702825, 0.42137116485950993, 0.4204288592525557, 0.418902969827839, 0.4187120368667677, 0.41929426906155604, 0.41808406219762917, 0.4171876328832963, 0.41593552804460715, 0.416610798999375, 0.4157296571077085, 0.4144369953987645, 0.41547201603066686, 0.41458985560080586, 0.4138937025677924, 0.41396472559255715, 0.4129169466448765, 0.4123622541334115, 0.4129743015064913, 0.41185914009225133, 0.4123014334370108, 0.4115467702641207, 0.4104122069536471, 0.4104118247826894, 0.4104076214865142, 0.4089668071737476, 0.40878938518318475, 0.40786544365041394, 0.4080806310270347, 0.4081607250606312, 0.4084334174791972], "val_loss": [0.6492363485423002, 0.6200257268818942, 0.5893098928711631, 0.5718424103476785, 0.5593191303990104, 0.5507573268630288, 0.5393350612033497, 0.5286087095737457, 0.514672111381184, 0.5029394762082533, 0.49028598991307343, 0.47800018841570074, 0.46794158762151544, 0.45859763568097894, 0.45126827467571606, 0.44459905136715283, 0.43884063037959015, 0.43533444133671845, 0.43263969638130884, 0.4300482896241275, 0.4275966936891729, 0.4276762685992501, 0.4231174723668532, 0.4224974919449199, 0.42198269204659894, 0.42114039713686163, 0.4205912703817541, 0.4212932830507105, 0.41879630901596765, 0.4187660650773482, 0.41873840581287036, 0.41869083588773554, 0.4189248491417278, 0.41665413162925025, 0.41875390843911603, 0.4181654155254364, 0.41817610643126746, 0.4155631390484897, 0.41475840319286694, 0.4150316661054438, 0.4156422181562944, 0.41396930000998755, 0.41368932886557147, 0.4145329946821386, 0.41293044794689526, 0.4130144715309143, 0.4122035693038594, 0.4115118844942613, 0.4108437949960882, 0.4135655706579035, 0.4119533219120719, 0.41071402755650604, 0.4104428074576638, 0.40964982184496795, 0.4116454693404111, 0.4104357063770294, 0.4092663662000136, 0.41007262197407807, 0.4102060930295424, 0.41006556966088037, 0.40989032116803253, 0.409706175327301, 0.40791324322873895, 0.4092540009455247, 0.40921901030973956, 0.40813325480981305, 0.4096529348330064, 0.40854025699875574, 0.4083858213641427, 0.4082771024920724, 0.40849391438744287, 0.4081128104166551, 0.4079407372257926]}