{"best_val": 0.4384014741940932, "train_loss": [0.7415118264217003, 0.7248833810581881, 0.7086998259319979, 0.6908482009289312, 0.6685808464592579, 0.6425509300886416, 0.6196714791597104, 0.6028301131491568, 0.593035574052848, 0.587126632531484, 0.5788947916498371, 0.5728243828988543, 0.5659935941883162, 0.5596514712361729, 0.5522046241105771, 0.5457918766666862, 0.5394901709229338, 0.5331080298797757, 0.5244444263916389, 0.5167663009727702, 0.5082317251785129, 0.5021951175203511, 0.4944975697526745, 0.4870307521492827, 0.48033401662228153, 0.4747444461373722, 0.4686088263988495, 0.4622538376088236, 0.4579842160729801, 0.4539780026557399, 0.44908709502687644, 0.4465910447578804, 0.4429197662016925, 0.4407729138346279, 0.4363674112394744, 0.43596797538738624, 0.4333424059783711, 0.4326240665772382, 0.43090372401125293, 0.4296785423568651, 0.42906242199972566, 0.42780669705540525, 0.42627957054212984, 0.42559919579356326, 0.4262022078037262, 0.4239846421223061, 0.42409755727824044, 0.424169461516773, 0.4234246033079484, 0.42267655858806535, 0.42187924595440135, 0.4221076065418767, 0.4214661764163597, 0.42065656944817187, 0.4208848908835766, 0.42048019521376667, 0.4200952292657366, 0.4201306507867925, 0.42000601864328574, 0.41987775587568094, 0.4190061109907487, 0.4180011544741836, 0.41830909953397866, 0.4180508600730522, 0.41867657911543754, 0.41798125587257684, 0.4162213188760421, 0.41601139657637654, 0.4168306682624069, 0.4168367929318372, 0.4155363387921277, 0.4171571047867046, 0.41550997542399987, 0.41599781548275666, 0.4148816641639261, 0.4147013197926914, 0.4139823054566103, 0.4132457761203541, 0.4133067201165592, 0.4129633155523562, 0.4135088640100816, 0.4133198126858356, 0.41285767975975485, 0.41315383244963255], "val_loss": [0.7308945276520469, 0.715365778316151, 0.6997041214596141, 0.6813095211982727, 0.6590968587181785, 0.6375230117277666, 0.6229182427579706, 0.6143236810510809, 0.6075851050290194, 0.6033151529052041, 0.5964230082251809, 0.5900514071637933, 0.5852517810734835, 0.5781280940229242, 0.5734122666445646, 0.5655513134869662, 0.5584638606418263, 0.5513671338558197, 0.5438440550457347, 0.5375005196441304, 0.5285563468933105, 0.5216444541107524, 0.5131358368830248, 0.5059109736572612, 0.4990708150646903, 0.49122972650961444, 0.48608699440956116, 0.4806580977006392, 0.47654399275779724, 0.47134282372214575, 0.46563399921764026, 0.4645823429931294, 0.4618135284293782, 0.45724058422175323, 0.45657204497944226, 0.4565195387059992, 0.45312386751174927, 0.4509566995230588, 0.4514614966782657, 0.44920372421091254, 0.44896101680668915, 0.44866725531491364, 0.4459404159675945, 0.4471163099462336, 0.44672002033753827, 0.4459980509497903, 0.4464826773513447, 0.4459105215289376, 0.4453807906671004, 0.447345571084456, 0.4454562555659901, 0.44470464099537244, 0.4440979849208485, 0.444534721699628, 0.4448442269455303, 0.4427122284065593, 0.44279462640935724, 0.44153402881188825, 0.44241940162398596, 0.4422232454473322, 0.4427948594093323, 0.4409078765999187, 0.4434474137696353, 0.4414497532627799, 0.44162361188368365, 0.4409652921286496, 0.4417763731696389, 0.4417963109233163, 0.4418169016187841, 0.44018395380540326, 0.4411083920435472, 0.4392437528480183, 0.4415026713501323, 0.4384014741940932, 0.4409335905855352, 0.4402106756513769, 0.43942404606125574, 0.43871245059100067, 0.43957281383601104, 0.43936087868430396, 0.4388422559608113, 0.4402486167170785, 0.4387453496456146, 0.4393009733070027]}