{"best_val": 0.4251716136932373, "train_loss": [0.6453881964964026, 0.5850395285615734, 0.5528488509795245, 0.5125558738614998, 0.4801621068926418, 0.46036603228718626, 0.4528422764703339, 0.44979287011950625, 0.44795288116324183, 0.4455431664691252, 0.4424636416575488, 0.44041287314658073, 0.439338952887292, 0.4366198935929467, 0.4352164414583468, 0.4336228902433433, 0.43115223096866234, 0.42984765475871517, 0.42779767221095516, 0.4263121427274218, 0.424862301232768, 0.4218724907613268, 0.42123963610798704, 0.4195205621859607, 0.4179285057619506, 0.416956763641507, 0.4131970890596801, 0.41229050358136493, 0.4119952245085847, 0.4096882366666607, 0.40689704581802966, 0.4066118066217385, 0.40292490638938605, 0.40240366961441787, 0.40052445437393935, 0.39892809998755363, 0.39782826690112844, 0.3969295749477312, 0.3938910493663713, 0.3909798328782998, 0.38894861644389583, 0.38911911377719804, 0.3870225636398091, 0.38566939503538844, 0.3836587106480318, 0.3799136310231452, 0.3785970129218756, 0.377520913586897, 0.3769828338249057, 0.37577593735620085, 0.3738794227441152, 0.37150132305481853, 0.37031857932315154, 0.3672497336770974, 0.3667268384905422, 0.3644988875763089], "val_loss": [0.5943893356756731, 0.5589107437567278, 0.5230732207948511, 0.48232451352206146, 0.4558835300532254, 0.4459965906359933, 0.44114851409738715, 0.43859009038318286, 0.4388774281198328, 0.43484180623834784, 0.43638913468881085, 0.43534819375384937, 0.43820386312224646, 0.43634386496110394, 0.43421658873558044, 0.43326043811711396, 0.4343865784731778, 0.4352708784016696, 0.43361731550910254, 0.434576080604033, 0.43310179764574225, 0.43366152860901575, 0.43077690763907, 0.4312088841741735, 0.4303435195576061, 0.4326494471593337, 0.4294673908840526, 0.4309287206693129, 0.43233456394889136, 0.4356366206299175, 0.4328279982913624, 0.42801253362135455, 0.4292274090376767, 0.42885984073985706, 0.43025338649749756, 0.43047140403227374, 0.4336032379757274, 0.43135630000721326, 0.4270709915594621, 0.42807007106867706, 0.42895611036907544, 0.42921334776011383, 0.42876329205252905, 0.43233151598410174, 0.42640417272394354, 0.4251716136932373, 0.4265653978694569, 0.4297398030757904, 0.4306781156496568, 0.42917109348557214, 0.4264868822964755, 0.43157900734381244, 0.42655324935913086, 0.42970995740457013, 0.4292359243739735, 0.42885006828741595]}