{"best_val": 0.46419697254896164, "train_loss": [0.6492741703987122, 0.6276930603716109, 0.6038552953137292, 0.5803553097777896, 0.5597805943753984, 0.5506521794531081, 0.5406349069542356, 0.536792000134786, 0.5329284502400292, 0.5287045720550749, 0.5274448113309013, 0.5274160554011663, 0.521702316072252, 0.520148957769076, 0.5176369249820709, 0.5137356933620241, 0.5158705545796288, 0.5104888147777982, 0.5096234232187271, 0.5075595461659961, 0.5105150904920366, 0.5053238222996393, 0.5070798595746359, 0.5049703071514765, 0.5024585392740037, 0.5048266069756614, 0.5041711380084356, 0.5024387687444687, 0.4998946984608968, 0.5008273240592744, 0.5013019293546677, 0.5013948480288187, 0.5049616644779841, 0.5053252942032285, 0.49951179325580597, 0.4997667554352019, 0.49967428545157117, 0.49848739471700454, 0.49899206393294865, 0.4975733458995819], "val_loss": [0.630768895149231, 0.6012039482593536, 0.5763197690248489, 0.5449066013097763, 0.5287180244922638, 0.5133709609508514, 0.5100313425064087, 0.5001543387770653, 0.4964885413646698, 0.4957555830478668, 0.494003027677536, 0.4903973489999771, 0.48739317059516907, 0.4887441545724869, 0.4872245416045189, 0.48436175286769867, 0.4811587855219841, 0.47551506012678146, 0.48388203233480453, 0.47636208683252335, 0.46564219892024994, 0.47556352615356445, 0.47177746146917343, 0.4670080989599228, 0.46712013334035873, 0.46804866194725037, 0.47410839796066284, 0.4675683379173279, 0.46562425047159195, 0.46419697254896164, 0.47063882648944855, 0.46715670824050903, 0.47146474570035934, 0.4698416516184807, 0.46646493673324585, 0.4645283594727516, 0.4674532413482666, 0.4659019261598587, 0.4718210697174072, 0.4653231278061867]}