{"best_val": 0.49581602215766907, "train_loss": [0.7235407564375136, 0.7184296117888557, 0.7134151326285468, 0.7083445257610745, 0.7029129465421041, 0.6969071361753676, 0.6900798446602292, 0.6824023524920145, 0.6738315125306448, 0.664442221323649, 0.6543494562307993, 0.6433021095063951, 0.6318944295247396, 0.6210421986050076, 0.6111380855242411, 0.6034603185123868, 0.5945898493131002, 0.5872198740641276, 0.5820039411385854, 0.5747214092148675, 0.5704769624604119, 0.562727055615849, 0.559485039777226, 0.5567388468318515, 0.5518394046359592, 0.5459869007269541, 0.5404113961590661, 0.5378883050547706, 0.5322669297456741, 0.5322012338373396, 0.5247598588466644, 0.5248357074128257, 0.5221033030086093, 0.5181595070494546, 0.5149999260902405, 0.5143403626150556, 0.512358061141438, 0.5119084467490514, 0.5096272842751609, 0.5094153963857226, 0.5078103409873115, 0.5118068903684616, 0.5071873598628573, 0.5062881708145142, 0.5079056057665083, 0.5068166736099455, 0.5050202111403147, 0.5035066356261572, 0.5047565847635269, 0.5015027903848224, 0.5011178056399027, 0.5030304623974694, 0.5038488242361281, 0.505944644411405, 0.5040527466270659, 0.50175212820371, 0.499493776096238, 0.500775032573276, 0.49745943976773155, 0.5010953148206075, 0.4965561065408919, 0.4976266026496887, 0.4983287834458881, 0.5002355459663603, 0.4963245689868927, 0.4977237068944507, 0.49607400596141815, 0.4950365871191025, 0.4964793672164281, 0.49438436660501694, 0.4990487214591768, 0.4960338556104236, 0.4935197846757041, 0.493045449256897, 0.49596204194757676, 0.49461938440799713, 0.49447886149088544, 0.49513742493258583, 0.4935364094045427, 0.4890696373250749, 0.4926276140742832, 0.492438319656584, 0.4906808253791597, 0.49323980344666374, 0.49227842191855115, 0.493360956509908, 0.4940965357753966, 0.49101513789759743, 0.49244190586937797, 0.4904162966542774, 0.49099865390194786, 0.4898340321249432, 0.49570426013734603, 0.4908496257331636, 0.4901808864540524, 0.48860641154978013, 0.49206922782791984, 0.4882269418901867], "val_loss": [0.7200803309679031, 0.7151110768318176, 0.7100490480661392, 0.7051985412836075, 0.6997353583574295, 0.6934294402599335, 0.686183512210846, 0.6785045117139816, 0.6701018512248993, 0.6609620749950409, 0.6503627747297287, 0.6410275548696518, 0.6294386237859726, 0.6189821809530258, 0.6155962347984314, 0.6035843640565872, 0.5976281315088272, 0.5906836986541748, 0.5898616015911102, 0.5870473831892014, 0.5741770565509796, 0.5705356001853943, 0.5675412118434906, 0.5666022524237633, 0.5571070611476898, 0.5512933731079102, 0.5494057238101959, 0.5450276434421539, 0.5441731065511703, 0.5436372607946396, 0.5352042466402054, 0.5356014370918274, 0.5275255814194679, 0.526673749089241, 0.5270771756768227, 0.5259460136294365, 0.5224044248461723, 0.5214647874236107, 0.5221619158983231, 0.5205237492918968, 0.518710307776928, 0.5176535695791245, 0.5184004530310631, 0.5174408629536629, 0.5116109400987625, 0.5145615339279175, 0.5136211961507797, 0.5144638642668724, 0.5130177959799767, 0.5100284889340401, 0.5130406394600868, 0.5146592631936073, 0.5119454860687256, 0.5136687159538269, 0.5088829696178436, 0.5104350000619888, 0.5096949562430382, 0.5049160346388817, 0.5092162862420082, 0.5112269073724747, 0.5020366236567497, 0.5086256116628647, 0.5068837776780128, 0.5124904289841652, 0.5051050558686256, 0.5114703550934792, 0.5077883079648018, 0.5080053433775902, 0.5040907561779022, 0.5005829334259033, 0.503046952188015, 0.5058023184537888, 0.5118227750062943, 0.5025957673788071, 0.5055131241679192, 0.5007986798882484, 0.49984239786863327, 0.5098578631877899, 0.5022925809025764, 0.5043295547366142, 0.5116521641612053, 0.5029017627239227, 0.5117428973317146, 0.4994896948337555, 0.5065104737877846, 0.5034690648317337, 0.5069803521037102, 0.49581602215766907, 0.4999059960246086, 0.5040896087884903, 0.4989807903766632, 0.5100069120526314, 0.4997613728046417, 0.5015696138143539, 0.4975976049900055, 0.5041471794247627, 0.5017566978931427, 0.5073039904236794]}