{"best_val": 0.44316143881190906, "train_loss": [0.653689793511933, 0.6328757884455662, 0.6122075295915791, 0.5942454817248326, 0.5826218174953087, 0.5757314925100289, 0.5674771134759865, 0.5550995276254767, 0.5413458797277189, 0.5257847554543439, 0.5102753008113188, 0.4975743328823763, 0.487526593839421, 0.47851424182162566, 0.47156122093107183, 0.46511434924368766, 0.4610230653893714, 0.4592180719562605, 0.4587837948518641, 0.45519960744708193, 0.4548737132081799, 0.4523395370034611, 0.4505419000691059, 0.4525404888040879, 0.4498737244045033, 0.4498371218933779, 0.44926199200106604, 0.44905296844594617, 0.4477376727496876, 0.4494626860992581, 0.4478004165724212, 0.4478367543688007, 0.4472231695465013, 0.44610461475802404, 0.4465996114646687, 0.44662108023961383, 0.44523487079377266, 0.44481267882328407, 0.44429536426768584, 0.4453726188809264, 0.4442530870437622, 0.4440354307492574, 0.4432498538026623, 0.44243160649841906, 0.44303927994241904, 0.4423126338743696, 0.4415411458295934, 0.44218820333480835, 0.44188690711470213, 0.4414607695504731, 0.44073694827509863, 0.4403957479140338, 0.4408305486043294, 0.43990523674908805, 0.43877237392406837, 0.4391336528693928, 0.43904513588138655, 0.4390087075093213, 0.4391992284971125, 0.4387629043822195, 0.43796147785934747, 0.4373076575643876, 0.4375665538451251, 0.4369603833731483, 0.43586241848328533, 0.4362962982233833, 0.43587298136131436, 0.43552200934466195, 0.43665669069570656, 0.4354729623186822, 0.43433087596706316, 0.43438342213630676, 0.43385691444079083, 0.4344601175364326, 0.43359197705399755, 0.43306203566345514, 0.43324002039198783, 0.43300748631065966, 0.4326167281936197, 0.43217115834647535, 0.43215450936672734, 0.433463500995262, 0.4319100315664329], "val_loss": [0.6440315029837869, 0.6235436580397866, 0.6036679202860052, 0.58958500623703, 0.5807160518386147, 0.5753497643904253, 0.5664007772098888, 0.5514665273102847, 0.5362015935507688, 0.5205114185810089, 0.5060132389718835, 0.491990788416429, 0.4784377623688091, 0.47297793897715484, 0.465091502124613, 0.46126401966268366, 0.4577080688693307, 0.4550980410792611, 0.4541494575413791, 0.45310528711839154, 0.45250387354330585, 0.4519096179441972, 0.45191590081561694, 0.44900381565093994, 0.4499800340695815, 0.4501861279661005, 0.44938985867933795, 0.4484456018968062, 0.44915065982125024, 0.4478153803131797, 0.4479356218468059, 0.4480315121737393, 0.4486539905721491, 0.44739827242764557, 0.44720014387911017, 0.4465449235656045, 0.44918199560858985, 0.446171606128866, 0.4491638324477456, 0.44841115041212604, 0.447556579654867, 0.4472409432584589, 0.4474418569694866, 0.44766354289921845, 0.4471909457987005, 0.44684897498650983, 0.44720413468100806, 0.44574549252336676, 0.44645375555211847, 0.4448050856590271, 0.44583614576946606, 0.44473212686451996, 0.4456948014822873, 0.4452102103016593, 0.44469617171721026, 0.44338327375325287, 0.4436779699542306, 0.44357737627896393, 0.44659226590936835, 0.44420020146803424, 0.4458930411122062, 0.4438904280012304, 0.44512318210168317, 0.4460089694369923, 0.44331060214476153, 0.44578368013555353, 0.4439738853411241, 0.4434637562795119, 0.445106641812758, 0.44365839524702594, 0.44539812207221985, 0.44465862079100177, 0.44316143881190906, 0.44689278440041974, 0.44435034827752545, 0.44458546150814404, 0.44433527101169934, 0.444789937951348, 0.44493280757557263, 0.44504151290113275, 0.4458148073066365, 0.4473324878649278, 0.4456705423918637]}