{"best_val": 0.422467364506288, "train_loss": [0.6665854792968899, 0.6127979895647835, 0.5817151817620969, 0.5509449354573792, 0.5142083571237677, 0.48596753910476087, 0.46859829040134654, 0.4615101153944053, 0.45639972710141946, 0.45384999642185136, 0.4529955065717884, 0.4507896660589704, 0.4502980451957852, 0.4471758089813532, 0.4477849725414725, 0.4451746613371606, 0.44285979925417435, 0.44331982673383225, 0.44162149172203213, 0.44089869658152264, 0.4400334603646222, 0.4383811091675478, 0.4375806544341293, 0.43587863386846054, 0.43473536418933495, 0.43443577780443077, 0.43238047408122643, 0.43110274392015796, 0.42838656668569525, 0.4265323503344667, 0.4257315730347353, 0.42400798143125046, 0.422690493219039, 0.4216548508288814, 0.42128267416767046, 0.42014014954660456, 0.41635090930789126, 0.4158324026593975, 0.41420062324580026, 0.4136425268416311, 0.41082752510613085, 0.4101930576212266, 0.40855278162395253, 0.40588126404612673, 0.40458835807501103, 0.40477033163986953, 0.40321003572613584, 0.4015246530373891, 0.3984787370644364, 0.39807699416197984, 0.39567798492955225, 0.3955620544798234, 0.39270568945828604, 0.3912583572023055, 0.39022744169422224, 0.3895752815639271, 0.3879767708918628, 0.3853329712269353, 0.38445445310835746, 0.38125110665957135, 0.3817300802352382, 0.3812139373199612, 0.3796222163181679, 0.37634117521491706, 0.37570057429519355, 0.37397195895512897, 0.3752552241671319, 0.37146687215449764, 0.3698747561258428, 0.3692237711420246, 0.3663052022457123, 0.3668410532614764, 0.3648635201594409, 0.36427053692294104, 0.3619890329884548, 0.35979363497565775, 0.3591793506753211, 0.35750676896057876, 0.3556927366583955, 0.3539981076530382, 0.35424980696509867, 0.35285669915816364, 0.34905052360366373, 0.3491895958489063, 0.3485647001687218, 0.34611866462464425, 0.34555231414589227, 0.3441572463979908, 0.34215551439453573, 0.34191961148205924, 0.340435975614716, 0.3399458924929301, 0.33847633267150207, 0.3348828969048519, 0.3337123838125491, 0.3328195407110102, 0.33096984905355115, 0.3297364109871434, 0.3287454750023636], "val_loss": [0.6374171918088739, 0.5914559472690929, 0.5669687390327454, 0.5288748470219699, 0.4940857643430883, 0.46928456154736603, 0.4585164947943254, 0.45438025485385547, 0.44982353123751556, 0.4503043998371471, 0.44964616948908026, 0.44771991805596784, 0.44960072365674103, 0.44700675119053235, 0.44606709480285645, 0.4449563297358426, 0.4491813237016851, 0.4437761360948736, 0.4450251893563704, 0.4443980238654397, 0.4432776895436374, 0.4392734251239083, 0.4436086199500344, 0.44225046038627625, 0.4402727051214738, 0.44053641774437646, 0.43998257409442554, 0.43954218517650256, 0.43934911489486694, 0.4389891407706521, 0.4369288005612113, 0.4404014917937192, 0.4353007376194, 0.43692493167790497, 0.4367071742361242, 0.4357595064423301, 0.43693685260686005, 0.43351506103168835, 0.43366255272518506, 0.43384326858954, 0.4308389587835832, 0.43407985838976776, 0.4330370453270999, 0.433744105425748, 0.43352785435589875, 0.432666304436597, 0.433346761898561, 0.4303396317091855, 0.4289725422859192, 0.43095907839861786, 0.4289220788262107, 0.429605169729753, 0.4311070035804402, 0.42949248173020105, 0.429107974876057, 0.42823199792341754, 0.4289749400182204, 0.4288610734722831, 0.43135942112315784, 0.4307470673864538, 0.42712767828594556, 0.427334877577695, 0.42564311623573303, 0.4283551980148662, 0.4298192479393699, 0.42886016043749725, 0.42741925337097864, 0.4244093353098089, 0.4286189783703197, 0.42906161871823395, 0.42575245282866736, 0.4264189167456193, 0.4321007457646457, 0.4239546331492337, 0.42528014562346717, 0.42536380887031555, 0.4254423677921295, 0.42864172837950965, 0.4231989546255632, 0.42379160902716895, 0.42890440875833685, 0.4232614284211939, 0.4260571599006653, 0.42986673658544367, 0.4296663186766885, 0.4292021827264266, 0.4253502677787434, 0.42458072304725647, 0.422467364506288, 0.42364412546157837, 0.4228426082567735, 0.42485192689028656, 0.4265346879308874, 0.4234327104958621, 0.4274116673252799, 0.4241045063192194, 0.42382198030298407, 0.4283258020877838, 0.42310387708924035]}