{"best_val": 0.4423336088657379, "train_loss": [0.6944382938684202, 0.6421854881679311, 0.6055548237819298, 0.5863843560218811, 0.5746463379439186, 0.5626819770710141, 0.5501724271213307, 0.5342288934716991, 0.5139188298992082, 0.4936150949375302, 0.4760073931778179, 0.46601374827179254, 0.4585840532592699, 0.45740952854062994, 0.4544035938440585, 0.45185669438511716, 0.45071834208918554, 0.45034097807080137, 0.44925354450356725, 0.4476787763483384, 0.4481254488814111, 0.44751157012640264, 0.4461401496447769, 0.4469047738056557, 0.44641272226969403, 0.4450737454143225, 0.44484291649332236, 0.4448736385971892, 0.443871629004385, 0.4431830504361321, 0.4428678663337932, 0.44155270445580574, 0.44150680829496947, 0.44035599220032784, 0.4398385075961842, 0.4399585659597434, 0.43988895883747176, 0.4382204980242486, 0.4380067522619285, 0.436696120336944, 0.4362729513177685, 0.4349377342298919, 0.4352335053331712, 0.43338463528483523, 0.43454402392985775, 0.4337480740219939, 0.43137908683103676, 0.4324631159212075, 0.43122652815837487, 0.43084561824798584, 0.429350019085641, 0.42848453743785037, 0.42785142449771657, 0.4266182949729994, 0.42628466089566547, 0.42554375587725174, 0.42488013120258555, 0.42545266887720895, 0.42305025516771805, 0.4241328718615513, 0.423209102714763, 0.4219263540763481, 0.4216581805079591, 0.41942257214994993, 0.4189221058406082, 0.4188399700557484, 0.41953984311982695, 0.4177585542201996, 0.4161788704348545, 0.41625993801098243, 0.4152532669843412, 0.4148969200311923, 0.4149237012161928, 0.41217803896642197, 0.41212396119155137, 0.41141894635032206, 0.4120650723868725, 0.4109774582526263, 0.4089941990141775, 0.4082118810391894, 0.40865537232043697, 0.40724338854060455, 0.40658288434440015, 0.4069957885087705, 0.404907295516893, 0.4047696368367064, 0.404230535030365, 0.4027179403632295, 0.40253424527598364, 0.4022766369230607, 0.40131984037511487, 0.4010823211249183, 0.40100380310825273, 0.3986712109808828, 0.39858681021952164, 0.39768846712860406, 0.39745430852852615, 0.3962302751400891, 0.3964005299642974, 0.3969452433726367, 0.3945922541852091], "val_loss": [0.6635536443103444, 0.617514734918421, 0.5954622517932545, 0.5816578919237311, 0.5737175833095204, 0.5641400163823908, 0.5517012720758264, 0.535147257826545, 0.5102901377461173, 0.4910025027665225, 0.4780902564525604, 0.4703648740595037, 0.46672994982112537, 0.4653953097083352, 0.46588707783005456, 0.462652171199972, 0.4616146846251054, 0.46279099583625793, 0.4597279862924056, 0.4612505219199441, 0.45957060293717816, 0.46044184402986005, 0.4631839773871682, 0.46021729707717896, 0.4598193981430747, 0.4582544240084561, 0.4590087560090152, 0.4600516909902746, 0.4576971232891083, 0.45964899930087005, 0.45678985660726373, 0.4568053890358318, 0.4567831077358939, 0.4599837362766266, 0.4599566703492945, 0.4553516154939478, 0.4555663601918654, 0.4555090774189342, 0.454997642473741, 0.4542127847671509, 0.45792902328751306, 0.4550254074009982, 0.45353968847881665, 0.4531394595449621, 0.45202935012904083, 0.4536080035296353, 0.45427368716760114, 0.4525297636335546, 0.4532146562229503, 0.45221149921417236, 0.45266098054972564, 0.4521134414456107, 0.45342713594436646, 0.44999679923057556, 0.45031992955641315, 0.44965517249974335, 0.4514792724089189, 0.4498501582579179, 0.449081000956622, 0.4507402886043895, 0.4496178003874692, 0.4474560943516818, 0.44942898100072687, 0.45005601102655585, 0.44915030761198566, 0.4462707123973153, 0.44740265336903656, 0.4480183341286399, 0.4481242542917078, 0.44910362362861633, 0.4480952268297022, 0.44776670228351245, 0.4461150792512027, 0.44649101387370715, 0.44834954901175067, 0.4468177990479903, 0.44497515667568555, 0.44528493827039545, 0.44569355791265314, 0.44616035981611774, 0.4465628076683391, 0.44553803313862195, 0.4469071084802801, 0.44381028413772583, 0.44439838420261035, 0.44502656297250226, 0.44332632151517, 0.44335400787266815, 0.4445070895281705, 0.44787841764363373, 0.4423336088657379, 0.44389520991932263, 0.44556873494928534, 0.4433869286016984, 0.4441932466897098, 0.4425116641954942, 0.4441731463779103, 0.44586882266131317, 0.446124640378085, 0.44347030466253107, 0.44339996305379]}