{"best_val": 0.4919115751981735, "train_loss": [0.7034958799680074, 0.6832305855221219, 0.6616663502322303, 0.6391070418887668, 0.6144054333368937, 0.5863197247187296, 0.5604071054193709, 0.5396363122595681, 0.5259354246987237, 0.5190510104099909, 0.5155778312020831, 0.5127538955873914, 0.5058043234878116, 0.5030522247155508, 0.4993680616219838, 0.5000678532653384, 0.4976213690307405, 0.49824441307120854, 0.49533793164624107, 0.49532199071513283, 0.49523328410254586, 0.49181022743384045, 0.4893974330690172, 0.49121418926450944, 0.48532623880439335, 0.4877174132400089, 0.486003534661399, 0.48743615051110584, 0.48793766730361515, 0.4861864464150535, 0.48497455153200364, 0.4835064063469569, 0.48456283575958675, 0.4805232004986869, 0.48156558639473385, 0.4810154106881883, 0.4816185070408715, 0.48241807685958016, 0.48182527389791274, 0.48078734013769364, 0.48271389140023124, 0.4777146991756227, 0.47910350892278886, 0.48064394957489437, 0.48006083567937213, 0.4790315296914842, 0.4780211995045344, 0.4798620343208313, 0.4786800030204985, 0.47876660691367257, 0.4780341469579273, 0.477534262670411, 0.4770624041557312, 0.4753829754061169, 0.4812770336866379, 0.47935333682431114, 0.47850047051906586, 0.47876717150211334, 0.4771004617214203, 0.47980592648188275, 0.47593748403920066, 0.47614610691865283, 0.4762348731358846, 0.47747121420171523, 0.4785193039311303, 0.47740765909353894, 0.47801724904113346, 0.477147219909562, 0.4749668108092414, 0.47501012517346275, 0.4771508425474167, 0.4760112166404724, 0.4760179768006007, 0.475352202852567], "val_loss": [0.6949723362922668, 0.6753239035606384, 0.6552733182907104, 0.6324082612991333, 0.6050779223442078, 0.5817895233631134, 0.5611546486616135, 0.5495011135935783, 0.5436738431453705, 0.5339906364679337, 0.5413940921425819, 0.5259793773293495, 0.5307969003915787, 0.5267335027456284, 0.5242647901177406, 0.5262521281838417, 0.5227164104580879, 0.5171658247709274, 0.5144169330596924, 0.511967308819294, 0.518486425280571, 0.518056109547615, 0.5065902099013329, 0.5115193724632263, 0.517918549478054, 0.5119472742080688, 0.5124688372015953, 0.5106239914894104, 0.51095150411129, 0.5077382549643517, 0.5067025125026703, 0.5111693665385246, 0.5045056268572807, 0.5050950944423676, 0.5108324661850929, 0.5105975419282913, 0.5076122209429741, 0.4992985799908638, 0.5033138915896416, 0.5047838464379311, 0.4976212903857231, 0.5029456689953804, 0.5033653527498245, 0.500308632850647, 0.5009394884109497, 0.5035899132490158, 0.4973016604781151, 0.4958099126815796, 0.4986473023891449, 0.5030787363648415, 0.49909863620996475, 0.4971815124154091, 0.49851811677217484, 0.49488402903079987, 0.4991816058754921, 0.49558182060718536, 0.4937787652015686, 0.49633658677339554, 0.4978090226650238, 0.5007400438189507, 0.49601510167121887, 0.49710406363010406, 0.4939626008272171, 0.4919115751981735, 0.4926431328058243, 0.5013844966888428, 0.4990384802222252, 0.493003785610199, 0.49552085250616074, 0.5017984285950661, 0.4957719072699547, 0.49540945887565613, 0.49559955298900604, 0.49309932440519333]}