{"best_val": 0.48675376176834106, "train_loss": [0.8790286812517378, 0.8490891291035546, 0.8258987532721626, 0.8067116240660349, 0.7880570921632979, 0.770155217912462, 0.7534581124782562, 0.7399156391620636, 0.7265782124466367, 0.7117035124037001, 0.6981094678243002, 0.685277885860867, 0.6736233631769816, 0.6619642078876495, 0.6513447728421953, 0.6384578545888265, 0.624607672293981, 0.6084382037321726, 0.5914843943383958, 0.5748333864741855, 0.5644498897923363, 0.5522289690044191, 0.5468431231048372, 0.5433851199017631, 0.5357113977273306, 0.5332580192221535, 0.526709485385153, 0.5233824633889728, 0.5178985496362051, 0.5105275097820494, 0.5129673265748553, 0.5079492545790143, 0.5073456284072664, 0.5040195981661478, 0.500867893298467, 0.49966974390877616, 0.4960767924785614, 0.4965762694676717, 0.49512345095475513, 0.4903653876649009, 0.49322714408238727, 0.4908708698219723, 0.49024585882822674, 0.4864957133928935, 0.48778239720397526, 0.48867076800929177, 0.48303323487440747, 0.4853242188692093, 0.48314081132411957, 0.4824807660447227, 0.48268894188933903, 0.4836294584804111, 0.4807431913084454, 0.4820110930336846, 0.4784634725915061, 0.4815187354882558, 0.47915229201316833, 0.47860461307896507, 0.47693933215406203, 0.4739461408721076, 0.4794738077455097, 0.477073288626141, 0.47776012122631073, 0.47707995275656384, 0.4740312182241016, 0.4713097843858931], "val_loss": [0.7998564392328262, 0.7812191098928452, 0.7640017420053482, 0.7512332051992416, 0.7370956838130951, 0.7244012802839279, 0.7109338641166687, 0.6973524391651154, 0.6832551062107086, 0.6702544242143631, 0.6555748879909515, 0.6414700448513031, 0.6286575943231583, 0.6190296858549118, 0.6113104671239853, 0.6044973880052567, 0.5872326493263245, 0.5724591165781021, 0.566498190164566, 0.5570369213819504, 0.5435576066374779, 0.5340592041611671, 0.5337686240673065, 0.5224488452076912, 0.5207452028989792, 0.5216423198580742, 0.519870325922966, 0.5165360569953918, 0.5155449733138084, 0.5097790583968163, 0.506354808807373, 0.5101301670074463, 0.507726788520813, 0.5070736110210419, 0.5004690513014793, 0.5094086155295372, 0.5021100714802742, 0.5040488243103027, 0.5058333575725555, 0.5061602964997292, 0.49991900473833084, 0.5024940073490143, 0.49552856385707855, 0.5021953955292702, 0.49803923070430756, 0.4977833554148674, 0.5035493448376656, 0.4983353912830353, 0.49240244925022125, 0.5005109757184982, 0.49752116948366165, 0.4952639490365982, 0.4938836470246315, 0.4951959624886513, 0.49834928661584854, 0.48675376176834106, 0.49487027525901794, 0.49123330414295197, 0.49449555575847626, 0.48810622096061707, 0.49604906141757965, 0.4956694319844246, 0.4959433078765869, 0.49261119216680527, 0.4952699765563011, 0.48718632012605667]}