{"best_val": 0.5001760870218277, "train_loss": [0.7138784958256615, 0.7082492344909244, 0.7026562127802107, 0.6966727011733584, 0.690407458278868, 0.6834605932235718, 0.6764508088429769, 0.6682623094982572, 0.6597510079542795, 0.6504893766509162, 0.6400552127096388, 0.6292820341057248, 0.6173831025759379, 0.6065673894352384, 0.595575256480111, 0.5859052439530691, 0.5775198704666562, 0.5707081456979116, 0.5631280574533675, 0.5586231864160962, 0.55488411254353, 0.5490884996122785, 0.5446621775627136, 0.5411154164208306, 0.53308747543229, 0.532082027859158, 0.5306851466496786, 0.5263249178727468, 0.5223507417572869, 0.5178556823068194, 0.5161373184786903, 0.5128713034921222, 0.5083512200249566, 0.5071097430255678, 0.5016690989335378, 0.49884770645035637, 0.4983927359183629, 0.49739651216400993, 0.4913330276807149, 0.4932081931167179, 0.49040254950523376, 0.4873971078130934, 0.4891001681486766, 0.484276231792238, 0.483517039153311, 0.4791386326154073, 0.48075554105970597, 0.4792456891801622, 0.47787615491284263, 0.47676245868206024, 0.47453002631664276, 0.47501307229201, 0.4751277764638265, 0.4737493296464284, 0.4720814989672767, 0.4711792336569892, 0.4712599598699146, 0.4683155102862252, 0.4705810364749696, 0.46861153178744847, 0.4677512248357137, 0.4700973348485099, 0.4666003899441825, 0.4664967523680793, 0.4646768205695682, 0.4673061966896057, 0.4645839035511017, 0.46319541500674355, 0.46182384093602497, 0.4637989335589939, 0.463618677523401, 0.4624432722727458, 0.46054136918650734, 0.46128734449545544, 0.46396639611985946, 0.46291258931159973, 0.4563566330406401, 0.4591468969980876, 0.4592084868086709, 0.46141670644283295, 0.46086403396394515, 0.45766882763968575], "val_loss": [0.7089443951845169, 0.7037680894136429, 0.6987563818693161, 0.6933916807174683, 0.6878632605075836, 0.6816037595272064, 0.6751199811697006, 0.6675761193037033, 0.6602874398231506, 0.6509947925806046, 0.6431591808795929, 0.6331444382667542, 0.6214125007390976, 0.6142129004001617, 0.6062348484992981, 0.6005104929208755, 0.5941097289323807, 0.5981780886650085, 0.5873736143112183, 0.5824055522680283, 0.5780338495969772, 0.5761140435934067, 0.5684897601604462, 0.5679773390293121, 0.565255656838417, 0.559040978550911, 0.5614534020423889, 0.5537500828504562, 0.5554522424936295, 0.5473320186138153, 0.5461206287145615, 0.5487428903579712, 0.5436453223228455, 0.5422009974718094, 0.5324466452002525, 0.5397597029805183, 0.5351089835166931, 0.5400225222110748, 0.5318104177713394, 0.5331730097532272, 0.5302926450967789, 0.5344658046960831, 0.5232507139444351, 0.5178281292319298, 0.5282369181513786, 0.5267748311161995, 0.5197661444544792, 0.5183670073747635, 0.5210945904254913, 0.5174838602542877, 0.5179061070084572, 0.5202849134802818, 0.5172321051359177, 0.5200300216674805, 0.5196795463562012, 0.5224407911300659, 0.5131211802363396, 0.5164586454629898, 0.5163019299507141, 0.5098243206739426, 0.5202364176511765, 0.5176101103425026, 0.5102339535951614, 0.5169836580753326, 0.5259271040558815, 0.5119281113147736, 0.5045752972364426, 0.5069544985890388, 0.5143686830997467, 0.5213271901011467, 0.5143945291638374, 0.5001760870218277, 0.519794650375843, 0.5158259496092796, 0.5024199560284615, 0.5061879679560661, 0.5043262392282486, 0.5076199918985367, 0.5136335864663124, 0.5098601654171944, 0.5108933597803116, 0.5114851519465446]}