{"best_val": 0.44032289494167676, "train_loss": [0.6722352119053111, 0.6115199198909834, 0.5817266480595458, 0.5545379104567509, 0.523524099705266, 0.496491259803959, 0.47846221281032936, 0.4674994489725898, 0.46185971650422786, 0.45844471220876654, 0.4550111913213543, 0.45401842337028653, 0.4529318020624273, 0.45040850370538, 0.44908376885395423, 0.44811269231871065, 0.4470002271381079, 0.4453053001095267, 0.4456406773305407, 0.4440539730530159, 0.4425678364202088, 0.4421919373904957, 0.44051436057277754, 0.44068075921021255, 0.4384990480600619, 0.4391830096057817, 0.4375257690747579, 0.4365119969143587, 0.4354534710154814, 0.43620386369088116, 0.43364761389938056, 0.4343943432265637, 0.432953675587972, 0.43151527526331884, 0.43238526641153824, 0.4314233894441642, 0.43091027643166335, 0.4289492544005899, 0.4276803784510669, 0.42703568993830215, 0.42725789021043215, 0.4269019365310669, 0.4252786011088128, 0.4254435966996586, 0.42518539113156933, 0.4236610531806946, 0.42295920673538656, 0.4232449216001174, 0.4230068010442397, 0.4215305856629914, 0.4199155475579056, 0.4200388707366644, 0.42007243633270264, 0.419121663944394, 0.4181287125045178, 0.41753550019918706, 0.41669586183978063, 0.4164218458474851, 0.4170105673518835, 0.4148560645533543, 0.4157288156303705, 0.4140653113524119], "val_loss": [0.6319237026301298, 0.5947972536087036, 0.5705101652578874, 0.5409939261999998, 0.5091397599740461, 0.4869745102795688, 0.4709536243568767, 0.4618254005908966, 0.45672565969553863, 0.4556968320499767, 0.4518845704468814, 0.4528661993416873, 0.44895506176081573, 0.45045681433244184, 0.44926411455327814, 0.45035493644801056, 0.44679971174760297, 0.4468363550576297, 0.4459654119881717, 0.4436960762197321, 0.44495759227059106, 0.4454159817912362, 0.44449746879664337, 0.44626348397948523, 0.4444874281233007, 0.443285042589361, 0.44586409492926166, 0.4454320425337011, 0.44324114376848395, 0.4439182823354548, 0.44404807686805725, 0.44335040179165924, 0.442454069852829, 0.44492240385575726, 0.4439657086675817, 0.4423814226280559, 0.444030301137404, 0.4445361278273843, 0.4436991566961462, 0.4426053085110404, 0.4424047659743916, 0.44383510134436865, 0.4410297897729007, 0.4421924759041179, 0.4411165578798814, 0.44137009707364167, 0.44117006117647345, 0.44261465289376, 0.44130719249898737, 0.4429122886874459, 0.4422087181698192, 0.44032289494167676, 0.44078060442751105, 0.44303989952260797, 0.4418083293871446, 0.4432287866419012, 0.4424462345513431, 0.44516602700406854, 0.4431147196076133, 0.442507882009853, 0.44266928325999866, 0.4425480907613581]}