{"best_val": 0.473021228205074, "train_loss": [0.7329771214840459, 0.6865952879774804, 0.6428817779410119, 0.6112235691033158, 0.5934196418406916, 0.5802956667600894, 0.5645433559137232, 0.5487712317822027, 0.53276433430466, 0.5157137296947778, 0.5048928214054481, 0.49300962861846476, 0.4873039827627294, 0.4825500115460041, 0.47766482245688346, 0.47461112749342826, 0.47362464666366577, 0.4725288783802706, 0.4702761401148403, 0.4691656296159707, 0.46905995934617284, 0.4684721845037797, 0.4678548194614111, 0.46646995521059226, 0.46564605890535843, 0.4665010700038835, 0.4665073898493075, 0.46590986029774534, 0.46436860397750257, 0.464233678929946, 0.4637242374466915, 0.463889630986195, 0.46368248439302634, 0.462928165992101, 0.46296639126889844, 0.4614351812530966, 0.4616473428174561, 0.46198903287158294, 0.4612336526898777, 0.4607585317948285, 0.4599720105236652, 0.4601902529305103, 0.45964788397153217, 0.4595905933894363, 0.4599454408767177, 0.4577486748788871, 0.4580669636819877, 0.4581777365768657, 0.45927856891762975, 0.4575884663591198, 0.45632410575361815, 0.456960798478594, 0.45799591903593023, 0.45659729429319795, 0.4573746592390771, 0.4574424379012164, 0.4563244569535349, 0.4550877388785867, 0.4544612473132564, 0.4557781511662053, 0.455803737336514, 0.45406978621202354, 0.4538629125146305, 0.4549206232323366, 0.45349154519099816, 0.45314644364749684, 0.45262765300040153, 0.45271793241594355, 0.45332851421599296, 0.45347750946587206, 0.4528357468399347, 0.4526757153810239, 0.45303338882969874, 0.45208391255023433, 0.4527830095852123, 0.45138739546140033, 0.4523162093817019, 0.4514655979240642], "val_loss": [0.6706412163647738, 0.6414298415184021, 0.616558080369776, 0.6029263084585016, 0.5926535292105242, 0.5807134400714528, 0.5650439208204096, 0.5484629706902937, 0.5327826033939015, 0.5213949680328369, 0.5099301311102781, 0.5040098537098278, 0.4959556081078269, 0.4942262524908239, 0.49126567623832007, 0.48819460381161084, 0.4855250093069943, 0.4843869534405795, 0.48294570500200446, 0.48305207219990814, 0.4818960292772813, 0.4813836162740534, 0.48347337679429486, 0.4814063012599945, 0.48085769469087775, 0.4818146066232161, 0.4817995699969205, 0.4824429208582098, 0.4813839251344854, 0.4794083535671234, 0.4802195592360063, 0.48183517022566363, 0.4796376038681377, 0.48030999302864075, 0.4799799621105194, 0.4793815287676724, 0.47993177988312463, 0.47917219454591925, 0.480572448535399, 0.480537392876365, 0.477824175899679, 0.481357913125645, 0.47711533308029175, 0.47825695167888294, 0.4784976135600697, 0.47835036570375616, 0.4779787903482264, 0.478366109457883, 0.4773333397778598, 0.4764645072546872, 0.47630729187618603, 0.4763754633339969, 0.47698868133805017, 0.4774421588941054, 0.47689835862679913, 0.4759799567135898, 0.47740856354886835, 0.47571891275319184, 0.47515847195278516, 0.47615647315979004, 0.4767508127472617, 0.4756184464151209, 0.47568085518750275, 0.4760643921115182, 0.4767252965406938, 0.4754708030007102, 0.47724560445005243, 0.473021228205074, 0.4761157821525227, 0.47413391145792877, 0.4754072807051919, 0.4756845235824585, 0.47566049749200995, 0.4767394011670893, 0.47503754225644196, 0.4774406606500799, 0.4755569913170554, 0.4753265218301253]}