{"best_val": 0.4669367183338512, "train_loss": [0.7646006556118236, 0.705467097899493, 0.6654079918767891, 0.6246851413857704, 0.5922644325331146, 0.5760479499312008, 0.5617109916958154, 0.5432834035041285, 0.5226129714180442, 0.5013498155509725, 0.4855945086946674, 0.4732482135295868, 0.4674009189886205, 0.46274443993381426, 0.4602552804292417, 0.45881248513857525, 0.45882901841518925, 0.4578140302031648, 0.4568054792927761, 0.45861883958180744, 0.4557654711545682, 0.4560665546679029, 0.4557027898582758, 0.45498033306177926, 0.454231214873931, 0.4536524970157474, 0.45270033677419025, 0.45335635133818086, 0.4529247096940583, 0.451601830183291, 0.4519885626493716], "val_loss": [0.708777286789634, 0.6733790906992826, 0.635605432770469, 0.5995759205384688, 0.5867575325749137, 0.574649986895648, 0.5589536211707375, 0.5399930368770253, 0.5204505568200891, 0.5019552870230242, 0.4848458170890808, 0.47867480462247675, 0.4738120436668396, 0.47094060616059735, 0.4705331162972884, 0.46998841112310236, 0.46978453343564813, 0.469635315916755, 0.46919452060352673, 0.472756334326484, 0.4669367183338512, 0.46933412551879883, 0.472736962816932, 0.4710547924041748, 0.4690506539561532, 0.4679966785691001, 0.46994430368596857, 0.46753641963005066, 0.46822753006761725, 0.4672403769059615, 0.46930892359126697]}