{"best_val": 0.494767002761364, "train_loss": [0.6484681367874146, 0.6204265985223982, 0.5959862073262533, 0.5766813059647878, 0.5627604358726077, 0.5485299709770415, 0.5382463766468896, 0.5338438914881812, 0.5274385644329919, 0.5262937794129053, 0.5243910236491097, 0.5207325948609246, 0.519763802488645, 0.5195088369978799, 0.5157787915733125, 0.5163566867510477, 0.5121203131145902, 0.5115030590030882, 0.5107818610138364, 0.5104709251059426, 0.5072354376316071, 0.507689893245697, 0.5047631048493915, 0.5052113499906328, 0.5073103821939893, 0.5050169163280063, 0.5013442867332034, 0.4982156323062049, 0.4969200723701053, 0.4999701413843367, 0.49912286301453906, 0.4966634412606557, 0.49566511809825897, 0.4950886650217904, 0.49350818660524154, 0.49215735495090485, 0.4903569055928124, 0.4923928876717885, 0.4912177258067661, 0.4917936788664924, 0.4913054092062844, 0.48766116466787124, 0.4877277496788237, 0.48756452732616, 0.4880102707280053, 0.4840875003072951], "val_loss": [0.6246419996023178, 0.6016264259815216, 0.5832586586475372, 0.5671537071466446, 0.5515634566545486, 0.5352773368358612, 0.5425897911190987, 0.538795530796051, 0.5377548262476921, 0.5304598361253738, 0.5323560163378716, 0.5354903042316437, 0.5354674756526947, 0.5285723954439163, 0.5280918627977371, 0.5279814824461937, 0.5258746147155762, 0.5249733328819275, 0.5247723013162613, 0.5172801315784454, 0.5162359774112701, 0.5145144760608673, 0.522418737411499, 0.5179430767893791, 0.5178791657090187, 0.5135729536414146, 0.5081296414136887, 0.5043256282806396, 0.5129373669624329, 0.506659559905529, 0.5034649893641472, 0.5069212019443512, 0.5057346820831299, 0.5059212520718575, 0.5061420947313309, 0.494767002761364, 0.4988764226436615, 0.4999644458293915, 0.5000730976462364, 0.4985821321606636, 0.501133032143116, 0.5009602308273315, 0.497876912355423, 0.49763381481170654, 0.5023085102438927, 0.49782033264636993]}