{"best_val": 0.5116620510816574, "train_loss": [0.7177549633714888, 0.7020196583535936, 0.6878457930352952, 0.6720351113213433, 0.657418817281723, 0.6442918512556288, 0.6292422678735521, 0.6144292685720656, 0.5994687941339281, 0.5850044522020552, 0.5684893627961477, 0.5571486022737291, 0.5453665140602324, 0.5352292160193125, 0.5269390361176597, 0.5235835280683305, 0.5188550104697546, 0.5153613040844599, 0.5152756389644411, 0.511060893535614, 0.5107589794529809, 0.5095191134346856, 0.5063837154044045, 0.5050410909785165, 0.5063280347320769, 0.5002664625644684, 0.4999746017985874, 0.4974899109866884, 0.49833546744452584, 0.4978349920776155, 0.49930744369824726, 0.49563081562519073, 0.4953617668814129, 0.4927994791004393, 0.49727828635109794, 0.4932460735241572, 0.49700940979851616, 0.49177825616465676, 0.4921359982755449, 0.49722207089265186, 0.4934185461865531, 0.4942931913667255, 0.4904852741294437, 0.4910281118419435, 0.4896228363116582, 0.4877265195051829, 0.48847796354028916, 0.4916192723645104], "val_loss": [0.7233364284038544, 0.7104397714138031, 0.6953271925449371, 0.6791733801364899, 0.6665361076593399, 0.6537609994411469, 0.6398002505302429, 0.6274559497833252, 0.6099323779344559, 0.6005957573652267, 0.5850229263305664, 0.575595423579216, 0.5675066560506821, 0.5608281418681145, 0.5503759980201721, 0.548379547894001, 0.5459370836615562, 0.5477496311068535, 0.5369330942630768, 0.5480151176452637, 0.5373208820819855, 0.5379212498664856, 0.5312666445970535, 0.5374170318245888, 0.5303464308381081, 0.5330450683832169, 0.5347374826669693, 0.529944397509098, 0.5260120332241058, 0.5285277143120766, 0.5217823684215546, 0.5224330499768257, 0.5240674167871475, 0.518913671374321, 0.5162373259663582, 0.5208070054650307, 0.5202312394976616, 0.5116620510816574, 0.5152444168925285, 0.5205612555146217, 0.518693670630455, 0.5171337500214577, 0.521827720105648, 0.5179196447134018, 0.5143019109964371, 0.5232256576418877, 0.5222658962011337, 0.5124360844492912]}