{"best_val": 0.453552476384423, "train_loss": [0.6903450407233893, 0.6355428754114637, 0.599542594423481, 0.5811491836519802, 0.5668468989577948, 0.5529734036501717, 0.5349759891921398, 0.5097717280481376, 0.48591746711263467, 0.47244881064284083, 0.46420835630566465, 0.45989680816145506, 0.4576229733579299, 0.4535358279359107, 0.4522622642563839, 0.45093659676757514, 0.4494450232561897, 0.4480724422370686, 0.44843656934943854, 0.4465524110139585, 0.44621391974243463, 0.4447604867757535, 0.445084587616079, 0.4443081225834641, 0.44414310946184044, 0.44094495504510167, 0.44125986099243164, 0.44001146858813717, 0.4394560175783494, 0.4400853789320179, 0.4385572461520924, 0.43771809631702946, 0.4367714027563731, 0.43642225919985306, 0.4352463057228163, 0.43460939912235036, 0.43500679322317537, 0.43398531336410373, 0.4341247981669856, 0.4327125455818924, 0.43137406484753477, 0.4307811102446388, 0.4311329377632515, 0.4295511274945502, 0.4305732174246919, 0.42837491397764166, 0.42821303360602436, 0.4275016568455042, 0.4275088953036888, 0.4259321233805488, 0.42506782038539065, 0.4239175144363852, 0.42443256810599683, 0.42310958691671785, 0.42315032435398475, 0.42209946115811664, 0.4218057581022674, 0.42149051147348743], "val_loss": [0.667234561660073, 0.6051642136140303, 0.5830203565684232, 0.5713608264923096, 0.5600420507517728, 0.545061469078064, 0.5257269929755818, 0.5010198490186171, 0.4856287186796015, 0.47810653122988617, 0.470710662278262, 0.46877136013724585, 0.4662112376906655, 0.4641418186101047, 0.46549658612771466, 0.462169885635376, 0.4637354395606301, 0.4629074389284307, 0.4598795067180287, 0.4589597664096139, 0.4597847217863256, 0.4610501392321153, 0.46098926121538336, 0.45914786241271277, 0.4576621082696048, 0.4577065516601909, 0.4596253308382901, 0.4600832191380588, 0.4570775194601579, 0.4575563831762834, 0.45810844139619306, 0.4568893150849776, 0.4561465788971294, 0.45537763833999634, 0.45546160773797467, 0.4544043378396468, 0.4548420418392528, 0.4543416066603227, 0.45456600189208984, 0.4540509120984511, 0.45445235209031537, 0.4542292898351496, 0.45484895597804675, 0.4547435668381778, 0.45560614358295093, 0.4558659493923187, 0.4548047320409255, 0.453552476384423, 0.45464324951171875, 0.45526857809586957, 0.45450120080601086, 0.45441466298970307, 0.45387817512858997, 0.4558924219825051, 0.4547817273573442, 0.45528205687349493, 0.45518484711647034, 0.45450433546846564]}