{"best_val": 0.5128089040517807, "train_loss": [0.6392498777972327, 0.6105277207162645, 0.5760133200221591, 0.5476188709338506, 0.5294820368289948, 0.5257581041918861, 0.5175706545511881, 0.5142201599147584, 0.5084896700249778, 0.5060482372840246, 0.5037425839238696, 0.5020966364277734, 0.49933557874626583, 0.5006925662358602, 0.49932758178975845, 0.4954173117876053, 0.49047839807139504, 0.4915937003162172, 0.48572279347313774, 0.4888531350427204, 0.485034500559171, 0.482128381729126, 0.48223114675945705, 0.47989799082279205, 0.4797586864895291, 0.4766785121626324, 0.4759492427110672, 0.4730864117542903], "val_loss": [0.6314408928155899, 0.6052390933036804, 0.5716468691825867, 0.5584007948637009, 0.5489829033613205, 0.5426634177565575, 0.5439493507146835, 0.5296637043356895, 0.533067062497139, 0.5269840806722641, 0.529460534453392, 0.5249466523528099, 0.5207172259688377, 0.5231887996196747, 0.5240779519081116, 0.5220650434494019, 0.524744413793087, 0.5128089040517807, 0.5256103053689003, 0.5136239007115364, 0.5214296504855156, 0.5212953612208366, 0.5146485716104507, 0.5168427005410194, 0.5170000046491623, 0.5143535733222961, 0.5180080831050873, 0.5211038142442703]}