{"best_val": 0.5094068720936775, "train_loss": [0.6286729375521342, 0.6106820272074805, 0.5926531255245209, 0.577399773730172, 0.5613811115423838, 0.5461264401674271, 0.5406426274114184, 0.5357768717739317, 0.5358393390973409, 0.5270136743783951, 0.5262556804551018, 0.5247460206349691, 0.5205874227815204, 0.5205361909336514, 0.5172144356701109, 0.5166625380516052, 0.5157673756281534, 0.5139815708001455, 0.5114189783732096, 0.5113513469696045, 0.5093740903668933, 0.5105800347195731, 0.5072583705186844, 0.5084884481297599, 0.5054775741365221, 0.5065639134910371, 0.5061005916860368, 0.5025763478544023, 0.5027576403485404, 0.5015762564208772, 0.5014195872677697, 0.5005604326725006, 0.5003843870427873, 0.4976465321249432, 0.49523649944199455, 0.49737558762232464, 0.4970744219091203, 0.4950939549340142, 0.4988063524166743, 0.4956446654266781, 0.4976718740330802, 0.49425184892283547, 0.49486139085557723, 0.4943729125791126, 0.49340973132186466, 0.4923561563094457, 0.4930727862649494, 0.493801924917433, 0.4941536651717292, 0.4955177654822667, 0.4948410275909636, 0.49009185201591915, 0.49422171546353233, 0.49281830092271167, 0.4925420979658763, 0.4899020360575782, 0.49099891053305733, 0.4947646028465695], "val_loss": [0.6221659779548645, 0.6071610599756241, 0.588601291179657, 0.5775756388902664, 0.5640475451946259, 0.5565126538276672, 0.5573974177241325, 0.5409354791045189, 0.5444032400846481, 0.5396838188171387, 0.5368221998214722, 0.5365050509572029, 0.5381735265254974, 0.5315078124403954, 0.5332730114459991, 0.5280049592256546, 0.5195698961615562, 0.5228599160909653, 0.5234369561076164, 0.5249033570289612, 0.5234580338001251, 0.5179401412606239, 0.5218193084001541, 0.5156517624855042, 0.5195413380861282, 0.5207850709557533, 0.5164315700531006, 0.5147848725318909, 0.5223912745714188, 0.5155987739562988, 0.5183101519942284, 0.5191551297903061, 0.5120732188224792, 0.5145811140537262, 0.5151807367801666, 0.5148442462086678, 0.5154217407107353, 0.5195038765668869, 0.5110990405082703, 0.5168957784771919, 0.5167454332113266, 0.5114274546504021, 0.5109184011816978, 0.5109535083174706, 0.5156589895486832, 0.5102848187088966, 0.5164809450507164, 0.5094068720936775, 0.5098655596375465, 0.5117156431078911, 0.5132351368665695, 0.5176974013447762, 0.5163283497095108, 0.5111868754029274, 0.5150525569915771, 0.5136954635381699, 0.5151882246136665, 0.512846402823925]}