{"best_val": 0.502223826944828, "train_loss": [0.6894130011399587, 0.6746772527694702, 0.6636443568600549, 0.6533379786544375, 0.6422950625419617, 0.6298194858762953, 0.6170144809616936, 0.5998878677686056, 0.5820867419242859, 0.5675419800811343, 0.5504557225439284, 0.5366565568579568, 0.5271844118833542, 0.520352303981781, 0.5148694299989276, 0.5123011800977919, 0.5059018631776174, 0.5032375355561575, 0.5024572279718187, 0.5027601735459434, 0.4970200128025479, 0.494978838496738, 0.4940655810965432, 0.4926382336351607, 0.4948214607106315, 0.4878523929251565, 0.4871825161907408, 0.48684418863720363, 0.48193830086125267, 0.4853850371307797, 0.4832804749409358, 0.48315418759981793, 0.47944149871667224, 0.4806317322784, 0.48117494251992965, 0.47924286127090454, 0.4740874171257019, 0.4785405728552077, 0.47489238944318557, 0.4771736048989826, 0.4738040102852715, 0.4745416094859441, 0.47469574875301784, 0.47203847931491005, 0.4724662701288859, 0.4714639551109738, 0.47481000423431396, 0.4718371629714966, 0.4709550125731362, 0.4720822225014369], "val_loss": [0.6413718312978745, 0.6361118257045746, 0.6273459196090698, 0.6194963455200195, 0.6146768182516098, 0.6048943996429443, 0.5966249406337738, 0.5846829116344452, 0.5720984041690826, 0.5621134638786316, 0.5490502715110779, 0.54251728951931, 0.5413778573274612, 0.532903715968132, 0.5359776020050049, 0.5272124633193016, 0.5293835401535034, 0.5262101367115974, 0.5247035920619965, 0.5269832015037537, 0.5251116752624512, 0.5244565233588219, 0.5199696123600006, 0.5241322815418243, 0.5190941542387009, 0.520955003798008, 0.5166025385260582, 0.5112079679965973, 0.5116768628358841, 0.515975147485733, 0.5106703117489815, 0.5083358809351921, 0.513319805264473, 0.510406568646431, 0.509652353823185, 0.5075270906090736, 0.5164120346307755, 0.5105731785297394, 0.5111652165651321, 0.502223826944828, 0.5058200657367706, 0.505023866891861, 0.5031193867325783, 0.5107546746730804, 0.5102612674236298, 0.5105220153927803, 0.5097910091280937, 0.513114221394062, 0.5052723437547684, 0.5064625516533852]}