{"best_val": 0.4273247014392506, "train_loss": [0.6928299595327938, 0.6266608740769181, 0.5960946573930628, 0.571673583166272, 0.542938817949856, 0.5122344745140449, 0.48743808386372584, 0.47358422711783765, 0.4677257438500722, 0.46436481674512226, 0.4609937241264418, 0.4590214718790615, 0.45690040962368833, 0.45675940548672395, 0.45596988820562173, 0.45413579426559747, 0.4538463301518384, 0.45276618938820035, 0.4515754177289851, 0.45120485273062017, 0.45111233697218056, 0.4492354065764184, 0.4492054038188037, 0.44765781012235906, 0.4469047229663998, 0.4456801396958968, 0.4468580104556738, 0.4437510897131527, 0.44472628305940065, 0.44241351648872973, 0.4430447904502644, 0.44139425135126303, 0.4417230498556997, 0.4398574139557633, 0.43997059499516206, 0.4385801653067271, 0.43692970626494465, 0.4373570481936137, 0.4360668396248537, 0.4342203607746199, 0.43516450243837695, 0.4346730983724781, 0.4329451445270987, 0.43127942026830185, 0.43206168214480084, 0.4323456813307369, 0.4296067006447736, 0.4297695767645742, 0.42727375556440916, 0.42717428300894944, 0.42630088212443334, 0.424949503996793, 0.4256049038148394, 0.42549731158742715, 0.4248035310530195, 0.423289720918618, 0.42372747905114116, 0.4227163511164048, 0.4214477130011016, 0.420005939170426, 0.42017386064809914, 0.4198675909463097, 0.41856329347573074, 0.4187534965720831, 0.41673169241232033, 0.41620519581963034, 0.41575027096505257, 0.41527460836896707, 0.4142061244038975, 0.4129190082643546, 0.4128391941388448, 0.41228797213703977, 0.41126806771053986, 0.41156764708313287, 0.4115833207672718, 0.4097258664813696, 0.4097081130626155, 0.4074051345095915, 0.4076111708201614, 0.4074931524547876, 0.40681135771321314, 0.4059446202773674, 0.4058340431428423, 0.4058448648920246], "val_loss": [0.6486346613277089, 0.6024706797166304, 0.576542469588193, 0.5500272160226648, 0.5190497392957861, 0.4906268905509602, 0.47254338318651373, 0.463209098035639, 0.4570779719135978, 0.45588960430838843, 0.45469718087803235, 0.45386835119941016, 0.45083903995427216, 0.44956771352074365, 0.450007826089859, 0.4469721588221463, 0.45133365013382654, 0.448738006028262, 0.446114412762902, 0.44734287532893097, 0.4474107866937464, 0.44559570334174414, 0.44488920948722144, 0.4449998980218714, 0.4435873410918496, 0.44319143891334534, 0.44349340146238153, 0.4407972151582891, 0.442531328309666, 0.4422721808606928, 0.4419157830151645, 0.44297717918049206, 0.4394853656942194, 0.43848582018505444, 0.4385011765089902, 0.4386311010880904, 0.4392368576743386, 0.4369857826016166, 0.4386169964616949, 0.43775107914751227, 0.43602000312371686, 0.436027545820583, 0.43365894664417615, 0.4351651749827645, 0.43516329472715204, 0.4343152371319858, 0.4343033324588429, 0.4329167658632452, 0.43420420451597735, 0.43196312947706744, 0.43230208483609284, 0.43190395019271155, 0.4314754198897969, 0.4296822873028842, 0.4291530576619235, 0.4308499504219402, 0.43034756454554474, 0.4290825914252888, 0.43030590089884674, 0.42962143366987054, 0.42937792431224475, 0.43107015978206287, 0.4292217330499129, 0.429598098451441, 0.4285467971454967, 0.4287670363079418, 0.43054431676864624, 0.43075544996695087, 0.4280038150874051, 0.4288499246944081, 0.4310125762766058, 0.42748521132902667, 0.4287968061187051, 0.4273247014392506, 0.43013155460357666, 0.4288709895177321, 0.43156285990368237, 0.4281348938291723, 0.42923652854832733, 0.42776428027586505, 0.4300462386824868, 0.42762373794208874, 0.4278982877731323, 0.42865239490162244]}