{"best_val": 0.46400036866014654, "train_loss": [0.7300270176401326, 0.6818645830247917, 0.6587229113952786, 0.6402647740700665, 0.6245524637839374, 0.6105446371377683, 0.5999357758783826, 0.5914529924299202, 0.5822914020687926, 0.5724140645242205, 0.5581996166238598, 0.5415891899782068, 0.5269551551809498, 0.5182354946931204, 0.5094825824101766, 0.5034362340674681, 0.4975342288905499, 0.49186377782447666, 0.4869385157145706, 0.48219865385223837, 0.4790434141953786, 0.4748501660777073, 0.4714794047907287, 0.4692700096205169, 0.46799558284235937, 0.46753767600246504, 0.46631378110717325, 0.46617545801050525, 0.4654582388260785, 0.46597203670763504, 0.4650740635161306, 0.46490534672550127, 0.4646315370120254, 0.4640251076688953, 0.4637409407718509, 0.4635126695913427, 0.4636431353933671, 0.4632856974414751, 0.46280914954110686, 0.46322643464686825, 0.4623039715430316, 0.46217064062754315, 0.4621674003554325, 0.4608754807827519, 0.4622216820716858, 0.4608931553130056, 0.4605015107229644, 0.46006015702789904, 0.4614824120904885, 0.4608463913786645, 0.45944852747169196, 0.45995910728678985, 0.4605953594048818, 0.4593989726375131, 0.4593019935430265, 0.4598110738922568, 0.45886318590126784, 0.4581792658450557, 0.45844927254845114, 0.45931608244484545, 0.45868387409285005, 0.45927173600477333, 0.45752059595257627, 0.45783460549279753, 0.4574933805886437, 0.4573526534379697, 0.45801162076931373, 0.45666548551297653, 0.4572371408051136, 0.45695659635113733, 0.4559306601683299, 0.4568944538340849, 0.45811330687765983, 0.45683519103947806, 0.4556942856779285, 0.45620693587789346, 0.4555326454779681, 0.4565114793824215, 0.4552759598283207, 0.45559797041556416, 0.4538288975463194, 0.4556802417717728, 0.45578289908521313, 0.45464157473807243, 0.45383818009320426, 0.4539546411411435, 0.4546549413718429, 0.4541655235430774, 0.4529962037123886, 0.4558893126599929, 0.45340245202475904, 0.45400970940496405, 0.45263227060729383], "val_loss": [0.6567167097871954, 0.6394824277270924, 0.6238121336156671, 0.6078081727027893, 0.5956706242127852, 0.583900045264851, 0.5768072442574934, 0.5710130929946899, 0.5626256303353743, 0.5514989170161161, 0.5361000272360715, 0.523599462075667, 0.5146083940159191, 0.5089056952433153, 0.5019753196022727, 0.49716053767637775, 0.49206355755979364, 0.4871323758905584, 0.4846236841245131, 0.4809787029569799, 0.47654219378124585, 0.474448561668396, 0.47302819652990863, 0.47329940037293866, 0.47247837619348004, 0.4730521657250144, 0.47156840562820435, 0.4720629534938119, 0.47036768902431836, 0.47219517014243384, 0.47183422337878833, 0.4710356593132019, 0.4724438894878734, 0.4713555086742748, 0.4702005007050254, 0.46959454633972864, 0.4704370471564206, 0.46945006197149103, 0.46992935104803607, 0.46776940334926953, 0.4693150059743361, 0.4688732515681874, 0.46925924853845075, 0.4711088944565166, 0.4684317166155035, 0.4691676903854717, 0.46900745955380524, 0.4688483612103896, 0.46896486390720715, 0.46716213768178766, 0.4694592465053905, 0.4675221388990229, 0.4701519391753457, 0.4659190394661643, 0.4671473340554671, 0.46643212708559906, 0.46594331481240014, 0.4668054363944314, 0.46639813618226483, 0.4669042202559384, 0.4663314602591775, 0.4684631120074879, 0.46537062525749207, 0.4667116539044814, 0.4665115475654602, 0.46567709879441693, 0.467510155656121, 0.4655568464235826, 0.46472002972256055, 0.4664839939637618, 0.4655433405529369, 0.46797353571111505, 0.4641920707442544, 0.4667713831771504, 0.46523983912034467, 0.4658859507604079, 0.46410076997496863, 0.46494097872213885, 0.4641193747520447, 0.46579780361869116, 0.464064974676479, 0.4646090431646867, 0.46400036866014654, 0.4657873673872514, 0.46496605602177704, 0.4676774740219116, 0.46594741669568146, 0.46716756983236835, 0.46581611850044946, 0.4656397510658611, 0.46616285226561804, 0.4654877646402879, 0.4661955237388611]}