{"best_val": 0.4417100359093059, "train_loss": [0.6673842201045915, 0.6115376505197263, 0.5840353030784458, 0.5593159555220136, 0.5262408303279503, 0.4977257000465019, 0.47974150905422136, 0.47017230823928235, 0.4658708858723734, 0.4622798515301125, 0.45999425591207016, 0.45914164711447325, 0.45618432000571607, 0.45702923863541844, 0.4557155142812168, 0.45287783590017583, 0.45201075369236515, 0.45083483118636936, 0.45028768099990546, 0.4486342966556549, 0.4472573592382319, 0.44552741448084515, 0.44561716212945823, 0.4451828949591693, 0.44425882311428294, 0.44265324637001635, 0.44144025561856287, 0.44031458391862754, 0.43872258184002894, 0.4380657702100043, 0.4364318555476619, 0.4344154181433659, 0.4349508799758612, 0.4323461166783875, 0.43248219232933194, 0.4297704001267751, 0.42990394725519065, 0.4295488695303599, 0.428598998224034, 0.4252704288445267, 0.42461179459796233, 0.4235999069961847, 0.42173123242808325, 0.42072887338844, 0.41988886162346484, 0.41938604151501374, 0.4183317253402635, 0.417479275488386, 0.41640669691796395, 0.4145822665270637, 0.41305216036590875, 0.41304584928587373, 0.411084617469825, 0.4094832580463559, 0.40835925586083355, 0.4076625097031687, 0.4076227598330554, 0.40484611251774955, 0.40379276696373434, 0.40239420065692827, 0.40133898515327304, 0.4004972097920437, 0.399828199078055, 0.3987366615557203, 0.3963038646707348, 0.3968263005509096, 0.39454999624514114, 0.39326664454796734], "val_loss": [0.6305396014993842, 0.5826408754695546, 0.5642371502789584, 0.5367019149390134, 0.5033506425944242, 0.4858724231069738, 0.4706768501888622, 0.4673189954324202, 0.46693272211334924, 0.4623175967823375, 0.4621115137230266, 0.46522421457550744, 0.46385863423347473, 0.46151753989132965, 0.4636419848962264, 0.4609562023119493, 0.46014372598041187, 0.46151592514731665, 0.4625135199590163, 0.46127385984767566, 0.4606372226368297, 0.4574333375150507, 0.4602482860738581, 0.4573343667117032, 0.45758875933560456, 0.4553638046438044, 0.456368779594248, 0.4557664611122825, 0.4546538862315091, 0.45495883984999225, 0.4566707340153781, 0.454777790741487, 0.45259734175421973, 0.4537114826115695, 0.45507942275567487, 0.45256227254867554, 0.45035969669168646, 0.4532018249685114, 0.4490356878800826, 0.44926614382050256, 0.4497753761031411, 0.45071932673454285, 0.45151993903246795, 0.4461838332089511, 0.44723510471257294, 0.45034810629757965, 0.44967071305621753, 0.44909885796633636, 0.44633806022730743, 0.4523680020462383, 0.4513865980235013, 0.44707500663670624, 0.445663414218209, 0.4470472281629389, 0.44922100413929333, 0.44278792901472613, 0.44461471113291656, 0.4417100359093059, 0.44455327229066327, 0.4437028630213304, 0.4466404454274611, 0.444694846868515, 0.4452525702389804, 0.4446309344335036, 0.4445226192474365, 0.4427396059036255, 0.4441072019663724, 0.4435920092192563]}