{"best_val": 0.4808477461338043, "train_loss": [0.6759957803620232, 0.610076473818885, 0.5550638917419646, 0.520334447423617, 0.5073117779360877, 0.4977915816836887, 0.49703286422623527, 0.49331172307332355, 0.48826661209265393, 0.485379954179128, 0.4864618993467755, 0.48302549289332497, 0.48081529637177783, 0.4803963618146049, 0.47892726957798004, 0.4810230880975723, 0.47871394289864433, 0.47836797767215306, 0.4771323882871204, 0.47611574663056266, 0.4756731738646825, 0.47427799304326373, 0.47314973009957206, 0.47426598105165696, 0.4725896848572625, 0.47078659137090045, 0.47111445168654126, 0.46864145000775653, 0.46930071545971763, 0.46885330975055695, 0.46954258448547787, 0.47109803060690564, 0.46671587063206565, 0.4674992197089725, 0.4674409098095364, 0.4667111933231354, 0.4663263112306595, 0.4680352459351222, 0.4664551913738251, 0.4676523672209846, 0.4650704943471485, 0.4655340231127209, 0.4641780803600947, 0.46499912109639907, 0.46456900073422325, 0.4627094748947356, 0.4632689671383964, 0.46286503473917645, 0.4624301360713111, 0.4610994706551234, 0.4623349905014038, 0.46531177891625297, 0.4602598134014342], "val_loss": [0.6410558968782425, 0.578598365187645, 0.5430970788002014, 0.5231605172157288, 0.5208440870046616, 0.5255132839083672, 0.5207856148481369, 0.5168552324175835, 0.5131523236632347, 0.516791008412838, 0.5170285403728485, 0.5110228508710861, 0.5052381753921509, 0.5039939656853676, 0.4936635494232178, 0.500486470758915, 0.4991220459342003, 0.497349850833416, 0.498639777302742, 0.5028587728738785, 0.4880051165819168, 0.49184776097536087, 0.49429450929164886, 0.49747132509946823, 0.4934912249445915, 0.495806060731411, 0.49417581409215927, 0.49314074218273163, 0.4984756410121918, 0.48673565685749054, 0.4907049238681793, 0.49064815044403076, 0.49098774790763855, 0.4888570159673691, 0.4878062233328819, 0.4872356653213501, 0.4845554083585739, 0.4889124184846878, 0.4846043139696121, 0.49122656881809235, 0.48926594853401184, 0.48459528386592865, 0.4808477461338043, 0.49452049285173416, 0.4873579815030098, 0.48964447528123856, 0.48724399507045746, 0.4842997416853905, 0.4897783473134041, 0.4910675957798958, 0.4865056574344635, 0.4942623972892761, 0.4834500253200531]}