{"best_val": 0.4466574937105179, "train_loss": [0.654814600944519, 0.6486175590091281, 0.6425255570146773, 0.6361636916796366, 0.6293403969870673, 0.6210819913281335, 0.613101687696245, 0.6052845584021674, 0.5972802572780185, 0.5896984140078226, 0.5824795100424025, 0.576773915025923, 0.5694837073485056, 0.5672668781545427, 0.5616894231902229, 0.556844585471683, 0.5530541671646966, 0.5513198673725128, 0.5486401600970162, 0.5458792812294431, 0.5403125534454981, 0.5404080798228582, 0.5348421451118257, 0.5339004728529189, 0.5330688887172275, 0.5272450182172987, 0.5245833098888397, 0.5236965119838715, 0.5217059022850461, 0.5182697309388055, 0.5149767183595233, 0.5172318120797476, 0.5164137664768431, 0.5109342237313589, 0.5094294200340906, 0.5083019269837273, 0.5094095286395814, 0.505895079837905, 0.5044591029485067, 0.5053909603092406, 0.5005551195806928, 0.49902475873629254, 0.4964890413814121, 0.4986831396818161, 0.49608803788820904, 0.4970591614643733, 0.49381650156444973, 0.4940771907567978, 0.49338091247611576, 0.49151167273521423, 0.4899234142568376, 0.48679176304075455, 0.48882869879404706, 0.48951892885896897, 0.4851088457637363, 0.48851606084240806, 0.4886298014058007, 0.488488538397683, 0.4872162871890598, 0.4867376668585671, 0.4864942298995124, 0.4861624654796388, 0.4873721698919932, 0.4845277617375056, 0.48722300430138904, 0.4850902325577206, 0.48521407114134896, 0.4834353311194314, 0.4832718355788125, 0.48534872465663487, 0.48108050061596763, 0.48224808937973446, 0.48206836978594464, 0.4832121945089764, 0.4797353148460388, 0.47996144162284005, 0.48260455826918286, 0.48553648756610024, 0.4810326000054677, 0.48006081415547264, 0.48424788812796277], "val_loss": [0.6531775146722794, 0.6476506739854813, 0.6394088566303253, 0.634787917137146, 0.6282296925783157, 0.6200021207332611, 0.6136121451854706, 0.6045055687427521, 0.5989827066659927, 0.5892814248800278, 0.5881654620170593, 0.5771902352571487, 0.5665246695280075, 0.5697091966867447, 0.5666939467191696, 0.558832585811615, 0.554993599653244, 0.5542020201683044, 0.5454868525266647, 0.5443587601184845, 0.5376733988523483, 0.5454477220773697, 0.5333736911416054, 0.5302866548299789, 0.5278254225850105, 0.5216907486319542, 0.5225467160344124, 0.5142699256539345, 0.515562079846859, 0.506955474615097, 0.5080745071172714, 0.5043333470821381, 0.505364716053009, 0.49958769232034683, 0.49069785326719284, 0.4934709742665291, 0.4938547760248184, 0.4923904985189438, 0.4847933277487755, 0.4853284955024719, 0.4873063638806343, 0.48488326370716095, 0.47259431332349777, 0.4799458533525467, 0.47247765213251114, 0.47399671375751495, 0.47741425782442093, 0.47256913781166077, 0.46925268322229385, 0.4673290550708771, 0.466588132083416, 0.4659213572740555, 0.4666074439883232, 0.4690140187740326, 0.4662620425224304, 0.4597584009170532, 0.46242470294237137, 0.4668562784790993, 0.47062841802835464, 0.45538024604320526, 0.4626251980662346, 0.45809505879879, 0.4544058218598366, 0.45450034737586975, 0.4518646150827408, 0.45352473855018616, 0.4531658664345741, 0.45542342215776443, 0.45229411125183105, 0.4509732574224472, 0.4466574937105179, 0.4565582647919655, 0.4518488645553589, 0.44976040720939636, 0.450639471411705, 0.45381955057382584, 0.45211198925971985, 0.45365670323371887, 0.4578555226325989, 0.45259200781583786, 0.455295667052269]}