{"best_val": 0.43457416783679614, "train_loss": [0.644431284829682, 0.584314460847892, 0.5530843384125653, 0.517683268177743, 0.4911498859816906, 0.47443562570740194, 0.46671580800823137, 0.46245093380703645, 0.45855310793016474, 0.4559614307740155, 0.45775919743612703, 0.4542996526933184, 0.453190404994815, 0.4518677095572154, 0.4526633830631481, 0.4478180209795634, 0.44738107685949285, 0.4451582104552026, 0.4442114771581164, 0.44268765519647035, 0.44210271566521886, 0.44083234726213943, 0.43921196168544246, 0.4386337124833874, 0.4376843133393456, 0.4338214648704903, 0.4329056243101756, 0.4312591745572932, 0.43098706123875635, 0.42826886796483804, 0.4278758454556559, 0.42569822306726496, 0.42431264122327167, 0.42345984484635146, 0.4229999850778019, 0.4199168354857202, 0.41951048900099364, 0.4184332338033938, 0.41609838079003725, 0.41459477064656275, 0.41317856896157357, 0.4127443795110665, 0.4103514464462505, 0.40830712575538486, 0.40862993574609946, 0.40534938258283276, 0.40396330637090344, 0.4041589849135455, 0.4014531204513475, 0.4014719496755039, 0.39836523579616173, 0.3969702346652162, 0.39576782432256963, 0.3943408727645874, 0.392241977593478, 0.39094756280674653, 0.38921504979040106, 0.38845724743955273, 0.38568802849919187, 0.3858718585734274, 0.384927865336923, 0.3847556277817371, 0.3811924399114123, 0.3801869767553666, 0.37783681703548805, 0.37520964531337514, 0.3763037323951721, 0.3725924445133583, 0.37227633537030685, 0.3711285924210268, 0.3713508382731793, 0.3699936779106365, 0.3664655030942431, 0.36576074537108927, 0.3655373828083861, 0.36365967521480486, 0.3618854558935352, 0.3602140510783476, 0.35915802389967677, 0.35716596245765686, 0.35668499387946784], "val_loss": [0.5998182676055215, 0.5736496502702887, 0.5397636944597418, 0.5038789944215254, 0.4852698797529394, 0.4712839695540341, 0.4686628227884119, 0.46242854270068084, 0.4603627242825248, 0.4626790258017453, 0.4621808339249004, 0.45956525477496063, 0.4620168209075928, 0.4581655345179818, 0.4573513161052357, 0.45576107231053437, 0.4562717621976679, 0.45906221866607666, 0.45612806894562463, 0.4565067508003928, 0.4545246118848974, 0.4545925097032027, 0.45429497957229614, 0.4528578059239821, 0.4535861150784926, 0.4514044929634441, 0.45285824754021387, 0.4516041333025152, 0.45119529420679266, 0.44995255632834, 0.44966882738200104, 0.4510912163691087, 0.44623576511036267, 0.44945093989372253, 0.4505453543229537, 0.4487702413038774, 0.4478238035332073, 0.44741392135620117, 0.44854996692050586, 0.4468076906420968, 0.4463465836915103, 0.4451342929493297, 0.44848111271858215, 0.44290817054835235, 0.44604195247996936, 0.4469136053865606, 0.44619835506786, 0.4484755044633692, 0.44556237079880456, 0.44375675916671753, 0.4429931369694797, 0.44391008669679816, 0.4422373582016338, 0.4422605200247331, 0.4428548271005804, 0.44264254515821283, 0.44099022583527997, 0.44168630513277923, 0.44286876916885376, 0.4390291923826391, 0.44489357417280023, 0.43823109431700275, 0.4388424943793904, 0.44146318327296863, 0.4387751709331166, 0.4376936663280834, 0.4396349841898138, 0.43979473547501996, 0.4426972649314187, 0.4377353651957078, 0.43457416783679614, 0.43974229151552374, 0.44110096855597064, 0.4371180832386017, 0.44018678773533215, 0.4401396323334087, 0.4482546692544764, 0.4373236352747137, 0.43691738085313275, 0.43584565682844684, 0.4439184178005565]}