{"best_val": 0.46593165397644043, "train_loss": [0.6928656929069095, 0.6582481000158522, 0.6218258606062995, 0.578353249364429, 0.5462797350353665, 0.5246874888737997, 0.5108824769655863, 0.49703561431831783, 0.49249830179744297, 0.4862748086452484, 0.48261161148548126, 0.47882389691140914, 0.47492069668240017, 0.4714255366060469, 0.47122198508845436, 0.4701780163579517, 0.47049106988641953, 0.4658614860640632, 0.46286052962144214, 0.46215253074963886, 0.4625941150718265, 0.4622075292799208, 0.4612675855557124, 0.4605637623204125, 0.45897065765327877, 0.45768865446249646, 0.45862886640760636, 0.4575873398118549, 0.4572143041425281, 0.4588434249162674, 0.4615434954563777, 0.4570648885435528, 0.45576924251185524, 0.45673659443855286, 0.4549453970458772, 0.4560270888937844, 0.45532936023341286, 0.45547472106085884, 0.45592643651697373, 0.4549170583486557, 0.45187628434764016, 0.45723700026671094, 0.4529417504866918], "val_loss": [0.6806344389915466, 0.6531700044870377, 0.6238982677459717, 0.5980697125196457, 0.5846771001815796, 0.5681100487709045, 0.5558139160275459, 0.5395965576171875, 0.5383269563317299, 0.5280992761254311, 0.5172587260603905, 0.5147163718938828, 0.5112070217728615, 0.5016848146915436, 0.500751681625843, 0.49438972771167755, 0.49091921001672745, 0.49077316373586655, 0.48446430265903473, 0.4834901690483093, 0.48139991611242294, 0.4781394526362419, 0.4771866351366043, 0.478044293820858, 0.47305645048618317, 0.4741188585758209, 0.4796247258782387, 0.4734800457954407, 0.47098854929208755, 0.48648642748594284, 0.4720524698495865, 0.47096051275730133, 0.46593165397644043, 0.47271163761615753, 0.46829430758953094, 0.47134003788232803, 0.4663208946585655, 0.4713992699980736, 0.471671961247921, 0.4774882420897484, 0.4735311418771744, 0.4672341048717499, 0.47625333815813065]}