{"best_val": 0.4738835468888283, "train_loss": [0.6681564019785987, 0.59531702597936, 0.5418006148603227, 0.5192830430136787, 0.5084423306915495, 0.5043042037222121, 0.5021305398808585, 0.49382460945182377, 0.4954282310273912, 0.49385662542449105, 0.49078362186749774, 0.48621920082304215, 0.4845480074485143, 0.4854527794652515, 0.4757123473617766, 0.4786602672603395, 0.47607780827416313, 0.4741963843504588, 0.47495373752382064, 0.4741861472527186, 0.4721395671367645, 0.47105136182573104, 0.4685799363586638, 0.46526095436678994, 0.4680992133087582, 0.46745914883083767, 0.46733791132767993, 0.46647199326091343, 0.4654113898674647, 0.465304692586263, 0.46451620592011345], "val_loss": [0.6230485886335373, 0.5482106655836105, 0.506934255361557, 0.49740755558013916, 0.4846159443259239, 0.4919920712709427, 0.4901433289051056, 0.48690157383680344, 0.4903944656252861, 0.4942401424050331, 0.4933210462331772, 0.47956376522779465, 0.48023446649312973, 0.47854016721248627, 0.4830695688724518, 0.4814818352460861, 0.47901061922311783, 0.4798130393028259, 0.4796493574976921, 0.4820302501320839, 0.4738835468888283, 0.47442812472581863, 0.48151450604200363, 0.4828856810927391, 0.47786757349967957, 0.4775426611304283, 0.4834889993071556, 0.4782400354743004, 0.48280056565999985, 0.47975192219018936, 0.4757142439484596]}