{"best_val": 0.5080018490552902, "train_loss": [0.6525715490182241, 0.6194223198625777, 0.5864981975820329, 0.5540523760848575, 0.5347730964422226, 0.5284461196925905, 0.5206000987026427, 0.5183115667766995, 0.5170602881246142, 0.5143741402361128, 0.5077860703070959, 0.5085241480006112, 0.5064227547910478, 0.5038185483879514, 0.5030444429980384, 0.5005583829349942, 0.4992382708523009, 0.49866235587331986, 0.4967844734589259, 0.4973981844054328, 0.4938936647441652, 0.4956190188725789, 0.4955930295917723, 0.49817611773808795, 0.4948917080958684, 0.4949981023867925, 0.49381739563412136, 0.49335668484369916, 0.49077798922856647, 0.4901484896739324], "val_loss": [0.6176797300577164, 0.5956893861293793, 0.5676169842481613, 0.5471910685300827, 0.5384807884693146, 0.5359781309962273, 0.5310692638158798, 0.5252172201871872, 0.5260283872485161, 0.5252462029457092, 0.516412690281868, 0.514246866106987, 0.521465077996254, 0.5250398218631744, 0.5096405819058418, 0.5128971487283707, 0.5123731270432472, 0.5121522843837738, 0.5099071711301804, 0.5080018490552902, 0.511588029563427, 0.5099362656474113, 0.5116739720106125, 0.5161895602941513, 0.5106679275631905, 0.5175427719950676, 0.5103717595338821, 0.5211136117577553, 0.5154577121138573, 0.5193591713905334]}