{"best_val": 0.4589487165212631, "train_loss": [0.7093962298499213, 0.6874641511175368, 0.6636307272646162, 0.6388235025935702, 0.6133060687118106, 0.5908162163363563, 0.5754491289456686, 0.5620572302076552, 0.5575203663773007, 0.5499307099315855, 0.5466643853320016, 0.5395345671309365, 0.5366367465919919, 0.5360425015290579, 0.533244303531117, 0.5293578952550888, 0.5265989220804639, 0.5274518662028842, 0.5235795378684998, 0.5221020413769616, 0.5213144620259603, 0.5221709642145369, 0.5184721483124627, 0.5163835502333112, 0.5148671550883187, 0.5133823106686274, 0.5131978723737929, 0.5114185280270047, 0.5129340721501244, 0.5093251847558551, 0.50720733569728, 0.5102869884835349, 0.5057694315910339, 0.5049581676721573, 0.5050805244180891, 0.5059130605724123, 0.5043923705816269, 0.502779632806778, 0.5070436596870422, 0.50565162466632, 0.5011780576573478, 0.5038842989338769, 0.4991027315457662, 0.5016872187455496, 0.5001703219281303, 0.4991435441705916, 0.4985160579284032, 0.4978497177362442, 0.498224933942159, 0.498918612798055, 0.49812819725937313, 0.4979121883710225, 0.49522357020113206, 0.49567142460081315, 0.49501852028899723, 0.4961985581450992, 0.49831679794523454, 0.4940655959977044, 0.4965674512916141], "val_loss": [0.6909087598323822, 0.6693268567323685, 0.6441547721624374, 0.6214303970336914, 0.5972466319799423, 0.5785776525735855, 0.5618070140480995, 0.5531143695116043, 0.5445646345615387, 0.5394729971885681, 0.526014894247055, 0.5255631878972054, 0.518160916864872, 0.5213105902075768, 0.515816293656826, 0.5064427554607391, 0.5061671510338783, 0.5002047494053841, 0.49715419113636017, 0.49809492379426956, 0.4964444488286972, 0.49388037621974945, 0.4912150353193283, 0.48529618233442307, 0.4899159297347069, 0.48623136430978775, 0.48162396252155304, 0.4798417463898659, 0.4782906249165535, 0.47405291348695755, 0.47635626792907715, 0.4781978726387024, 0.47591532766819, 0.4732305333018303, 0.4715223014354706, 0.4671882092952728, 0.47171206027269363, 0.4634650945663452, 0.4660482108592987, 0.465167872607708, 0.4646696001291275, 0.4660521447658539, 0.46682170778512955, 0.46307772397994995, 0.46641698479652405, 0.468007355928421, 0.47156795859336853, 0.46591055393218994, 0.4589487165212631, 0.4676189348101616, 0.4598117619752884, 0.4613659083843231, 0.46405158191919327, 0.4678076505661011, 0.46157094836235046, 0.46239064633846283, 0.46019233763217926, 0.4621618092060089, 0.464380145072937]}