{"best_val": 0.43418198552998627, "train_loss": [0.6348839519070644, 0.6111925010587654, 0.5962251459850985, 0.5854623510557062, 0.5745141617223328, 0.5659896970963946, 0.554731946365506, 0.5388264007428113, 0.5217279295126597, 0.5020203193028768, 0.48482179466415853, 0.47364849904004264, 0.4655823076472563, 0.46131643769787806, 0.457606235555574, 0.4556838309063631, 0.4535384482028438, 0.45366212082844154, 0.4527974572836184, 0.45097002503918665, 0.4498090802454481, 0.4493078577752207, 0.448948986974417, 0.4476396055782543, 0.4466217838081659, 0.4467148558766234, 0.44688714543978375, 0.4461268461218067, 0.4443042237384647, 0.4436969166877223, 0.44415368285833623, 0.44383686664057714, 0.44445376419553567, 0.4424755246031518, 0.44149179902731206, 0.44163310294057806, 0.4411873122056325, 0.44072451310999256, 0.44137373391319723], "val_loss": [0.6077096895738081, 0.5887520150704817, 0.5776585177941755, 0.5688022727316077, 0.558457615700635, 0.5484923774545843, 0.5365418656305834, 0.5191525058312849, 0.4996096166697415, 0.4777315584096042, 0.461665307933634, 0.45158200101418927, 0.4458137804811651, 0.44246043129400775, 0.4400852349671451, 0.4374318339607932, 0.437593630769036, 0.4369879121130163, 0.4381535161625255, 0.43695763837207446, 0.43591882152990863, 0.4355963956226002, 0.4365396120331504, 0.4362447370182384, 0.434899086301977, 0.43514382568272675, 0.43539526516740973, 0.4355306923389435, 0.43418198552998627, 0.4364962171424519, 0.43492606011303986, 0.43464773622426117, 0.4360930161042647, 0.43655835769393225, 0.43626023422588, 0.43559234792535956, 0.43498706817626953, 0.4354214939204129, 0.43545267256823456]}