{"best_val": 0.4399870552799918, "train_loss": [0.6768130847052032, 0.6371670996441561, 0.6043895249273262, 0.5864672614078895, 0.576022067490746, 0.5650272661564397, 0.5525146442301133, 0.5374469026631, 0.521957968379937, 0.5068312824941149, 0.4936557634204042, 0.4805253814248478, 0.4699179197058958, 0.4613540476443721, 0.45233558673484653, 0.44786245332044716, 0.4432387632482192, 0.43828487045624676, 0.4362507462501526, 0.43463101457147035, 0.432768562260796, 0.43213216931212184, 0.43115419324706583, 0.42834406506781486, 0.42822248737017315, 0.4274347097265954, 0.4256933863256492, 0.42456865310668945, 0.42567486155266854, 0.42316075399810194, 0.4222169337319393, 0.42157909507844965, 0.4215303764623754, 0.4207815475323621, 0.4202744686136059, 0.41874875800282346, 0.41754665853930456, 0.418390375142004, 0.41826388882655724, 0.4177092740348741], "val_loss": [0.6608350060202859, 0.6289270466024225, 0.6096698154102672, 0.6004923202774741, 0.5898218750953674, 0.5781673897396434, 0.5600711432370272, 0.5447914166883989, 0.5303925438360735, 0.5131526995788921, 0.49824714118784125, 0.4866899929263375, 0.47449350357055664, 0.46745955673131073, 0.46179740266366437, 0.4563482024452903, 0.4526332914829254, 0.4495167623866688, 0.44750549305569043, 0.447123340585015, 0.4456263834779913, 0.44538643143393775, 0.44521435553377325, 0.4440741620280526, 0.44325791705738415, 0.44410090283914044, 0.44194978746500885, 0.44348163496364246, 0.44345621358264575, 0.4399870552799918, 0.4418720928105441, 0.44239076701077545, 0.4444186281074177, 0.4406702491370114, 0.4424004852771759, 0.442038584839214, 0.44072066924788733, 0.4423360526561737, 0.4401742165738886, 0.44004288857633417]}