{"best_val": 0.46487118168310687, "train_loss": [0.7539370410582599, 0.7228953698102165, 0.6791798624337888, 0.629366769510157, 0.5944560146799275, 0.5757327015493431, 0.5664099992490282, 0.5543603680881799, 0.5429309495523864, 0.5294438699881235, 0.5146829193713618, 0.5042581540696761, 0.49422062728919236, 0.48432065283550935, 0.47719330764284323, 0.4697969982437059, 0.46577118775423837, 0.4622972017409755, 0.4608599900030622, 0.4590493417253681, 0.45793628225139543, 0.45637698208584504, 0.454936870172912, 0.45289548179682565, 0.45308724746984597, 0.4534878035386403, 0.45257507176960216, 0.45299575375575646, 0.45103150489283544, 0.4512801719646828, 0.45055867702353236, 0.44860264834235697, 0.44827507465493444, 0.4492732222173728, 0.44857821160671757, 0.4473434867812138, 0.4477606281345966, 0.44813818674461514, 0.44648941766981987, 0.4459850244662341], "val_loss": [0.744104575027119, 0.7051040584390814, 0.6540294506333091, 0.6095983169295571, 0.5868258367885243, 0.5729554837400263, 0.5631821534850381, 0.5517057478427887, 0.5433149988001044, 0.5315971293232657, 0.520534640008753, 0.5122090740637346, 0.5043143982237036, 0.49466379393230786, 0.48980298909274017, 0.48224182562394574, 0.4792459580031308, 0.47515918720852246, 0.47533187812024896, 0.4720741727135398, 0.4705043109980496, 0.47012789953838696, 0.47002875533970917, 0.46789495240558276, 0.4678670818155462, 0.46733854575590655, 0.46594184366139496, 0.46732804450121795, 0.46593697233633563, 0.46487118168310687, 0.4680559878999537, 0.46546176888725976, 0.4665139236233451, 0.46785663203759625, 0.46491826935247943, 0.466078519821167, 0.46488098122856836, 0.4656359282406894, 0.46559268778020685, 0.46555541862141003]}