{"best_val": 0.43491026759147644, "train_loss": [0.6705610319679859, 0.6247238481746, 0.5982481323036493, 0.5800378988770878, 0.5683750194661757, 0.559259878654106, 0.5494731968524409, 0.5376643707939223, 0.5250572906989678, 0.5146675828625175, 0.5032361547152201, 0.49462154040149614, 0.4882420909171011, 0.48178354548472985, 0.47904829301086127, 0.4722621177925783, 0.47087781102049586, 0.46563151069715913, 0.46338851136319775, 0.4612538317839305, 0.4589739471089606, 0.45900772599612966, 0.45752346106604036, 0.4553086897906135, 0.4531859802264793, 0.4518420439140469, 0.4523918096925698, 0.45054659305834305, 0.44944711058747533, 0.4480217794577281, 0.4502449649221757, 0.4492185220998876, 0.4473986216619903, 0.44918595634254754, 0.44683685840344894, 0.44713926373743546, 0.4460733047887391, 0.4447966019312541, 0.44399788216048597, 0.44507181878183405, 0.44437354043418287, 0.44422120849291485, 0.44450690173635293, 0.44283874362122777, 0.44255230882588553, 0.4421856531909868, 0.4419914384682973, 0.4416935940583547, 0.4422098965037103, 0.4405343509187885, 0.4401497805819792, 0.4410192884650885, 0.43955471702650484, 0.439371304769142, 0.4388602440263711, 0.43873253230955084, 0.43972953102167917, 0.43955299141360266, 0.4386201331428453, 0.43928786411004905, 0.4385843499034059], "val_loss": [0.6369991844350641, 0.5959614840420809, 0.575878148729151, 0.562060605395924, 0.551921159029007, 0.5426288870247927, 0.5307453897866335, 0.519553084265102, 0.5076378231698816, 0.4960263263095509, 0.48496973514556885, 0.4780033691362901, 0.4709094329313798, 0.46630036018111487, 0.46115695617415686, 0.4551004604859786, 0.45283170450817456, 0.4521124850619923, 0.44908803701400757, 0.44605590538545087, 0.44605869867584924, 0.4435972273349762, 0.44230583581057464, 0.44167980551719666, 0.439297692342238, 0.43831177191300824, 0.4400314824147658, 0.4395438026298176, 0.43718861178918317, 0.43717311187223956, 0.43682963197881525, 0.4372237514365803, 0.43761155822060327, 0.4354892914945429, 0.4369793182069605, 0.4375951181758534, 0.43564495173367584, 0.43672343546693976, 0.4367216744206168, 0.4389957379211079, 0.43659093434160406, 0.43951746279543097, 0.4353345903483304, 0.4352038719437339, 0.43588513135910034, 0.4350601380521601, 0.4354819817976518, 0.43733561580831354, 0.43722406842491846, 0.43597602573308075, 0.43491026759147644, 0.435635043816133, 0.4360796863382513, 0.43690833991224115, 0.43653655323115265, 0.4360484345392747, 0.4359781335700642, 0.43757021156224335, 0.436548035253178, 0.43541241504929284, 0.4351084286516363]}