{"best_val": 0.45797311717813666, "train_loss": [0.6795425099485061, 0.6453775342772988, 0.6155533007546967, 0.5938163493193832, 0.5798865322973213, 0.5710794504951028, 0.5615650251799938, 0.5509602170364529, 0.5372674663861593, 0.5254435223691604, 0.5117882799868491, 0.4980949578331966, 0.487436374612883, 0.475999818128698, 0.46816637644580766, 0.46230004932366164, 0.45687690961594674, 0.4546447764424717, 0.45131871454855976, 0.44970708501105217, 0.44846558629297745, 0.44741152022399155, 0.44568055166917686, 0.4446466717065549, 0.4454363344931135, 0.4454530442462248, 0.44261259308048323, 0.4435134138546738, 0.4424430891579273, 0.44105996805078845, 0.4416595218228359, 0.44131388617496864, 0.44080520961798875, 0.4406827127232271, 0.4408586568692151, 0.44093983430488437, 0.44006138397198097, 0.43982062269659605], "val_loss": [0.6599498607895591, 0.6320364095947959, 0.6131709001281045, 0.599738597869873, 0.5881634246219288, 0.5791825272820212, 0.569360616532239, 0.557458059354262, 0.543596934188496, 0.5322209596633911, 0.5177970122207295, 0.5065502795306119, 0.49488711086186493, 0.48331028493967926, 0.4793703799897974, 0.47531422159888526, 0.46968821503899316, 0.46590886332771997, 0.46563534574075177, 0.462674081325531, 0.4625279822132804, 0.4633879444815896, 0.4607484449039806, 0.4617174972187389, 0.46258818019520154, 0.4612183001908389, 0.4600588218732314, 0.45797311717813666, 0.46157752383839, 0.4601204178550027, 0.461990703235973, 0.4617213959043676, 0.4596820202740756, 0.46062677285887976, 0.45986763455651025, 0.45874559066512366, 0.4595715809952129, 0.45886281674558466]}