{"best_val": 0.01054656933993101, "train_loss": [0.6476943736726587, 0.6166391291401603, 0.5762277787381952, 0.2733196440068158, 0.08613012002950365, 0.05375164696438746, 0.04742123999378898, 0.04102096909826452, 0.037312882613729344, 0.03182011368599805, 0.027134436013346367, 0.030120728198777546, 0.03195711682465943, 0.024695217270742763, 0.025658390611748804, 0.021803352346813135, 0.025278316895392807, 0.020893155089156193, 0.019109516658566215, 0.019255339676006275, 0.018484463068571957, 0.02980441904880784, 0.024205782577734102, 0.02035369516604326, 0.022232231387699194, 0.020983277862383562, 0.022023648404600946, 0.01733320269902999, 0.018608734688975594, 0.016513451976193624, 0.020712486552921208, 0.018562176815149458, 0.01614132354205305, 0.014404759742319584, 0.014223830054768107, 0.014845807232301344, 0.016281908039342274, 0.013137878871268847, 0.01279692296785387, 0.014591814209283753, 0.01842279552312737, 0.03700476029718464, 0.016486149810423904, 0.012037807186557488, 0.012794235932894728, 0.013523425039073283, 0.013090095609765161, 0.01158129559321837, 0.01435452041385526, 0.013129609340632504, 0.013461665525524453, 0.016289877408946104, 0.012109318303621629, 0.01180818800772117, 0.013848800741305406, 0.011485604315318844, 0.012941519158299674, 0.011319316500289873, 0.022172691554508427, 0.012486721918156201, 0.011538349113173106, 0.012875044930048964, 0.027412636840546675, 0.03332385082136501, 0.03908766594461419, 0.03217056054960598, 0.01763131816617467, 0.015612130434336987, 0.01570360599593683, 0.013343174899504944, 0.011405165667052974], "val_loss": [0.617534875869751, 0.6164881348609924, 0.46394008994102476, 0.1267026200890541, 0.06227398291230202, 0.049798726290464404, 0.04868095815181732, 0.04933828487992287, 0.03353854976594448, 0.030726509913802148, 0.028303664550185202, 0.04829972460865974, 0.027565785497426987, 0.02493998743593693, 0.022777961008250712, 0.025237401574850084, 0.022392743453383445, 0.020100936666131018, 0.019876209273934364, 0.01967554185539484, 0.02185259945690632, 0.03178531713783741, 0.022532422840595246, 0.020425190404057502, 0.020442614704370497, 0.035376249253749846, 0.018349409103393555, 0.0172430370002985, 0.017162945121526718, 0.016676226072013377, 0.02301254328340292, 0.021255762502551078, 0.01705409847199917, 0.014602717570960521, 0.016380210407078266, 0.015036756545305252, 0.014408716559410095, 0.013198092579841614, 0.015396534278988839, 0.023994580656290055, 0.04579804390668869, 0.024019909277558326, 0.016615219041705133, 0.012759971991181373, 0.013196011632680893, 0.014729596860706805, 0.015987722761929037, 0.014793324470520019, 0.019099313579499722, 0.011874526366591453, 0.012406990863382816, 0.014157156459987164, 0.011887123435735702, 0.012478852085769177, 0.018612568080425263, 0.012025869637727737, 0.01141999252140522, 0.013764148019254208, 0.031455907970666885, 0.011369220912456512, 0.01054656933993101, 0.01975746564567089, 0.023333004489541054, 0.04984986316412687, 0.13108321502804757, 0.025043336674571037, 0.018459508940577508, 0.016369443759322165, 0.015907004848122595, 0.012695490568876266, 0.014101850800216198]}