{"best_val": 0.41862989555705676, "train_loss": [0.6817415333261677, 0.5967954946499244, 0.5688922066314548, 0.5459581934938244, 0.5131755658224517, 0.47920136767275195, 0.45445598165194195, 0.44296735116079744, 0.43665339023459193, 0.4339356977565616, 0.43075708723535727, 0.4297058477121241, 0.4286400114788729, 0.4275461698279661, 0.4253302298340143, 0.42245004866637437, 0.42098189744294856, 0.41856968636606257, 0.4161992330177158, 0.41633719614907805, 0.4149259772955203, 0.4127844133797814, 0.41095634359939426, 0.4122551498459835, 0.40861572296011683, 0.40639972102408317, 0.40383952213268653, 0.402594889495887, 0.4005236438676423, 0.3998357040040633, 0.39623138951320275, 0.39594976048843533, 0.3927423241091709, 0.39055660250140173, 0.3892402759954041, 0.3877049789709203, 0.38455963310073404, 0.38349252880788315, 0.3818341838378532, 0.3813231306917527, 0.37887852799658683, 0.3750630248995388, 0.3727041173215006, 0.37438733495917975, 0.36989853604167117, 0.3686645060193305, 0.36728878465353276, 0.36284617641392874, 0.36298606617777956, 0.36056017875671387, 0.3588059193947736, 0.35518165254125406], "val_loss": [0.633981011130593, 0.5859175866300409, 0.5666715556924994, 0.5375366915356029, 0.5008184340867129, 0.4700598662549799, 0.45092386549169367, 0.4413269351829182, 0.44017335772514343, 0.43642763658003375, 0.4352691552855752, 0.4352522465315732, 0.4348459541797638, 0.4353593046014959, 0.43045010620897467, 0.43327678875489667, 0.4312654733657837, 0.4296223223209381, 0.4315413670106368, 0.43019758571277966, 0.4266396462917328, 0.42783593318679114, 0.42948056621985004, 0.4272592690857974, 0.42431616241281683, 0.42644243890588934, 0.4239317314191298, 0.4255411218513142, 0.42277937043796887, 0.42407710443843494, 0.4220104759389704, 0.42119206894527783, 0.4209601039236242, 0.42459005930206994, 0.419488324360414, 0.42312774333086883, 0.42501371015201916, 0.4226568801836534, 0.4231191738085313, 0.42555627768689935, 0.42456418546763336, 0.41862989555705676, 0.423857799985192, 0.422985857183283, 0.4234077876264399, 0.4270953888242895, 0.42523236166347156, 0.4254201731898568, 0.42900714007290924, 0.4222539473663677, 0.4291710230437192, 0.42459508776664734]}