{"best_val": 0.4578127021139318, "train_loss": [0.6739460650612327, 0.6434275367680717, 0.6096445380472669, 0.5882663259319231, 0.5722818263605529, 0.555653279318529, 0.533765470864726, 0.5133881370226542, 0.4949871038689333, 0.4825979599765703, 0.4714893441574246, 0.46620085893892776, 0.4624102682459588, 0.4587542169234332, 0.45857009817572203, 0.45541196301871656, 0.4542873057664609, 0.4527807241561366, 0.4520505450519861, 0.4504488320911632, 0.45035380826276894, 0.45022096996213873, 0.44894709774092134, 0.44744133657100155, 0.44627362840315876, 0.44612251485095306, 0.44477685760049257, 0.44388271605267243, 0.44256749924491434, 0.442644220941207, 0.4422248514259563, 0.4409609027937347, 0.4385198904018776], "val_loss": [0.6601159518415277, 0.623548919504339, 0.5919966372576627, 0.5743572982874784, 0.5576328851959922, 0.538081480698152, 0.5166305466131731, 0.49933224374597723, 0.4848823845386505, 0.47575669667937537, 0.4682553708553314, 0.4658156525004994, 0.4632734168659557, 0.4615140828219327, 0.4625143056566065, 0.4612327109683644, 0.4634960185397755, 0.4608688029375943, 0.4618048776279796, 0.4590440473773263, 0.4601986354047602, 0.45886030522259796, 0.4578127021139318, 0.4594135582447052, 0.4585616805336692, 0.4597661386836659, 0.4605619961565191, 0.46023366126147186, 0.4590261090885509, 0.4594357420097698, 0.46042594584551727, 0.4589514976198023, 0.45811619000001386]}