{"best_val": 0.47131180492314423, "train_loss": [0.7237076233415043, 0.6585594684469933, 0.6060203991684259, 0.5829934921919131, 0.5723511237724155, 0.5598701630152908, 0.5498479709905737, 0.5368014281871272, 0.5223774530139624, 0.5088289321637621, 0.49674444397290546, 0.4884384432259728, 0.4789328639413796, 0.47258259677419473, 0.46980780596826593, 0.46537087068838234, 0.4620126035867953, 0.4598539436564726, 0.4581477396628436, 0.4567790633323146, 0.45559372972039613, 0.4552306532859802, 0.45399779198216456, 0.45293813534811433, 0.45237555164916843, 0.45128961053549077, 0.45003202206948223, 0.45110920246909647, 0.4502151924021104, 0.44897133988492627, 0.44878796035168217, 0.44768867305680815], "val_loss": [0.6906075748530301, 0.6354017203504388, 0.6062297008254312, 0.5943861441178755, 0.5846651304851879, 0.5736368650739844, 0.562953380021182, 0.5493649623610757, 0.5368382632732391, 0.5215203247287057, 0.5088809538971294, 0.5010022141716697, 0.49219493161548267, 0.4884915893728083, 0.4829708689993078, 0.4799416661262512, 0.4756480238654397, 0.47593139789321204, 0.4746398058804599, 0.4751551015810533, 0.4743402329358188, 0.47131180492314423, 0.47413314201615075, 0.473647188056599, 0.472701985727657, 0.47349257360805164, 0.4756617166779258, 0.47239824858578766, 0.4719268327409571, 0.4722465764392506, 0.47213236581195483, 0.4722746502269398]}