{"best_val": 0.4679039852185683, "train_loss": [0.6863778993195179, 0.6032771024049497, 0.5630876597236184, 0.5257806836390028, 0.4960860826221167, 0.48016077396916407, 0.47165613197812845, 0.46791502307443056, 0.46683361308247434, 0.46358412036708757, 0.4641973761951222, 0.4607524439400318, 0.4598182965727413, 0.45923616547210544, 0.45807450892878515, 0.45794886934990975, 0.4570985313724069, 0.4539001531460706, 0.454749419408686, 0.45493102950208325, 0.45207450845662284, 0.4511263580883251, 0.4501286733384226, 0.44893279554797155, 0.447054455093309, 0.44583608706792194, 0.4458949863910675, 0.44437329617201116, 0.4438806345649794, 0.44242309296832366, 0.4418364289928885, 0.4420183230848873, 0.4393528290823394, 0.43952404751497154, 0.4387562923571643, 0.43698089496762144, 0.4362727508825414, 0.43694954350882886, 0.4334496131130293, 0.43261319924803343, 0.4315084195604511, 0.43035294495376886, 0.4314866562684377, 0.4305187165737152, 0.4294842236182269, 0.42726387521799875, 0.42768910760973017, 0.4273989446022931, 0.4249248019620484, 0.42495519098113566, 0.4232524802871779], "val_loss": [0.6169285394928672, 0.5814195112748579, 0.5472459847276862, 0.5171528621153398, 0.4975987835363908, 0.49555860595269635, 0.4890760237520391, 0.4861013239080256, 0.4855641235004772, 0.4838125055486506, 0.4820457778193734, 0.48487320000475104, 0.48210130767388776, 0.4826999062841589, 0.48085265538909217, 0.48133761232549493, 0.47933246059851214, 0.477094593373212, 0.4825016341426156, 0.4784392606128346, 0.47701106017286127, 0.47524920105934143, 0.4762294292449951, 0.47631886330517853, 0.4771328595551578, 0.47832814671776513, 0.4747140651399439, 0.47999057986519555, 0.47219219261949713, 0.4741703244772824, 0.4727270386435769, 0.4739872298457406, 0.47210306200114166, 0.4708109064535661, 0.472432632337917, 0.4720470363443548, 0.4723204265941273, 0.47127273407849396, 0.47260520404035394, 0.471471060406078, 0.4679039852185683, 0.4691450758413835, 0.4711359576745467, 0.47246364842761646, 0.4715904647653753, 0.4702885530211709, 0.4727727554061196, 0.46981108459559356, 0.47193400968204846, 0.46976939927447925, 0.4699572433124889]}