{"best_val": 0.4943985268473625, "train_loss": [0.6140726407368978, 0.5776078369882371, 0.5452581428819232, 0.5336333215236664, 0.5240203771326277, 0.5181051641702652, 0.5136691431204478, 0.5118883517053392, 0.5076573491096497, 0.5071488751305474, 0.5073846959405475, 0.5036151243580712, 0.4994274162583881, 0.49759353200594586, 0.495743355817265, 0.49549149142371285, 0.4930947936243481, 0.4909131990538703, 0.4958168582783805, 0.48988036149077946, 0.4907917496230867, 0.4920777231454849, 0.4861329346895218, 0.48710651530159843, 0.4865170849694146, 0.4894479215145111, 0.48720622724956936, 0.4847905784845352, 0.4873832000626458, 0.4831970814201567, 0.4812736709912618, 0.4821118762095769, 0.48129508395989734], "val_loss": [0.6011848151683807, 0.5694174617528915, 0.5507412999868393, 0.539760023355484, 0.5372068136930466, 0.5307564958930016, 0.5235349088907242, 0.5256704688072205, 0.5195842683315277, 0.5151457712054253, 0.5086539462208748, 0.5112827494740486, 0.5078916624188423, 0.5036430805921555, 0.503604881465435, 0.4989088252186775, 0.5013177394866943, 0.5007429197430611, 0.497128389775753, 0.49591967463493347, 0.4977657347917557, 0.5049078240990639, 0.4943985268473625, 0.5011914223432541, 0.4980270117521286, 0.5040066316723824, 0.5018127709627151, 0.49967771023511887, 0.5031648650765419, 0.4969710633158684, 0.4991578087210655, 0.5045380964875221, 0.5044687986373901]}