{"best_val": 0.43695638938383624, "train_loss": [0.683277920180676, 0.6484953223490247, 0.6142618714594373, 0.58815817973193, 0.573914462444829, 0.5669153548923194, 0.5587795756611169, 0.5496819142033073, 0.5393386196856406, 0.5242832186175328, 0.5069140347779966, 0.4886707219423032, 0.47185556736646916, 0.45995525869668696, 0.45111524474387077, 0.4475715341521244, 0.4441049093124913, 0.4423070731116276, 0.43969527179119633, 0.4387577754609725, 0.4381692450420529, 0.4349636534849803, 0.4363551122300765, 0.43446842829386395, 0.4332684734288384, 0.43266545499072356, 0.43089570192729726], "val_loss": [0.6658080491152677, 0.6335950277068398, 0.6016520803624933, 0.5859517292542891, 0.5790819363160566, 0.570391980084506, 0.5632284825498407, 0.5520326657728716, 0.5393704907460646, 0.5249937772750854, 0.5053400722416964, 0.48645318096334283, 0.46902529217980127, 0.46061279015107587, 0.4535181061788039, 0.4521535607901486, 0.4478100456974723, 0.44659208438613196, 0.44228581948713824, 0.4427937458861958, 0.4396783844991164, 0.44031180305914447, 0.4379579614509236, 0.43947442282329907, 0.43719206885858014, 0.4369588521393863, 0.43695638938383624]}