{"best_val": 0.4564696496183222, "train_loss": [0.6413661299967298, 0.5791253657901988, 0.538893516741547, 0.4968835688104816, 0.47403846242848563, 0.46040599486407113, 0.45428460310487184, 0.45120812514249015, 0.44809095882901956, 0.44555773396118015, 0.4441677589042514, 0.4424019736402175, 0.43968764298102436, 0.4369044099368301, 0.4351984911105212, 0.4348315742670321, 0.433031148185917, 0.4300396863151999, 0.4287907130577985, 0.42726440172569424, 0.42648035521600763, 0.4240836436842002, 0.4221830292075288, 0.42178336720840603, 0.42011778085839513, 0.41790658761473265, 0.4165890041519614, 0.4162584905530892, 0.41269511802523745, 0.4117741742554833, 0.41106047641997245, 0.40865642416710946, 0.40591995038238227, 0.4060521902991276, 0.40420618419553717, 0.40243995423410456, 0.4009721489513622, 0.4000960541706459, 0.397753190760519, 0.3978744119990106, 0.3958806115038255, 0.39430289408739877, 0.39228296279907227, 0.3900923787378797, 0.38975754906149473, 0.3875822144396165, 0.38645756244659424, 0.38439933400528103, 0.3832753627907996, 0.3831330122900944, 0.3823423666112563, 0.3794744312763214, 0.37601230366557253, 0.3764657997617535, 0.3743130891930823, 0.37271438801989837, 0.3708731105514601, 0.36971014387467327, 0.3689098258813222, 0.36793798149800766, 0.36621470252672833, 0.36419717879856334, 0.363138125223272, 0.36156584468542363, 0.3593968760733511, 0.3605122063674179, 0.35784174706421645, 0.3552950944970636, 0.3572201664541282, 0.3558884187071931, 0.3521996853398342, 0.35007308978660434, 0.3490031834910898, 0.34953085172410103, 0.3473907101388071], "val_loss": [0.6143752878362482, 0.5768466375090859, 0.5335082113742828, 0.4998170056126334, 0.48344492641362274, 0.4771503128788688, 0.47233540090647613, 0.4738396785475991, 0.46916706182739953, 0.4697516912763769, 0.46882548928260803, 0.4688167544928464, 0.47015123746611853, 0.46762019937688654, 0.46761164881966333, 0.4685956889932806, 0.4678424136205153, 0.4681187028234655, 0.46542710065841675, 0.465755359693007, 0.46729201078414917, 0.46536208282817493, 0.4655468192967502, 0.4676276526667855, 0.4653507985851981, 0.4638923840089278, 0.4659719927744432, 0.4638897451487454, 0.4637799019163305, 0.46583267775448883, 0.46502483703873376, 0.46340166438709607, 0.464867120439356, 0.46380092339082196, 0.46617529608986596, 0.4619488932869651, 0.46705514192581177, 0.4634592587297613, 0.46391595764593646, 0.4623268219557675, 0.4609722684730183, 0.4633052186532454, 0.4620710719715465, 0.4609690552408045, 0.4635780832984231, 0.4613665423609994, 0.45965439081192017, 0.4623189920728857, 0.46167729930444196, 0.4626468149098483, 0.46042161367156287, 0.46093509143049066, 0.46067515828392724, 0.4622063853523948, 0.45875116369941016, 0.45898137851194903, 0.45701769265261566, 0.4590240337631919, 0.4588209038430994, 0.4628619443286549, 0.4586632360111583, 0.4622208828275854, 0.45847784118218854, 0.4635136831890453, 0.4564696496183222, 0.46282461285591125, 0.46406380425799976, 0.46192866563796997, 0.46942317485809326, 0.45999087528748944, 0.4592126391150735, 0.46148741245269775, 0.45981999960812653, 0.4611012095754797, 0.46201485937291925]}