{"best_val": 0.43321760676123877, "train_loss": [0.7178362257340375, 0.7042606788523057, 0.6916751779761969, 0.6745200788273531, 0.6451092268906388, 0.6150408340435402, 0.5931106408437093, 0.575024521818348, 0.5584320174712761, 0.5415549319164426, 0.5244586859263626, 0.5111122078755322, 0.49802890069344463, 0.4870968986960018, 0.4791649737778832, 0.4719386007271561, 0.4661344184594996, 0.46381895273339513, 0.4615638641750111, 0.45881014770152523, 0.4573238784191655, 0.4568633963080013, 0.4557035448504429, 0.4554505669603161, 0.45460819204648334, 0.4532202412100399, 0.45314598726291283, 0.45225267316780837, 0.4520966019116196, 0.4508789736850589, 0.4506282934955522, 0.45016565568306866, 0.44977110039954094, 0.44908947278471556, 0.4489485522111257, 0.44985326481800453, 0.4489513074650484, 0.4482173317787694, 0.4470652733363357, 0.44684726584191414, 0.4476864951498368, 0.4475138649052265, 0.44454993395244374, 0.4464428594299391, 0.44433267268480037, 0.4444675188438565, 0.4449976700193742, 0.4424923138291228, 0.44376154974395154, 0.44402482170684665, 0.44343742961977045, 0.4420950839332506, 0.4426441806204179, 0.4420277616556953, 0.44107920048283594, 0.4404004274630079, 0.44018561290759667, 0.440757843209248, 0.4398368433410046, 0.4400603204381232, 0.4398128454591714, 0.4395343357441472, 0.4396417655196844, 0.4394286280753566, 0.43843959242689845, 0.4387754996617635, 0.4382437876626557, 0.43804044057341185, 0.43784075274186973, 0.4372710912835364, 0.4379858912206164, 0.43646928317406597], "val_loss": [0.7013802853497592, 0.6893625421957537, 0.6756016341122714, 0.6521510102532126, 0.6163920055736195, 0.5901408845728094, 0.5703450549732555, 0.5535967566750266, 0.537161648273468, 0.5211546908725392, 0.5045696659521623, 0.49060356887904083, 0.4792150557041168, 0.4691077226942236, 0.46078398010947486, 0.45363244956189935, 0.4499016756361181, 0.448276316577738, 0.44660200855948706, 0.4463386698202653, 0.44328635931015015, 0.4422520805488933, 0.44230717420578003, 0.44187154553153296, 0.44031440940770233, 0.44106019085103815, 0.4404167045246471, 0.4400936961174011, 0.44130126996473834, 0.4380815571004694, 0.4390080381523479, 0.43938954039053485, 0.43891975012692536, 0.4380849708210338, 0.438897197896784, 0.438642599365928, 0.43835764581506903, 0.4359141832048243, 0.43947861953215167, 0.43686472285877576, 0.4374223216013475, 0.43588536977767944, 0.43674832582473755, 0.43815042213960126, 0.4376444708217274, 0.4375912303274328, 0.43691048567945306, 0.43662594936110755, 0.4361367550763217, 0.43540955673564563, 0.43724472143433313, 0.4362618706443093, 0.4377696216106415, 0.4365492408925837, 0.4356742799282074, 0.43488128889690747, 0.4365794902498072, 0.43540640852668067, 0.4356935755773024, 0.43555897745219146, 0.4376001466404308, 0.43321760676123877, 0.4333667457103729, 0.43433800068768585, 0.433842198415236, 0.43563085523518646, 0.43470012599771674, 0.4346917894753543, 0.4341113648631356, 0.4369379796765067, 0.43346782706000586, 0.4353975382718173]}