{"best_val": 0.45783367482098664, "train_loss": [0.6483283218215493, 0.5965150992075602, 0.5732121946764928, 0.5492503713159, 0.5177505390316832, 0.49046313528921087, 0.47058963600326986, 0.46172510116708043, 0.45383260296840294, 0.45196745208665434, 0.4492513747776256, 0.4462648238621506, 0.4442317964983921, 0.44350819903261524, 0.4425809044463962, 0.4415237319235708, 0.43961432576179504, 0.43810313355688957, 0.436705808429157, 0.4352085853324217, 0.4346153543275945, 0.4327741189330232, 0.4310949579173443, 0.43063872643545564, 0.42898034874130697, 0.4283263139864978, 0.4253844794105081, 0.4238130754115535, 0.42281972310122323, 0.42212364369747685, 0.420232342154372, 0.417299059676189], "val_loss": [0.6206198497252031, 0.580380076711828, 0.5640845190395009, 0.5441224873065948, 0.5153563293543729, 0.4932818819176067, 0.47887715697288513, 0.4776733626018871, 0.46547074751420453, 0.46405546502633527, 0.4660835780880668, 0.46472439440813934, 0.461967560377988, 0.46312030337073584, 0.4606164720925418, 0.4610131653872403, 0.46085484461350873, 0.45899018916216766, 0.4591515199704604, 0.4605708691206845, 0.45977421782233496, 0.45783367482098664, 0.45983458107168024, 0.46042466976425866, 0.4613550847226923, 0.4616780091415752, 0.4602185704491355, 0.45797265388748865, 0.4587725075808438, 0.45969007502902637, 0.4605626274238933, 0.46017131209373474]}