{"best_val": 0.5157191157341003, "train_loss": [0.8416843281851875, 0.8135002454121908, 0.7865035467677646, 0.7592311435275607, 0.730495423078537, 0.7037359509203169, 0.6840286718474494, 0.6682270632849799, 0.6531541446844736, 0.6375937991672092, 0.6236511733796861, 0.6109957032733493, 0.5955124861664243, 0.5821110043260787, 0.5693329075972239, 0.5558812005652322, 0.5479635993639628, 0.5392758349577585, 0.5337496317095227, 0.5288014610608419, 0.5215074486202664, 0.5210210333267847, 0.5162463403410382, 0.5149862600697411, 0.5144030451774597, 0.5150032225582335, 0.5135051856438319, 0.5118991600142585, 0.5131390591462454, 0.5098570154772865, 0.5105738672945235, 0.5077786826425128, 0.5057451013061736, 0.5054523828956816, 0.5081521156761382, 0.5044579671488868, 0.5054412749078538, 0.5053352862596512, 0.5039932976166407, 0.5015237314833535, 0.5044301003217697, 0.5029210398594538, 0.5023895965682136, 0.5026574614975188, 0.5034341348542107, 0.5023622893624835, 0.500867121749454, 0.5011132177379396, 0.4988330900669098, 0.4997837675942315, 0.5004570368263457, 0.5032007661130693, 0.5033849477767944, 0.49880491031540763, 0.5012895613908768, 0.500586031211747, 0.5028776526451111, 0.5018889258305231, 0.4990493655204773], "val_loss": [0.7595417648553848, 0.7437143325805664, 0.7281501889228821, 0.7132363170385361, 0.6947915107011795, 0.6766251176595688, 0.6617479771375656, 0.6475438922643661, 0.6383214741945267, 0.6246741712093353, 0.6077063083648682, 0.5996515452861786, 0.5879373848438263, 0.5713432058691978, 0.5674801766872406, 0.558564305305481, 0.549193874001503, 0.5442230105400085, 0.5428976863622665, 0.5317205637693405, 0.5389153510332108, 0.5293631553649902, 0.5286351293325424, 0.5231090784072876, 0.5250399261713028, 0.5309505388140678, 0.5222212970256805, 0.5248399823904037, 0.5178440511226654, 0.5219984799623489, 0.5201070532202721, 0.5165919438004494, 0.5202497839927673, 0.518584854900837, 0.5165143385529518, 0.5310989990830421, 0.5172043889760971, 0.5218306928873062, 0.5197370275855064, 0.5172856822609901, 0.5159684047102928, 0.5179526284337044, 0.5195766016840935, 0.516308456659317, 0.521118588745594, 0.5178457051515579, 0.5189008340239525, 0.5238401815295219, 0.5157191157341003, 0.520145907998085, 0.5175503194332123, 0.5193974822759628, 0.5232033729553223, 0.5174028873443604, 0.5165796354413033, 0.5200718492269516, 0.5165537893772125, 0.5205755457282066, 0.5214670598506927]}