{"best_val": 0.45113180442289874, "train_loss": [0.658028431967193, 0.5850525025059196, 0.5504273065164977, 0.5059013039458031, 0.4742240064284381, 0.45633422451860767, 0.44952059025857966, 0.4461720796192394, 0.4413200646054511, 0.43924446783813775, 0.43735461901215944, 0.43443359522258534, 0.43311747324232963, 0.4313605638111339, 0.43029758100416143, 0.42942414914860444, 0.42835019265904145, 0.4257553640533896, 0.4240773846121395, 0.4237738695799136, 0.42176560677734076, 0.4209597408771515, 0.41832373481170804, 0.4174947849675721, 0.41544461367177027, 0.4145454618276334, 0.4122709234555562, 0.41038888283804353, 0.4099170916220721, 0.40548022763401853, 0.40524301166627924, 0.40343985253689335, 0.4018690515966976, 0.4003342109567979, 0.39891731972787897, 0.39554790129848555, 0.3948725216528949, 0.39243821887408986, 0.3903878751923056, 0.38944147205820273, 0.3885153865112978, 0.38635595288931157, 0.38346720735232037, 0.38321245651619107], "val_loss": [0.6072612350637262, 0.5771654573353854, 0.541039298881184, 0.5058475028384816, 0.47444859418002044, 0.46574238213625824, 0.46158224886113947, 0.46434622732075775, 0.46159634535962885, 0.4607953808524392, 0.461439230225303, 0.4596099284562198, 0.45588539947162976, 0.4600770012898879, 0.45964996110309253, 0.461202854459936, 0.4558772417632016, 0.4582972093061967, 0.4574377888982946, 0.4570899849588221, 0.45778898759321734, 0.4558490948243575, 0.4600495154207403, 0.4548297849568454, 0.4563237564130263, 0.4558847329833291, 0.4552335793321783, 0.4554066847671162, 0.4569012793627652, 0.4545779905535958, 0.4526036056605252, 0.4556877233765342, 0.4556290290572427, 0.45113180442289874, 0.45225735956972296, 0.4511484476653012, 0.4531677040186795, 0.45444757559082727, 0.45171158422123303, 0.45372988148169086, 0.45217889005487616, 0.4549445455724543, 0.45666997812011023, 0.45881506258791144]}