{"best_val": 0.4770932766524228, "train_loss": [0.6625195952022777, 0.6116989874372295, 0.587501560940462, 0.5778590002480675, 0.5687371498229457, 0.5595016210686927, 0.5501947753569659, 0.5362298704829871, 0.5245353637957105, 0.5121347419187134, 0.49707530059066474, 0.4860389933866613, 0.47487983750362023, 0.46837937598134954, 0.46447864233278763, 0.46088023279227464, 0.45765889742795157, 0.4562012214286655, 0.4549953172019884, 0.4545358413574742, 0.45261673483194087, 0.4522670431464326, 0.45225905203351785, 0.45097875244477215, 0.4506582360641629, 0.45029884284617855, 0.44940515651422386, 0.44928376288974986, 0.44961951059453625, 0.4485841212319393, 0.4476127022621678, 0.44838913924553814, 0.4477507325948453, 0.44619439980562997, 0.44772520193866655, 0.4469463346051235, 0.4457357221958684, 0.4465116595520693, 0.4456511484641655, 0.44497880047442867, 0.44447304921991687, 0.4449924534442378, 0.44395943774896507, 0.4442952479801926, 0.4437039512045243, 0.443794590585372, 0.4433637103613685, 0.44281921375031563, 0.4422299143146066, 0.4429009410680509, 0.4429430406467587, 0.4415534880815768, 0.4415823735442816, 0.4417976830519882, 0.44227860254399914, 0.44102001365493326, 0.441746791788176, 0.44005116235976127, 0.44062261312615636], "val_loss": [0.632492954080755, 0.5994392525066029, 0.5889337171207775, 0.580777336250652, 0.5745897943323309, 0.5652591179717671, 0.5558586554093794, 0.5445670973170887, 0.5329283746806058, 0.5220780589363792, 0.5099466605619951, 0.5002339346842333, 0.49322130192409863, 0.4896318993785165, 0.4848186807198958, 0.4836286333474246, 0.48304579745639453, 0.483040527863936, 0.4821370921351693, 0.48223675110123376, 0.4807335544716228, 0.47978596795688977, 0.4833066029982133, 0.4824442213231867, 0.48029398918151855, 0.4808479899709875, 0.4807313355532559, 0.48077057708393445, 0.4790305088866841, 0.4810552488673817, 0.48180389404296875, 0.47988642345775256, 0.47872724587267096, 0.48016622120683844, 0.4783844568512656, 0.4792950722304257, 0.4811177985234694, 0.4800480008125305, 0.4819130166010423, 0.47794425758448517, 0.4796523804014379, 0.4784241562539881, 0.4788001152602109, 0.47745923562483356, 0.4805923402309418, 0.4773873117837039, 0.47883362661708484, 0.47824072295969183, 0.4770932766524228, 0.47787218473174353, 0.47970054908232257, 0.4796826812354001, 0.4773599153215235, 0.47770478237758984, 0.47877599976279517, 0.4776209538633173, 0.47809880700978363, 0.4774344698949294, 0.4791579707102342]}