{"best_val": 0.4961718022823334, "train_loss": [0.7358938720491197, 0.7001709010865953, 0.6691246794329749, 0.6373331613010831, 0.6000665360026889, 0.5673463543256124, 0.5403685023387274, 0.5259925309154723, 0.5133137222793367, 0.506270600689782, 0.4993562400341034, 0.49480989740954506, 0.4904220551252365, 0.4897089550892512, 0.48239293694496155, 0.48450981742805904, 0.4774304148223665, 0.47631950345304275, 0.4755801525380876, 0.47472508086098564, 0.4732634292708503, 0.47303053902255165, 0.4682268268532223, 0.47080157200495404, 0.47011519968509674, 0.4666166090302997, 0.466056431333224, 0.4692565053701401, 0.466701606909434, 0.46338652239905465, 0.4675549864768982, 0.4657091051340103, 0.4671933617856767, 0.466095013750924, 0.4686577518781026, 0.4675377921925651, 0.4637611160675685, 0.4659177197350396, 0.4670196539825863], "val_loss": [0.6850194931030273, 0.658725306391716, 0.6291666775941849, 0.6011271923780441, 0.5789376795291901, 0.5661675333976746, 0.5473258942365646, 0.5448742583394051, 0.5368007123470306, 0.5302532985806465, 0.5287737920880318, 0.5207426473498344, 0.523207925260067, 0.5168496146798134, 0.5077603831887245, 0.5115958005189896, 0.5148628503084183, 0.5042583122849464, 0.5014291480183601, 0.5040235966444016, 0.5065526142716408, 0.504801444709301, 0.5024314075708389, 0.5008320733904839, 0.50020582228899, 0.5017919987440109, 0.5038508251309395, 0.5045452564954758, 0.4961718022823334, 0.5021423920989037, 0.5034819692373276, 0.5109284520149231, 0.5025143772363663, 0.5000037103891373, 0.4998262822628021, 0.509110800921917, 0.496578685939312, 0.5033533051609993, 0.4969528540968895]}