{"best_val": 0.4668576344847679, "train_loss": [0.7518458598189883, 0.7270932926072015, 0.7049847443898519, 0.681686176194085, 0.6593928668234084, 0.6365135676330991, 0.6121574176682366, 0.590107798576355, 0.5700433850288391, 0.5556208706564374, 0.5436688380108939, 0.5350929680797789, 0.5316488262679842, 0.5236496776342392, 0.5216278185447057, 0.5193164249261221, 0.5129091507858701, 0.5146837532520294, 0.5052727659543356, 0.5071636670165591, 0.5016724053356383, 0.5018552425834868, 0.4998634523815579, 0.4972505387332704, 0.49618158903386855, 0.49187957578235203, 0.49577628241644967, 0.49095148344834644, 0.4899880091349284, 0.48903030157089233, 0.48646126521958244, 0.4885142031643126, 0.4871573961443371, 0.4818141245179706, 0.4836978746785058, 0.4847154700093799, 0.4826631181769901, 0.48382118841012317, 0.4785172873073154, 0.4790528532531526, 0.48102522393067676, 0.47641003628571826, 0.48086488743623096, 0.476419683959749, 0.47578320735030705, 0.4816443704896503, 0.476554736495018, 0.47670646839671665, 0.47460950414339703, 0.4763296991586685, 0.4728023161490758, 0.47077832288212246, 0.4736875461207496, 0.4743267165289985, 0.4735827363199658, 0.47979074385431075, 0.4727249460087882, 0.4732752624485228, 0.47303011351161534, 0.4716813862323761], "val_loss": [0.7409283369779587, 0.7171961814165115, 0.6971942484378815, 0.6730638146400452, 0.6513358950614929, 0.6271875202655792, 0.60436150431633, 0.5862762480974197, 0.5691894739866257, 0.5588463544845581, 0.5469558835029602, 0.5397770702838898, 0.5339293107390404, 0.5257824212312698, 0.5247916653752327, 0.5260013565421104, 0.51422418653965, 0.5165372714400291, 0.511934444308281, 0.5030622258782387, 0.4980138912796974, 0.49952325224876404, 0.5000151246786118, 0.4865586906671524, 0.48885495215654373, 0.4856615886092186, 0.48451436311006546, 0.48399119079113007, 0.48551566898822784, 0.49090849608182907, 0.4806046485900879, 0.4809837117791176, 0.47816982865333557, 0.4768560901284218, 0.4853738471865654, 0.48047324270009995, 0.47559431940317154, 0.47850503772497177, 0.47668644040822983, 0.4721358194947243, 0.48128025233745575, 0.4736339896917343, 0.4678535535931587, 0.47067802399396896, 0.473225899040699, 0.47145717591047287, 0.4709685891866684, 0.46979327499866486, 0.4760618507862091, 0.4668576344847679, 0.47277291864156723, 0.4717463254928589, 0.47110944986343384, 0.4708183631300926, 0.47434282302856445, 0.4743099883198738, 0.47184769064188004, 0.4718550741672516, 0.47396088391542435, 0.4681043401360512]}