{"best_val": 0.46103402972221375, "train_loss": [0.6568073001172807, 0.6523336834377713, 0.6475102371639676, 0.6428859333197275, 0.637436353498035, 0.6307000749640994, 0.6243748466173807, 0.6165682044294145, 0.6091918183697594, 0.5989067355791727, 0.5890285703870985, 0.5786690480179257, 0.568837089671029, 0.5601861211988661, 0.5525036950906118, 0.5486511157618629, 0.5417916923761368, 0.5419032474358877, 0.5379486597246594, 0.53538645307223, 0.5302747504578696, 0.525562466846572, 0.5236601250039207, 0.5233964390224881, 0.5177428291903602, 0.5173431668016646, 0.5150981843471527, 0.5109678953886032, 0.5107506960630417, 0.5095508545637131, 0.5039101408587562, 0.5023567113611433, 0.4997559305694368, 0.4978102429045571, 0.5015161103672452, 0.49579136073589325, 0.49334319598144954, 0.4928875466187795, 0.4911826021141476, 0.4897826396756702, 0.4880230128765106, 0.48769289751847583, 0.48888523711098564, 0.4873555517858929, 0.4837586631377538, 0.4838353461689419, 0.48365384505854714, 0.47847531239191693, 0.48183415333429974, 0.4832066413429048, 0.48046187725332046, 0.4763968454466926, 0.47575393815835315, 0.479056684507264, 0.4760807537370258, 0.47555485036638045, 0.47679974966579014, 0.47616760267151725, 0.4746342930528853, 0.47931307719813454, 0.47683465315235984, 0.47603638966878253, 0.4741563830110762, 0.47311227520306903, 0.4727175202634599, 0.47431522607803345, 0.4709608985318078, 0.4691750191979938, 0.4736184510919783, 0.46873196131653255, 0.47319018840789795, 0.47090649273660445, 0.46948761575751835, 0.472377199265692, 0.4734496821959813, 0.4694929106367959, 0.46869586904843646, 0.4685192339950138], "val_loss": [0.6536025255918503, 0.6483312100172043, 0.6441053003072739, 0.6400874108076096, 0.6326857805252075, 0.6274614036083221, 0.6203295439481735, 0.6126891523599625, 0.6067211031913757, 0.5947335958480835, 0.5864797234535217, 0.5791465938091278, 0.5673234313726425, 0.5591921806335449, 0.554014652967453, 0.5600422322750092, 0.5462571233510971, 0.5459355562925339, 0.5397460460662842, 0.539346307516098, 0.5344914346933365, 0.5317438691854477, 0.5315010696649551, 0.5267857238650322, 0.5244052410125732, 0.5164832472801208, 0.5121188759803772, 0.5065007656812668, 0.5097717195749283, 0.5096815526485443, 0.5041143074631691, 0.5027582794427872, 0.5019227340817451, 0.49788355082273483, 0.4940008893609047, 0.4859371930360794, 0.487639956176281, 0.48734456300735474, 0.4851064905524254, 0.4808594360947609, 0.48101529479026794, 0.4798654541373253, 0.4780104383826256, 0.47730912268161774, 0.48007404804229736, 0.4816485568881035, 0.47901859879493713, 0.4771730825304985, 0.47695499658584595, 0.46946628391742706, 0.4715975672006607, 0.4722430184483528, 0.4746636301279068, 0.4809819534420967, 0.4748479053378105, 0.4763123169541359, 0.47442732751369476, 0.47371557354927063, 0.46801455318927765, 0.4746413305401802, 0.47632720321416855, 0.47448863834142685, 0.47233568876981735, 0.46244294941425323, 0.4717619717121124, 0.4724377766251564, 0.46947629004716873, 0.46103402972221375, 0.4716593101620674, 0.4745611697435379, 0.46890493482351303, 0.46813424676656723, 0.47113481163978577, 0.47117215394973755, 0.4691142365336418, 0.4650399312376976, 0.4733484610915184, 0.4665882736444473]}