{"best_val": 0.4407496303319931, "train_loss": [0.6742297477192349, 0.6278714140256246, 0.5786833630667793, 0.5452829913960563, 0.5306111690070894, 0.5166965358787112, 0.505817226237721, 0.5008058630757861, 0.49924839039643604, 0.49267567197481793, 0.4921334468656116, 0.49115026328298783, 0.4906257043282191, 0.48908785813384587, 0.4908115499549442, 0.4862221164835824, 0.48543891807397205, 0.4886125690407223, 0.4872431407372157, 0.48804672062397003, 0.48553255531522965, 0.4810905588997735, 0.48446885248025257, 0.482805523607466, 0.4796656800640954, 0.48023680680327946, 0.4822176959779527, 0.48016271491845447, 0.47770513428582084, 0.4813603162765503, 0.47861811021963757, 0.47814495695961845, 0.4767773432864083, 0.47505604724089306, 0.4723232405053245, 0.4725333634350035, 0.4726904018057717, 0.47400809162192875, 0.47260287900765735, 0.4734301533963945, 0.4754551003376643, 0.4732133398453395, 0.47100530564785004, 0.4697604642974006, 0.470274128847652, 0.46995143592357635], "val_loss": [0.6551876962184906, 0.6091002374887466, 0.5659646093845367, 0.5372284427285194, 0.5115645229816437, 0.5072649344801903, 0.49247385561466217, 0.4886855259537697, 0.479290172457695, 0.473089337348938, 0.4700493812561035, 0.46964871138334274, 0.46577271819114685, 0.46042097359895706, 0.4631394147872925, 0.4683655574917793, 0.47330331057310104, 0.46010706573724747, 0.45725327730178833, 0.46207115799188614, 0.45774657279253006, 0.45783518999814987, 0.4634275734424591, 0.456191785633564, 0.45689770579338074, 0.4559081271290779, 0.45681196451187134, 0.44984788447618484, 0.44817396253347397, 0.45254890620708466, 0.45163945853710175, 0.4472762569785118, 0.44731977581977844, 0.4426206424832344, 0.44413019716739655, 0.4407496303319931, 0.44494540989398956, 0.4467683210968971, 0.4439915865659714, 0.4428858235478401, 0.44351793080568314, 0.4412750080227852, 0.44527699053287506, 0.4432405084371567, 0.442570723593235, 0.4422230049967766]}