{"best_val": 0.40618813850662927, "train_loss": [0.6663533554357641, 0.6034697487073786, 0.5726858120338589, 0.5429024824909136, 0.5023998787590102, 0.4672184703396816, 0.447018434604009, 0.4394284060188368, 0.4353930652141571, 0.4338662904851577, 0.43206122166970196, 0.43023061109524147, 0.42795468486991584, 0.42695161291197237, 0.42681218245450186, 0.4253180704864801, 0.4242384439589931, 0.42272812595554426, 0.42045891343378555, 0.41848102913183327, 0.4182497128552082, 0.4177521391242158, 0.41633927237753776, 0.41440698095396455, 0.41247281023100313, 0.410840174146727, 0.40989527749080285, 0.4075594059392518, 0.40724993277998534, 0.40549687602940726, 0.40326951239623277, 0.4010716273504145, 0.40120594817049365, 0.4013417257982142, 0.39757272425819845, 0.39631200070474665, 0.3945310220998876, 0.3937198297650206, 0.39302505231371115, 0.39057394745303137, 0.3900986424848145, 0.38611579993191886, 0.38536321707800325, 0.38554227761193816, 0.38395964631847307, 0.38139639940916326, 0.38126734658783556, 0.3784821483434415, 0.3764995026822184, 0.37488797949809655, 0.37576796318970473, 0.37340307820077034, 0.3713339590558819, 0.3694042101794598, 0.3663799803630978, 0.3657316249959609, 0.36458054184913635, 0.3634106762268964, 0.3605152228299309, 0.3593038647782569, 0.35731112606385174, 0.35663211871595946, 0.3544313895936106, 0.3534065853146946, 0.3509298393539354, 0.34886542225585265, 0.3488074015168583, 0.34654095827364456, 0.34457489965008753, 0.343142101577684, 0.340351600857342, 0.34137612435163234, 0.3402841307368933, 0.3368818079139672, 0.3348008347492592, 0.3327859587529126, 0.3307260315792233, 0.33055441052305934], "val_loss": [0.6294399716637351, 0.5824873393232172, 0.5545241995291277, 0.5187268392606215, 0.47663683511994104, 0.4474987414750186, 0.436668875542554, 0.4315637864849784, 0.42834550413218414, 0.42686411467465485, 0.4280172721906142, 0.42501470717516815, 0.42591390826485376, 0.4245278130878102, 0.423257052898407, 0.4257615262811834, 0.4202899987047369, 0.42138323187828064, 0.4212015487930991, 0.42278081991455774, 0.4229222671552138, 0.41926040161739697, 0.4212420718236403, 0.4236914948983626, 0.4197268702767112, 0.4167849367315119, 0.4185641814361919, 0.4177543818950653, 0.41831347888166254, 0.4190839501944455, 0.4174408126961101, 0.41861336068673566, 0.415792931209911, 0.41425101594491437, 0.41366664929823443, 0.4154313098300587, 0.4126571443947879, 0.415470074523579, 0.41338960420001636, 0.41481067917563696, 0.4124219200827859, 0.41362845626744354, 0.4169151349501176, 0.4124699885194952, 0.41466687755151227, 0.4126888486472043, 0.4129958694631403, 0.4100111018527638, 0.4129647260362452, 0.41272062063217163, 0.41297882524403656, 0.41055741093375464, 0.4152444709431041, 0.40689059550111945, 0.4108512184836648, 0.4068909612568942, 0.41014296358281915, 0.4107917140830647, 0.40667875788428565, 0.4064490090716969, 0.40889466350728815, 0.4106627215038646, 0.41034519401463593, 0.40742370757189666, 0.4103864539753307, 0.40955915505235846, 0.40916183861819183, 0.40618813850662927, 0.4090013151819056, 0.4076640931042758, 0.4138829437169162, 0.40767783468419855, 0.4099818928675218, 0.40903237191113556, 0.4107958403500644, 0.41034107316624036, 0.40748558803038165, 0.4086549498818137]}