{"best_val": 0.4857053756713867, "train_loss": [0.7272719277275933, 0.7022206518385146, 0.6795645356178284, 0.6584001779556274, 0.6371767454677157, 0.6183767020702362, 0.6000197496679094, 0.5864417056242625, 0.5701707667774625, 0.5576771166589525, 0.5484573112593757, 0.5399822211927838, 0.5363307529025607, 0.5295922574069765, 0.5267386767599318, 0.5224855326943927, 0.5229607191350725, 0.5194399687978957, 0.5143801818291346, 0.5184707790613174, 0.5137055466572443, 0.5134450296560923, 0.5098978843953874, 0.5088046259350247, 0.50989497701327, 0.506026158730189, 0.5094813704490662, 0.5077839609649446, 0.5055467734734217, 0.5039375838306215, 0.5053350379069647, 0.5025629301865896, 0.5008926507499483, 0.5024537725581063, 0.500090060962571, 0.49849870966540444, 0.4986697948641247, 0.5003277295165591, 0.49474527604050106, 0.49668581949339974, 0.49899284210469985, 0.49535638093948364, 0.49191975593566895, 0.49355991515848374, 0.4925616118643019, 0.49223626487784916, 0.4913584258821275, 0.4899872624211841, 0.4888693077696694], "val_loss": [0.7060673087835312, 0.6831288635730743, 0.6621173918247223, 0.6406982094049454, 0.6209316104650497, 0.6017410308122635, 0.5840947329998016, 0.5722338706254959, 0.5544683337211609, 0.544262483716011, 0.5343479365110397, 0.5200282111763954, 0.5217466577887535, 0.5171359479427338, 0.5114918202161789, 0.5093716904520988, 0.5059261247515678, 0.4990183040499687, 0.500497080385685, 0.49939294159412384, 0.5038836821913719, 0.4928116500377655, 0.4943632632493973, 0.4924348145723343, 0.4978410005569458, 0.501565009355545, 0.49407830089330673, 0.495340920984745, 0.4998929426074028, 0.493525430560112, 0.4896509349346161, 0.4922037273645401, 0.48963502049446106, 0.5032057240605354, 0.4922966733574867, 0.4915612190961838, 0.4946681559085846, 0.4903666824102402, 0.4857053756713867, 0.4875784292817116, 0.48707135766744614, 0.4927457496523857, 0.4869909957051277, 0.49654319882392883, 0.489420622587204, 0.4898790270090103, 0.49277129769325256, 0.49223443120718, 0.4860736355185509]}