{"best_val": 0.46543192118406296, "train_loss": [0.6729816926850213, 0.6485795577367147, 0.6234021716647677, 0.5948982073201073, 0.5780244039164649, 0.5678025169505013, 0.564517522851626, 0.5569841530587938, 0.5512499362230301, 0.5448862976498074, 0.544084467821651, 0.5438808417982526, 0.5379385915067461, 0.5369235293732749, 0.5338907043139139, 0.5321033265855577, 0.5312963624795278, 0.5244078520271513, 0.5253902888960309, 0.5200358745124605, 0.5194347533914778, 0.5240945965051651, 0.5202897621525658, 0.5156620426310433, 0.519203825129403, 0.5121850652827157, 0.5111769189437231, 0.512539138396581, 0.5157746821641922, 0.5133415311574936, 0.5104497224092484, 0.508525088429451, 0.5084895359145271, 0.5099268870221244, 0.5082541124688255], "val_loss": [0.6543795764446259, 0.623455598950386, 0.5877705812454224, 0.5531478375196457, 0.529480904340744, 0.5151655226945877, 0.5122357681393623, 0.5035678148269653, 0.5081309899687767, 0.49631187319755554, 0.49561475217342377, 0.48984988033771515, 0.49458184838294983, 0.4812154546380043, 0.49128979444503784, 0.48128170520067215, 0.480462022125721, 0.4762781634926796, 0.4772486910223961, 0.4770289808511734, 0.47582661360502243, 0.47767046838998795, 0.4756862595677376, 0.47321074455976486, 0.46543192118406296, 0.4745699316263199, 0.4724057540297508, 0.4750429466366768, 0.47389745712280273, 0.472875714302063, 0.4752432405948639, 0.47282395511865616, 0.4734102338552475, 0.4753860980272293, 0.47336242347955704]}