{"best_val": 0.4548902159387415, "train_loss": [0.799736406288895, 0.7577962255945393, 0.7221932866994072, 0.6833615139418957, 0.6532070426379933, 0.6241813453973508, 0.6020509320146897, 0.5893727681216072, 0.5814759217056573, 0.5719956562799566, 0.5627033891631108, 0.5521233619428149, 0.5399350839502671, 0.5283595989732182, 0.5160308012775346, 0.506682367885814, 0.4963063626897101, 0.48619845042041704, 0.4786296784877777, 0.47405459074413075, 0.47152304064993766, 0.46721816530414656, 0.4654421794648264, 0.464755841329986, 0.464943107436685, 0.46260322367443757, 0.46352049708366394, 0.4626997195038141, 0.4622487881604363, 0.46194824634813797, 0.4619242256762935, 0.4614146836832458, 0.46112833887923, 0.4611014022546656, 0.4597690374243493, 0.4602656276787029, 0.4599625924054314, 0.4594978164224064, 0.46000538444986533, 0.45942750397850485, 0.4581999661875706, 0.4574328099980074, 0.45801571888082165, 0.458309740412469, 0.4583187839564155, 0.4572129652780645, 0.45741743433709237, 0.4576646095397426, 0.45718611455431174, 0.4563954507603365, 0.4558663052671096, 0.45674583315849304, 0.4558645638765073, 0.45649704395555984, 0.4552398405823053, 0.4556740516541051, 0.45534004650863946, 0.455152327523512, 0.4558749777429244, 0.4539025011015873], "val_loss": [0.6716805479743264, 0.654644478451122, 0.643553842197765, 0.6362076022408225, 0.619566722349687, 0.6006687012585726, 0.5886388475244696, 0.5807392434640364, 0.571751285683025, 0.562258698723533, 0.5525586171583696, 0.5400211377577349, 0.5274644006382335, 0.5139158449389718, 0.5036788935011084, 0.4933373738418926, 0.48633606054566125, 0.474455944516442, 0.46972166950052435, 0.46544054421511566, 0.46269894459030847, 0.4602880504998294, 0.45851247960870917, 0.45897839015180414, 0.45793187618255615, 0.4585540077903054, 0.4576514146544717, 0.46103478561748157, 0.45806366205215454, 0.45906668630513275, 0.4578726996075023, 0.4590522186322646, 0.4575322595509616, 0.45860652219165454, 0.4581989754330028, 0.4573434130711989, 0.457685034383427, 0.4568006233735518, 0.45565004511313006, 0.458209056745876, 0.45640229366042395, 0.4572031172839078, 0.45636559887365863, 0.45710269700397144, 0.4554795649918643, 0.45655639605088666, 0.45627700740640814, 0.4574307555502111, 0.4556389505212957, 0.4548902159387415, 0.4554901664907282, 0.45695286176421424, 0.45633330941200256, 0.45571753653613006, 0.45709710771387274, 0.45544070276347076, 0.45746862617405976, 0.45499231056733563, 0.456087510694157, 0.4565397961573167]}