{"best_val": 0.46042321486906573, "train_loss": [0.6853054434645409, 0.6445695570870942, 0.61058264503292, 0.5883187265957103, 0.5748243811083775, 0.5616690054828045, 0.5447286133672676, 0.5274328980960098, 0.5108310650376713, 0.4967099550892325, 0.4859653401608561, 0.47720257032151314, 0.47195232849495083, 0.4660812160548042, 0.46292996640298884, 0.4606925973705217, 0.46077942848205566, 0.45815645654996234, 0.45777929413552376, 0.4561818528409098, 0.4558482801212984, 0.4554636478424072, 0.45509518712174657, 0.4533612143759634, 0.45417166106841145, 0.4526066511285071, 0.4530033486730912, 0.45097096059836594, 0.45204054724936393, 0.45092350595137654, 0.4518641362003252, 0.4507548148725547, 0.4507441403819065, 0.44911785336101756, 0.44947148129051806, 0.4491177651227689, 0.44819239950647544, 0.44753821924620985, 0.44898011287053424, 0.4475880054866566, 0.44708727212513194, 0.44761283082120557, 0.44636215298783544, 0.44583970425175684, 0.4454427349801157, 0.4461758908103494, 0.44527167899935854, 0.44514940123932034, 0.444243650226032, 0.4448857582082935, 0.44437279888227876, 0.4435368419862261, 0.4430189284623838, 0.44381218038353265, 0.4422725813061583], "val_loss": [0.6701268716291948, 0.6352218118580905, 0.6087670813907277, 0.5928582332350991, 0.5777982635931536, 0.5618881745771929, 0.5454204732721503, 0.5272937742146578, 0.512051977894523, 0.498586351221258, 0.48795583031394263, 0.4843168258666992, 0.47798644683577796, 0.4749057509682395, 0.47177606550129975, 0.47093052484772424, 0.46970371224663476, 0.46927494352514093, 0.4688012410293926, 0.4664001221006567, 0.4673524688590657, 0.4652104296467521, 0.4626099304719405, 0.46502366391095246, 0.46495822884819726, 0.4640130481936715, 0.4643899717114188, 0.464209719137712, 0.46409595012664795, 0.4639364210042087, 0.4623005010864951, 0.4627802534536882, 0.4644117680462924, 0.46321759440682153, 0.4636633585799824, 0.46209823272444983, 0.4627172974022952, 0.46272720261053607, 0.4631155891851945, 0.46158319982615387, 0.4617671153762124, 0.4610248018394817, 0.4610041163184426, 0.46051858501000836, 0.46042321486906573, 0.46220745281739667, 0.4620399068702351, 0.46043785322796216, 0.4612953717058355, 0.4612468020482497, 0.46149786764925177, 0.4621735459024256, 0.460458674214103, 0.4616659798405387, 0.4613519988276742]}