{"best_val": 0.444762029431083, "train_loss": [0.6662925867473378, 0.6013938515794044, 0.5730084227580651, 0.5530376235644022, 0.524916437326693, 0.49219968973421585, 0.46688419580459595, 0.4544687434738758, 0.44957374123965993, 0.44504417917307687, 0.444181176961637, 0.4424938162167867, 0.4406978184101628, 0.43956056120348913, 0.4377390549463384, 0.4358893872476092, 0.4347652681902343, 0.4346712436161789, 0.4330698947111766, 0.43141647004613687, 0.42993003305266886, 0.42844653012705786, 0.4287475394267662, 0.4260220463369407, 0.424557953488593, 0.42262037069189784, 0.4219861761027691, 0.41957157616521795, 0.4194050366972007, 0.41754335807818993, 0.41647469705226375, 0.41406752081478343, 0.41272816938512463, 0.4122009493556677, 0.4104609553720437, 0.4083152214686076, 0.4063299099604289, 0.4061280915550157, 0.40315114458401996, 0.4024272251362894, 0.4010509328514922, 0.39907149590697943, 0.39864611216619905, 0.3974049739977893, 0.39523225613668855, 0.3938969350328632, 0.39309409611365376, 0.389791620128295, 0.38894831082400155, 0.38675380045292423, 0.3862093651995939, 0.385942992626452, 0.382461348585054, 0.38111555517888535, 0.3798593054799473, 0.37685902971847385, 0.37695930050868615, 0.3759758676968369, 0.3741135684882893, 0.3726710127849205, 0.3705841752828336, 0.36994249855770783, 0.3668428636064716, 0.3667737993539548, 0.3650219756014207, 0.36347102943588705, 0.3619240779502719, 0.36021262290431005, 0.3593696998614891], "val_loss": [0.6345560659061779, 0.5915495753288269, 0.5734922994266857, 0.5522986325350675, 0.5225142701105638, 0.4877959814938632, 0.47059205174446106, 0.4694880030371926, 0.4620405977422541, 0.4638198207725178, 0.4585452377796173, 0.4629178426482461, 0.46510501070456073, 0.46126129952344025, 0.46039938113906165, 0.46132470802827313, 0.45980928160927514, 0.4590286341580478, 0.45632220940156415, 0.4564049623229287, 0.4599092196334492, 0.45519889755682513, 0.4575524221767079, 0.45810591361739417, 0.4589397500861775, 0.4544269388372248, 0.45680146596648474, 0.4528513632037423, 0.45387984947724774, 0.4516086903485385, 0.45161230997605756, 0.4527034732428464, 0.45658423683860083, 0.4552650885148482, 0.4535734680565921, 0.4504497620192441, 0.45036170699379663, 0.4533108797940341, 0.4504027041521939, 0.44982680678367615, 0.4524779590693387, 0.4486012567173351, 0.4508960084481673, 0.4559475779533386, 0.4515156827189706, 0.45522998950698157, 0.44859646396203473, 0.450401398268613, 0.45235779881477356, 0.4481713500889865, 0.44797376881946216, 0.44759026711637323, 0.45146958936344495, 0.44859234582294116, 0.45700553872368554, 0.4514297842979431, 0.4556588557633487, 0.4485490782694383, 0.444762029431083, 0.4521262754093517, 0.4532562873580239, 0.4489054165103219, 0.4507984925400127, 0.4549525651064786, 0.4527278407053514, 0.4487562585960735, 0.45235362919894134, 0.4513170664960688, 0.4537155411460183]}