{"best_val": 0.4334314844825051, "train_loss": [0.7115452055837593, 0.6806654708058226, 0.6449459335383247, 0.611562101279988, 0.5938829592629975, 0.5851547425868464, 0.5750176146918652, 0.5669733648206673, 0.5581511212330238, 0.5494320515324088, 0.5395877074961569, 0.5294513620582282, 0.5173247123465818, 0.5068507317234489, 0.4962412270845151, 0.48588841335446226, 0.4763591266145893, 0.46874688711820867, 0.4609036708579344, 0.45663761858846624, 0.4515828916839525, 0.44729900301671494, 0.4449979154502644, 0.4429732222183078, 0.4400213688027625, 0.43838618257466483, 0.43639811581256344, 0.4351159988665113, 0.43580150312068416, 0.4340306947044298, 0.4309675564952925, 0.4321091402979458, 0.4306691458412245, 0.4306047699030708, 0.42994970024800766, 0.42781659025771945, 0.42720793392143996, 0.4270149819991168, 0.4270925568599327, 0.42717689334177505, 0.42489176228934644, 0.42475302897247613, 0.42371418779971554, 0.42193734879587214, 0.42302266932001303, 0.4219133970784206, 0.42215079536624983, 0.42146895095413806, 0.4209881354780758, 0.4196535313830656, 0.4199705328427109, 0.4181985562922908, 0.4174883838962106, 0.41741599639256793, 0.41763290178542045, 0.4174530324982662, 0.4173394429917429, 0.41563329392788456, 0.4151657691188887, 0.414512283077427, 0.4143914153762892, 0.41438307423217624, 0.4138087110192168, 0.41227344788757025, 0.41336190583659155, 0.4119895801824682, 0.4119493488003226, 0.41152771781472597, 0.41241279069115133, 0.4110511202438205, 0.40997014501515555, 0.4102332445920682, 0.4102947448982912, 0.4098355752580306, 0.40906165394128535, 0.4076755257213817, 0.40845896858795017, 0.40920764441583674, 0.4062124706950842, 0.40691262892648283, 0.405844273520451, 0.4079631064452377, 0.406828351464926, 0.405188168965134, 0.4048663482946508, 0.40532172427457924, 0.405567186720231, 0.40442731333713905, 0.40458065096069784, 0.4033399557366091, 0.4037834481865752, 0.4021536141049628, 0.40228117155093773, 0.40291469062075896, 0.40231120995446745, 0.40040572718078016, 0.40058418991518957], "val_loss": [0.695541338487105, 0.6660904775966298, 0.6338924061168324, 0.6122436360879377, 0.6013754497874867, 0.5925633798946034, 0.5835445794192228, 0.5746370174668052, 0.5661043714393269, 0.5573602589693937, 0.5470317791808735, 0.5368439311330969, 0.52350314096971, 0.5122493532570925, 0.5012887716293335, 0.4916343797336925, 0.48255547339266, 0.475823467428034, 0.47135381536050275, 0.463966120373119, 0.4605365666476163, 0.4577945199879733, 0.4555273381146518, 0.4526807692917911, 0.45433602820743213, 0.4511350393295288, 0.4501484659585086, 0.44980280236764386, 0.4478954726999456, 0.4490394348447973, 0.4483361433852803, 0.44726961851119995, 0.4477073739875447, 0.44642958586866205, 0.4462160251357339, 0.44617277112874115, 0.44519066539677704, 0.4452418928796595, 0.44454342126846313, 0.4452645047144456, 0.44623846086588775, 0.44455276836048474, 0.44336785782467236, 0.44478858330033044, 0.4440907267006961, 0.442166577685963, 0.4427382458340038, 0.44125468080694025, 0.44147333231839264, 0.4410845528949391, 0.44034790992736816, 0.44040141051465814, 0.43875746022571216, 0.44054302302273834, 0.4401918920603665, 0.43994382836601953, 0.4394932822747664, 0.4404001642357219, 0.44043803215026855, 0.4380272789434953, 0.43974721973592584, 0.43945543332533404, 0.4375490627505563, 0.4380851306698539, 0.43740396337075665, 0.43780625408346, 0.43834825266491284, 0.4383016960187392, 0.43840572237968445, 0.4369277628985318, 0.43794663656841626, 0.4370639757676558, 0.43456443873318756, 0.43710684234445746, 0.4366498047655279, 0.43616701798005536, 0.437389381907203, 0.4372190237045288, 0.43760580637238244, 0.43674660270864313, 0.43593734773722564, 0.434360840103843, 0.43599554896354675, 0.43557392196221784, 0.43365464969114825, 0.4353018944913691, 0.4334314844825051, 0.43548220937902277, 0.434878254478628, 0.4353943440047177, 0.4342654157768596, 0.435415425083854, 0.434164740822532, 0.4341847571459683, 0.43450811776247894, 0.4370568096637726, 0.4338176494294947]}