{"best_val": 0.42217476530508563, "train_loss": [0.642472574523851, 0.6083492052321341, 0.5775044525370878, 0.5593872187184352, 0.5368744275149178, 0.5099387057856017, 0.48546189478799406, 0.46507192359251137, 0.45189642497137483, 0.4444955102368897, 0.438476270904728, 0.4377652102825688, 0.43440807099435846, 0.4337930486482732, 0.43153123645221486, 0.4302532234612633, 0.4301799179292193, 0.4273703384633158, 0.4291568708186056, 0.4264213349304947, 0.42449479944565716, 0.42367464187098486, 0.42380600700191423, 0.42200835779601453, 0.4208255521222657, 0.42043718228153154, 0.42002104485736175, 0.41899120398596224, 0.4178892818151736, 0.41642068706306756, 0.41527069257754906, 0.41532231604351716, 0.41361820054989235, 0.41409476072180507, 0.41174407332551244, 0.410769789242277, 0.4119661596475863, 0.4102614469387952, 0.40820129829294544, 0.40795953834758086, 0.4078314187479954, 0.4069866076403973, 0.405240081688937, 0.4033222566632664, 0.40447692660724416, 0.4038352592318666, 0.40212884954377714, 0.4015463514655244, 0.400885624628441, 0.3987375760779661, 0.40094415638961045, 0.39771787676156733, 0.3973965434467091, 0.3958506216021145, 0.395117673219419, 0.39463578252231374, 0.39292143256056544, 0.39231007999064876, 0.3910417825567956, 0.390508303455278, 0.38954223780071034, 0.38807952929945555, 0.38741275259092744, 0.38763773908802107, 0.386038601398468, 0.3862950772631402, 0.38462171542878243, 0.3835791220851973, 0.38403522968292236, 0.38361868905086144, 0.38183672696936366, 0.38056953689631295, 0.3804782465392468, 0.3788518274531645, 0.3784971625781527, 0.3757915438390246, 0.3766338994690016, 0.3747526319587932, 0.37266895262634053, 0.3727666694743961], "val_loss": [0.6319580023938959, 0.5939621437679637, 0.5752338550307534, 0.5532195134596392, 0.5283701040528037, 0.5025809190490029, 0.47923350063237274, 0.46325047449632123, 0.449916809797287, 0.4432144977829673, 0.4415674859827215, 0.43916587125171314, 0.4379916543310339, 0.43509257110682403, 0.4349467781457034, 0.43470617045055737, 0.4351885345849124, 0.4338472973216664, 0.4344810735095631, 0.43288719112222845, 0.4319978546012532, 0.4316463443365964, 0.4330737536603754, 0.4339367557655681, 0.4315997605974024, 0.43010989644310693, 0.42959184538234363, 0.42997305501591077, 0.4314077469435605, 0.43056776306845923, 0.429956392808394, 0.4263837527145039, 0.4283258454366164, 0.4277755049141971, 0.4268758242780512, 0.430375719612295, 0.42561155557632446, 0.427791105075316, 0.42626621235500683, 0.4253566481850364, 0.42469574917446484, 0.4244695793498646, 0.42786642096259375, 0.4247948933731426, 0.42719841274348175, 0.4256965301253579, 0.42395666241645813, 0.42501466924493964, 0.42548477378758515, 0.4245312782851132, 0.4248971776528792, 0.42301808162169025, 0.4247200380672108, 0.4246129637414759, 0.42484003034504975, 0.42463824965737085, 0.42348525469953363, 0.4273799955844879, 0.4263929237018932, 0.4224258986386386, 0.4229964966123754, 0.4236829876899719, 0.4240223331884904, 0.4256337664344094, 0.423411718823693, 0.4273971265012568, 0.42648920145901764, 0.42546726627783343, 0.42304845560680737, 0.42217476530508563, 0.42293627153743396, 0.42217477614229376, 0.422768923369321, 0.42390835556116974, 0.4241572320461273, 0.4224539778449319, 0.42326922850175336, 0.422822656956586, 0.42484571175141767, 0.42407715862447565]}