{"best_val": 0.465567174282941, "train_loss": [0.7749690717341853, 0.7039851651472204, 0.6599320734248442, 0.6187043225063997, 0.5961370281144684, 0.5829209977505254, 0.5735293749500724, 0.5621237398362627, 0.5499645383918986, 0.5330883106764626, 0.5109255682019627, 0.49490843391885947, 0.48130261839604843, 0.4730488552766688, 0.47058024301248436, 0.46647468793625924, 0.46596769141215905, 0.46637104013386893, 0.463374946047278, 0.4636476688525256, 0.46245358913552526, 0.4626138321324891, 0.4625876072575064, 0.4608876074061674, 0.46011906628515203, 0.4607294429751003, 0.4586263877504012, 0.45954272793788536, 0.4589405398742825, 0.45958445411102444, 0.4577140802261876, 0.4576498906986386, 0.4576520177663541, 0.45548638409259273, 0.4572836943701202, 0.4556591195218703, 0.45589053864572565, 0.4550754462971407, 0.4540901546384774, 0.453586349884669, 0.4535755965055204], "val_loss": [0.7040929631753401, 0.6679030169140209, 0.6208069161935286, 0.5912831804969094, 0.5794514959508722, 0.5703167590227994, 0.5602839697491039, 0.5503700592301108, 0.5369096398353577, 0.52018418637189, 0.5032011324709112, 0.489454830234701, 0.4792159308086742, 0.47591704672033136, 0.4736184288154949, 0.4706153219396418, 0.472213707186959, 0.4715624343265187, 0.46979935602708295, 0.4700756777416576, 0.47065609422597016, 0.46846812150695105, 0.46884943409399554, 0.46951006759296765, 0.47096627950668335, 0.46751264279538934, 0.46745698018507525, 0.4680280495773662, 0.46941187706860626, 0.46671931039203296, 0.4655708914453333, 0.4670720560984178, 0.4669963852925734, 0.46614633094180713, 0.4676185196096247, 0.4657389223575592, 0.4670464423569766, 0.4664400003173135, 0.465567174282941, 0.4670154669068076, 0.46598861434242944]}