{"best_val": 0.4468932395631617, "train_loss": [0.7782942512456108, 0.7397565771551693, 0.7000408920587278, 0.6592730599291184, 0.624277976213717, 0.6036985750291862, 0.5916606585184733, 0.5815838177998861, 0.5719013868593702, 0.5638022825998419, 0.5528120158934126, 0.5425511639492184, 0.5313223091995015, 0.5206041096472273, 0.5107517528767679, 0.49670488752570807, 0.4851919231461544, 0.4753967517731236, 0.4692327970383214, 0.4666423476209827, 0.4624626186548495, 0.46029765231936587, 0.4596102675970863, 0.4571837736111061, 0.45767509645106746, 0.456346940760519, 0.4558395772588019, 0.45557664597735686, 0.45482859307644413, 0.45328914476375953, 0.4526851580423467, 0.4531039630665499, 0.45224275074753106, 0.4497688266576505, 0.45130519189086615, 0.45132870300143374, 0.44966451911365285, 0.4499296195366803, 0.4484948106840545, 0.4500853933540045, 0.44887112460884393, 0.4484639845642389, 0.44893386141926633, 0.44736364016345903, 0.4470069309075673, 0.4457769417295269, 0.4460991638548234, 0.44631967591304406, 0.4451940398590237, 0.4447721762984407, 0.44507135538493886, 0.44387053157768996, 0.44288721096281913, 0.4444607583915486, 0.44501255248107163, 0.44254261079956503, 0.4431072455995223, 0.44141241791201574, 0.4407237499367957, 0.44068719417441127, 0.44073593850229303], "val_loss": [0.7557553269646384, 0.7179309563203291, 0.6766873489726674, 0.6374856071038679, 0.6071178967302496, 0.5918219848112627, 0.5816014029762961, 0.5746643759987571, 0.5648812461983074, 0.5558212345296686, 0.5455892275680195, 0.5331813557581468, 0.5235203883864663, 0.5143727687272158, 0.5028236372904344, 0.4885123155333779, 0.4758248654278842, 0.4705122411251068, 0.4668713022362102, 0.460170409896157, 0.4584489789876071, 0.45645695382898505, 0.45544768463481555, 0.4551734843037345, 0.45485442876815796, 0.454922537912022, 0.45409835468639026, 0.45189306139945984, 0.4523692239414562, 0.45098781314763153, 0.4511814740571109, 0.45167042450471356, 0.45007045702500775, 0.4501402161338113, 0.44999935952099884, 0.44845815951173956, 0.44958826357668097, 0.4489744251424616, 0.4513171369379217, 0.4491402235898105, 0.4491769021207636, 0.4495902386578647, 0.4478198371150277, 0.44923864982344885, 0.446996889331124, 0.4494953914122148, 0.4502544565634294, 0.4500750547105616, 0.4482951435175809, 0.4486569545485757, 0.4468932395631617, 0.4479547413912686, 0.4476870515129783, 0.4489658231084997, 0.44909394871104846, 0.447318586436185, 0.44754885272546246, 0.44860724156553095, 0.4486021345311945, 0.44762635772878473, 0.4478858032009818]}