{"best_val": 0.5118181556463242, "train_loss": [0.7138802342944675, 0.6714157064755758, 0.6246157553460863, 0.5733834190501107, 0.5357642389006085, 0.5215495046642091, 0.5106981479459338, 0.506593139635192, 0.5008442782693439, 0.501631960272789, 0.4968147989776399, 0.49490152961677975, 0.4932150857316123, 0.49318348202440476, 0.48995163871182335, 0.49032994442515904, 0.4919331520795822, 0.4901839577489429, 0.486398888958825, 0.4887152794334624, 0.4873805625571145, 0.48526505132516223, 0.48562661310036975, 0.48225099179479813, 0.48512373202376896, 0.4869997716612286, 0.48356250756316715, 0.47957970201969147, 0.4835977388752831, 0.480054787463612, 0.4826352066463894, 0.4820002317428589, 0.48246323068936664, 0.4817562732431624, 0.4787712097167969, 0.4787129412094752, 0.4787837415933609, 0.47508222030268776, 0.476643184820811, 0.4757872074842453, 0.48052738938066697, 0.4755006233851115, 0.4773199111223221, 0.47524524066183305, 0.47455674409866333, 0.47425542109542423, 0.47454971571763355, 0.47250665227572125, 0.475232258439064], "val_loss": [0.6896588653326035, 0.6517545431852341, 0.6075256168842316, 0.5669668465852737, 0.5494189262390137, 0.5418447107076645, 0.5326797291636467, 0.5312224328517914, 0.5311772972345352, 0.5375518202781677, 0.5266828909516335, 0.5236003696918488, 0.5275298953056335, 0.5256470963358879, 0.5288804769515991, 0.5267744436860085, 0.5325586646795273, 0.5199427008628845, 0.5276902690529823, 0.5307454913854599, 0.5219589471817017, 0.5280409827828407, 0.5279513522982597, 0.5247134268283844, 0.5217981487512589, 0.516267254948616, 0.520333468914032, 0.5180149972438812, 0.518086738884449, 0.5217616558074951, 0.5201078504323959, 0.5179597213864326, 0.5119724124670029, 0.5207594186067581, 0.5190710127353668, 0.5244741961359978, 0.5139577612280846, 0.5198920741677284, 0.5118181556463242, 0.5196118503808975, 0.5151253119111061, 0.5167985111474991, 0.525166280567646, 0.5160891115665436, 0.5157912746071815, 0.5149357467889786, 0.5178983882069588, 0.518155574798584, 0.5172487422823906]}