{"best_val": 0.4611594622785395, "train_loss": [0.6516538858413696, 0.6277390963890973, 0.6067635428671744, 0.5906667311986288, 0.5795497911817887, 0.5722626424303242, 0.5632372533573824, 0.5524875282072553, 0.5391417700870365, 0.5212118362679201, 0.5031015206785763, 0.48858532134224386, 0.47862981756528217, 0.4715367935451807, 0.46708094547776613, 0.4621039517954284, 0.4589373685565649, 0.458906305771248, 0.45560964474491045, 0.4561708966890971, 0.4527383826526941, 0.4515250459605572, 0.4521866540114085, 0.44946782904512744, 0.45061034606952294, 0.44890040743584725, 0.44959039314120425, 0.44902605285831526, 0.44743748213730605, 0.44621937415179086, 0.44627203368673135, 0.44613128199296836, 0.44533762744828764, 0.44590112917563496, 0.44450846840353575, 0.44534845737849965, 0.4444487807797451, 0.442483619147656, 0.44474495684399323, 0.4429202664132212, 0.44150421666164025, 0.441365018194797, 0.4422794112972185, 0.44152626278353674, 0.44103948976479324], "val_loss": [0.6425709941170432, 0.6175557266582142, 0.5958770567720587, 0.5819025581533258, 0.5731911550868641, 0.5660886601968245, 0.5616289133375342, 0.5510290725664659, 0.5398483682762493, 0.5210660235448317, 0.5066630677743391, 0.49881665815006604, 0.4908783869309859, 0.4829757728359916, 0.4807947440580888, 0.4766763015226884, 0.4748190831054341, 0.4717424484816464, 0.4709194681861184, 0.46819510514085944, 0.46763528206131677, 0.4660819416696375, 0.4662819260900671, 0.46583720499818976, 0.4670085906982422, 0.464986497705633, 0.464294742454182, 0.46430149945345794, 0.463007236068899, 0.4620488231832331, 0.46282826499505475, 0.46400526707822626, 0.46250363100658765, 0.4630029011856426, 0.4611594622785395, 0.4626291638070887, 0.4627610688859766, 0.46190549297766254, 0.4652305841445923, 0.46270408684557135, 0.4620929577133872, 0.46375795115124097, 0.4625467522577806, 0.46192330392924225, 0.46200691028074786]}