{"best_val": 0.461914986371994, "train_loss": [0.7117609249220954, 0.6826865275700887, 0.6544649236732059, 0.62191527750757, 0.5920964645014869, 0.5731021281745698, 0.5597513715426127, 0.5488434715403451, 0.5424376957946353, 0.5339070889684889, 0.5272435926728778, 0.5284744054079056, 0.5231133119927512, 0.5204049729638629, 0.5189417021142112, 0.5132600002818637, 0.5121664934688144, 0.5097252461645339, 0.5120416515403323, 0.5099851687749227, 0.5040795505046844, 0.5047299861907959, 0.5048344731330872, 0.5031401912371317, 0.5004489968220392, 0.5011507968107859, 0.5053686830732558, 0.5031433867083656, 0.5030435621738434, 0.49952082998222774, 0.5008094989591174], "val_loss": [0.6915019452571869, 0.6585945188999176, 0.6218625754117966, 0.5781592279672623, 0.54801145195961, 0.5278084352612495, 0.5145568400621414, 0.5044769495725632, 0.4977693110704422, 0.4911564812064171, 0.4873852804303169, 0.4833565130829811, 0.4769955053925514, 0.473884642124176, 0.48097117990255356, 0.4671061038970947, 0.47050750255584717, 0.47207435220479965, 0.4691111743450165, 0.4716986417770386, 0.461914986371994, 0.46831027418375015, 0.46911825984716415, 0.4661220535635948, 0.4696718156337738, 0.4672214612364769, 0.4673016741871834, 0.46953945606946945, 0.46794502437114716, 0.4682757705450058, 0.4674406722187996]}