{"best_val": 0.4591520970517939, "train_loss": [0.6579041714761772, 0.5851873229531681, 0.553231391252256, 0.5220202195878122, 0.49292254856988493, 0.4720624200269288, 0.46670763399086745, 0.46207596273983226, 0.46005814683203605, 0.4598543573828304, 0.4572816654747608, 0.45621216355585587, 0.4557701086296755, 0.45456064098021565, 0.45311741267933564, 0.45454852429090764, 0.45135360196524976, 0.4515299107514176, 0.45092496860261055, 0.4505608537617852, 0.44875480030097215, 0.4480204699086208, 0.4481072197942173, 0.44581737822177364, 0.4437704384326935, 0.4440168989639656, 0.4421594551965302, 0.44149373910006356, 0.441501402387432, 0.4395177720808515, 0.4386250195549984, 0.43610409661835314, 0.43536563889653074, 0.43516883487794916, 0.4327458008831623, 0.4318220574481815, 0.43016184311287076, 0.4292752655113445, 0.42694663475541506, 0.42703839844348385, 0.4243820514164719, 0.4230586518259609, 0.4224197268486023, 0.42210188624905604, 0.4190981171879114, 0.4181908743054259, 0.4159219621443281], "val_loss": [0.5930813280018893, 0.5689305608922784, 0.541060442274267, 0.508682830767198, 0.48493208668448706, 0.4762090417471799, 0.46937590024688025, 0.473885560577566, 0.47142728621309454, 0.4698166982694106, 0.4718637466430664, 0.4740840792655945, 0.4718172008341009, 0.4711368436163122, 0.46927812695503235, 0.4682993265715512, 0.4715723449533636, 0.4661295332691886, 0.46748523007739673, 0.46613130244341766, 0.4677846296267076, 0.46743239055980335, 0.4669613377614455, 0.4656918997114355, 0.46514407071200287, 0.46669127995317633, 0.46328489076007495, 0.46819900653579016, 0.4635212096300992, 0.46409228444099426, 0.4635245529088107, 0.464673787355423, 0.4632540561936118, 0.4628428681330247, 0.46247908202084625, 0.4639770903370597, 0.4591520970517939, 0.46065105362371966, 0.4611806192181327, 0.4602284946224906, 0.46276120976968244, 0.46024388345805084, 0.46391845562241296, 0.46103800155899743, 0.4597920369018208, 0.4608012329448353, 0.4591545950282704]}