{"best_val": 0.49783457815647125, "train_loss": [0.6529301404953003, 0.6161108877923753, 0.5735164963536792, 0.5311052203178406, 0.5139206118053861, 0.5023093240128623, 0.4937786277797487, 0.486856942375501, 0.4854812307490243, 0.48154769672287834, 0.48207978738678825, 0.47990501589245266, 0.4787469671832191, 0.47507063878907096, 0.4761781030231052, 0.47479236125946045, 0.47278834713829887, 0.47119101219707066, 0.47055304216014016, 0.4708682828479343, 0.4654044724173016, 0.4679454531934526, 0.4659865763452318, 0.46648599869675106, 0.46547996169990963, 0.46779321796364254, 0.46602189540863037, 0.4628341876798206, 0.46218128833505845, 0.46756567226515877, 0.4621746374501122, 0.46191467841466266, 0.46293771598074174, 0.46196921832031673, 0.4605040235651864, 0.459666124648518, 0.45925485922230613, 0.4638745089371999, 0.46057328912946915, 0.4595720072587331, 0.45862628022829693], "val_loss": [0.6313581317663193, 0.5977334678173065, 0.5655650943517685, 0.5436073616147041, 0.5441334024071693, 0.5284576117992401, 0.5295793041586876, 0.524262048304081, 0.5197425410151482, 0.5168347656726837, 0.5194251388311386, 0.5178752169013023, 0.5144171938300133, 0.5122521370649338, 0.5101026222109795, 0.5101779699325562, 0.5155657455325127, 0.5173983052372932, 0.5167707875370979, 0.5119489282369614, 0.50999416410923, 0.5091076865792274, 0.5099324434995651, 0.5138262584805489, 0.5094301477074623, 0.5148946195840836, 0.5143562257289886, 0.5127887576818466, 0.5127321481704712, 0.5038393586874008, 0.49783457815647125, 0.5139556005597115, 0.5079378858208656, 0.5058214887976646, 0.5085846036672592, 0.5027654021978378, 0.5051437541842461, 0.5075119659304619, 0.5080926492810249, 0.4987449645996094, 0.5104394406080246]}