{"best_val": 0.45519488778981293, "train_loss": [0.6990111259853139, 0.6637818217277527, 0.6279207421284095, 0.6021494795294369, 0.5873081882794698, 0.5799458383345136, 0.5718227706703485, 0.5646623752865136, 0.5562514242003945, 0.5456821526966843, 0.5353839490927902, 0.524764405746086, 0.5123438729959375, 0.5022277235984802, 0.49431777818530215, 0.48639049775460186, 0.4820459268841089, 0.4784441736398959, 0.4754640980094087, 0.4717162654680364, 0.46949194634661956, 0.4680231137602937, 0.46739751042104233, 0.4667874031207141, 0.46486857942506377, 0.4641628130978229, 0.4637901081758387, 0.4630090705319947, 0.46125183561268973, 0.4622918577755199, 0.4614214382919611, 0.46065219652419, 0.46012458029915304, 0.4594288655355865, 0.46064240616910596, 0.4599836784250596, 0.45950603894158903, 0.4587686096920687, 0.4587496069132113, 0.457129251723196, 0.4561750824544944, 0.45694541697408636, 0.456386514154135, 0.4560787064187667, 0.45526335695210624, 0.4544981741437725, 0.4565190509253857, 0.4546930293242137, 0.4539704328658534, 0.4532826057836121, 0.4532993278082679, 0.45377352307824526, 0.45332378558084074, 0.4521655837694804, 0.4533056494067697, 0.4515567830964631, 0.45238214029985313, 0.4526965746692583, 0.4507171844734865, 0.45254972226479473, 0.4504947031245512, 0.44936104089606044, 0.45045610152038873, 0.4493144996025983, 0.45003017198805717, 0.4493630697914198, 0.44869837749238106, 0.44791093702409784, 0.4474981281102872, 0.4484436406808741, 0.44789571680274665, 0.4482230649274938, 0.44725495343114813, 0.44832827881270765, 0.44629816155807644, 0.4470486074101691, 0.44719121269151274, 0.44570208413928164, 0.44505420035006954], "val_loss": [0.678372784094377, 0.6439437812024896, 0.6115414879538796, 0.5925776795907454, 0.5855063850229437, 0.581004186110063, 0.5701305730776354, 0.5652558153325861, 0.5551628199490634, 0.5467508218505166, 0.5376982255415483, 0.5212103263898329, 0.5110068700530312, 0.49722599712285126, 0.4901833642612804, 0.4845429333773526, 0.47896685925397003, 0.4744144380092621, 0.4709006764672019, 0.4682894836772572, 0.4661885743791407, 0.4669829173521562, 0.46464902433482086, 0.46512480757453223, 0.4633793587034399, 0.4647676673802463, 0.46267004175619647, 0.4615950042551214, 0.462889779697765, 0.46166028488766064, 0.4599455269900235, 0.46247248216108844, 0.4615511894226074, 0.4594390473582528, 0.4606294198469682, 0.4597926817157052, 0.45940065383911133, 0.4625724337317727, 0.46140686761249194, 0.45864972743121063, 0.46114230968735437, 0.4595965255390514, 0.4597029306671836, 0.45877615159208124, 0.4602670534090562, 0.4581731205636805, 0.4597867727279663, 0.4576865786855871, 0.4575001218102195, 0.45801663398742676, 0.4592497077855197, 0.45922031185843726, 0.46089890870181, 0.4604806222698905, 0.4593506401235407, 0.45827910033139313, 0.4568583613092249, 0.45828844200481067, 0.45758419958027924, 0.4590252366932956, 0.45612130110914056, 0.4587860242886977, 0.45915439183061774, 0.45919568701223895, 0.45625117692080414, 0.4569636962630532, 0.4589716981757771, 0.4576456302946264, 0.45519488778981293, 0.45800853588364343, 0.45804798332127655, 0.45800343968651513, 0.45568561824885284, 0.4571144933050329, 0.457511614669453, 0.45706263997338037, 0.4579712531783364, 0.456497306173498, 0.4589116708798842]}