{"best_val": 0.4377378929745067, "train_loss": [0.7073073866320592, 0.6894474999577391, 0.6702242096265157, 0.6494231002003539, 0.6275123229213789, 0.6099675975593866, 0.5978693003747978, 0.5910205864438823, 0.5861775185547623, 0.5816165360749936, 0.5759737292925516, 0.5720767519053291, 0.566295933489706, 0.5606106876158247, 0.5558241255143109, 0.55006718693995, 0.5438307050396415, 0.5379090542886772, 0.5317242490310295, 0.5248018596686569, 0.5185905169038212, 0.5119566192813948, 0.5044742472031537, 0.4969392518202464, 0.49024707078933716, 0.4855585074892231, 0.47880784495204104, 0.47366849756708335, 0.4691557071956934, 0.46655715505282086, 0.46167266894789305, 0.4588151585822012, 0.45688464711694154, 0.45591461775349634, 0.4530828022489361, 0.4508038017095304, 0.44913532687168495, 0.44953498711772993, 0.4476091388393851, 0.4474329843240626, 0.4469317098458608, 0.44539451131633684, 0.44599537054697674, 0.44515973563287775, 0.44405969860506994, 0.4443865354154624, 0.44405311404490005, 0.44324768466107983, 0.44266333883883907, 0.4428703966093998, 0.4419183175937802, 0.44259396604463164, 0.44054362411592524, 0.4405212197818008, 0.4410349755894904, 0.44009091573603015, 0.4408097015876396, 0.4396221719536127, 0.43974829129144255, 0.43829266113393445, 0.4376947973288742, 0.43836528880923403, 0.43776730813232123, 0.4383990244538176, 0.4367956817150116, 0.43660113332318323, 0.4382803375814475, 0.43689566616918524, 0.43636878798989687, 0.43660805388992907, 0.43521033957892774, 0.43590065953778284, 0.4353426262444141, 0.4361482981373282, 0.43548324879478006, 0.43395911303221013, 0.4349441814656351, 0.43376316860610364, 0.433962788067612, 0.4339145772597369, 0.4336940412427865, 0.43257719044591864, 0.43342601668600944, 0.431870721134485, 0.43243297876096237, 0.431916276029512, 0.4323398108575858, 0.4324235875232547, 0.4325264668932148, 0.43097008326474356, 0.4319681069430183, 0.43076342227412207, 0.4307294721696891, 0.42996757813528474, 0.43054572098395405, 0.4282496203394497, 0.42890971197801475, 0.42931819488020506, 0.42856186453033895, 0.42822211747075994, 0.4285862650357041, 0.4279850172061546, 0.4281317439733767, 0.42754024267196655, 0.4277542858731513, 0.42697066302393, 0.427111196751688, 0.4258325590806849, 0.4264723109264, 0.42675625810436174, 0.42595143177930045, 0.4266393757333942, 0.4273536731215084, 0.4253143305872001, 0.42578987397399604, 0.4246700844343971, 0.4250512917836507, 0.4250360534471624, 0.42449553515396865, 0.4253651172507043, 0.4242205041296342, 0.42388783424508336, 0.4243580821682425, 0.4229142841170816, 0.4230318472665899, 0.4245184829422072, 0.4238568082744, 0.4239630255044675, 0.42294402157559113, 0.4226091194386576, 0.42321213437061683, 0.42187011183476913, 0.4228345348554499, 0.422483176577325], "val_loss": [0.698681961406361, 0.6793333833867853, 0.6588222005150535, 0.6359952417286959, 0.614755863493139, 0.5997415347532793, 0.589023541320454, 0.5825932730327953, 0.5770496075803583, 0.5725185112519697, 0.5691324553706429, 0.5619843114506115, 0.5581614862788807, 0.5522809733044017, 0.5466961860656738, 0.5414479158141396, 0.5372551652518186, 0.5307844931429083, 0.5252461460503665, 0.5191048085689545, 0.5120147168636322, 0.5060585114088926, 0.5005722154270519, 0.49448005990548566, 0.4897577329115434, 0.48275503516197205, 0.47792503237724304, 0.47409982031041925, 0.47101839834993536, 0.4694262878461318, 0.46664621884172613, 0.4644821746782823, 0.461622183973139, 0.4605320312760093, 0.4581255452199416, 0.4578916836868633, 0.4571603374047713, 0.45559505170041864, 0.4556598717516119, 0.4542020152915608, 0.45593234625729645, 0.4529265273701061, 0.4527829316529361, 0.45402262156659906, 0.4553140564398332, 0.45342112671245227, 0.4525384279814633, 0.4526712515137412, 0.45376708561723883, 0.45162724635817786, 0.45254590836438263, 0.45119411836970935, 0.4514089280908758, 0.45113473588770087, 0.4498405998403376, 0.4499934207309376, 0.45007977702400903, 0.4497315829450434, 0.4516208144751462, 0.45235245336185803, 0.45040554079142486, 0.4488839317451824, 0.45079209316860547, 0.4499341682954268, 0.4482446556741541, 0.447911872105165, 0.4502601677721197, 0.44870802760124207, 0.44995232874696905, 0.4482787116007371, 0.44754155657508154, 0.4466470317407088, 0.447979826818813, 0.4474022090435028, 0.44660335779190063, 0.44595331766388635, 0.4457073184576901, 0.444610825993798, 0.44507086818868463, 0.4456740753217177, 0.4460062032396143, 0.4469200372695923, 0.4461397853764621, 0.44468052278865466, 0.4452226324514909, 0.44452803514220496, 0.44429985230619257, 0.44485040415417065, 0.4439090056852861, 0.4423814361745661, 0.444280055436221, 0.44577684185721655, 0.4428856833414598, 0.4417310519651933, 0.44322626157240436, 0.44213915954936633, 0.4448189979249781, 0.4437086826021021, 0.4429149194197221, 0.44186793403192, 0.4433709735220129, 0.4414990490133112, 0.44310857220129535, 0.44251334396275604, 0.4420693110335957, 0.44188080863519147, 0.44289382750337775, 0.44122598658908496, 0.4426910064437173, 0.4419936375184493, 0.43991105122999713, 0.4410267716104334, 0.44170286980542267, 0.4408660991625352, 0.43984401496973907, 0.44260434941811994, 0.44208216667175293, 0.4414161281152205, 0.4403149566867135, 0.4423269981687719, 0.43993951786648144, 0.44092112237756903, 0.4399924711747603, 0.4377378929745067, 0.4410075436938893, 0.4404466043819081, 0.43923941254615784, 0.4412273574959148, 0.4393178251656619, 0.43835945562882855, 0.4394782158461484, 0.43911759690804913, 0.4381287775256417, 0.4404255503957922]}