{"best_val": 0.503986120223999, "train_loss": [0.6268254816532135, 0.590833412276374, 0.5622351268927256, 0.5350301861763, 0.523395323091083, 0.5213773631387286, 0.5134899384445615, 0.5124208562903934, 0.5085871799124612, 0.5071279174751706, 0.5060237828228209, 0.5041891750362184, 0.5013018233908547, 0.4992978572845459, 0.5003085964255862, 0.4970020304123561, 0.492639970448282, 0.49356597165266675, 0.4941650612486733, 0.4923250095711814, 0.4924266818496916, 0.4892326030466292, 0.48927851517995197, 0.4881048583322101, 0.48670948379569584, 0.48448768589231705, 0.48775533669524723, 0.4837829569975535, 0.48580784764554763, 0.4843926678101222, 0.4849214471048779, 0.4797545207871331, 0.47981146309110856, 0.48315200871891445, 0.48153749108314514, 0.48227858543395996, 0.47762367129325867, 0.47732342448499465, 0.47799816396501327, 0.47759344677130383, 0.4772053592734867, 0.4804200397597419, 0.47744665708806777, 0.4769480890697903, 0.47537003623114693, 0.47548196381992763, 0.47622281975216335, 0.47680366039276123, 0.4763563656144672, 0.4735908375846015, 0.4760938253667619, 0.4742120173242357, 0.4739743206236098], "val_loss": [0.6248563975095749, 0.5991906076669693, 0.5723350793123245, 0.56157186627388, 0.5538932830095291, 0.5557793527841568, 0.5439263582229614, 0.542856827378273, 0.5388180240988731, 0.5375388711690903, 0.529803954064846, 0.5321578979492188, 0.5271148905158043, 0.5263051092624664, 0.530493900179863, 0.5273517295718193, 0.5259668901562691, 0.5267530232667923, 0.5271971300244331, 0.5251234993338585, 0.5186165422201157, 0.5238483995199203, 0.5232144743204117, 0.5243953317403793, 0.5152063220739365, 0.5160144567489624, 0.5120702534914017, 0.5127321258187294, 0.5120037272572517, 0.5170988366007805, 0.5217794477939606, 0.5163276642560959, 0.5158634334802628, 0.5135903730988503, 0.514616496860981, 0.5110867619514465, 0.5149422362446785, 0.517500638961792, 0.5170194283127785, 0.5122682750225067, 0.5091197639703751, 0.5114057809114456, 0.503986120223999, 0.5139308124780655, 0.5105603784322739, 0.5072886496782303, 0.5159533023834229, 0.5081738978624344, 0.5139868780970573, 0.5069471150636673, 0.5100817829370499, 0.5099487081170082, 0.5110901668667793]}