{"best_val": 0.47550303488969803, "train_loss": [0.6843480103545718, 0.6778445409403907, 0.6716609829001956, 0.6652760671244727, 0.6583092576927609, 0.6511628296640184, 0.6418020294772254, 0.6340587768289778, 0.6235079864660898, 0.6151386102040609, 0.6041349371274313, 0.5948504639996423, 0.585744536585278, 0.5763681961430444, 0.5700224737326304, 0.5593903942240609, 0.5532469616995918, 0.5470181140634749, 0.5408217906951904, 0.537859794166353, 0.5335710727506213, 0.5287831044859357, 0.524258111913999, 0.5215571539269553, 0.5172802011171976, 0.513379747668902, 0.5071364111370511, 0.5085675931639142, 0.5034655630588531, 0.5040034006039301, 0.5044604457086987, 0.5014820744593939, 0.49513876769277787, 0.4965200126171112, 0.4948259111907747, 0.49447691606150734, 0.49480068849192727, 0.49171927405728233, 0.48952267070611316, 0.4895211143626107, 0.4874475598335266, 0.4881923264927334, 0.4843525108363893, 0.4859791977538003, 0.48790135814083946, 0.483157229092386, 0.48246243596076965, 0.4825398044453727, 0.48418914278348285, 0.4815539022286733, 0.47945527566803825, 0.4815536340077718, 0.4777643515004052, 0.48019546767075855, 0.4762568225463231, 0.47385962969726986, 0.4772418687740962, 0.4733637356095844, 0.4740942153665755, 0.4720349493953917, 0.4701637443568971, 0.4714875800742043, 0.47213277055157554, 0.47510869801044464, 0.46756983134481644, 0.4684521539343728, 0.46777116258939105, 0.4679476370414098, 0.46812209155824447, 0.4636060512728161, 0.46373864346080357, 0.464458907643954, 0.465175555811988, 0.46630478070841896, 0.4645504703124364, 0.46207110418213737, 0.46551992495854694, 0.46197855638133156, 0.46311813924047684, 0.46798503067758346, 0.4604770541191101, 0.46502359211444855, 0.46285220318370396], "val_loss": [0.6809872835874557, 0.6743940711021423, 0.6677038222551346, 0.6613637953996658, 0.6540564298629761, 0.6460057646036148, 0.6371158212423325, 0.6277981698513031, 0.6169082820415497, 0.6077010631561279, 0.5983566343784332, 0.5894243568181992, 0.5777664929628372, 0.5688461512327194, 0.5611172467470169, 0.5543630719184875, 0.5463815778493881, 0.5398893654346466, 0.5330809876322746, 0.5287832766771317, 0.5336329862475395, 0.5209553018212318, 0.5201771110296249, 0.5163749381899834, 0.5113450661301613, 0.5070036128163338, 0.5085987225174904, 0.5104018747806549, 0.5103156790137291, 0.5062750726938248, 0.5009358078241348, 0.5057017356157303, 0.5031498670578003, 0.49856026470661163, 0.5002852007746696, 0.5023927390575409, 0.49837056547403336, 0.49526648223400116, 0.5037176162004471, 0.5061753690242767, 0.4921189844608307, 0.4961034655570984, 0.49501755088567734, 0.49408988654613495, 0.4961262121796608, 0.49701060354709625, 0.5038134604692459, 0.49580269306898117, 0.49163468927145004, 0.4938010200858116, 0.4917864575982094, 0.4931764304637909, 0.4873177707195282, 0.4889628142118454, 0.490876168012619, 0.49016962200403214, 0.4876006096601486, 0.49110136926174164, 0.49394939094781876, 0.4860425814986229, 0.4856906086206436, 0.48924215883016586, 0.4872891381382942, 0.4899860993027687, 0.4864557683467865, 0.48508911579847336, 0.48106592148542404, 0.4902364909648895, 0.4886019825935364, 0.48342085629701614, 0.48596660792827606, 0.48263615369796753, 0.47550303488969803, 0.48117537796497345, 0.4813850522041321, 0.48499927669763565, 0.48146703094244003, 0.4818967506289482, 0.4835387170314789, 0.4891384467482567, 0.4796089828014374, 0.4773731976747513, 0.4816080629825592]}