{"best_val": 0.469607837498188, "train_loss": [0.6693153580029806, 0.6334309279918671, 0.5880258215798272, 0.5446125384834077, 0.5164756211969588, 0.5059521231386397, 0.4921679049730301, 0.4878820959064696, 0.4848053455352783, 0.4819599108563529, 0.47638427052232957, 0.4750322666433122, 0.4735056741370095, 0.4735749363899231, 0.46975362135304344, 0.46693198879559833, 0.4678482827213075, 0.4673608640829722, 0.4688270472817951, 0.4644210653172599, 0.46635089814662933, 0.4642122934261958, 0.46439842383066815, 0.46404924657609725, 0.46090132825904423, 0.4606447137064404, 0.45993606083922917, 0.460251111123297, 0.4612055818239848, 0.45741179088751477, 0.4580636007918252, 0.45711372461583877, 0.4585973074038823, 0.4554539653990004, 0.455891243285603, 0.45671193798383075, 0.45858067439662087, 0.4550247804986106, 0.45790323946211076, 0.4529576649268468, 0.45455439223183525, 0.4537298795249727, 0.4478456957472695, 0.45238349669509464, 0.4536498470438851, 0.4519093616141213, 0.4569477720393075, 0.45081726875570083, 0.4494501186741723, 0.44919640488094753, 0.455479019218021, 0.45206533041265273, 0.45021085772249436, 0.4499997960196601, 0.4509792791472541, 0.451777383685112, 0.4503600415256288], "val_loss": [0.6532423347234726, 0.6138321757316589, 0.5648090690374374, 0.5297207236289978, 0.509217232465744, 0.503874309360981, 0.4957331642508507, 0.49593695998191833, 0.5037330985069275, 0.4888763427734375, 0.491499125957489, 0.48586875945329666, 0.4899730086326599, 0.4831662252545357, 0.4906259849667549, 0.48575204610824585, 0.4878324866294861, 0.4884919300675392, 0.48042766004800797, 0.48017723113298416, 0.47956202179193497, 0.4821162819862366, 0.48061854392290115, 0.47961796075105667, 0.47836463898420334, 0.48135991394519806, 0.4801451936364174, 0.48308850824832916, 0.4760594815015793, 0.4728463441133499, 0.4724307507276535, 0.4734727293252945, 0.479281522333622, 0.47442439943552017, 0.47420427203178406, 0.4725981503725052, 0.4708794802427292, 0.48110371828079224, 0.47214625030755997, 0.4731679633259773, 0.474903367459774, 0.47678743302822113, 0.47705958038568497, 0.47356194257736206, 0.4766354486346245, 0.47203128039836884, 0.469607837498188, 0.4786711856722832, 0.4802717790007591, 0.4738156944513321, 0.4733250141143799, 0.47368519753217697, 0.4740847945213318, 0.47747188061475754, 0.47078837454319, 0.4743974283337593, 0.4728052243590355]}