{"best_val": 0.5110942274332047, "train_loss": [0.7023284733295441, 0.6814301609992981, 0.6616142193476359, 0.64155156744851, 0.6180634796619415, 0.5954133967558543, 0.5709674921300676, 0.5498162855704626, 0.5318320393562317, 0.5184704661369324, 0.5150625225570467, 0.5134136892027326, 0.5067422340313593, 0.5040605134434171, 0.5011333160930209, 0.5004248486624824, 0.49600574870904285, 0.49925967388682896, 0.4924011064900292, 0.4919864899582333, 0.49396762748559314, 0.4889184733231862, 0.48999448948436314, 0.48755916290813023, 0.48899131847752464, 0.48259831964969635, 0.48384521073765224, 0.48425379892190296, 0.4871748255358802, 0.48406396475103164, 0.4793888148334291, 0.4824114392201106, 0.48285434808995986, 0.4831225706471337, 0.48117553691069287, 0.4822317394945357, 0.4762778811984592, 0.4795999030272166, 0.4777231944931878, 0.48236345251401264], "val_loss": [0.6871809214353561, 0.6687710136175156, 0.6499077826738358, 0.6296907216310501, 0.6108514368534088, 0.5905502438545227, 0.5751333087682724, 0.5592486411333084, 0.5478105992078781, 0.5396805182099342, 0.5443290919065475, 0.5421095192432404, 0.5351772829890251, 0.5379088968038559, 0.5368734747171402, 0.5346352905035019, 0.5381698608398438, 0.5378876477479935, 0.529981292784214, 0.5236405581235886, 0.5256781876087189, 0.523281030356884, 0.5202508643269539, 0.5265616327524185, 0.5254166051745415, 0.5243293568491936, 0.5185632631182671, 0.5236251428723335, 0.5161111876368523, 0.5110942274332047, 0.5138362944126129, 0.5227427035570145, 0.5171533152461052, 0.5166959390044212, 0.5141091570258141, 0.5196864977478981, 0.5115160346031189, 0.5150772258639336, 0.5164870321750641, 0.5191628634929657]}