{"best_val": 0.4741683439774947, "train_loss": [0.6816768505994011, 0.6422899377112296, 0.6008622237280303, 0.5818971360430998, 0.5664034719560661, 0.5468606972226909, 0.5234392127569985, 0.49922733797746544, 0.48096946875254315, 0.47022339409472896, 0.4638628071429683, 0.4607921534893559, 0.4577337106068929, 0.4555253024194755, 0.4551643466248232, 0.45427891319873287, 0.4531462981420405, 0.4515623263284272, 0.4526914323077482, 0.4513647182315004, 0.45099357647054333, 0.44954875170015823, 0.44869599038479374, 0.44742874713505015, 0.44889777197557335, 0.4463292740139307, 0.44753655031615613, 0.4458949782100378, 0.44567186400002123], "val_loss": [0.6591342795978893, 0.6209296800873496, 0.5954331430521879, 0.578715671192516, 0.5617388622327284, 0.540948358449069, 0.5171074596318331, 0.5007153722372922, 0.4864346574653279, 0.48023865168744867, 0.47893240505998785, 0.4777535010467876, 0.47923413731835107, 0.47782756794582715, 0.4796339517289942, 0.4763943688435988, 0.47523286125876685, 0.47471873597665265, 0.4741683439774947, 0.4753729999065399, 0.4785714122382077, 0.4768569361079823, 0.47512448917735706, 0.4754833497784354, 0.47518035769462585, 0.47758362780917774, 0.4746619842269204, 0.4755935614759272, 0.4755909659645774]}