{"best_val": 0.47195517271757126, "train_loss": [0.7288992471165128, 0.6894950535562303, 0.6589781244595846, 0.6404410070843167, 0.6174788143899705, 0.5940326849619547, 0.5741825766033597, 0.5642421576711867, 0.5520379559861289, 0.5455385231309466, 0.5420304818285836, 0.5385330882337358, 0.5342609186967214, 0.5297798448138766, 0.5282905184560351, 0.5234961261351904, 0.5248910089333853, 0.5223058776723014, 0.5197196089559131, 0.5170162088341184, 0.5156379226181242, 0.5162299242284563, 0.5157769984669156, 0.5151117261913087, 0.5126429729991488, 0.511012613773346, 0.5082258151637183, 0.5130119108491473, 0.5121959994236628, 0.5127802110380597, 0.5102019425895479, 0.5098501924011443, 0.5107520437902875, 0.5113496581713358, 0.5084687140252855, 0.5094036559263865, 0.506914390458001], "val_loss": [0.687386080622673, 0.6598294377326965, 0.6319089382886887, 0.607140988111496, 0.5835951715707779, 0.5607740730047226, 0.5400389283895493, 0.5295238643884659, 0.5156332701444626, 0.5062234625220299, 0.49906516820192337, 0.4957251399755478, 0.4935620054602623, 0.4835187867283821, 0.49399443715810776, 0.49039386212825775, 0.4877208545804024, 0.48580745607614517, 0.4890681952238083, 0.4782297909259796, 0.48179589956998825, 0.4757474586367607, 0.47871457785367966, 0.474079929292202, 0.47805970162153244, 0.48285457491874695, 0.47195517271757126, 0.4753858521580696, 0.4841076359152794, 0.47929785400629044, 0.47704388201236725, 0.4749653935432434, 0.4745611846446991, 0.477314755320549, 0.47760385274887085, 0.47802048176527023, 0.4810072109103203]}