{"best_val": 0.4448238963430578, "train_loss": [0.7296108556728736, 0.7092738502165851, 0.6885842377064275, 0.6670858673020905, 0.6434659607270184, 0.6210949970226661, 0.603768178060943, 0.5918724203810972, 0.585816386867972, 0.5793901763710321, 0.5745860764793321, 0.5711189596092, 0.5666700519767462, 0.5616911223121718, 0.558694476590437, 0.5536283739641601, 0.5487125217914581, 0.5437075314568538, 0.5385277925753126, 0.5339741677630181, 0.5280294365742627, 0.5206069706701765, 0.515526564097872, 0.5086858944565642, 0.5020319176655189, 0.49622158735406163, 0.48939475709316776, 0.4841922404719334, 0.47948500806210087, 0.47355230006517146, 0.47009938955307007, 0.46606509942634433, 0.4620647220050587, 0.45864754798365576, 0.4547596229057686, 0.45269446162616506, 0.45070577252144906, 0.4483700675122878, 0.44695953703394126, 0.4454304949910033, 0.44410212717804254, 0.44409822833304313, 0.4429587587422016, 0.44110988752514707, 0.44047292774798824, 0.4386979119450438, 0.43842921654383343, 0.43816738677959816, 0.4364524886888616, 0.4374893336903815, 0.43545181494133145, 0.4349808038449755, 0.43426700024043813, 0.4346503329043295, 0.43326888423339993, 0.4335200915149614, 0.4330828587214152, 0.4324598008511113, 0.43195439027804955, 0.4321569525728039, 0.43067988168959526, 0.430632411849265, 0.43051236809468735, 0.43061816517044516, 0.42923562666949105, 0.42878491153904036, 0.42933841371068765, 0.42777666449546814, 0.42821810000083027, 0.427332297259686, 0.4280971569173476, 0.4266226560461755, 0.428423452611063, 0.4263092519021502, 0.4261165261268616, 0.4256186210641674, 0.4254954398847094, 0.4261516420280232, 0.42520108117776756], "val_loss": [0.7174266956069253, 0.6985233371908014, 0.6794254075397145, 0.6589169231328097, 0.6383961710062894, 0.6199275851249695, 0.608312579718503, 0.6017440828410062, 0.5968916795470498, 0.5919091430577365, 0.5870498581366106, 0.5848119475624778, 0.5793115550821478, 0.5746545412323691, 0.5708647858012806, 0.5663663907484575, 0.5606171407482841, 0.5558410612019625, 0.5500500798225403, 0.5441080169244246, 0.5372495732524178, 0.5306518999013033, 0.5242921601642262, 0.5197595086964694, 0.5121923224492506, 0.5041202198375355, 0.49828965826468036, 0.4934437329118902, 0.4890625666488301, 0.48211888020688837, 0.4797400019385598, 0.4752898568456823, 0.4712275645949624, 0.4688372693278573, 0.464812847700986, 0.4647223786874251, 0.4608230319890109, 0.4600442078980533, 0.45683233033527026, 0.45646485686302185, 0.455670335076072, 0.45579612255096436, 0.45418251915411517, 0.454198883338408, 0.45254718173633923, 0.45082310383970087, 0.45124583623626013, 0.45145364783026953, 0.4507838027043776, 0.45150747895240784, 0.45055879787965253, 0.45087257298556244, 0.44896604256196454, 0.4489384943788702, 0.45014916495843366, 0.4488050639629364, 0.4492103565822948, 0.4481441947546872, 0.44862658056345855, 0.4479834247719158, 0.4480812657963146, 0.4484569918025624, 0.44661344723267987, 0.44793464649807324, 0.44656219807538117, 0.4457944062623111, 0.4453867294571616, 0.4469673606482419, 0.4448238963430578, 0.44680724902586505, 0.4467046477577903, 0.44709308580918744, 0.4448632001876831, 0.4463701410727067, 0.4454914223064076, 0.4455635520544919, 0.44516419822519476, 0.4452243582768874, 0.4464257684620944]}