{"best_val": 0.4142464453523809, "train_loss": [0.6885828340754789, 0.6281861756362167, 0.5876178928450042, 0.5726954516242532, 0.5548668906969183, 0.5286038190710778, 0.49978508376607705, 0.47223051973417696, 0.4538801265697853, 0.44323381138782875, 0.4376707415954739, 0.4340720603279039, 0.43301257315803976, 0.4309094314481698, 0.4277489682038625, 0.4271587425587224, 0.42627500085269704, 0.4260871708393097, 0.42353249414294375, 0.4226979946388918, 0.42277205457874373, 0.41977743190877576, 0.4193631691091201, 0.41840725552801994, 0.41681194071676214, 0.4164680102292229, 0.4144277455759983, 0.41306984132411434, 0.41315331646040376, 0.41228923143125046, 0.4121590373562832, 0.4093184734092039, 0.4089001306131774, 0.40838614690537545, 0.4067426230393204, 0.4068480496313058, 0.4050513120258556, 0.40513065691087763, 0.4028565135656619, 0.40192999500854343, 0.4009359408827389, 0.4011467332933463, 0.39904124947155223, 0.3990021026601978, 0.39787613118396087, 0.39722972699240144, 0.3974301511166142, 0.3964241334036285, 0.3955457666340996, 0.3936508508289562, 0.39276808500289917, 0.39163946579484377, 0.3917178838860755, 0.38969337238984947, 0.3894889033308216, 0.38908875222299616], "val_loss": [0.6621195673942566, 0.59672611951828, 0.579011472788724, 0.5629884329709139, 0.541418118910356, 0.5123425044796683, 0.47856189716945996, 0.45421767234802246, 0.4389041391285983, 0.43256859616799787, 0.4288378899747675, 0.42768273841251025, 0.4256956387649883, 0.42513181404633954, 0.42295477336103265, 0.424007079818032, 0.42463201555338775, 0.4237723377617923, 0.42206767201423645, 0.42402137409556995, 0.42272233963012695, 0.4204566912217574, 0.42080623182383453, 0.42049306902018463, 0.4202300093390725, 0.42166854305700824, 0.41926377740773285, 0.4204790402542461, 0.42153447053649207, 0.4199538799849423, 0.41758244958790863, 0.4203277880495245, 0.4187422584403645, 0.41875171661376953, 0.42014325206929987, 0.4180119660767642, 0.4190341965718703, 0.4176400303840637, 0.418467716737227, 0.4162352518601851, 0.4159137498248707, 0.41558277065103705, 0.4166462394324216, 0.41629166223786096, 0.4175046573985707, 0.4142464453523809, 0.41958109086210077, 0.41597274487668817, 0.4161199683492834, 0.4170836968855424, 0.4143172529610721, 0.41630407084118237, 0.4155977828936143, 0.4168775813146071, 0.4158804281191392, 0.416215335780924]}