{"best_val": 0.47044892473654315, "train_loss": [0.6961382230122884, 0.6229051339860056, 0.592808888239019, 0.5724339870845571, 0.55366105074976, 0.5332280672064015, 0.5135549195841247, 0.49434573510113883, 0.4800252844305599, 0.47230248065555797, 0.46973597302156334, 0.46647310315393936, 0.4650092481398115, 0.4647098475811528, 0.4629857843997432, 0.46159791011436313, 0.46069686144006017, 0.46150996229227853, 0.4593714633408715, 0.458854244035833, 0.4581802265316832, 0.45754218568988875, 0.456888523756289, 0.45552746922362086, 0.4555433474335016, 0.45519372353366777, 0.45420605061100977, 0.4530028934572257, 0.4534533760126899, 0.45233356777359457, 0.4538278158973245, 0.45243150404855315, 0.45120526704133723, 0.4504399603488399, 0.4503455173735525, 0.4498014695504132, 0.44940632055787477, 0.44817473315725137, 0.4482145473068836, 0.447774014636582, 0.4456514365532819, 0.44726386432554205, 0.446184097551832, 0.4462517721980226, 0.4455643956567727, 0.44502748344458787, 0.44434597328597425, 0.4443013001890743, 0.4446556422055936, 0.4432838483183992, 0.44351934919170305, 0.4421795483897714, 0.44262852388269763, 0.4422770405516905, 0.4411429529096566, 0.43986618811008976, 0.439855543421764, 0.43997620075356725, 0.44010846813519794, 0.439719593408061, 0.4385894215574451, 0.438910373285705, 0.43880224169469345, 0.43809157960555134, 0.4368216442126854, 0.43741321037797365, 0.43672974612198623, 0.43552805103507697], "val_loss": [0.6251764568415555, 0.5976397936994379, 0.5821701234037225, 0.5655970221216028, 0.5451241298155352, 0.5264743024652655, 0.5106173049319874, 0.4983967596834356, 0.4905102144588124, 0.4889277870004827, 0.48643989725546405, 0.4848064346746965, 0.4844848323952068, 0.48439823497425427, 0.48363289778882806, 0.48349051583896985, 0.48205385966734454, 0.48281254551627417, 0.4820613590153781, 0.482155978679657, 0.4805887585336512, 0.48221822760321875, 0.48197697780349036, 0.47978176041082904, 0.47889781269160187, 0.4808696752244776, 0.4801394749771465, 0.478023580529473, 0.4776609946380962, 0.4772071161053397, 0.47785397280346265, 0.4780110933563926, 0.48047329079021106, 0.4765098989009857, 0.476606238972057, 0.47662887248125946, 0.4786362810568376, 0.4756507223302668, 0.4757245860316537, 0.47464473951946606, 0.4775073772126978, 0.4749600426717238, 0.47927681424401025, 0.47571673176505347, 0.47415739026936615, 0.475609535520727, 0.4763462922789834, 0.47488105026158417, 0.4739875468340787, 0.47505568916147406, 0.4733340658924796, 0.47411188212308014, 0.47368061542510986, 0.47357630458745087, 0.4715101177042181, 0.47217444398186426, 0.4737276353619315, 0.47045142542232166, 0.472473832693967, 0.47134658152406866, 0.4725003513422879, 0.4735726768320257, 0.47119468450546265, 0.4706891883503307, 0.473010084845803, 0.47240131280638953, 0.47044892473654315, 0.4710706797513095]}