{"best_val": 0.5057460814714432, "train_loss": [0.7208335565196143, 0.6948949893315634, 0.6742930246724023, 0.6575577689541711, 0.6414661275015937, 0.6228593488534292, 0.603009796804852, 0.584460930691825, 0.5686141318745084, 0.5556961099306742, 0.5456071181429757, 0.5422006481223636, 0.53471211095651, 0.5282614661587609, 0.5263067715697818, 0.5197567244370779, 0.5210605081584718, 0.5142968561914232, 0.5157559033897188, 0.5131816267967224, 0.5096667309602102, 0.5094976789421506, 0.5094973925087187, 0.5062337501181496, 0.5076918717887666, 0.5046990878052182, 0.5043919268581603, 0.5074236575100157, 0.5002192954222361, 0.5012978315353394, 0.5030394742886225, 0.5001485331190957, 0.49597129888004726, 0.49754562808407676, 0.5010201103157468, 0.4984062628613578, 0.49994438224368626, 0.4977637148565716, 0.4972367121113671, 0.4962273985147476, 0.49460818204614854, 0.4965402301814821, 0.4946247637271881, 0.49661461843384636, 0.49180442094802856, 0.49473994308047825, 0.4976722018586265, 0.4982449478573269, 0.4947475807534324, 0.49575186603599125, 0.4932347188393275, 0.49441351658768123, 0.49477790461646187, 0.49657099280092454, 0.4967595636844635, 0.49304522077242535, 0.49561161796251935, 0.4966142061683867, 0.49350275761551327], "val_loss": [0.6829514652490616, 0.66868756711483, 0.6561450809240341, 0.6442881673574448, 0.6259680688381195, 0.6062798202037811, 0.5923380702733994, 0.5762234926223755, 0.5666643232107162, 0.5595675408840179, 0.554320216178894, 0.5465252101421356, 0.5398259609937668, 0.5423360392451286, 0.530884824693203, 0.5284194573760033, 0.5356755554676056, 0.5236353278160095, 0.5295153260231018, 0.5245898365974426, 0.518994428217411, 0.5268425270915031, 0.5252628102898598, 0.524295836687088, 0.5204618349671364, 0.5182066485285759, 0.5169644728302956, 0.512573629617691, 0.5183235332369804, 0.5140362456440926, 0.519988514482975, 0.515000656247139, 0.5127564817667007, 0.5186941623687744, 0.5147939994931221, 0.5197642594575882, 0.517818845808506, 0.5124888271093369, 0.5106422901153564, 0.5108124315738678, 0.5193664655089378, 0.5109099969267845, 0.5114478543400764, 0.5120020657777786, 0.5136585235595703, 0.5163199752569199, 0.5107114389538765, 0.5141308158636093, 0.5057460814714432, 0.512697272002697, 0.5155578404664993, 0.511822946369648, 0.518766239285469, 0.5154430866241455, 0.5119676366448402, 0.5123579651117325, 0.5161563456058502, 0.5093872770667076, 0.5130823254585266]}