{"best_val": 0.43098138679157605, "train_loss": [0.7303264959185731, 0.713043729464213, 0.6992721358935038, 0.6864075684079937, 0.6727470217966566, 0.656917368664461, 0.6400027438706043, 0.6233101475472543, 0.6098022916737724, 0.5997967264231514, 0.591890907755085, 0.5862667864444209, 0.5813597861458274, 0.5769578253521639, 0.57076089405546, 0.5650646645648807, 0.557825539041968, 0.5525834052001729, 0.545138814870049, 0.5387071826878715, 0.5337394090259776, 0.5256599088509878, 0.5181337308649924, 0.5108014181548474, 0.5038068165966109, 0.4959710374766705, 0.48999306208947124, 0.483801977891548, 0.47837744039647717, 0.47126655543551726, 0.4671923237688401, 0.46342569180563387, 0.4595472093890695, 0.45636627954595227, 0.4540051227691127, 0.45187760743440364, 0.4490046203136444, 0.44735316610803794, 0.44643545618244246, 0.44508819603452493, 0.44436631833805756, 0.44440681618802685, 0.4421902035965639, 0.44230272781615165, 0.44087477992562685, 0.4421027998129527, 0.44000187224032833, 0.43989210210594476, 0.4403989309189366, 0.4378383066139969, 0.4378134532302034, 0.43774039897264216, 0.43779872270191417, 0.4372468988100688, 0.4365902198295967, 0.43486156884361715, 0.43508917443892536, 0.435780105637569, 0.4355645962789947, 0.43484805086079764, 0.4339002160465016, 0.4339234560143714, 0.43303218951412276, 0.43404514006539885, 0.4326937297979991, 0.4324257069942998, 0.432127236735587, 0.4330538236627392, 0.432309358143339, 0.432011626514734, 0.43141311816140715, 0.43126726618000105, 0.4318631203735576, 0.4304639217900295, 0.43144811426892, 0.42992328253446843, 0.42915280543121637, 0.4297710692181307, 0.42988405683461356, 0.42838102053193483, 0.4285854650478737, 0.4277064922977896, 0.4287415906494739, 0.4283418550210841, 0.427239386474385, 0.4262837942908792, 0.4264938954044791, 0.42629120571940554, 0.42627913461012, 0.4265991875938341, 0.4269261027083677, 0.4269540193034153, 0.42539512585191164, 0.4250601378141665, 0.42530467463474647, 0.4246291483149809, 0.4254170416616926, 0.42431636008561824, 0.4246613815719006], "val_loss": [0.719553757797588, 0.7049649737098, 0.6925648992711847, 0.6801525246013295, 0.6662491397424177, 0.6505005576393821, 0.6342976851896807, 0.6197696653279391, 0.6091153621673584, 0.6021120981736616, 0.5964752327312123, 0.592436974698847, 0.586784693327817, 0.5822240656072443, 0.5752957680008628, 0.5701695707711306, 0.5626918565143239, 0.5561211000789296, 0.5486591810529883, 0.5425109267234802, 0.5364553494886919, 0.5279649794101715, 0.5190743776884946, 0.5124204565178264, 0.5028330196033824, 0.49666025692766363, 0.48924591866406525, 0.4817118157039989, 0.4754858342084018, 0.4707980751991272, 0.4647933705286546, 0.46180885488336737, 0.458230660720305, 0.4550522430376573, 0.45432089133696124, 0.45035904104059393, 0.4483727596022866, 0.44660410014065827, 0.44660611044276843, 0.4444475634531541, 0.4446863369508223, 0.4431436468254436, 0.4420899206941778, 0.4409964843229814, 0.44157968867908826, 0.43924932317300275, 0.44040642001412134, 0.43860127980058844, 0.43923881920901214, 0.4389775476672433, 0.4379334070465781, 0.4387990859421817, 0.437050001187758, 0.4371957074512135, 0.43722540682012384, 0.4360371773893183, 0.43639620596712286, 0.4360150396823883, 0.43797467242587695, 0.43576623363928363, 0.43545877120711585, 0.4343927367167039, 0.4346089336005124, 0.4347855177792636, 0.43594844232905994, 0.4349187070673162, 0.43373052369464526, 0.43447222221981396, 0.4345079470764507, 0.43370939926667645, 0.434489063241265, 0.43245618451725354, 0.433785387060859, 0.4337539591572501, 0.43504707650704816, 0.434587687253952, 0.4330358423969962, 0.4328530024398457, 0.43323171409693634, 0.43342468684369867, 0.4323243796825409, 0.43332422050562774, 0.4324690266089006, 0.4324797500263561, 0.43213718316771765, 0.43262349746444007, 0.4321635500951247, 0.4314465847882358, 0.43098138679157605, 0.4323874522339214, 0.4321433116089214, 0.43124419992620294, 0.43145812912420795, 0.432055416432294, 0.4316005490042947, 0.43254155733368616, 0.4323112585327842, 0.4311639829115434, 0.4314424910328605]}