{"best_val": 0.5045554116368294, "train_loss": [0.7232959700955285, 0.7172743909888797, 0.711387058099111, 0.7058376239405738, 0.7000155846277872, 0.6936003797584109, 0.6866878767808279, 0.6789493030971951, 0.6713797152042389, 0.6639353632926941, 0.6559010876549615, 0.647470580206977, 0.6391401059097714, 0.6303308407465616, 0.6210202044910855, 0.6122439040078057, 0.6026959386136796, 0.5945851140552096, 0.5870597296290927, 0.5814036991861131, 0.5739008618725671, 0.5668668664164014, 0.5632044838534461, 0.5605200330416361, 0.5536886536412768, 0.5526918835110135, 0.5500405232111613, 0.5468122114737829, 0.5423798428641425, 0.5386188113027148, 0.5376657876703475, 0.5338705761565102, 0.5324836903148227, 0.5277262263827853, 0.5287111931376987, 0.5272955712344911, 0.5233608649836646, 0.5256050460868411, 0.5210693511697981, 0.5209232916434606, 0.5190994772646162, 0.516929868194792, 0.5199153986242082, 0.5164839443233278, 0.5163661258088218, 0.5157365434699588, 0.5159833464357588, 0.5147409968905978, 0.5120376845200857, 0.5137237144841088, 0.5098164743847318, 0.51258874601788, 0.5104967968331443, 0.5111255811320411, 0.5076036088996463, 0.5050213601854112, 0.5082776380909814, 0.5052105651961433, 0.5038213100698259, 0.5037320554256439, 0.5033977362844679, 0.5052039441135194, 0.5003053430053923, 0.5038099355167813, 0.5028648426135381, 0.5006092588106791, 0.4979645874765184, 0.5004271947675281, 0.49829870296849144, 0.49778586626052856, 0.5000373754236433, 0.5009677393568887, 0.4951644655730989, 0.4976416395770179, 0.49599095847871566, 0.4954035133123398, 0.49735964006847805, 0.49493055211173165, 0.4951547119352553, 0.49815865854422253, 0.49533503750960034, 0.4968409405814277, 0.49415047466754913, 0.4941213197178311], "val_loss": [0.7201969623565674, 0.7146179974079132, 0.7085826843976974, 0.7033088058233261, 0.6973820328712463, 0.690594494342804, 0.6834222376346588, 0.6755783706903458, 0.668376088142395, 0.6609902381896973, 0.6529334187507629, 0.6460009068250656, 0.6362719088792801, 0.6282545477151871, 0.6194559186697006, 0.6125587224960327, 0.6029015630483627, 0.594958558678627, 0.5884561985731125, 0.5800544023513794, 0.5779782980680466, 0.5716743022203445, 0.5683025568723679, 0.5632086545228958, 0.5605414360761642, 0.5608885437250137, 0.5532215386629105, 0.5533694922924042, 0.5455917492508888, 0.5452799499034882, 0.5456540435552597, 0.5420964807271957, 0.5403677374124527, 0.5426636785268784, 0.5399255901575089, 0.5422616451978683, 0.53263258934021, 0.5342695191502571, 0.5318898856639862, 0.5265737473964691, 0.5331770777702332, 0.5222352743148804, 0.5308215320110321, 0.531219445168972, 0.5256000757217407, 0.5296812877058983, 0.5219564735889435, 0.5226836055517197, 0.5250275954604149, 0.5276061743497849, 0.5195301100611687, 0.5220530331134796, 0.5228012278676033, 0.5192895159125328, 0.5220021307468414, 0.5159693881869316, 0.5188980251550674, 0.5131263509392738, 0.5179435536265373, 0.5229246616363525, 0.5174053013324738, 0.514396645128727, 0.5168560445308685, 0.5226392969489098, 0.5094708651304245, 0.5141385719180107, 0.5141450762748718, 0.5168571546673775, 0.5159211531281471, 0.5108946487307549, 0.5135112181305885, 0.5109615325927734, 0.5103273093700409, 0.5045554116368294, 0.5118307396769524, 0.5049035251140594, 0.5064481720328331, 0.5070987045764923, 0.5115503519773483, 0.5093077793717384, 0.5107067748904228, 0.5172450691461563, 0.5092428848147392, 0.5129654482007027]}