{"best_val": 0.5217285975813866, "train_loss": [0.810433543390698, 0.7761568062835269, 0.7406626542409261, 0.703580465581682, 0.6642628775702583, 0.6264224615361955, 0.5913415518071916, 0.5638284848795997, 0.5441067682372199, 0.5334977375136482, 0.5242156038681666, 0.5214660929308997, 0.5184442268477546, 0.5123435192637973, 0.5116213576661216, 0.5081971138715744, 0.5045595268408457, 0.5021213872565163, 0.5023563007513682, 0.5012233886453841, 0.49910689393679303, 0.4981168905893962, 0.4966242230600781, 0.49570241073767346, 0.4947147005134159, 0.4916959951321284, 0.49430378940370345, 0.4932757135894563, 0.4923028631342782, 0.49037793113125694, 0.4893851296769248, 0.4902486685249541, 0.4855645497639974, 0.492090654042032, 0.48931976987255943], "val_loss": [0.7824128568172455, 0.7494049966335297, 0.715419128537178, 0.6802329868078232, 0.6442198902368546, 0.6126042455434799, 0.5832621604204178, 0.5644858479499817, 0.5543078482151031, 0.5539771467447281, 0.546336404979229, 0.537644699215889, 0.5375350788235664, 0.5397610068321228, 0.5365549698472023, 0.5378114283084869, 0.5317606329917908, 0.5273048505187035, 0.5318766385316849, 0.5264272466301918, 0.5388985276222229, 0.528815783560276, 0.5245376825332642, 0.5254480317234993, 0.5217285975813866, 0.5280064418911934, 0.5286387503147125, 0.5316213443875313, 0.5263016000390053, 0.5238852500915527, 0.5286495089530945, 0.5223298370838165, 0.5294048339128494, 0.5230718031525612, 0.5242295488715172]}