{"best_val": 0.4848562404513359, "train_loss": [0.7646137707763248, 0.7125775516033173, 0.6719458798567454, 0.6430661777655283, 0.6130207346545326, 0.5805170734723409, 0.5513517459233602, 0.5353950560092926, 0.5187857134474648, 0.5071103837754991, 0.5069322966867023, 0.5015036546521716, 0.49583518836233353, 0.49146273069911534, 0.48895712362395394, 0.48540305760171676, 0.4832203868362639, 0.4834333856900533, 0.48077090746826595, 0.4790717462698619, 0.476112296183904, 0.4780624922778871, 0.47298382553789353, 0.4730832725763321, 0.4734323107533985, 0.47203655706511605, 0.4707420203420851, 0.46898050440682304, 0.4698306404882007, 0.47305239737033844, 0.4672846910026338, 0.47205614381366306, 0.46862485508124035, 0.46890321373939514, 0.469654166036182, 0.4672291609976027, 0.46650933888223434, 0.46533280776606667, 0.4672391249073876, 0.46814870006508297, 0.4674160877863566, 0.4701630771160126], "val_loss": [0.7007797360420227, 0.6596171259880066, 0.625537633895874, 0.5971342921257019, 0.5746981352567673, 0.55134117603302, 0.5298152938485146, 0.5119056925177574, 0.5051280409097672, 0.5048710405826569, 0.5059127062559128, 0.4978400021791458, 0.5019490718841553, 0.500819094479084, 0.4939134418964386, 0.49684716016054153, 0.49527081847190857, 0.4933852478861809, 0.497942753136158, 0.49384447932243347, 0.49490830302238464, 0.48791317641735077, 0.4902069866657257, 0.4949740320444107, 0.49225402623414993, 0.49378062039613724, 0.48616571724414825, 0.4940144419670105, 0.4912116453051567, 0.48926468938589096, 0.49614594876766205, 0.4848562404513359, 0.49433551728725433, 0.4871596544981003, 0.4932461678981781, 0.49543486535549164, 0.48700639605522156, 0.4857310429215431, 0.4882674068212509, 0.48973382264375687, 0.48765768110752106, 0.48822905123233795]}