{"best_val": 0.4845302551984787, "train_loss": [0.6446005271540748, 0.593752255042394, 0.5524897823731104, 0.5376084215111203, 0.531772557232115, 0.5260627286301719, 0.5244330432679918, 0.5208006832334731, 0.5170155929194556, 0.519581965274281, 0.5114008585611979, 0.5106417619519763, 0.5049467285474142, 0.5046843306885825, 0.5009134908517202, 0.4975404640038808, 0.4991515659623676, 0.49386611249711776, 0.49519027438428664, 0.49294932021035087, 0.4910931603776084, 0.494100174970097, 0.4938698295089934, 0.49083597626951003, 0.48702769147025216, 0.48626496228906846, 0.48832551307148403, 0.4889222135146459, 0.4865920907921261], "val_loss": [0.6158549338579178, 0.5580682456493378, 0.5213766545057297, 0.5184735804796219, 0.5153860598802567, 0.5072902888059616, 0.5104202404618263, 0.5053059831261635, 0.4978271573781967, 0.5005704462528229, 0.49834340065717697, 0.50269965082407, 0.49063554406166077, 0.498605340719223, 0.48464981466531754, 0.4914049282670021, 0.4932410717010498, 0.49086061120033264, 0.4845302551984787, 0.48974302411079407, 0.49424613267183304, 0.4926826134324074, 0.48870768398046494, 0.48858924955129623, 0.4924900159239769, 0.4871477484703064, 0.48829463869333267, 0.48967448621988297, 0.48775313049554825]}