{"best_val": 0.500004343688488, "train_loss": [0.7404633859793345, 0.7060466971662309, 0.6750574906667074, 0.6430564257833693, 0.6095428168773651, 0.5738351080152724, 0.5463571002086004, 0.5321201334396998, 0.5279329982068803, 0.5237345414029227, 0.5180271284447776, 0.5172617766592238, 0.5146138055457009, 0.5117929379145304, 0.511064103908009, 0.5114036434226565, 0.5094009025229348, 0.5097807480229272, 0.5072442226939731, 0.5055196285247803, 0.5059072424968084, 0.5057896044519212, 0.503711516658465, 0.5046734280056424, 0.5031231211291419, 0.5055184496773614, 0.5035412725475099, 0.5012987338834338, 0.5051080518298678, 0.5017882138490677, 0.5030685530768501, 0.4997676544719272, 0.5002653416660097, 0.49609070354037815, 0.49805356231000686, 0.49961986806657577, 0.49644723865720963, 0.4976241605149375, 0.49803511963950264, 0.49869279232290054, 0.4956828024652269, 0.49452144073115456, 0.49591850572162205, 0.4946760551797019, 0.4931589547130797, 0.4919109063016044, 0.49166741967201233, 0.49172605242994094, 0.4914531194501453, 0.4930352287160026, 0.4875253786643346, 0.4927055819167031, 0.4880384322669771, 0.4904851151837243, 0.4896700597471661, 0.4882410267988841], "val_loss": [0.7076773643493652, 0.6791789382696152, 0.6504427492618561, 0.6186851859092712, 0.5855774134397507, 0.5539472997188568, 0.5406086146831512, 0.538894772529602, 0.53243488073349, 0.5331389307975769, 0.5290090069174767, 0.523591086268425, 0.5187800526618958, 0.5218310952186584, 0.5215146467089653, 0.5221594572067261, 0.5266344323754311, 0.5184913352131844, 0.5165566876530647, 0.5139062032103539, 0.5230335146188736, 0.5190537497401237, 0.518489845097065, 0.5135048106312752, 0.5123375430703163, 0.5137573704123497, 0.5196900740265846, 0.5170252323150635, 0.5116982012987137, 0.519761435687542, 0.5097546651959419, 0.5151186212897301, 0.515371210873127, 0.5138268321752548, 0.5123391672968864, 0.50778379291296, 0.5079311057925224, 0.5183572769165039, 0.5114096999168396, 0.5055526942014694, 0.5105684325098991, 0.511911116540432, 0.5120055824518204, 0.5112182423472404, 0.5086158439517021, 0.500004343688488, 0.506460964679718, 0.5085639655590057, 0.5089214891195297, 0.5116239935159683, 0.508280374109745, 0.5100693181157112, 0.5100584775209427, 0.5015875995159149, 0.5045450627803802, 0.5104679986834526]}