{"best_val": 0.4361119703813033, "train_loss": [0.6757893398696301, 0.6709558110611111, 0.665903581123726, 0.6609518130620321, 0.6552688350864485, 0.6498540499631096, 0.6439332915287391, 0.6384464420524298, 0.6323250006226933, 0.6263259696025475, 0.619432784763037, 0.6135518550872803, 0.6076253465577668, 0.6018549799919128, 0.5970021638215757, 0.5926665652031992, 0.5885942227700177, 0.5839459019548753, 0.5803525418627495, 0.5763968860401827, 0.5735066930452982, 0.5691067775090536, 0.5653699063787273, 0.5611172312614965, 0.5575293770023421, 0.5551963740704107, 0.5514145937620425, 0.5477604912776574, 0.5445620096197316, 0.5408205384132909, 0.5377352605847752, 0.5330169656697441, 0.5290133549886591, 0.5255152261724659, 0.5220090197581871, 0.5191079980018092, 0.5148457639357623, 0.5105229633695939, 0.5069437237346873, 0.5037688478535297, 0.50044305359616, 0.49818334918396145, 0.4928728879666796, 0.48970121086812485, 0.48748126392271, 0.48412198354216185, 0.48152929018525514, 0.4783402844971302, 0.4763515626682955, 0.47351527798409554, 0.47091400097398195, 0.469202939786163, 0.4658396939436595, 0.4633455112868664, 0.4633760668483435, 0.46024718822217453, 0.4598237346200382, 0.45718673397513, 0.4548741456340341, 0.45345423151465025, 0.45229941781829386, 0.45243099916215035, 0.451220067692738, 0.4503001664199081, 0.44963412658841, 0.4483100380383286, 0.44732805443745033, 0.4465652435433631, 0.44613587155061607, 0.44584787417860594, 0.44615958368076997, 0.4450903587481555, 0.4443410138289134, 0.4438848735070696, 0.44431860891042974, 0.44261820935735513, 0.4425618297913495, 0.44216925139520685, 0.4426162710376814, 0.4423312042273727, 0.4413404119949715, 0.44197651568581076, 0.4412794341059292, 0.4412802825955784, 0.4408344024536656, 0.43999268494400323, 0.44029383039941977, 0.4399407009283702, 0.44023390903192405, 0.4406820453849493, 0.43969129873257057, 0.43942271377526076, 0.44047002757296844, 0.43988533347260717, 0.43898903622346763, 0.43833709931841086, 0.4401615080880184, 0.4395078309610778, 0.4390083697496676, 0.43887191134340625, 0.4394058830597821, 0.43898287298632604, 0.4397018329769957, 0.4388309448373084, 0.4393406843437868, 0.4373189923810024, 0.4371017796151778, 0.438746430125891, 0.4371052232443118, 0.43836964929805083, 0.4381581176729763, 0.43772202379563274, 0.43802671514305414, 0.4381835787904029, 0.4376328996583527, 0.43764060443522884, 0.4370139112659529, 0.4375106633878222, 0.4366066508433398, 0.43696754002103616, 0.43686163133265926, 0.43607346392145346, 0.4363461540025823, 0.4369937923609042, 0.4364793849926369, 0.4372478524843852, 0.4359448692377876, 0.4364638141557282, 0.4349297618164736, 0.43633711104299505, 0.43539171826605705, 0.43498075300571964, 0.4353271453988318, 0.43440646575946434, 0.43545855552542445, 0.4353514272792667, 0.43482274050806086, 0.4355826938853544, 0.43566393560054256, 0.4351218009696287, 0.43507301398352083, 0.43498265217332277, 0.43603237645298826, 0.4346965083888933, 0.4349500571980196, 0.4353865729827507, 0.4343172574744505, 0.4344425943552279, 0.4340389113800198, 0.43439652463969064, 0.43311990359250235, 0.43388087901414607, 0.4340504787716211, 0.43410540854229646, 0.43380314228581446, 0.43471550941467285, 0.4329850188657349, 0.43342287575497346, 0.434643473110947, 0.4333011952101016, 0.43379315792345535, 0.433227982006821], "val_loss": [0.6749223145571622, 0.670489181171764, 0.6657194332642988, 0.6608055884187872, 0.6563194014809348, 0.650647992437536, 0.6456903273409064, 0.6402896534312855, 0.6346350637349215, 0.6291099299084056, 0.623448989608071, 0.6191108606078408, 0.6119682951407, 0.6099609407511625, 0.6053475791757758, 0.6010474833575162, 0.5968463908542286, 0.5927425135265697, 0.588506362654946, 0.5851744142445651, 0.5790356207977642, 0.5768620480190624, 0.5734175443649292, 0.5676998766985807, 0.5642319917678833, 0.5614450194618918, 0.5583808313716542, 0.5547853816639293, 0.5494672656059265, 0.5461024967106906, 0.543343646959825, 0.5384400622411207, 0.5366329848766327, 0.5335458300330422, 0.5284055010838942, 0.5246284793723713, 0.5196808197281577, 0.5176515145735308, 0.512379294092005, 0.5100171891125765, 0.5056654133579948, 0.5009794208136472, 0.49827951192855835, 0.4948080832307989, 0.49255426092581317, 0.48843336647207086, 0.4859111579981717, 0.4841644059528004, 0.4809410653331063, 0.47914847460660065, 0.475694477558136, 0.47358813881874084, 0.4700893299146132, 0.46893796595660125, 0.46604757688262244, 0.4637700183825059, 0.46353109587322583, 0.4605463607744737, 0.45867945660244336, 0.4580272842537273, 0.4562033469026739, 0.45551376180215314, 0.45473869009451434, 0.452553927898407, 0.4530390040440993, 0.45043042302131653, 0.4515109414404089, 0.44929436120119964, 0.4502050226384943, 0.4494369924068451, 0.4473419622941451, 0.4466743902726607, 0.4474372457374226, 0.44556770812381397, 0.44524854692545807, 0.4453126977790486, 0.44499357722022315, 0.44410281018777326, 0.44381282004443084, 0.44499695571986114, 0.44343113086440344, 0.4459996521472931, 0.4435744041746313, 0.44399550557136536, 0.44236055287447845, 0.4431533190337094, 0.44178986278447235, 0.44204181703654205, 0.44133059815926984, 0.44113114747134125, 0.44056629863652313, 0.44147102670236066, 0.44108784740621393, 0.4409245360981334, 0.4417040375145999, 0.4431100975383412, 0.44358788295225665, 0.440337210893631, 0.4410177848555825, 0.43968107483603736, 0.44059361111034046, 0.4403493350202387, 0.4397984065792777, 0.44005267457528546, 0.43867735158313403, 0.4401520246809179, 0.4406417120586742, 0.439160246740688, 0.43944344195452606, 0.43943968415260315, 0.43941824815490027, 0.440206996419213, 0.4388761520385742, 0.4396943991834467, 0.43785893646153534, 0.44010797955773096, 0.4395888637412678, 0.4387829357927496, 0.44106909903613006, 0.43906856125051325, 0.43839298595081677, 0.439262563532049, 0.4403552900661122, 0.43951819159767846, 0.4373781924897974, 0.4385055330666629, 0.4390189458023418, 0.439253338358619, 0.4384870718825947, 0.4381135268644853, 0.4380052794109691, 0.43911958553574304, 0.438211129470305, 0.43723154067993164, 0.4376698298887773, 0.4401130865920674, 0.43710571798411285, 0.43874531442468817, 0.4386544552716342, 0.43789022077213635, 0.43705630573359405, 0.43979241902177985, 0.4374602464112369, 0.4383162530985745, 0.4371724751862613, 0.43679347363385285, 0.43664364381269977, 0.437457648190585, 0.43753313747319306, 0.4379069994796406, 0.4384621598503806, 0.4361119703813033, 0.43799110976132477, 0.4374108991839669, 0.43697580424222077, 0.43657546964558686, 0.43709966269406403, 0.43641802397641266, 0.43673499064012006, 0.4367300136522813, 0.43644524162465875, 0.4367438392205672]}