{"best_val": 0.5133885145187378, "train_loss": [0.6956421534220377, 0.6726920041773055, 0.6490879886680179, 0.631452653143141, 0.6191401812765334, 0.6070270770125918, 0.5940253767702315, 0.5825606849458482, 0.5709458556440141, 0.5625902579890357, 0.5557502971755134, 0.5486752705441581, 0.5445244709650675, 0.5400030232138104, 0.5381859987974167, 0.5297447972827487, 0.5310502847035726, 0.5279550949732462, 0.5248833000659943, 0.5283907635344399, 0.5219826996326447, 0.5203729718923569, 0.5201917307244407, 0.5201468616724014, 0.5154645360178418, 0.5153423332505755, 0.5144998149739372, 0.5118389676014582, 0.511791330244806, 0.5109752962986628, 0.5115796758068932, 0.5078633146153556, 0.5073514249589708, 0.5075037048922645, 0.5065435022115707, 0.5048840062485801, 0.5057645158635246, 0.5025524497032166, 0.5068176272842619, 0.502901726298862, 0.5046822246578004], "val_loss": [0.6534943878650665, 0.6449111998081207, 0.6335653066635132, 0.6245996803045273, 0.612926796078682, 0.6007609665393829, 0.5943935215473175, 0.5822390168905258, 0.57329460978508, 0.5657625049352646, 0.5612172782421112, 0.5532911643385887, 0.5444285199046135, 0.5457959175109863, 0.5434076189994812, 0.542972594499588, 0.5360668301582336, 0.533439502120018, 0.5349579080939293, 0.52701585739851, 0.5314329415559769, 0.5229513049125671, 0.5241980105638504, 0.5224535912275314, 0.5223498716950417, 0.5203439891338348, 0.5259684771299362, 0.5198766067624092, 0.5160343945026398, 0.5172816589474678, 0.5133885145187378, 0.5250114947557449, 0.5141019523143768, 0.5145490989089012, 0.516546718776226, 0.5158476307988167, 0.5164061635732651, 0.5144868716597557, 0.5159421935677528, 0.5198220014572144, 0.5134969875216484]}