{"best_val": 0.45689575238661334, "train_loss": [0.6848213497330161, 0.6554621317807365, 0.6321270255481496, 0.6116539894365797, 0.5943391755515454, 0.5802173100265802, 0.5712593501689387, 0.5599876712350285, 0.5488510038338456, 0.5347123812226688, 0.5185729323648939, 0.5015152476581872, 0.4869101234510833, 0.47501277397660646, 0.4649691774564631, 0.45965205220615163, 0.4560786035715365, 0.45182417479215886, 0.44990269693673823, 0.44895009901009353, 0.4464838031460257, 0.44672856552928103, 0.4458989401658376, 0.44452990620743993, 0.44280123593760473, 0.4437602425322813, 0.4430117887609145, 0.4426685279490901, 0.44155411100855063, 0.44147108816633035, 0.4407644318599327, 0.4400607803288628, 0.44085825541440177, 0.44088207506665994, 0.43941447723145577, 0.43868230779965717, 0.4384051356829849, 0.43772321179801343, 0.4373590893605176, 0.43721861932791917, 0.43689944229873956, 0.436010177228965, 0.43677792537446114, 0.43557416574627744, 0.43575815009135827, 0.4353431375587688, 0.4344499987714431, 0.4345967237855874, 0.4337116094196544], "val_loss": [0.6645712148059498, 0.6422741304744374, 0.6252739375287836, 0.6127831448208202, 0.604245202107863, 0.5939340753988787, 0.5859015638178046, 0.5749833638017828, 0.5643871372396295, 0.5488133782690222, 0.5330412225289778, 0.5168472880666907, 0.50133262981068, 0.4915308789773421, 0.4844139516353607, 0.4777436771176078, 0.4721284942193465, 0.4698704020543532, 0.46637369015000085, 0.4669965911995281, 0.46467083963480865, 0.46552458947355096, 0.46484405344182794, 0.46496977047486737, 0.46366172758015717, 0.4614252746105194, 0.46272718093611975, 0.46126302534883673, 0.4636044204235077, 0.46125525507059967, 0.46048199317672034, 0.4603588337248022, 0.4604161571372639, 0.4585010490634225, 0.45981584082950244, 0.4588170512156053, 0.45857545733451843, 0.46069742061875085, 0.45689575238661334, 0.457652365619486, 0.4603505866094069, 0.4569725610993125, 0.4582953588529067, 0.45917141979390924, 0.4576381634582173, 0.4582606472752311, 0.4575554701414975, 0.4574087776921012, 0.4575250202959234]}