{"best_val": 0.4486786696043881, "train_loss": [0.6866320114509732, 0.6308443347613016, 0.593291276810216, 0.5744870462838341, 0.5575941339427349, 0.5375140776821211, 0.5160969992478689, 0.499109674318164, 0.4841564782694274, 0.4746510532556796, 0.46898892054370805, 0.4643755835645339, 0.46438588055909846, 0.46101869321336936, 0.45837555036825295, 0.4593699749778299, 0.457483615361008, 0.45835425164185317, 0.4567791410520965, 0.45534857347899793, 0.4549405890352586, 0.4546217485970142, 0.453054336940541, 0.4513263158938464, 0.4524708904472052, 0.45223235499625114, 0.44998910789396246, 0.44973984243823034, 0.4478684377436544, 0.4477904906459883, 0.4484752101056716, 0.4468650362070869, 0.44560859191651436, 0.44539985703487023, 0.44344427071365655, 0.44316784716119956, 0.44278185157214894, 0.4439433374825646, 0.4412198265393575, 0.44189924118565577, 0.44157347316835444, 0.44084642564549165, 0.43966396941858177, 0.44033317823036044, 0.4386427279780893, 0.4375692231982362, 0.4368456520286261, 0.4370781539701948, 0.436175698743147, 0.43646759846631217, 0.4352012802572811, 0.43466751715716195, 0.43413299964923485, 0.4342111413385354, 0.4321140430721582, 0.4309636500536227, 0.43100408596151013, 0.4309493151365542, 0.4298430570200378, 0.43049343310150445, 0.4302554305861978, 0.4294821263528338, 0.4282661933524936, 0.42897265156110126, 0.42866499225298565, 0.4271504569287394, 0.42630935708681744, 0.4266653399841458, 0.42582742490020453, 0.42462678925663816, 0.4250241284276925, 0.42362214128176373, 0.42413122689022736, 0.4222548148211311, 0.42341890171462415, 0.42180440180441914, 0.4214211515351838, 0.4221152634012933, 0.4219520255631092, 0.4215695671006745, 0.4194647722384509, 0.4190075748107013, 0.4197552326847525, 0.41862079734895746, 0.4185257624177372, 0.4173000174410203, 0.4182736844408746, 0.41833378812846017, 0.4163462268371208, 0.41631481226752787, 0.4156983477227828, 0.4140453566523159], "val_loss": [0.6552324891090393, 0.5989136424931613, 0.5752747654914856, 0.555593032728542, 0.5419577143409036, 0.5205009037798102, 0.5015421157533472, 0.48638837174935773, 0.4746332574974407, 0.46830853819847107, 0.4662321020256389, 0.46552585471760144, 0.46251630783081055, 0.4613146592270244, 0.46294067393649707, 0.46481602029366925, 0.46208506280725653, 0.46142365444790234, 0.46281191977587616, 0.4617090116847645, 0.461027822711251, 0.45949007977138867, 0.45814896713603626, 0.46053391695022583, 0.46188088438727637, 0.45905583825978363, 0.4605987044897946, 0.4577905535697937, 0.45829946344549005, 0.45802375403317536, 0.45903571898286993, 0.45892521197145636, 0.4571572813120755, 0.45709695599295874, 0.4555017514662309, 0.45683167468417774, 0.45761886509982025, 0.4566386504606767, 0.45553872802040796, 0.45574903217228974, 0.4560704231262207, 0.45480528473854065, 0.4558961581100117, 0.4555704268542203, 0.45552309534766455, 0.45491299304095184, 0.45412618734619836, 0.4555262869054621, 0.45620173757726495, 0.4542958709326657, 0.45438185876066034, 0.45237059755758807, 0.45364874601364136, 0.45308819684115326, 0.45802378112619574, 0.45259683511473914, 0.4537180093201724, 0.453457388010892, 0.45149544965137134, 0.45228125290437177, 0.454916929656809, 0.45139377225529065, 0.4540746428749778, 0.45365082675760443, 0.4528869011185386, 0.4529097161509774, 0.4524622776291587, 0.45233366977084766, 0.45556372133168305, 0.4506111741065979, 0.45184242725372314, 0.45224232565272937, 0.4504977518861944, 0.4514122578230771, 0.45205190777778625, 0.4507778693329204, 0.4528393230654977, 0.45251855796033685, 0.4516460597515106, 0.4509749412536621, 0.450496416200291, 0.4486786696043881, 0.4512761966748671, 0.4496274102817882, 0.45355977795340796, 0.453133686022325, 0.4513676166534424, 0.4508002210747112, 0.45104287429289386, 0.45081543922424316, 0.45047377185388043, 0.45275767012075946]}