{"best_val": 0.5036151111125946, "train_loss": [0.766848494609197, 0.7364930311838785, 0.7092653380499946, 0.6842838260862563, 0.6612765789031982, 0.6433592107560899, 0.6237329244613647, 0.6068089769946204, 0.594352642695109, 0.580349862575531, 0.5703994962904189, 0.5635279913743337, 0.5562399592664506, 0.55409161415365, 0.5463545868794123, 0.5416292515065935, 0.5335095326105753, 0.5326978911956152, 0.5311268733607398, 0.5270377828015221, 0.5270726581414541, 0.5247275580962499, 0.5232735342449613, 0.5212877177529864, 0.5187906805011961, 0.5205135842164358, 0.5194104495975707, 0.5187051610814201, 0.5147873378462262, 0.517072104745441, 0.5137722045183182, 0.5154824405908585, 0.5155924906333288, 0.5132264312770631, 0.5090901851654053, 0.5111316641171774, 0.5074865619341532, 0.5092395262585746, 0.5075663212272856, 0.507808032963011, 0.506991434428427, 0.5066143340534635, 0.5036943985356225, 0.50438016321924, 0.5047060019440122, 0.5016964111063216, 0.500472303893831, 0.504136312339041, 0.5001469949881235, 0.4976288941171434, 0.49954475462436676, 0.502208380235566, 0.49761780930889976, 0.5012381606631808, 0.4991052465306388, 0.4970816456609302, 0.49523137675391304, 0.4968675921360652, 0.4947219457891252, 0.49815650946564144, 0.49790022770563763, 0.49601514968607163, 0.49543246295717025, 0.4955134673251046, 0.4951152486933602, 0.4943018770880169, 0.4964212907685174, 0.4963776038752662, 0.49290938178698224], "val_loss": [0.7407045364379883, 0.7141218483448029, 0.6900144666433334, 0.6653355062007904, 0.6444368064403534, 0.6264977902173996, 0.6089993417263031, 0.5968914330005646, 0.5820575803518295, 0.5735934227705002, 0.5666676461696625, 0.5568679198622704, 0.5560662001371384, 0.5598298534750938, 0.5423263013362885, 0.5484300851821899, 0.539889007806778, 0.5388777330517769, 0.534914419054985, 0.5313321352005005, 0.5237101316452026, 0.5254884362220764, 0.5221939980983734, 0.5249777361750603, 0.5233970731496811, 0.5213988572359085, 0.5273002162575722, 0.5176535397768021, 0.5174488350749016, 0.5174598544836044, 0.5176683440804482, 0.518861249089241, 0.5167070105671883, 0.5175677761435509, 0.5207057297229767, 0.5229895710945129, 0.5216980278491974, 0.5221032574772835, 0.5129632204771042, 0.5157695338129997, 0.5210982263088226, 0.5110885798931122, 0.509623184800148, 0.5115189701318741, 0.5154987871646881, 0.5124859511852264, 0.5131990388035774, 0.5203214064240456, 0.515497475862503, 0.5113813579082489, 0.5138191506266594, 0.515086829662323, 0.5068972185254097, 0.5119180157780647, 0.5096828490495682, 0.5103363245725632, 0.5118975192308426, 0.5054361075162888, 0.5036151111125946, 0.5044588521122932, 0.5100588947534561, 0.5047299787402153, 0.5085146129131317, 0.5094771012663841, 0.5062335878610611, 0.5057194977998734, 0.5051065236330032, 0.5092724412679672, 0.5095975399017334]}