{"best_val": 0.4588245674967766, "train_loss": [0.6819099254078336, 0.6401465634504954, 0.5981060663859049, 0.5606352869007323, 0.5484152287244797, 0.5430859824021658, 0.537106368276808, 0.5337048222621282, 0.5284750627146827, 0.5273043281502194, 0.5227961341540018, 0.5152613818645477, 0.5117350005441241, 0.5095811602142122, 0.5080950475401349, 0.5061456428633796, 0.505560158027543, 0.5030823863214917, 0.5038822938998541, 0.503482922911644, 0.5038635300265418, 0.4994141144884957, 0.49962258835633594, 0.49846697350343067, 0.5031234042512046, 0.5013280096981261, 0.5041491703854667, 0.49952437149153817, 0.4983356644709905, 0.495820884903272, 0.4970492174228032, 0.49938085675239563, 0.49876970383856034, 0.49755387670463985, 0.49402228991190594, 0.4955827130211724, 0.499151564306683, 0.4967823525269826, 0.4949653959936566, 0.4963820212417179, 0.4952639208899604, 0.49418122073014575, 0.49619197679890525, 0.49536136786142987, 0.49621933036380345, 0.49315958221753436, 0.4954739461342494, 0.49408817622396684, 0.49306439856688183, 0.49341198636425865, 0.4917337695757548, 0.4949547002712886, 0.4915037353833516, 0.4920717924833298, 0.49175069067213273, 0.4927041050460603, 0.49323446055253345, 0.49445966879526776, 0.4935360203186671, 0.48980410065915847, 0.4938351694080565, 0.4902372823821174, 0.4911331236362457, 0.4915525797340605], "val_loss": [0.643890768289566, 0.6071233004331589, 0.5768512487411499, 0.5562291443347931, 0.5421146303415298, 0.5324089899659157, 0.5346786826848984, 0.5300554633140564, 0.5264064446091652, 0.516004167497158, 0.5087246373295784, 0.4996194541454315, 0.4954175427556038, 0.494984969496727, 0.49513281881809235, 0.48948173224925995, 0.4824025481939316, 0.48499441891908646, 0.4834882467985153, 0.48040374368429184, 0.4758235812187195, 0.4814329445362091, 0.47284074127674103, 0.4751382991671562, 0.46898698806762695, 0.4733971580862999, 0.47180214524269104, 0.47874724864959717, 0.4745800122618675, 0.4702396020293236, 0.46755197644233704, 0.46772880107164383, 0.4735298529267311, 0.4771697595715523, 0.4651205688714981, 0.46702300012111664, 0.4679797440767288, 0.47177086025476456, 0.4664095416665077, 0.46802669763565063, 0.46790842711925507, 0.46254314482212067, 0.47281016409397125, 0.4691546633839607, 0.46450479328632355, 0.46913256496191025, 0.4627128168940544, 0.4631660133600235, 0.4622024595737457, 0.46129361540079117, 0.47075556218624115, 0.4623078927397728, 0.46606168895959854, 0.4588245674967766, 0.46495430171489716, 0.47149936854839325, 0.4603535309433937, 0.4596412628889084, 0.4610079303383827, 0.4641694873571396, 0.4589810222387314, 0.46027250587940216, 0.46202926337718964, 0.4624939262866974]}