{"best_val": 0.4576154351234436, "train_loss": [0.6578301588694254, 0.5966067446602715, 0.5543464322884878, 0.5387081454197565, 0.5307091805669997, 0.5280126879612604, 0.5222368886073431, 0.5195600191752116, 0.5156947473684946, 0.5103048268291686, 0.5092223998573091, 0.5084734807411829, 0.5011122276385626, 0.5040741993321313, 0.5040129290686713, 0.5010195838080512, 0.5013291670216454, 0.4975483914216359, 0.4992022034194734, 0.5000185834036933, 0.5019275397062302, 0.4995782391892539, 0.503039182888137, 0.4952281100882424, 0.49836422668562996, 0.499631608525912, 0.4985194106896718, 0.49565736949443817, 0.49716895984278786, 0.4964010069767634, 0.4960264497333103, 0.49329793122079635, 0.4934361047214932, 0.49124718540244633, 0.4927637196249432, 0.4932197034358978, 0.4926622526513206, 0.4941317405965593, 0.49235616624355316, 0.49234048691060806, 0.49398646752039593, 0.4907289097706477, 0.48924097915490466, 0.49000755449136096, 0.4889414525694317, 0.48879531191454995, 0.4863229427072737, 0.4865961753659778, 0.48983643286758, 0.48883768419424695], "val_loss": [0.6087228208780289, 0.5358767062425613, 0.5017852038145065, 0.49794894456863403, 0.49393588304519653, 0.48973140120506287, 0.4890444651246071, 0.48333049565553665, 0.4805040508508682, 0.4791079983115196, 0.46829652041196823, 0.4782457947731018, 0.47465546429157257, 0.4755846783518791, 0.47007308155298233, 0.47107405960559845, 0.46891292929649353, 0.4705025628209114, 0.46998514235019684, 0.46745405346155167, 0.4727059081196785, 0.4709354564547539, 0.47006914019584656, 0.46270205825567245, 0.46408530324697495, 0.46601085364818573, 0.4624685198068619, 0.46457967162132263, 0.4659018814563751, 0.47055985778570175, 0.4614173546433449, 0.4679144024848938, 0.47441913187503815, 0.46196886897087097, 0.46477386355400085, 0.4672805219888687, 0.46509452909231186, 0.4668677896261215, 0.468080535531044, 0.4576154351234436, 0.4664947912096977, 0.4641665294766426, 0.46747810393571854, 0.4681711047887802, 0.46534210443496704, 0.459234394133091, 0.4636027216911316, 0.46648599207401276, 0.4658631458878517, 0.47009582817554474]}