{"best_val": 0.43472401933236554, "train_loss": [0.6613541677886364, 0.6157093270152223, 0.5870175531097487, 0.569367249806722, 0.543539893393423, 0.5068261664287717, 0.4791572561451033, 0.4644785459135093, 0.45917720128508177, 0.45469784035402183, 0.453551487011068, 0.4507399347482943, 0.4494348215121849, 0.4494844254325418, 0.4480627056430368, 0.4460119079141056, 0.4442630211512248, 0.444071982421127, 0.44247901030615266, 0.44212672406551884, 0.4405295001525505, 0.4383216991144068, 0.436572883643356, 0.43639334510354433, 0.4346294157645282, 0.4315134801116644, 0.4315851657998328, 0.4295220597117555, 0.4271485156872693, 0.4276052152409273, 0.42633434604195986, 0.4237500902484445, 0.42246974624839484, 0.42058567264500785, 0.41865499931223255, 0.4185465878131343, 0.4144577272966796, 0.4137740152723649, 0.4120442440696791, 0.41144195724936095, 0.4090812697130091, 0.40798215480411754, 0.40629158767999385, 0.40477360755789515, 0.40288964322969023, 0.40194321847429465, 0.39893465708283815, 0.3987071169357674, 0.39528318304641574, 0.3960951210237017, 0.3928942101843217, 0.3916530007240819, 0.3899208704630534, 0.3876385022612179, 0.38642838655733597, 0.3860762084231657, 0.384368580346014, 0.38090600102555516, 0.3814546752209757, 0.3809846493543363, 0.378037771173552, 0.3748081390764199, 0.37281934011216256, 0.37197313121720854, 0.37114858977934895, 0.36917761435695723, 0.36730915191126806, 0.3667944476884954, 0.3647772810038398, 0.3640327932787876, 0.36214670071414873, 0.3616323471069336, 0.3590866946706585, 0.35842637688505885, 0.3566296959624571, 0.3548721793819876, 0.3530709503912458, 0.3526054083132276, 0.35006170705253004, 0.3488237477985083, 0.34718224172498663, 0.3463808455887963, 0.34364959130100176, 0.34331422810461004, 0.342405392258775, 0.34063830854845983, 0.3391799511862736, 0.3377418962179446, 0.3373986003445644, 0.33469317532053183, 0.3338558463489308, 0.3318897643510033, 0.3318692182793337, 0.329784570663583, 0.32918473435383216], "val_loss": [0.6357941085642035, 0.5908548073335127, 0.5711652528155934, 0.5530306209217418, 0.5193774239583449, 0.48545178500088776, 0.4727804416959936, 0.46615587310357526, 0.46347149393775244, 0.46372274377129297, 0.4616807428273288, 0.46355378356846894, 0.46087541905316437, 0.45860277251763776, 0.45807918906211853, 0.4572911668907512, 0.4595270265232433, 0.45674358172850177, 0.46149869669567456, 0.4555930495262146, 0.4547693133354187, 0.4541995037685741, 0.4522931223565882, 0.4554095214063471, 0.4532211179083044, 0.45490910790183325, 0.4545188844203949, 0.4520238963040439, 0.45380123907869513, 0.4515229382298209, 0.44979015263644134, 0.44957792488011444, 0.4475881050933491, 0.4529217698357322, 0.4510407068512656, 0.4511485208164562, 0.45357235453345557, 0.44910586693070154, 0.44814555753361096, 0.44650035012852063, 0.44987179745327344, 0.44650659236040985, 0.4461404356089505, 0.4435134367509322, 0.4468577666716142, 0.4433819218115373, 0.442703130570325, 0.443967190655795, 0.4438904957337813, 0.4440671584822915, 0.44849290631034155, 0.44441688602620905, 0.44347617572004144, 0.44169068878347223, 0.4416246305812489, 0.4406473636627197, 0.4404528113928708, 0.439870837059888, 0.44400872967459937, 0.43840374187989667, 0.44046752561222424, 0.44092607498168945, 0.4432274509559978, 0.4414465373212641, 0.4378222308375619, 0.4423467760736292, 0.44000066139481286, 0.43909738009626215, 0.43976890498941595, 0.44010337916287506, 0.43989736112681305, 0.44040917537429114, 0.4370638809420846, 0.4361446608196605, 0.4399230724031275, 0.4353414475917816, 0.43685085394165735, 0.434931527484547, 0.43751599571921607, 0.4347622665491971, 0.4403642849488692, 0.43893245133486664, 0.4406583146615462, 0.44106447154825384, 0.43472401933236554, 0.4396796849640933, 0.44246346842158923, 0.4431751641360196, 0.4381208934567191, 0.4368753975087946, 0.4423616447231986, 0.4392545765096491, 0.4410631900483912, 0.44033490256829694, 0.4397150061347268]}