{"best_val": 0.445287135514346, "train_loss": [0.6637148284444622, 0.6042456772981906, 0.5820527433180341, 0.5639577502129125, 0.5419879035622466, 0.5167475640773773, 0.49267402115990133, 0.4762234547558953, 0.46575646482261956, 0.46155557445451323, 0.4573305862791398, 0.4552385082431868, 0.4523741708082311, 0.45114944144791247, 0.44894085210912366, 0.44786423853799406, 0.44818641157711253, 0.4448373475495507, 0.44505979968052284, 0.4420587180876264, 0.44187476412922727, 0.44015901404268604, 0.43697110987177085, 0.4365694178085701, 0.4361610763213214, 0.4318528000046225, 0.4304427627254935, 0.42916935682296753, 0.429764799043244, 0.42763489075735506, 0.4243399354757047, 0.420724060605554, 0.4203917465957941, 0.418635535473917, 0.4175916191409616, 0.41506337009224237, 0.41431666238635195, 0.4130900262617597, 0.41055168065370296, 0.407073215526693, 0.4066549767466152, 0.4034522871176402, 0.4032484135207008, 0.40212780763121214, 0.4015275812616535, 0.39876650828941196, 0.3974415408629997, 0.3946136101788166, 0.3933368938810685, 0.3916662458111258, 0.389463428773132, 0.38681477600452946, 0.3864598472913106, 0.38531721806993674, 0.3809380811803481, 0.3809505145923764, 0.37839946618267134, 0.3777475555737813, 0.37649589192633537, 0.3738079538532332, 0.37448396928170147], "val_loss": [0.6364148259162903, 0.5955851078033447, 0.5806383761492643, 0.5632831074974753, 0.5414947162974965, 0.5126004571264441, 0.48930934884331445, 0.47516619888218964, 0.46720586581663653, 0.46584996581077576, 0.4645459977063266, 0.46031293272972107, 0.4626899578354575, 0.46075914122841577, 0.4600069360299544, 0.45835609327663074, 0.45776140689849854, 0.45877109603448346, 0.45982454039833764, 0.45865970849990845, 0.4569148529659618, 0.4534128335389224, 0.45430399071086536, 0.4566813273863359, 0.4531129923733798, 0.45417119698090985, 0.45242176814512775, 0.4548030766573819, 0.4564144963567907, 0.4528054730458693, 0.4518617229028182, 0.4519527717070146, 0.45054857568307355, 0.45280373909256677, 0.4520780119028958, 0.45072217962958594, 0.4499039216475053, 0.45099845257672394, 0.45034609599546954, 0.4486736330119046, 0.4486881738359278, 0.4464485022154721, 0.45025128397074615, 0.4484592161395333, 0.4512586702000011, 0.4506632143800909, 0.4459500285712155, 0.4456756819378246, 0.4490659697489305, 0.45110151171684265, 0.445287135514346, 0.4478931318629872, 0.45234542272307654, 0.4476816545833241, 0.4501083791255951, 0.44914426044984296, 0.4477872225371274, 0.449236661195755, 0.44913254271854053, 0.45581751519983466, 0.44893932613459503]}