{"best_val": 0.4702477902173996, "train_loss": [0.6160879996087816, 0.6021364629268646, 0.5871611734231313, 0.5726883444521162, 0.5612338466776742, 0.5500432319111295, 0.5437025858296288, 0.5402180502812067, 0.5338168872727288, 0.5291455636421839, 0.5285713755422168, 0.525507261355718, 0.5230933411253823, 0.5212877227200402, 0.5186716599596871, 0.5177715867757797, 0.5150778359837003, 0.5143947369522519, 0.5105463167031606, 0.5098162243763605, 0.5084089255995221, 0.504732726348771, 0.5054219878382153, 0.5025343845287958, 0.5067015952534146, 0.5014625125461154, 0.5001832362678316, 0.4996888024939431, 0.4969356887870365, 0.4957659708129035, 0.4944587979051802, 0.49365052580833435, 0.4968296339114507, 0.49173858265082043, 0.49325011173884076, 0.492372151878145, 0.4914640386899312, 0.4930159267452028, 0.49063543644216323, 0.491967315475146, 0.49180180496639675, 0.493701555662685, 0.4884149067931705, 0.48625970052348244, 0.4857939001586702, 0.4886392553647359, 0.48708123299810624, 0.48854105671246845, 0.48762409057882095, 0.48731927904817796, 0.48446692691908944, 0.48695075180795455, 0.48395270605882007, 0.48460160195827484, 0.48331191307968563, 0.4834965020418167, 0.48421575791305965, 0.4854573955138524], "val_loss": [0.602241188287735, 0.5873907059431076, 0.5692646503448486, 0.5549469739198685, 0.5427493453025818, 0.5369821563363075, 0.5247001200914383, 0.5199458077549934, 0.5206507220864296, 0.5222029089927673, 0.5162210389971733, 0.5172241777181625, 0.5123669803142548, 0.5055588111281395, 0.5028828829526901, 0.5033268630504608, 0.5030148327350616, 0.5004788488149643, 0.5011018663644791, 0.49429404735565186, 0.4871486648917198, 0.498631976544857, 0.4848949462175369, 0.48721248656511307, 0.4905307814478874, 0.48535749316215515, 0.48812542110681534, 0.4856921136379242, 0.4885742515325546, 0.4850948750972748, 0.4809473603963852, 0.4858625829219818, 0.4819336235523224, 0.48020507395267487, 0.4763987809419632, 0.4783332645893097, 0.4834785535931587, 0.47842004895210266, 0.48111220449209213, 0.47853462398052216, 0.47850148379802704, 0.4839363321661949, 0.47871483862400055, 0.4754437357187271, 0.4776146188378334, 0.47222042828798294, 0.4799882397055626, 0.4702477902173996, 0.4785490855574608, 0.480471171438694, 0.4743596762418747, 0.4804091081023216, 0.47775624692440033, 0.47497188299894333, 0.4768373444676399, 0.47779031842947006, 0.477469265460968, 0.4812067672610283]}