{"best_val": 0.4225423688238317, "train_loss": [0.6964098741026485, 0.6123326631153331, 0.5724281265455133, 0.5487013137808033, 0.5211488616232779, 0.48595352909144235, 0.4528365328031428, 0.4367109093011594, 0.43066833299749036, 0.4273415336421892, 0.42515342258939554, 0.4239144120730606, 0.4233226705999935, 0.4204637034266603, 0.4198909413580801, 0.4182529490368039, 0.4155033715799743, 0.4156716156239603, 0.4140832710499857, 0.41088232514904993, 0.41031503326752605, 0.4091041462094176, 0.40851422150929767, 0.40575897050838844, 0.40438055875254614, 0.4026818427385068, 0.40118589412932304, 0.4002568850330278, 0.39815179331629885, 0.3965507552904241, 0.3937452295247246, 0.3933405928752002, 0.3920911042129292, 0.38944900386473713, 0.3872606058915456, 0.38710353187486235, 0.3834527082302991, 0.3831043915421355, 0.38009360666368525, 0.37775227485918533, 0.37673619857021406, 0.3729182832381305, 0.37274877405634116, 0.36972491998298496, 0.36728557710554083, 0.3665885270810595, 0.36355284031699686, 0.36262410177904014, 0.3593304648118861, 0.3582179283394533, 0.35640280620724546, 0.3538592738263747, 0.3520121066009297], "val_loss": [0.661760763688521, 0.5942030819979581, 0.5680510564283892, 0.54554067958485, 0.5164031196724285, 0.4777444709431041, 0.4496308836069974, 0.44403755393895233, 0.4403340491381558, 0.4391282227906314, 0.437541357495568, 0.43697361241687427, 0.4364692975174297, 0.43392841111529956, 0.43619253960522736, 0.4343345192345706, 0.4335149418223988, 0.43393227458000183, 0.43448577143929223, 0.43225188146937976, 0.433883626352657, 0.43479427695274353, 0.4325373416597193, 0.4304764514619654, 0.42913291400129144, 0.4310785802927884, 0.4317275177348744, 0.4276239844885739, 0.4271352128549056, 0.42970039356838574, 0.42792473056099634, 0.4271018288352273, 0.42755439335649664, 0.42819848927584564, 0.4299700205976313, 0.4267851710319519, 0.43008002638816833, 0.4273720546202226, 0.42628221078352496, 0.42940719019282947, 0.42445037039843475, 0.42680416865782306, 0.4225423688238317, 0.4273482750762593, 0.42511721361767163, 0.4280032298781655, 0.4264754625883969, 0.4259284788911993, 0.42804657600142737, 0.42838479713960126, 0.4251203862103549, 0.42600915377790277, 0.42800417813387787]}