{"best_val": 0.4899854362010956, "train_loss": [0.610934297243754, 0.6052729388078054, 0.5987721549140083, 0.5869928234153323, 0.575841036107805, 0.5666721562544504, 0.5563626123799218, 0.5436939961380429, 0.5368495417965783, 0.5325402369101843, 0.5275183833307691, 0.5249467839797338, 0.5224908474418852, 0.5185099873277876, 0.5162100228998396, 0.5168049484491348, 0.5125345438718796, 0.5150085472398334, 0.5109599580367407, 0.5092691994375653, 0.5078942941294776, 0.5072708792156644, 0.5023724006281959, 0.5058541695276896, 0.5030817406045066, 0.5012952768140368, 0.4994247472948498, 0.500193210111724, 0.4979604399866528, 0.49982669949531555, 0.49741815361711716, 0.4961641761991713, 0.49879111184014213, 0.4974966479672326, 0.4957499984237883, 0.4921364254421658, 0.4949382510450151, 0.49408429861068726, 0.48827387392520905, 0.4894538289970822, 0.49278565247853595, 0.49093153244919246, 0.49145302342043984, 0.4867890063259337, 0.487554411093394, 0.48312996327877045, 0.4861670666270786, 0.48366793162292904, 0.4858301927646001, 0.48181697560681236, 0.4818437397480011, 0.4840509593486786, 0.4833729432688819, 0.48230159613821244, 0.48165658116340637, 0.4820545944902632, 0.48364024195406174, 0.4817444798019197, 0.4805734439028634, 0.47825559311442906, 0.4825318886174096, 0.4794198274612427, 0.478246357705858, 0.47710457775327897, 0.4792992025613785, 0.47876089480188155, 0.47853672835561967, 0.4813063707616594, 0.4810095611545775, 0.4787554062075085, 0.47887108557754093, 0.4785163187318378, 0.4736936953332689, 0.47787111500899, 0.4782024456395043, 0.4753829836845398, 0.4776502284738753, 0.47537698679500157, 0.4784822050068114, 0.47754600644111633, 0.47597120536698234, 0.4757156057490243, 0.4783884667687946, 0.47770335608058506, 0.4737512734201219, 0.47661907639768386, 0.47940128710534835], "val_loss": [0.6097437292337418, 0.6022524237632751, 0.5964075326919556, 0.5836896002292633, 0.5768425166606903, 0.5629025399684906, 0.559176430106163, 0.5516283214092255, 0.5460468679666519, 0.542360857129097, 0.5379335582256317, 0.5343271642923355, 0.532404251396656, 0.5343815684318542, 0.5334269553422928, 0.5306299924850464, 0.5315630361437798, 0.5261828452348709, 0.5320457518100739, 0.5353642553091049, 0.5282556563615799, 0.5227247551083565, 0.5310635343194008, 0.5266795232892036, 0.5274225473403931, 0.5259252935647964, 0.5183247700333595, 0.5303258746862411, 0.5197672694921494, 0.5178819373250008, 0.5173726752400398, 0.5201235264539719, 0.5194885730743408, 0.5188202038407326, 0.5171442627906799, 0.5149135738611221, 0.5210346579551697, 0.5143416151404381, 0.5107401832938194, 0.5147173702716827, 0.5158586204051971, 0.5159218087792397, 0.508682556450367, 0.5071979984641075, 0.5105968043208122, 0.5083172023296356, 0.5089467912912369, 0.5066181272268295, 0.506864570081234, 0.5061016902327538, 0.5035744607448578, 0.5028171241283417, 0.500583715736866, 0.5012713596224785, 0.5030517578125, 0.5071167424321175, 0.5000462010502815, 0.4992705136537552, 0.5033165514469147, 0.4958158805966377, 0.4957883283495903, 0.49596092849969864, 0.49924127012491226, 0.4956739991903305, 0.49762000143527985, 0.4987165480852127, 0.49692023545503616, 0.49250008910894394, 0.49934225529432297, 0.49480847269296646, 0.49547576159238815, 0.49430448561906815, 0.4939923658967018, 0.4955216869711876, 0.4925956279039383, 0.4945962205529213, 0.4899854362010956, 0.4940260648727417, 0.4926087334752083, 0.49602100253105164, 0.4926364868879318, 0.49600184708833694, 0.49388860166072845, 0.4900033697485924, 0.4923255071043968, 0.4926932007074356, 0.49540426582098007]}