{"best_val": 0.4283266690644351, "train_loss": [0.7091376711340511, 0.664650557087917, 0.6272278942313849, 0.6038716680863324, 0.5862892141529158, 0.5667499636902529, 0.5463606446397071, 0.5228728061797572, 0.5014801831806407, 0.48677201773606094, 0.474593870195688, 0.4693826857735129, 0.4641370370107539, 0.46268463485381184, 0.46188219096146377, 0.46054114255250667, 0.45963160196940106, 0.45877091907987405, 0.4574582272884892, 0.457147198564866, 0.4557417397405587, 0.4550469202153823, 0.4556495383674023, 0.45433151721954346, 0.4538288753406674, 0.4537075167777492, 0.45241227629137976, 0.4517172434750725, 0.45173941055933636, 0.451806715890473, 0.45072712676197874, 0.4495941271968916, 0.4498758532252966, 0.4485429975331998, 0.44782189586583304, 0.44844059616911647, 0.4469229257574268, 0.4476356856963214, 0.4456209020287383, 0.4455634162706487, 0.4445972261475582, 0.44468603765263276, 0.44439055288539214, 0.4446329655600529, 0.44360831964249703, 0.4416653940490648, 0.44323110931059895, 0.44189855164172603, 0.4412367764641257, 0.43935995359046787, 0.43968112270037335, 0.4374960684308819, 0.4385226012444964, 0.43734072119581935, 0.4366067852459702, 0.43574202469750944, 0.43595435455733655, 0.4344264222126381, 0.4341399348249622, 0.43434972856559007, 0.4335155060478285, 0.43336915151745664, 0.431506509290022, 0.4324127797986947, 0.42998963886616276, 0.42910195682563035, 0.4301717123564552, 0.42836233973503113, 0.4285150637813643, 0.4279198605640262, 0.42752497862367067, 0.42586880045778613, 0.42586055514859217, 0.4246024144630806, 0.4245414564422533, 0.42436056861690447, 0.42367832216562007, 0.4222063825410955, 0.4220879638896269, 0.4217606940690209, 0.4209827260643828, 0.42175623073297386, 0.418886705940845, 0.4182252661854613, 0.41774920505635876, 0.41839296735969245, 0.41760654484524445, 0.41694015790434447, 0.41624360984446956, 0.4160798110213934, 0.41585369554220464, 0.4152912181966445, 0.4136786168696834, 0.41412075477487903, 0.41386476743455025, 0.41285503202793644, 0.412368283552282, 0.41133396239841685, 0.4119475998130499, 0.41059959051655787, 0.4098490949939279, 0.40976801748369257, 0.4071537548420476, 0.4091584378597783, 0.4064875344435374, 0.40851159423005345, 0.405514470502442, 0.40695106223517774, 0.4065362530596116, 0.40561117611679376, 0.4063815830969343, 0.40523281342843, 0.4054853992134917, 0.40502089963239785, 0.40266703565915424], "val_loss": [0.6728177991780367, 0.6350333744829352, 0.6021316701715643, 0.5843602527271617, 0.5667032165960832, 0.547270807352933, 0.5252879478714683, 0.5004501830447804, 0.4812675795771859, 0.4707154360684482, 0.46190139380368317, 0.4572166068987413, 0.45683577927676117, 0.4544338313016025, 0.45302435755729675, 0.45222913406111975, 0.4525720639662309, 0.4526561471548947, 0.44969498027454724, 0.4531928463415666, 0.4509903978217732, 0.45090312307531183, 0.44996167854829267, 0.4494524489749562, 0.4480451020327481, 0.4461758028377186, 0.4474134391004389, 0.4485808881846341, 0.44809100844643335, 0.44983934543349524, 0.4475671648979187, 0.4479742673310367, 0.44743645733053033, 0.44657712362029334, 0.44553477655757556, 0.4452563334595073, 0.4436854963952845, 0.4453352120789615, 0.4454300972548398, 0.44398705525831744, 0.4443216080015356, 0.4436556778170846, 0.445473698052493, 0.4416787245056846, 0.44271011786027387, 0.4442984109575098, 0.44323810935020447, 0.4397399994460019, 0.44396357373757794, 0.4409155683083968, 0.4428418766368519, 0.4405278130011125, 0.44226235964081506, 0.4418524612079967, 0.440341746265238, 0.44057112661274994, 0.4394018595868891, 0.44119334762746637, 0.43827481161464343, 0.4354357827793468, 0.43991345979950647, 0.43744099682027643, 0.4377144141630693, 0.43768037991090253, 0.4351049553264271, 0.43573299050331116, 0.43701794201677496, 0.43659826842221344, 0.43699374524029816, 0.43807136199691077, 0.43443421071225946, 0.4344203499230472, 0.4341634078459306, 0.43490609526634216, 0.43421375209634955, 0.43438728289170697, 0.4342292547225952, 0.43357234651392157, 0.43318558822978626, 0.43493936278603296, 0.43355613405054266, 0.43388657678257336, 0.43336369503628125, 0.43266078287904913, 0.4339386062188582, 0.4330061972141266, 0.4333433888175271, 0.4324341741475192, 0.4315579506483945, 0.43239113688468933, 0.4307584356177937, 0.4328578195788644, 0.4317295551300049, 0.43025101856751874, 0.4303851479833776, 0.43085804039781744, 0.431168485771526, 0.43180311538956384, 0.43224785273725336, 0.4304681366140192, 0.4310658194802024, 0.4290996654467149, 0.42962410233237525, 0.4293107336217707, 0.4283266690644351, 0.43081626296043396, 0.42936709794131195, 0.43239666657014325, 0.43144637888128107, 0.4327216256748546, 0.4293961931358684, 0.43102765354243194, 0.43050550059838727, 0.42837996645407245, 0.4291744448921897]}