{"best_val": 0.47200885144147003, "train_loss": [0.7090965314553335, 0.6476184141177398, 0.5980872483207629, 0.5758030076439564, 0.5530495941638947, 0.5263650852900285, 0.4984375232687363, 0.48113784136680454, 0.4728232685189981, 0.46622269657941967, 0.4692617912705128, 0.46679902707154936, 0.46293684381705064, 0.465348210472327, 0.46071526178946864, 0.4647614187919177, 0.46109473877228224, 0.46272854392345136, 0.46122392037740123, 0.462213397026062], "val_loss": [0.6625737222758207, 0.6111427762291648, 0.5901054631580006, 0.5706110325726595, 0.5422641634941101, 0.5138442164117639, 0.49413949251174927, 0.4842449128627777, 0.4744893529198386, 0.47200885144147003, 0.4734199643135071, 0.4756490344350988, 0.4741020175543698, 0.47555756297978485, 0.4731821932575919, 0.4757487042383714, 0.47480272163044324, 0.47419542886994104, 0.47753096981482074, 0.4727360253984278]}