{"best_val": 0.5139712393283844, "train_loss": [0.6768676042556763, 0.6509333716498481, 0.6210493975215488, 0.5878693362077078, 0.5527402626143562, 0.5272880610492494, 0.5167173345883688, 0.5065221008327272, 0.5021910303168826, 0.49501720401975846, 0.4905220220486323, 0.489782464173105, 0.4840843015246921, 0.48320628702640533, 0.4850875635941823, 0.4837040454149246, 0.48369305166933274, 0.48120787574185264, 0.4810157467921575, 0.47756435804896885, 0.47730667723549736, 0.47818339698844486, 0.4765933089786106, 0.47725781467225814, 0.47398228612211013, 0.4754594415426254, 0.47456055879592896, 0.4751190311378903, 0.4740561942259471], "val_loss": [0.6648212969303131, 0.641989454627037, 0.6157638728618622, 0.5901918709278107, 0.5640598088502884, 0.5571248680353165, 0.5495683252811432, 0.5427102446556091, 0.540826253592968, 0.5330935046076775, 0.5330893099308014, 0.5335023179650307, 0.5241066962480545, 0.5263571068644524, 0.5317863076925278, 0.5233139544725418, 0.5165543779730797, 0.5201691463589668, 0.5139712393283844, 0.5196098834276199, 0.5197628661990166, 0.5144492909312248, 0.5183982700109482, 0.5142840072512627, 0.5147202536463737, 0.5140465870499611, 0.5258720070123672, 0.5155522674322128, 0.515975147485733]}