{"best_val": 0.5125452280044556, "train_loss": [0.6556710633966658, 0.6177165309588114, 0.5778361558914185, 0.5523276974757513, 0.5376256207625071, 0.5298018240266376, 0.5274533728758494, 0.5245140029324425, 0.5213564568095737, 0.5181015382210413, 0.5174967961178886, 0.5166072083844079, 0.5171903537379371, 0.5147649695475897, 0.5116139931811227, 0.51377063161797, 0.509797579712338, 0.5121215631564459, 0.5086242540015115, 0.5084960957368215, 0.5086978127559026, 0.5065344009134505, 0.5047053909964032, 0.5013421740796831, 0.502708355585734, 0.5013798889186647, 0.501846593287256, 0.49986205498377484, 0.5002522352668974, 0.49965591728687286, 0.49985138409667546, 0.4976603007978863, 0.49770335687531364, 0.49681712024741703, 0.49458811349338955, 0.4970879786544376, 0.4945777356624603, 0.4956037451823552, 0.4932420485549503, 0.4982711805237664, 0.4924171103371514, 0.4954162935415904], "val_loss": [0.6286659240722656, 0.5930334031581879, 0.5629871636629105, 0.5495617911219597, 0.5447696298360825, 0.5354824587702751, 0.5274964869022369, 0.5333862900733948, 0.5329177975654602, 0.5296181589365005, 0.5308065861463547, 0.5314476191997528, 0.5250192955136299, 0.5263713374733925, 0.5321500524878502, 0.5227527767419815, 0.5292688682675362, 0.5202550292015076, 0.5206760466098785, 0.5223242938518524, 0.5190763920545578, 0.5211241468787193, 0.5172071382403374, 0.5149307325482368, 0.5197238177061081, 0.5182322114706039, 0.5168348252773285, 0.5184636116027832, 0.5164783820509911, 0.5184451937675476, 0.5163534209132195, 0.5125452280044556, 0.5129565745592117, 0.5161548554897308, 0.5187120884656906, 0.5157223865389824, 0.5148019716143608, 0.5211490616202354, 0.5210069715976715, 0.5170533880591393, 0.5167639851570129, 0.5179197937250137]}