{"best_val": 0.4879240393638611, "train_loss": [0.6444680690765381, 0.6028769512971243, 0.5651265813244714, 0.5322042951981226, 0.5173210617568758, 0.5071223063601388, 0.5039706014924579, 0.5003873374727037, 0.49714157978693646, 0.49175303015444016, 0.49288522369331783, 0.4926062772671382, 0.4912588844696681, 0.49077822599146104, 0.49024219314257306, 0.48748235238922966, 0.4856639239523146, 0.4885431494977739, 0.4849619385268953, 0.48166798055171967, 0.48049237661891514, 0.4793618635998832, 0.47944875061511993, 0.4790368378162384, 0.48165619207753074, 0.47814054290453595, 0.4757052809000015, 0.47847983406649697, 0.47518281473053825, 0.47275350822342765, 0.474275807539622, 0.4767417063315709, 0.4760143872764375, 0.4743606083922916, 0.47497276299529606, 0.47499072386158836, 0.47368138697412276, 0.46901534166600967, 0.47226712769932216, 0.47128628028763664, 0.47189629243479836, 0.47155895332495373, 0.47363203432824874, 0.46848969327078926, 0.46877777410878074], "val_loss": [0.6290220022201538, 0.5886451154947281, 0.5574160218238831, 0.5394902378320694, 0.5312558189034462, 0.5285471305251122, 0.5318483859300613, 0.5203565657138824, 0.5240419581532478, 0.5280998274683952, 0.5198764577507973, 0.5174591615796089, 0.5193737745285034, 0.5185484364628792, 0.5191927030682564, 0.5144216939806938, 0.5115235522389412, 0.5133670717477798, 0.5150297358632088, 0.5044416561722755, 0.5098665356636047, 0.5091370195150375, 0.5055008083581924, 0.5098781511187553, 0.49998345971107483, 0.5061517432332039, 0.5070984661579132, 0.5028205886483192, 0.5057881474494934, 0.49973567575216293, 0.49574173986911774, 0.49589211493730545, 0.4949537292122841, 0.5026988238096237, 0.4879240393638611, 0.4994468688964844, 0.4986780434846878, 0.49505825340747833, 0.4945344179868698, 0.49881577491760254, 0.49083057045936584, 0.49154847860336304, 0.4942298084497452, 0.4967931732535362, 0.494167722761631]}