{"best_val": 0.5009667575359344, "train_loss": [0.658415244685279, 0.6269607577059004, 0.5983595384491814, 0.5737828761339188, 0.5595989657772912, 0.5491174608469009, 0.5448272907071643, 0.541306401292483, 0.5336485438876681, 0.5349712785747316, 0.5296449412902197, 0.5286053352885776, 0.527101919054985, 0.5279441972573599, 0.5254786941740248, 0.5204695330725776, 0.5204434510734346, 0.520898300740454, 0.5182086941268709, 0.5164831247594621, 0.5170366118351618, 0.515698523985015, 0.5139800558487574, 0.5100878030061722, 0.5102937850687239, 0.5100194927718904, 0.5089426620139016, 0.5081455757220587, 0.5092995895279778, 0.5058669414785173, 0.5069019248088201, 0.5047405693266127, 0.5043699923488829, 0.5030755880806181, 0.5017207496696048, 0.5023284488254123, 0.4990893817610211, 0.5015095472335815, 0.4968007273144192, 0.5010744714074664, 0.5010618269443512, 0.4970889472299152, 0.49496112101607853, 0.4958034935924742, 0.4940374576383167, 0.4961504505740272, 0.4973719086911943, 0.49766039848327637, 0.4941387474536896], "val_loss": [0.6342656314373016, 0.601172611117363, 0.5737287551164627, 0.5522143542766571, 0.5448762848973274, 0.5429979637265205, 0.5364690721035004, 0.5306979268789291, 0.5257901176810265, 0.527907982468605, 0.5195774808526039, 0.5226100385189056, 0.5218852385878563, 0.5212197229266167, 0.5147577673196793, 0.5146575719118118, 0.5104145780205727, 0.5125422179698944, 0.515757143497467, 0.5111665651202202, 0.5133372768759727, 0.5114884153008461, 0.5081665888428688, 0.5114732086658478, 0.5058069825172424, 0.5101634711027145, 0.5081329196691513, 0.505358099937439, 0.5048975199460983, 0.5028025805950165, 0.5091820061206818, 0.5117179378867149, 0.5093327388167381, 0.508724145591259, 0.5109370872378349, 0.5125183388590813, 0.5024795159697533, 0.5112450420856476, 0.5009667575359344, 0.5067141428589821, 0.5125925913453102, 0.5027309954166412, 0.5096738860011101, 0.5100147873163223, 0.515333779156208, 0.5054431185126305, 0.5094548240303993, 0.510956771671772, 0.5081169009208679]}