{"best_val": 0.47606447068127716, "train_loss": [0.7398337090716642, 0.6695804245331708, 0.6248071988423666, 0.5980089809380326, 0.5804015421399883, 0.5657269831965951, 0.5497929857057684, 0.5338609697772008, 0.5202191285058564, 0.507108527655695, 0.4976455884821275, 0.489276680876227, 0.48191945459328445, 0.47463226026179745, 0.470668787465376, 0.46837861222379346, 0.4674096732747321, 0.4654456575711568, 0.4638701390986349, 0.46400537385660057, 0.46362394036031235, 0.46304986114595453, 0.46350715323990466, 0.46170394385562225, 0.4619930480040756, 0.4598866017425762, 0.46007736231766494, 0.4580768107199201, 0.4595087877675599, 0.45762210090955097, 0.45673898213049946, 0.4565260235001059, 0.45510822592997086, 0.4549829118392047, 0.4548045718202404, 0.45450516892414466, 0.4536888406557195], "val_loss": [0.6684457388791171, 0.6380584131587635, 0.609481155872345, 0.5962938341227445, 0.5855549248782072, 0.5681798674843528, 0.5530456033619967, 0.5388420413840901, 0.5256487916816365, 0.5124570185487921, 0.5051917650482871, 0.49596408822319726, 0.49019627408547833, 0.4872030019760132, 0.48374268412590027, 0.48232690583575855, 0.48031841895797034, 0.4798409776254134, 0.479277258569544, 0.4779980887066234, 0.479613875800913, 0.4788819497281855, 0.47702623497356067, 0.4815304225141352, 0.47810361602089624, 0.4786966388875788, 0.47606447068127716, 0.4776115282015367, 0.4771812205964869, 0.4770755740729245, 0.47709574753587897, 0.47679616104472766, 0.47729368101466785, 0.4771712639115073, 0.47760106216777454, 0.47800873626362195, 0.4782413569363681]}