{"best_val": 0.521886557340622, "train_loss": [0.6979889339870877, 0.689912286069658, 0.6816059119171567, 0.6732039981418185, 0.664752311176724, 0.6553929415014055, 0.6461681028207144, 0.636517604192098, 0.625552280081643, 0.6161134474807315, 0.6059940987163119, 0.5966150164604187, 0.5864610771338145, 0.5755100316471524, 0.569439043601354, 0.5612638692061106, 0.5549137956566281, 0.5505371143420538, 0.5427697665161557, 0.5426802221271727, 0.5367127110560735, 0.5329480237430997, 0.5323025186856588, 0.5299801561567519, 0.525549915101793, 0.5223682589001126, 0.5190434472428428, 0.5183253073030047, 0.5188459555308024, 0.5140067057477103, 0.5127086689074835, 0.5117650876442591, 0.5114923665920893, 0.5088565018441942, 0.5085885988341438, 0.5044461157586839, 0.5082953936523862, 0.506598057018386, 0.5056094510687722, 0.5044676115115484, 0.5053589708275266, 0.5030648609002432, 0.5043655518028471, 0.5035636391904619, 0.5035556041532092, 0.5022680030928718, 0.5003655983342065, 0.49840880433718365, 0.501226908630795, 0.4979260911544164, 0.4985926929447386], "val_loss": [0.6948672235012054, 0.687001645565033, 0.679464116692543, 0.6716879308223724, 0.6638390719890594, 0.654792994260788, 0.6461291313171387, 0.6370725482702255, 0.6282356381416321, 0.6170881241559982, 0.60954849421978, 0.599334105849266, 0.5915064066648483, 0.588660940527916, 0.5798656642436981, 0.572642371058464, 0.5661600977182388, 0.5633129328489304, 0.5587953478097916, 0.5541971176862717, 0.5523459017276764, 0.5472816377878189, 0.5475282073020935, 0.5494379997253418, 0.5432708263397217, 0.5444698482751846, 0.5409947484731674, 0.543571338057518, 0.5388612002134323, 0.5300183594226837, 0.5358784645795822, 0.5316713452339172, 0.5328493788838387, 0.5297749266028404, 0.5293668061494827, 0.5298649072647095, 0.5270917937159538, 0.526293009519577, 0.531008318066597, 0.5299177914857864, 0.521886557340622, 0.529796913266182, 0.5265292376279831, 0.5295190736651421, 0.5240564048290253, 0.5271047055721283, 0.5240691900253296, 0.5270590782165527, 0.5276461541652679, 0.5220031216740608, 0.5222096145153046]}