{"best_val": 0.4740641415119171, "train_loss": [0.6808245380719503, 0.6796078781286875, 0.6782011820210351, 0.676860468255149, 0.6757649415069156, 0.674245254860984, 0.6726784176296658, 0.6710841589503818, 0.6697273254394531, 0.6679648061593374, 0.6660150918695662, 0.6641150679853227, 0.6624104943540361, 0.6599337690406375, 0.6575359933906131, 0.6551040212313334, 0.6524318953355154, 0.6491046316093869, 0.6458481086624993, 0.6425949037075043, 0.6385842793517642, 0.6337478889359368, 0.6300065451198154, 0.6254142655266656, 0.6201585961712731, 0.6176790330145094, 0.6122650106747946, 0.6078847514258491, 0.6039184994167752, 0.5978326598803202, 0.5955591135554843, 0.5912058055400848, 0.5894076592392392, 0.5851123465432061, 0.5813614891635047, 0.580644879076216, 0.5770992669794295, 0.5740631884998746, 0.5724022852049934, 0.5695554282930162, 0.5685226553016238, 0.568964593940311, 0.5635010335180495, 0.5621029999521043, 0.5619311862521701, 0.5574061357312732, 0.5562566651238335, 0.5554717464579476, 0.5560019546084933, 0.5536197473605474, 0.5502253207895491, 0.5505593170722326, 0.548523399564955, 0.5467920088105731, 0.5463078750504388, 0.5453793505827585, 0.545674838953548, 0.544686034321785, 0.5398268037372165, 0.5369906094339159, 0.5377010719643699, 0.5349150449037552, 0.5392265601290597, 0.5378439376751581, 0.5358839813205931, 0.5344599965545866, 0.5347195466359457, 0.5338481614987055, 0.531788147158093, 0.5273535201946894, 0.5282158752282461, 0.5266862362623215, 0.5290070292022493, 0.5244473814964294, 0.5271602935261197, 0.5267266697353787, 0.525272861123085, 0.5210257652733061, 0.5227991259760327, 0.5201807137992647, 0.519854744275411, 0.5199184235599306, 0.5189483480321037, 0.5186925977468491, 0.5154562526279025, 0.5151136534081565, 0.5136912994914584, 0.5155968053473367, 0.5117506997452842, 0.5148958812157313, 0.5136751615338855, 0.5117237932152219, 0.5114617314603593, 0.509619500901964, 0.511507221394115, 0.5087238897879919, 0.5087381535106235, 0.5082506818903817, 0.5043624192476273, 0.5094198981920878, 0.5071726789077123, 0.5056814534796609, 0.5020875136057535, 0.5047809233268102, 0.5030323614676794, 0.503486156463623, 0.5032768448193868, 0.5046911570760939, 0.5019321839014689, 0.5010919405354394, 0.5044762127929263, 0.502837649650044, 0.5035795105828179, 0.49863475064436596, 0.5006393873029285, 0.5002570682101779, 0.49979681107732987, 0.4976122925678889, 0.500407005349795, 0.4984807637002733, 0.4996185021267997, 0.49939510888523525, 0.49959950811333126, 0.49667102098464966, 0.4981124897797902, 0.4985247535838021, 0.49750399092833203, 0.4992036471764247, 0.49590664274162716, 0.4947390622562832, 0.49673182600074345, 0.4958602405256695, 0.49659761124187046, 0.49700381358464557, 0.4984118209944831, 0.49419475595156354, 0.49309072064028847, 0.4934780564573076, 0.4955742872423596, 0.4953069140513738], "val_loss": [0.6807951182126999, 0.6793907284736633, 0.6780038326978683, 0.6769993305206299, 0.6750856786966324, 0.6745168715715408, 0.6728253662586212, 0.6716389507055283, 0.6703861802816391, 0.6680794954299927, 0.6668223142623901, 0.6642580181360245, 0.6626275926828384, 0.6613535434007645, 0.6579778492450714, 0.6546172052621841, 0.652307465672493, 0.6497956663370132, 0.6455883085727692, 0.6419673413038254, 0.6399295926094055, 0.6357785314321518, 0.6294675320386887, 0.6274321675300598, 0.6215946972370148, 0.6181826591491699, 0.6133586168289185, 0.6081973016262054, 0.6080570667982101, 0.6005956828594208, 0.5995979905128479, 0.5948624163866043, 0.589081808924675, 0.5924732536077499, 0.5862108469009399, 0.5843241363763809, 0.5809294134378433, 0.5807871520519257, 0.5783683061599731, 0.5755947679281235, 0.572373628616333, 0.5708200186491013, 0.5679879486560822, 0.5674191415309906, 0.5675327479839325, 0.5625405162572861, 0.5665685534477234, 0.5588044375181198, 0.5567993968725204, 0.5553340464830399, 0.5598903968930244, 0.5563397780060768, 0.5545851737260818, 0.5542678534984589, 0.5506319999694824, 0.5468333512544632, 0.5481037572026253, 0.5448923110961914, 0.5525432825088501, 0.5426225662231445, 0.540195569396019, 0.5401445776224136, 0.5378323569893837, 0.5387047454714775, 0.5272764563560486, 0.5360254645347595, 0.5348258763551712, 0.532210186123848, 0.5334060788154602, 0.5312244743108749, 0.5282315164804459, 0.5241101458668709, 0.5231060981750488, 0.5253419056534767, 0.521699383854866, 0.5191726237535477, 0.5183452740311623, 0.5204554721713066, 0.5176826491951942, 0.516059935092926, 0.5135875344276428, 0.5205666050314903, 0.5133528485894203, 0.5138983353972435, 0.515698678791523, 0.5090187266469002, 0.5083170533180237, 0.5105969831347466, 0.5068021416664124, 0.5022673383355141, 0.5043387040495872, 0.5067492574453354, 0.5029461458325386, 0.501593180000782, 0.5044940486550331, 0.5034153386950493, 0.5018785521388054, 0.496416911482811, 0.4958002120256424, 0.4992515370249748, 0.49058523029088974, 0.49675415456295013, 0.4934140741825104, 0.49212536960840225, 0.4998239651322365, 0.4907366707921028, 0.495633989572525, 0.4886051118373871, 0.4916015714406967, 0.4878385066986084, 0.489850677549839, 0.48695217818021774, 0.4884263351559639, 0.4879097193479538, 0.48914381116628647, 0.48864948749542236, 0.4841563105583191, 0.4873373657464981, 0.48363711684942245, 0.4815433621406555, 0.48745499551296234, 0.48896297812461853, 0.4811523035168648, 0.4786269813776016, 0.4792797192931175, 0.48316627740859985, 0.47997237741947174, 0.47896595299243927, 0.4807620719075203, 0.4740641415119171, 0.4775465950369835, 0.48126645386219025, 0.4767153933644295, 0.47589758038520813, 0.4802572578191757, 0.48311247676610947, 0.4804896339774132, 0.4780881479382515, 0.4770355522632599, 0.47910818457603455]}