{"best_val": 0.4613725353371013, "train_loss": [0.7184504293927959, 0.6316958116550072, 0.589811226900886, 0.5676534082375321, 0.54481054112023, 0.5170414424410054, 0.4914933150889827, 0.47788190491059246, 0.4676053933068818, 0.4618610225471796, 0.46011727639273103, 0.4572655167065415, 0.45576685374858333, 0.4550095860864602, 0.4553777382654302, 0.45374514308630254, 0.45303286465944026, 0.45154325108902127, 0.4524313316625707, 0.4504987071542179, 0.45026128899817375, 0.44992948162789437, 0.44872951741312067, 0.4478799817608852, 0.4471692366927278, 0.4454637941192178, 0.4466109819271985, 0.4454559397463705, 0.4441251322334888, 0.443764397910997, 0.4434108149771597, 0.44288814067840576, 0.44147344664031385, 0.4416488964183658, 0.4396274533926272, 0.4397391928177254, 0.4393717050552368, 0.4381625675687603, 0.43745875826068953, 0.4362654498979157, 0.4350719387624778, 0.4327355968017204, 0.433236501380509, 0.4318808726235932, 0.4304644313513064, 0.43021390017341166, 0.4291514947133906, 0.4291131689268, 0.4262908323138368, 0.42488392603163627, 0.42406938181203957, 0.4226268962317822, 0.4236188589357862, 0.4209181052796981], "val_loss": [0.651474269953641, 0.5967784198847684, 0.5777591683647849, 0.5649349906227805, 0.5389267720959403, 0.5092347399754957, 0.49162132089788263, 0.4818694591522217, 0.4757213457064195, 0.4714290987361561, 0.4727217907255346, 0.47011553157459607, 0.4710731262510473, 0.4701019362969832, 0.4687890816818584, 0.46865843642841687, 0.4689425284212286, 0.46858570792458276, 0.4661284549669786, 0.4688047712499445, 0.46952099149877374, 0.4656591009009968, 0.46627259796315973, 0.4657091769305142, 0.4668154147538272, 0.4661453095349399, 0.46673675829713995, 0.4661173603751443, 0.46754590489647607, 0.4659299606626684, 0.46888541091572156, 0.4656315391713923, 0.4648036929694089, 0.4666892317208377, 0.46558815240859985, 0.4642592099579898, 0.46366908875378693, 0.4659699716351249, 0.46446623043580487, 0.46416609395634045, 0.463206640698693, 0.46538362448865717, 0.4615306258201599, 0.4613725353371013, 0.4635882702740756, 0.463089103048498, 0.46227653189138934, 0.46567416191101074, 0.46351373195648193, 0.4652122042395852, 0.46400769461284985, 0.4657899168404666, 0.4648917425762523, 0.46348659558729693]}