{"best_val": 0.5027013421058655, "train_loss": [0.6857409278551737, 0.6747002171145545, 0.6631070872147878, 0.6516656113995446, 0.6392875876691606, 0.6241224805514017, 0.6100355651643541, 0.5949092507362366, 0.5784057444996304, 0.564687129524019, 0.5485085315174527, 0.5388035890128877, 0.530654188659456, 0.5253403832515081, 0.5174412180980047, 0.5133644110626645, 0.5081485841009352, 0.5037249823411306, 0.5015290048387315, 0.49667445653014713, 0.49580592744880253, 0.4940879245599111, 0.4932539264361064, 0.48978496591250104, 0.4840265330341127, 0.4810499880048964, 0.48022124502393937, 0.48005173603693646, 0.4785226285457611, 0.47622254490852356, 0.4766113195154402, 0.4737630354033576, 0.46946478221151566, 0.4655864006943173, 0.46789638532532585, 0.4683116873105367, 0.46454766227139366, 0.4651284979449378, 0.46143054962158203, 0.46289078063435024, 0.4590230683485667, 0.46124977701240116, 0.46060360471407574, 0.45985235770543414, 0.4582803166574902, 0.4579537361860275, 0.4572870019409392, 0.4584750019841724, 0.4551923804812961, 0.45629354152414536, 0.4545358783668942, 0.458359666996532], "val_loss": [0.6800442337989807, 0.6700163930654526, 0.6595406234264374, 0.6488721072673798, 0.6382228434085846, 0.6254072934389114, 0.6112149953842163, 0.5978283286094666, 0.5860286355018616, 0.5728013664484024, 0.5643217861652374, 0.561272919178009, 0.5591965317726135, 0.5513470619916916, 0.5487179309129715, 0.543675571680069, 0.5404572933912277, 0.5442835316061974, 0.538089394569397, 0.532585583627224, 0.538213774561882, 0.530255526304245, 0.5418970361351967, 0.5293451696634293, 0.5281119346618652, 0.5311788097023964, 0.5216491222381592, 0.521787129342556, 0.527960017323494, 0.5271818563342094, 0.5177575498819351, 0.5187801122665405, 0.519316129386425, 0.5216285511851311, 0.5203783735632896, 0.5176375731825829, 0.5212165787816048, 0.515331320464611, 0.5130723491311073, 0.5154819488525391, 0.5183104276657104, 0.5027013421058655, 0.5129676163196564, 0.5186834335327148, 0.5142620727419853, 0.5136658996343613, 0.5082544460892677, 0.5045554116368294, 0.5111089050769806, 0.5154727771878242, 0.5087859332561493, 0.5123006626963615]}