{"best_val": 0.44892440329898486, "train_loss": [0.7318411870644643, 0.7164221612306741, 0.7015746063910998, 0.6842255454797012, 0.6635978714777873, 0.6403053013178018, 0.6211646760885532, 0.605179834824342, 0.5969868692067953, 0.5867662624670908, 0.5803946927189827, 0.5719441163998383, 0.5648606155927365, 0.5580683992459223, 0.5553375150148685, 0.5473578492036233, 0.5442121504591062, 0.5363133509571736, 0.5265017684835654, 0.5194375320122793, 0.5085090266970488, 0.5039755942729803, 0.4959735944867134, 0.48811890184879303, 0.481176274900253, 0.47466157147517574, 0.46528095866625124, 0.4629968616824884, 0.45869166060135913, 0.45373980700969696, 0.4537335061109983, 0.448287865290275, 0.449982613325119, 0.4453504549769255, 0.4466489822818683, 0.44243442725676757, 0.4425390660762787, 0.44294008211447644, 0.43957694791830504, 0.43807527537529284, 0.4398121472734671, 0.43803774278897506, 0.44085294982561696, 0.43882327010998357, 0.43453294325333375, 0.43903339081085646, 0.4368589296936989, 0.4324324426169579, 0.43776221516040653, 0.43474819453862995, 0.4351398377464368, 0.4334237896479093, 0.4354582572212586, 0.43116116523742676, 0.4321032722408955, 0.43391037503114116, 0.43443859540499175, 0.4344357584531491, 0.4327601188650498, 0.43322347620358836, 0.434180878675901, 0.43457752294265306, 0.43267345428466797, 0.43296081859331864, 0.4348137751221657, 0.43130252338372743, 0.4292751160951761, 0.4296625044483405, 0.4310851486829611, 0.42996534877098525, 0.43070433689997745], "val_loss": [0.7245181853120978, 0.7097057429226962, 0.6940478140657599, 0.6750619411468506, 0.6526168801567771, 0.6315474781123075, 0.6151049137115479, 0.6045190529389814, 0.595411712473089, 0.5886554284529253, 0.5817863020029935, 0.5749296654354442, 0.5680614547296003, 0.5651930543509397, 0.5601472177288749, 0.5505347468636252, 0.5450751916928724, 0.5382329821586609, 0.5316463735970584, 0.5255932970480486, 0.5187673731283708, 0.5114900388500907, 0.5045441443269904, 0.49848155812783673, 0.4918177398768338, 0.48441833528605377, 0.4791429476304488, 0.4751404415477406, 0.4707854146307165, 0.4671352045102553, 0.4663729098710147, 0.4631586183201183, 0.46100492910905316, 0.45895161682909186, 0.4602144333449277, 0.4597904492508281, 0.4583234868266366, 0.45759412104433234, 0.45790625431320886, 0.455571711063385, 0.4556561518799175, 0.4564391699704257, 0.45725678313862195, 0.455437494949861, 0.45845288851044397, 0.4527502032843503, 0.45462436838583514, 0.45530065623196686, 0.4527375806461681, 0.4543249579993161, 0.45636922121047974, 0.4540643935853785, 0.452488435940309, 0.4523229517719962, 0.44987327402288263, 0.4570910253308036, 0.45398692922158673, 0.45347107540477405, 0.4554786357012662, 0.4539367908781225, 0.44892440329898486, 0.4517575881697915, 0.4507109929214824, 0.4510667486624284, 0.4525278589942239, 0.45279745351184497, 0.4511759741739793, 0.45226163213903253, 0.45061593976887787, 0.4515228975902904, 0.4528529481454329]}