{"best_val": 0.473685085773468, "train_loss": [0.7024803890122308, 0.6455508437421587, 0.5974501901202731, 0.5567536635531319, 0.536394296420945, 0.5275404188368056, 0.521058706773652, 0.5135889500379562, 0.5098405513498518, 0.5073889411158032, 0.5066911743746864, 0.4995637320809894, 0.49792422850926715, 0.4936215645737118, 0.4944259325663249, 0.4908098065190845, 0.48751715156767106, 0.487711884909206, 0.48654096987512374, 0.4852137400044335, 0.4845869011349148, 0.48061735928058624, 0.48365793625513714, 0.4807700398895476, 0.4805922226773368, 0.4797237780359056, 0.47761650880177814, 0.48070240683025783, 0.48112360967530143, 0.48078498244285583, 0.4790668504105674, 0.4828873491949505, 0.47825606995158726, 0.47697987655798596, 0.47672757671939003], "val_loss": [0.6493896543979645, 0.5993627458810806, 0.5617418587207794, 0.5300455912947655, 0.5158934816718102, 0.5119339898228645, 0.5067000910639763, 0.5038048848509789, 0.49392662942409515, 0.49668966233730316, 0.49869608134031296, 0.49021657556295395, 0.4935915768146515, 0.48682519793510437, 0.4877743348479271, 0.48971497267484665, 0.4810345098376274, 0.48540233820676804, 0.4795335382223129, 0.48233770579099655, 0.47624844312667847, 0.4836937487125397, 0.48076146841049194, 0.47588638216257095, 0.473685085773468, 0.47414781898260117, 0.47753823548555374, 0.4796142652630806, 0.4758532792329788, 0.48088913410902023, 0.4847044348716736, 0.4777936339378357, 0.48389066755771637, 0.4753356948494911, 0.4788574278354645]}