{"best_val": 0.46999388662251557, "train_loss": [0.7597142882072009, 0.7105077184163607, 0.663477558356065, 0.6294467999384954, 0.6122262867597433, 0.595769142302183, 0.5861144742140403, 0.5776941019755143, 0.5646832889089217, 0.5505202418336501, 0.5413609657150048, 0.5235667864863689, 0.5164831034266032, 0.5084152565552638, 0.49311649111601025, 0.48265239424430406, 0.47333100323493665, 0.47181694438824284, 0.46974290678134334, 0.4671431241127161, 0.46754394758206147, 0.4674246488855435, 0.468150750375711, 0.46778323272099864, 0.46730490716604084, 0.4668926155337921, 0.4650637943011064, 0.46638087870982975, 0.4693155712806262, 0.4637369278531808, 0.46571749678024876, 0.4665606228204874, 0.46396752905387145, 0.4676308093162683, 0.46596138179302216, 0.4631461174442218, 0.46279647315923983, 0.46582005344904387, 0.4633165511947412, 0.46562398626254153, 0.46334370569540906], "val_loss": [0.6484425176273693, 0.6334309632127936, 0.614438230341131, 0.5983585010875355, 0.5870066772807728, 0.5795911550521851, 0.5731711062518033, 0.5624569437720559, 0.5526067560369318, 0.5375991003079847, 0.5255161876028235, 0.516248724677346, 0.5082864734259519, 0.5001468739726327, 0.485392229123549, 0.48044905066490173, 0.47616133093833923, 0.4738683510910381, 0.4732714972712777, 0.47463146393949335, 0.4707061404531652, 0.4744873182340102, 0.47094853899695654, 0.47392850843342865, 0.47359820387580176, 0.4760120158845728, 0.4759799675507979, 0.47401307116855274, 0.4756270945072174, 0.47290772470560943, 0.46999388662251557, 0.47257422046227887, 0.47329300371083344, 0.47365546226501465, 0.4733848355033181, 0.4744572070511905, 0.47517927939241583, 0.4757204678925601, 0.4730331599712372, 0.4739453900944103, 0.47364063967357983]}