{"best_val": 0.5076940506696701, "train_loss": [0.6888476510842642, 0.657920800977283, 0.6275568869378831, 0.5958205726411607, 0.5678049772977829, 0.5474719636970096, 0.5365430199437671, 0.5310454037454393, 0.5238001214133369, 0.5207968089315627, 0.5173868354823854, 0.5122725500000848, 0.5098752627770106, 0.5079070677359899, 0.5062995304663976, 0.5042406469583511, 0.4972509841124217, 0.4992126441664166, 0.4981627944442961, 0.4955887579255634, 0.4923925929599338, 0.49292059739430744, 0.4924873842133416, 0.4883568419350518, 0.4891476912630929, 0.4856981800662147, 0.4909655633899901, 0.4862925509611766, 0.4836174547672272, 0.4846349292331272], "val_loss": [0.6657316982746124, 0.6376229077577591, 0.6070976704359055, 0.5831360518932343, 0.5640212446451187, 0.5567912757396698, 0.5405084788799286, 0.5351740345358849, 0.5330195128917694, 0.5325827747583389, 0.5241788849234581, 0.526176393032074, 0.5240365564823151, 0.5204227492213249, 0.5191299319267273, 0.5205066949129105, 0.5203685984015465, 0.5162506997585297, 0.517556831240654, 0.5076940506696701, 0.5131315737962723, 0.511722981929779, 0.5129472389817238, 0.5141223222017288, 0.518288180232048, 0.5103443786501884, 0.5108326599001884, 0.5189866572618484, 0.5137698575854301, 0.5181321352720261]}