{"best_val": 0.5093465819954872, "train_loss": [0.7052013244893816, 0.6866417825222015, 0.6695003939999474, 0.6531903247038523, 0.6364553107155694, 0.6226747598912981, 0.6054726772838168, 0.5871632794539133, 0.5677259961764017, 0.5543170008394454, 0.5462279270092646, 0.5425003733899858, 0.5409616132577261, 0.5336419459846284, 0.5313523925013013, 0.5307418207327524, 0.5279944174819522, 0.5305177801185184, 0.5251306196053823, 0.5251622481478585, 0.5218360655837588, 0.517811604672008, 0.5186486459440656, 0.5231744878821902, 0.518069777223799, 0.5161862555477355, 0.5126189258363512, 0.5167890952693092, 0.5143250425656637, 0.5147129032346938, 0.5119962443908056, 0.5126034451855553, 0.5096856653690338, 0.5095470779471927, 0.5098115570015378, 0.5088560498423047, 0.507802309261428, 0.5072817090484831, 0.5024680544932684, 0.5077143791649077, 0.5053946144051022, 0.5048160685433282, 0.5049820327096515, 0.504910914434327, 0.5024477508332994, 0.500116111503707, 0.503254191743003, 0.4978349424070782, 0.5017340017689599, 0.49958865344524384, 0.5003446092208227, 0.5009318821960025, 0.4974101235469182, 0.4990095727973514, 0.4984523455301921, 0.49653812911775375, 0.49612680574258167, 0.4994558377398385, 0.49737070004145306, 0.496986319621404, 0.49663375980324215, 0.4946517265505261, 0.49776529437965816, 0.4975356525844998, 0.4980368779765235, 0.49623984429571366, 0.49230436152882046, 0.49342747694916195, 0.4956812924808926, 0.49754444592528874], "val_loss": [0.6241882145404816, 0.615487590432167, 0.6080124378204346, 0.5981465578079224, 0.588677316904068, 0.576181635260582, 0.5686549544334412, 0.5625180155038834, 0.555645264685154, 0.5509891211986542, 0.5446765124797821, 0.5405217781662941, 0.5397236868739128, 0.541415199637413, 0.5384562760591507, 0.5330492854118347, 0.5335445553064346, 0.5337210297584534, 0.5334482043981552, 0.5335170105099678, 0.5306680798530579, 0.5352870896458626, 0.5313395857810974, 0.5308734104037285, 0.5249818712472916, 0.5241048857569695, 0.5287541300058365, 0.5290033295750618, 0.5210527405142784, 0.5262284427881241, 0.5228305608034134, 0.5276439636945724, 0.5209105089306831, 0.5250932201743126, 0.5209846571087837, 0.5237655937671661, 0.5208542495965958, 0.5184507071971893, 0.520912803709507, 0.519117921590805, 0.5180399119853973, 0.5178219974040985, 0.517880029976368, 0.5226379930973053, 0.5173069834709167, 0.517453707754612, 0.5161874517798424, 0.5172869861125946, 0.5181229785084724, 0.514843299984932, 0.5141454860568047, 0.5176731199026108, 0.5161194354295731, 0.5180180966854095, 0.5099467188119888, 0.5173453912138939, 0.5177253857254982, 0.517497681081295, 0.5186917036771774, 0.5093465819954872, 0.5103927701711655, 0.5111959725618362, 0.5125700458884239, 0.5153069347143173, 0.5165082141757011, 0.5154567137360573, 0.5159558728337288, 0.5129971951246262, 0.5150517001748085, 0.5155335515737534]}