{"best_val": 0.45956858721646393, "train_loss": [0.7707256394274095, 0.6990853512988371, 0.6391627952164295, 0.6004545291264852, 0.580289432815477, 0.5692879995879006, 0.5572943938713447, 0.5472325302806555, 0.5349982719795376, 0.5257060615455403, 0.5137764028474396, 0.5034093523726744, 0.4936085238176234, 0.48737476269404095, 0.48030729270448874, 0.4754853704396416, 0.47197999381551553, 0.46862632328388737, 0.4665723746898128, 0.4644497253146826, 0.4627787207855898, 0.46092911678202014, 0.4603549937407176, 0.45939770808406905, 0.4590844149683036, 0.45837732506733314, 0.4580232454281227, 0.456537675039441, 0.45762677695236953, 0.4557703482169731, 0.4561510436675128, 0.4559222290328905, 0.45504510168935736, 0.4549651999099582, 0.4548957155031316, 0.4556063641520107, 0.45501700218986063, 0.45386361257702695, 0.45414185523986816, 0.4528479295618394, 0.452634977943757, 0.45227598501186744, 0.45355185866355896, 0.4527449298138712, 0.4524308565784903, 0.453339602432999, 0.45153114667125777, 0.4509546476251939, 0.4502621217101228, 0.45120050918822197, 0.4512818221952401, 0.4507220925069323], "val_loss": [0.734942539171739, 0.6634997237812389, 0.6076490012082186, 0.5797967314720154, 0.5667582425204191, 0.5556271509690718, 0.5457104905085131, 0.5328392494808544, 0.523918094960126, 0.5129119780930605, 0.5032126199115406, 0.49642564762722363, 0.4883141680197282, 0.4824932434342124, 0.47529233585704456, 0.47331144592978736, 0.4711503278125416, 0.467138257893649, 0.4664084017276764, 0.46491773291067645, 0.46303371407768945, 0.46255061301318084, 0.4637511508031325, 0.4628867886283181, 0.463695379820737, 0.4628850763494318, 0.46202581308104773, 0.46232976696707984, 0.4616328857161782, 0.4637206928296523, 0.4609758799726313, 0.46180596947669983, 0.46160521561449225, 0.46289345351132477, 0.4606303464282643, 0.4626381668177518, 0.46088308637792413, 0.4636279317465695, 0.46241518584164704, 0.4610606079751795, 0.4620343907312913, 0.45956858721646393, 0.4602968530221419, 0.4625665166161277, 0.4606954265724529, 0.4614405496553941, 0.4612085385756059, 0.46314357356591657, 0.46222403103655035, 0.46168476885015314, 0.4623352587223053, 0.4597693844275041]}