{"best_val": 0.4936338737607002, "train_loss": [0.7134131888548533, 0.679447803232405, 0.6431788570351071, 0.604025403658549, 0.575217142701149, 0.5536349581347572, 0.538125154044893, 0.5280454158782959, 0.521334151426951, 0.5165966053803762, 0.5165403203831779, 0.5128067781527837, 0.5115470356411405, 0.5104114992751015, 0.509164497256279, 0.5065793295701345, 0.5063042011525896, 0.5047952400313483, 0.5047469536463419, 0.5019712448120117, 0.5000006076362398, 0.5022080656554964, 0.4937567545308007, 0.4968740923537148, 0.4938440952036116, 0.49593598312801784, 0.4945232222477595, 0.49265776409043205, 0.4940164205100801, 0.49073875778251225, 0.4891089051961899, 0.4884974890285068, 0.4855883800321155, 0.48912929826312596, 0.4844200180636512, 0.48451051447126603, 0.48803745210170746, 0.48401448296176064, 0.48364509476555717], "val_loss": [0.6880213618278503, 0.6537569761276245, 0.6154055446386337, 0.5796879678964615, 0.5586526021361351, 0.5438554733991623, 0.5300406068563461, 0.5270484536886215, 0.5204337909817696, 0.5209736004471779, 0.5210416987538338, 0.5108346119523048, 0.5128879472613335, 0.5131347849965096, 0.5112032070755959, 0.5109862014651299, 0.5087047442793846, 0.511142797768116, 0.511929452419281, 0.5080426931381226, 0.5075471848249435, 0.49790987372398376, 0.500782310962677, 0.5097947791218758, 0.5056885257363319, 0.4963657930493355, 0.5037572607398033, 0.503905676305294, 0.4936338737607002, 0.5021786317229271, 0.4962022304534912, 0.49768050760030746, 0.4984838217496872, 0.49441055208444595, 0.5005885362625122, 0.5009518191218376, 0.4979630932211876, 0.5014353916049004, 0.49543141573667526]}