{"best_val": 0.47013189643621445, "train_loss": [0.6628784702883826, 0.6386910080909729, 0.6151264541678958, 0.589136626985338, 0.5650642547342513, 0.5444427794880338, 0.5288648158311844, 0.5187810543510649, 0.5109798792335722, 0.5042046391301684, 0.49958473940690357, 0.49481070869498783, 0.49120884968174827, 0.4841366857290268, 0.48301462332407635, 0.4837382518582874, 0.48060018486446804, 0.48051102956136066, 0.47862523463037276, 0.48063782023059, 0.47737404041820103, 0.4770829909377628, 0.4716609302494261, 0.47155677941110397, 0.4718684107065201, 0.4671611984570821, 0.47048166063096786, 0.4663204865323173, 0.4686851766374376, 0.4670821080605189, 0.4662235379219055, 0.4651191234588623, 0.4669053504864375, 0.46482907070053947, 0.4670019994179408, 0.463940367102623, 0.4646058248149024, 0.46434519357151455, 0.46265046298503876, 0.46309613519244724, 0.4628620462285148, 0.4608362383312649, 0.4614805628856023, 0.4645108034213384, 0.4623100459575653, 0.46079329152901966, 0.46044186254342395, 0.4620799918969472, 0.45862145059638554, 0.4603317396508323, 0.46098950174119735, 0.4603355692492591, 0.45904239018758136, 0.45968962874677444, 0.45993105073769885, 0.4565172708696789, 0.4585312803586324, 0.4571763657861286, 0.45534323983722264, 0.4546223994758394, 0.45621102386050755, 0.45559541549947524, 0.4554400278462304], "val_loss": [0.6517212837934494, 0.6263900101184845, 0.6024731546640396, 0.5790714919567108, 0.5520595014095306, 0.5344909280538559, 0.5238157212734222, 0.5147081911563873, 0.5078967809677124, 0.5064874216914177, 0.5022219941020012, 0.49894317239522934, 0.49815189838409424, 0.4919898957014084, 0.48322105407714844, 0.49919160455465317, 0.4912804961204529, 0.49117136001586914, 0.48703179508447647, 0.48547790944576263, 0.4915596768260002, 0.4808873385190964, 0.48401471972465515, 0.48973578959703445, 0.4858435243368149, 0.482107475399971, 0.4778021275997162, 0.4869740307331085, 0.48078929632902145, 0.48276983946561813, 0.48132577538490295, 0.48359140008687973, 0.48011866956949234, 0.4880698546767235, 0.4862838014960289, 0.4817366302013397, 0.4764378219842911, 0.4806758388876915, 0.47765640914440155, 0.47852057218551636, 0.4791226089000702, 0.4737955555319786, 0.4788384512066841, 0.48105062544345856, 0.48261434584856033, 0.4757158011198044, 0.4819741025567055, 0.48096855729818344, 0.47471512854099274, 0.4808378741145134, 0.48025983572006226, 0.47361527383327484, 0.47013189643621445, 0.47700922936201096, 0.48125045001506805, 0.4739735499024391, 0.4788304567337036, 0.47737058252096176, 0.4762464016675949, 0.474674291908741, 0.47328367084264755, 0.4756247252225876, 0.4832507595419884]}