{"best_val": 0.43940356373786926, "train_loss": [0.6667293824401557, 0.6162871811904159, 0.594087238405265, 0.5768939198232165, 0.5592018377547171, 0.5357550990347769, 0.5119477048808453, 0.49192698679718316, 0.4787105432912415, 0.4736981625650443, 0.46924884062187344, 0.4675569686235166, 0.4658806248038423, 0.4649510646567625, 0.4639966154799742, 0.4638364893548629, 0.4628734629528195, 0.4617474207691118, 0.4625215501177545, 0.4607728111977671, 0.46152710914611816, 0.4594050949695064, 0.4604740370722378, 0.45984244171310873, 0.4595278618382473, 0.4576861583719067, 0.45878233804422264, 0.45795586646771896, 0.4578878838641971, 0.4574041968467189, 0.4565882916543998, 0.4565056381272335, 0.45555606601285, 0.45458269469878254, 0.45473767320315045, 0.45465758910366133, 0.45318493714519575, 0.4520290529026705, 0.45301974462527855, 0.45180697885214116, 0.4520588628217286, 0.45061734844656554, 0.4524266959405413, 0.4509057683103225, 0.4502440013137518, 0.44891057528701483, 0.4482080842934403, 0.44898006670615254, 0.4477025486674963, 0.44800544252582625, 0.44780781280760673, 0.44610243509797487, 0.44625084248243596, 0.44684672297215927, 0.4465060830116272, 0.44537066069303777, 0.44563986740860284, 0.4459729118674409, 0.44312919062726636, 0.4453396101792653, 0.44346504059492375, 0.4443987210591634, 0.44327852363679926, 0.4432988838822234, 0.44215256326338825, 0.44095679357940076, 0.4413040140095879, 0.43976085852174196, 0.4408113518181969, 0.4400491171023425, 0.4398348197048786, 0.4387751963793063, 0.4389830570594937, 0.43847547559177175, 0.43768012991138533], "val_loss": [0.6058574969118292, 0.5786788571964611, 0.5628306865692139, 0.5460434556007385, 0.5270311534404755, 0.5029925893653523, 0.4787317297675393, 0.46576589887792413, 0.4560813578692349, 0.44928174398162146, 0.4478652531450445, 0.44683935696428473, 0.4455955949696628, 0.4461043341593309, 0.44747612151232635, 0.44589979540218005, 0.44804521853273566, 0.4455952535976063, 0.44367271390828217, 0.44550157947973773, 0.44662756540558557, 0.44514672593636945, 0.44504973834211176, 0.4460406005382538, 0.4462404901331121, 0.44367279789664527, 0.4427730251442302, 0.44489681178873236, 0.4454130665822463, 0.44315655664964154, 0.44479682499712164, 0.4443430548364466, 0.4422143210064281, 0.442480285059322, 0.44197998534549365, 0.4432109594345093, 0.44206162745302374, 0.44299080155112525, 0.443788541988893, 0.4423802142793482, 0.4432041645050049, 0.44310302896933124, 0.44365408474748785, 0.4422118772159923, 0.4415875727480108, 0.4446962692520835, 0.4438777240839871, 0.44157184254039417, 0.4443456530570984, 0.44194619222120807, 0.44394849105314776, 0.441763850775632, 0.4409118321808902, 0.4431686374274167, 0.4407734898003665, 0.44340384006500244, 0.44018703970042145, 0.4420652281154286, 0.4414349008690227, 0.4408723603595387, 0.44103569063273346, 0.4434719058600339, 0.44231782447208057, 0.44393228671767493, 0.43940356373786926, 0.44361191717061127, 0.44254479625008325, 0.44283120198683307, 0.44203290343284607, 0.4412788288159804, 0.4401495944369923, 0.4418746124614369, 0.44224141944538464, 0.44323223016478797, 0.4413885311646895]}