{"best_val": 0.4540717981078408, "train_loss": [0.6796541436045778, 0.6162738063756157, 0.5818105667245155, 0.5651093318181879, 0.5459593645497864, 0.5174572146406361, 0.48804059683107864, 0.4683383153934105, 0.46048648976812173, 0.45717932955891477, 0.4559387050422968, 0.45115240707116966, 0.45011742676005645, 0.4507077949888566, 0.4472271332553789, 0.44840150370317344, 0.4478251565905178, 0.4462757204093185, 0.4448476953833711, 0.4447023231609195, 0.44424842210376964, 0.4417415191145504, 0.44229036744903116, 0.44222458378941404, 0.4410201784442453, 0.4414534685658474, 0.43977806614894493, 0.43933989253698613, 0.4388455444691228, 0.4383835447769539, 0.4375985206342211, 0.4361947167153452, 0.4353514623408224, 0.43495145907589033, 0.43502074012569353, 0.43460095980588126, 0.43370210247881275, 0.43310103287883833, 0.4326198498408, 0.43242357291427314, 0.43056051988227695, 0.430192850968417, 0.42922208823409735, 0.4296635886033376, 0.4290010899889703, 0.4287837919066934, 0.4279334124396829], "val_loss": [0.6374220414595171, 0.5861853090199557, 0.5689551125873219, 0.5535897775129839, 0.5334362333471124, 0.5065162100575187, 0.4859406920996579, 0.4743482226675207, 0.4699603969400579, 0.46720060977068817, 0.4674436856399883, 0.4637855426831679, 0.46566368774934247, 0.46334940736944025, 0.4631023352796381, 0.4594076059081338, 0.4629718200726943, 0.4598799374970523, 0.4623048874464902, 0.4620946076783267, 0.4602532522244887, 0.461651010946794, 0.45960272171280603, 0.4620163142681122, 0.458617779341611, 0.4596049812707034, 0.4598915468562733, 0.4589650305834683, 0.4596743339842016, 0.45871157266876916, 0.4584778899496252, 0.4596761600537734, 0.4567147357897325, 0.45800611918622797, 0.4570219706405293, 0.45658996972170746, 0.4540717981078408, 0.4599651071158322, 0.45676991614428436, 0.4561751186847687, 0.4571061757477847, 0.45633065700531006, 0.45510251413692127, 0.45565938407724554, 0.4563623314554041, 0.45857413519512524, 0.45464475046504627]}