{"best_val": 0.472891703248024, "train_loss": [0.8159357375568814, 0.7803630299038358, 0.7473606732156541, 0.7180285718705919, 0.6993825137615204, 0.6834015415774451, 0.6685603691471947, 0.6515639788574643, 0.6359634631209903, 0.6194188031885359, 0.6024651428063711, 0.5848148928748237, 0.5713679028881921, 0.5564141720533371, 0.5481720980670717, 0.5422395053837035, 0.5377488483985265, 0.5315634426143434, 0.5339027295509974, 0.5299937228361765, 0.5290063536829419, 0.5256694340043597, 0.5220793402857251, 0.518218469288614, 0.5210303035047319, 0.5145837383137809, 0.5108631948630015, 0.5079181210862266, 0.5097950365808275, 0.5060883495542738, 0.5045368323723475, 0.500936801234881, 0.49829169114430744, 0.4951968375179503, 0.49771756264898515, 0.4984395023849275, 0.4961201300223668, 0.49527986844380695, 0.4898911284075843, 0.48939216633637744, 0.48905324273639256, 0.48849063615004223, 0.48837118016348946, 0.4843606220351325, 0.48638444311088985, 0.4858405308590995, 0.48946431444750893, 0.48434127701653373, 0.4859912031226688, 0.48933202359411454, 0.48751543793413377, 0.48422835767269135, 0.4805363996161355, 0.484725394182735, 0.48371751772032845, 0.4845553868346744, 0.4812474366691377, 0.4839003798034456, 0.48230282300048405, 0.48431524137655896, 0.4815999964872996, 0.48310715787940556, 0.48390508194764453, 0.4820331980784734], "val_loss": [0.7561894655227661, 0.7350093126296997, 0.7121499627828598, 0.6913582384586334, 0.6743800193071365, 0.6602009832859039, 0.6454806476831436, 0.6311522871255875, 0.6146382093429565, 0.5980476140975952, 0.580314502120018, 0.5686963498592377, 0.5587455183267593, 0.5413166433572769, 0.5385615974664688, 0.530436746776104, 0.5329132825136185, 0.5230226740241051, 0.5129203498363495, 0.5176713615655899, 0.5172906070947647, 0.509892612695694, 0.5096663534641266, 0.5115264281630516, 0.5112229809165001, 0.495222307741642, 0.49718771129846573, 0.49280866235494614, 0.4919579401612282, 0.49209777265787125, 0.49089545756578445, 0.4916122928261757, 0.4875795915722847, 0.4854384511709213, 0.490398570895195, 0.493598610162735, 0.48216667026281357, 0.48631811141967773, 0.4822384715080261, 0.4845869690179825, 0.4811258986592293, 0.4866964742541313, 0.4809687063097954, 0.48941414058208466, 0.4899679869413376, 0.4853656068444252, 0.4820423945784569, 0.47449997812509537, 0.48370011150836945, 0.482352577149868, 0.4828810915350914, 0.48332222551107407, 0.4821466654539108, 0.472891703248024, 0.47842466086149216, 0.4759453237056732, 0.4811265170574188, 0.47776486724615097, 0.48347435146570206, 0.4836283326148987, 0.47729672491550446, 0.48083173483610153, 0.47963424772024155, 0.481318399310112]}