{"best_val": 0.5091819763183594, "train_loss": [0.7116226885053847, 0.7076574696434869, 0.7040494680404663, 0.7005650632911258, 0.6971424718697866, 0.6937087343798743, 0.6902932524681091, 0.6869039369954003, 0.6835863689581553, 0.6799593832757738, 0.6765384309821658, 0.673205190234714, 0.6693211595217387, 0.6657850974135928, 0.6623016330930922, 0.6580721040566763, 0.6541746689213647, 0.6498741838667128, 0.6460423469543457, 0.6419544981585609, 0.6371756858295865, 0.6331242289808061, 0.6284246643384298, 0.6243441932731204, 0.61972267097897, 0.6159788767496744, 0.6099777122338613, 0.6051416330867343, 0.6000058982107375, 0.5950746768050723, 0.5900305840704176, 0.5848848091231452, 0.5800102651119232, 0.5744077927536435, 0.5708635714319017, 0.5657318267557356, 0.5625573297341665, 0.5577376832564672, 0.554715515838729, 0.5523537943760554, 0.5496382762988409, 0.5464174300432205, 0.5434040559662713, 0.5434801545408037, 0.538050984342893, 0.5366417600048913, 0.5340596917602751, 0.5350827839639452, 0.5320495516061783, 0.5322519789139429, 0.5273477203316159, 0.5294463071558211, 0.5254786031113731, 0.5237648238738378, 0.5245911826690038, 0.5229388260179095, 0.5209164420763651, 0.5174231827259064, 0.5181781152884165, 0.51751066909896, 0.5161438054508634, 0.5144283407264285, 0.5136508229706023, 0.5122763928439882, 0.5111843910482194, 0.5104064361916648, 0.5079380787081189, 0.5080227454503378, 0.5091916537947125, 0.5047112769550748, 0.5043374051650366, 0.5066222962405946, 0.5038704673449198, 0.503924537036154, 0.502632404367129, 0.50518732269605, 0.5019359257486131, 0.49913237823380363, 0.5003596411810981, 0.49789025220606065, 0.4966033332877689, 0.497308611869812, 0.4959914568397734, 0.4966990053653717, 0.49525676667690277, 0.49631256527370876, 0.4963165985213386, 0.49314091934098137, 0.4931476530101564, 0.4916527585850822, 0.49431170688735115, 0.49384299914042157, 0.4931916246811549, 0.49373768932289547, 0.4936749107307858, 0.4911017765601476, 0.4899025443527434, 0.49224208957619137, 0.4907223896847831, 0.49254751205444336, 0.48924288484785294, 0.48919642964998883, 0.48718641698360443], "val_loss": [0.7079406082630157, 0.7045565694570541, 0.7013818025588989, 0.6980265229940414, 0.6947129815816879, 0.6918417364358902, 0.6887494772672653, 0.6856501549482346, 0.6824383735656738, 0.6792600601911545, 0.6761051267385483, 0.6721014678478241, 0.6690850257873535, 0.6656468957662582, 0.6621164083480835, 0.6583692282438278, 0.6547980606555939, 0.65123051404953, 0.6472613960504532, 0.6416048258543015, 0.6388930529356003, 0.6340832412242889, 0.6302207559347153, 0.626560389995575, 0.6236112266778946, 0.6158271431922913, 0.6139733046293259, 0.6084202975034714, 0.6038442254066467, 0.5982072651386261, 0.5936134457588196, 0.5914441049098969, 0.5871001780033112, 0.5816492736339569, 0.5760807245969772, 0.5767300873994827, 0.5718364715576172, 0.5670536905527115, 0.5629741102457047, 0.5678114742040634, 0.56368687748909, 0.5597859919071198, 0.5587708950042725, 0.5536942780017853, 0.5498065501451492, 0.5512872487306595, 0.5517064332962036, 0.5457849949598312, 0.5415361672639847, 0.5481932535767555, 0.545491173863411, 0.5478518605232239, 0.5355990529060364, 0.5463096350431442, 0.5441004633903503, 0.5389237180352211, 0.5455999225378036, 0.5394372716546059, 0.5389310568571091, 0.536982387304306, 0.5412657707929611, 0.5288070663809776, 0.5322952941060066, 0.533477708697319, 0.5321817249059677, 0.5277604311704636, 0.5304267257452011, 0.5271435379981995, 0.5362051278352737, 0.5329055935144424, 0.5225786566734314, 0.5235138535499573, 0.5234362334012985, 0.5198998972773552, 0.5255925506353378, 0.5345885902643204, 0.5234589204192162, 0.5205531716346741, 0.5239285007119179, 0.5247887372970581, 0.5192835554480553, 0.5233718529343605, 0.5243959054350853, 0.5205229073762894, 0.5211230516433716, 0.5169817134737968, 0.5210988521575928, 0.5176712945103645, 0.5216373205184937, 0.513283409178257, 0.5174610465764999, 0.5180861353874207, 0.5091819763183594, 0.5160287395119667, 0.5168515741825104, 0.518709808588028, 0.5185341686010361, 0.5171423628926277, 0.5122823342680931, 0.5130991265177727, 0.5156945586204529, 0.5181841105222702, 0.5101289376616478]}