{"best_val": 0.45167680084705353, "train_loss": [0.7807639671696557, 0.7622568938467238, 0.744715627696779, 0.7254260546631284, 0.7064516411887275, 0.6850726770030128, 0.6636630561616685, 0.6390929917494456, 0.6143562230798933, 0.5936924086676704, 0.5771897733211517, 0.5663870208793216, 0.5567931135495504, 0.5479422973261939, 0.5396842029359605, 0.5301656772692999, 0.5237698786788516, 0.520258723033799, 0.5156907671027713, 0.5139889750215743, 0.5090286466810439, 0.5068909873565038, 0.5038438157902824, 0.5029252121845881, 0.5042058924833933, 0.500666641526752, 0.5014814022514555, 0.49796496000554824, 0.49909525612990063, 0.49937145080831313, 0.4967733787165748, 0.4962912251551946, 0.49539585411548615, 0.4924090885453754, 0.4966859651936425, 0.4913635237349404, 0.4926460650232103, 0.4912840343183941, 0.4949464003245036, 0.4907042665614022, 0.488560751080513, 0.48996731970045304, 0.48888181646664935, 0.48860227564970654, 0.4885432869195938, 0.4878494242827098, 0.4861625068717533, 0.4918609642320209, 0.4866490595870548, 0.48719534112347496, 0.48789070049921673, 0.48781956566704643, 0.4879297200176451, 0.4839196734958225, 0.4854954779148102, 0.48394715951548684, 0.4884711917903688, 0.4855157302485572, 0.4857057316435708, 0.4836370282702976, 0.4868602554003398, 0.48329447706540424, 0.4841278675529692, 0.48270927866299945, 0.4811793350511127, 0.4842574629518721, 0.48542791770564186, 0.48298199309243095, 0.483339120944341, 0.4819323867559433, 0.48151225017176735, 0.48304976854059434, 0.4822884268230862, 0.48199210895432365, 0.4808771113554637, 0.4804898169305589, 0.48417462408542633, 0.4832198917865753, 0.48386067483160233, 0.484026978413264, 0.47887609402338666, 0.4818120019303428, 0.4815943092107773, 0.4808133691549301, 0.482381843858295, 0.48055417504575515, 0.4813942809899648, 0.47927916712231106, 0.48102914955880904, 0.47987716065512764, 0.4833842002683216, 0.47898541390895844], "val_loss": [0.7726324200630188, 0.754760131239891, 0.7382428348064423, 0.7210460901260376, 0.7020786106586456, 0.6824586540460587, 0.6583526283502579, 0.6352853327989578, 0.6139384508132935, 0.5963807553052902, 0.5752558559179306, 0.5651585012674332, 0.5556201636791229, 0.5462227463722229, 0.5409364104270935, 0.533061757683754, 0.5227844417095184, 0.5166669189929962, 0.5092770233750343, 0.5076344385743141, 0.4986993074417114, 0.503306582570076, 0.4931073263287544, 0.4950390011072159, 0.4990290179848671, 0.4815044030547142, 0.4944308400154114, 0.48187702149152756, 0.4828324466943741, 0.4797756001353264, 0.48672398179769516, 0.47833193093538284, 0.47992926836013794, 0.4776947721838951, 0.47739650309085846, 0.47772786021232605, 0.4755690023303032, 0.4763704091310501, 0.47491490095853806, 0.47784463316202164, 0.47617704421281815, 0.4713650867342949, 0.4732995927333832, 0.4692855179309845, 0.4685636833310127, 0.46928106993436813, 0.47228360176086426, 0.4727111682295799, 0.4713669866323471, 0.4677331745624542, 0.4716286063194275, 0.465877041220665, 0.46482452750205994, 0.46079158037900925, 0.46440424770116806, 0.4642314463853836, 0.4642368480563164, 0.46249793469905853, 0.4730347841978073, 0.4692292585968971, 0.46246547251939774, 0.45805761218070984, 0.46500905603170395, 0.4658268913626671, 0.4762851744890213, 0.4636908769607544, 0.4642317667603493, 0.462141752243042, 0.4590897634625435, 0.4646630436182022, 0.46097126603126526, 0.4543800428509712, 0.4612811580300331, 0.45747392624616623, 0.4574495330452919, 0.45985982567071915, 0.4580939784646034, 0.46380746364593506, 0.4557112157344818, 0.4576331526041031, 0.45761638879776, 0.45167680084705353, 0.4585329368710518, 0.45634208619594574, 0.457865372300148, 0.4548477679491043, 0.4610671401023865, 0.4600042551755905, 0.4588371068239212, 0.4606717601418495, 0.4550611078739166, 0.452314592897892]}