{"best_val": 0.4559769765897231, "train_loss": [0.6475114623705546, 0.5994031329949697, 0.5733768127712549, 0.5532962124721676, 0.5284313699778389, 0.49910243469126087, 0.4783523778120677, 0.46678325183251324, 0.4581940647433786, 0.4539172491606544, 0.45114560396063563, 0.4480665565705767, 0.44664371247385065, 0.444463067779354, 0.442809286070805, 0.44109353832170073, 0.4414227528899324, 0.4397549091600904, 0.43880360558921216, 0.4382125565818712, 0.43639344619769677, 0.437169624894273, 0.436107370783301, 0.43376507127986236, 0.4327293926594304, 0.43245195641237144, 0.4323563201754701, 0.43130844948338526, 0.43077147357604084, 0.42938291266852735, 0.42834944935405955, 0.42726560901193056, 0.4276903067149368, 0.4267062492230359, 0.42641285938375134, 0.4256644067811031, 0.42323804486031624, 0.42359760286761267, 0.42219804431877883, 0.42167758240419273, 0.4219522587224549, 0.42010705435977264, 0.4188244786916995, 0.418584230483747, 0.4182363842047897, 0.41750280822024627, 0.4173537387567408, 0.4164724531126957, 0.41482779149915655, 0.41347673126295503, 0.4131762683391571, 0.4130122866116318, 0.4122369751042011, 0.4119055014030606, 0.41069337199716005, 0.40969663449362215, 0.40867893076410483, 0.40794526478823495, 0.4087328320624782, 0.40831931607395994, 0.4068261945948881, 0.40611657558702957, 0.40619544538797114, 0.40526380083140207, 0.40277860620442557, 0.40344340135069456, 0.40305955036013735, 0.40245100154596214, 0.40058016309551164, 0.40015530819986384, 0.40057050188382465, 0.3981511440931582, 0.3992072530821258, 0.39733512670386073, 0.3975114746420991, 0.39665617779189466, 0.3973851986959869, 0.39513402534466163, 0.3942498143981485, 0.39542969769122555, 0.39373235141529755, 0.3928934306490655], "val_loss": [0.6241629340431907, 0.5897854295643893, 0.5710583816875111, 0.5511922971768812, 0.5252616513859142, 0.5028364820913835, 0.491314560174942, 0.48678469386967743, 0.4786293533715335, 0.4776276566765525, 0.47577113725922326, 0.4765267995270816, 0.47304078665646637, 0.47317565842108295, 0.46992227706042206, 0.4702815765684301, 0.4696197645230727, 0.4710926928303458, 0.471084020354531, 0.4692039354280992, 0.4706337343562733, 0.4681986597451297, 0.46634203466502105, 0.4667993025346236, 0.466882968490774, 0.46507909623059357, 0.46722581169822, 0.4646660360423001, 0.46582394296472723, 0.4654404033314098, 0.4636246372352947, 0.4624275700612502, 0.46237237616018817, 0.4634255577217449, 0.4643910364671187, 0.4637441716410897, 0.4620799720287323, 0.46341486410661176, 0.46126922965049744, 0.4621310965581374, 0.4613461494445801, 0.46138808673078363, 0.4638973799618808, 0.46145540475845337, 0.46219792149283667, 0.46006754311648285, 0.46014692837541754, 0.4608361341736533, 0.46148865060372785, 0.4603605703874068, 0.4584331512451172, 0.45944496447389777, 0.46034916964444245, 0.45876735719767486, 0.4587271430275657, 0.4599180898883126, 0.46189849214120343, 0.46002603660930286, 0.45952308448878204, 0.4583650068803267, 0.456433810971, 0.457082214680585, 0.45919164744290436, 0.45830300179394806, 0.4561494236642664, 0.4572531906041232, 0.4596069698983973, 0.45900494131174957, 0.45610205964608624, 0.45726564255627716, 0.4592791606079448, 0.4559769765897231, 0.45732635259628296, 0.4580168507315896, 0.4572860463099046, 0.4572709636254744, 0.4589434184811332, 0.45758539980108087, 0.46016148003664886, 0.4567020996050401, 0.4584194367582148, 0.45950789614157245]}