{"best_val": 0.4776448681950569, "train_loss": [0.6859483453962538, 0.6645677420828078, 0.6404225925604502, 0.6126900580194261, 0.5801985661188761, 0.5473757601446576, 0.5251140081220202, 0.5089449120892419, 0.4984022246466743, 0.495656097928683, 0.4910088777542114, 0.4904727240403493, 0.4867771052651935, 0.4883415549993515, 0.48114784558614093, 0.48498869438966113, 0.48464235332277084, 0.4806974050071504, 0.480151504278183, 0.47821564475695294, 0.4759837057855394, 0.47559286819563973, 0.47442193660471177, 0.47279201613532174, 0.4726082533597946, 0.4743468695216709, 0.4705495105849372, 0.4679853833383984, 0.46777155498663586, 0.46920958658059436, 0.4675813747776879, 0.46931469606028664, 0.4671968420346578, 0.46308210160997176, 0.46494752168655396, 0.4650086694293552, 0.4627632780207528, 0.46085573567284477, 0.46631169153584373, 0.46084226336744094, 0.4656004375881619, 0.4660160193840663, 0.4636305719614029, 0.4615621980693605, 0.4612307498852412, 0.4620078007380168, 0.45777009924252826, 0.45914125111367965, 0.46041261818673873, 0.4597469038433499, 0.46173771056864], "val_loss": [0.6843109428882599, 0.666888952255249, 0.6448003947734833, 0.6208572834730148, 0.5931412428617477, 0.572002723813057, 0.5626753270626068, 0.5485261231660843, 0.5465702563524246, 0.5486085191369057, 0.5418453812599182, 0.5325950682163239, 0.5282634198665619, 0.5237628370523453, 0.5211253762245178, 0.5295090079307556, 0.52049271017313, 0.515951432287693, 0.5166058838367462, 0.5143368989229202, 0.5176336243748665, 0.5053389668464661, 0.5010220780968666, 0.5005243718624115, 0.49716655910015106, 0.49222850799560547, 0.49953728914260864, 0.4958596006035805, 0.49856727570295334, 0.49036943912506104, 0.4888552650809288, 0.4901391714811325, 0.4862243980169296, 0.483163483440876, 0.48579270392656326, 0.48198482394218445, 0.4853593483567238, 0.4834848418831825, 0.4838844835758209, 0.47953811287879944, 0.4776448681950569, 0.48449326306581497, 0.4829118922352791, 0.48145830631256104, 0.4828283339738846, 0.4806134030222893, 0.4777400493621826, 0.4822481870651245, 0.4842306226491928, 0.4800964668393135, 0.4864421412348747]}