{"best_val": 0.4721231982111931, "train_loss": [0.7391821708944109, 0.7365775174564786, 0.7328350941340128, 0.7300056318442026, 0.726617243554857, 0.7228956686125861, 0.7196477221118079, 0.7159034543567233, 0.7120619614919027, 0.707793523867925, 0.7033686704105802, 0.6987513535552554, 0.693479534652498, 0.6880626711580489, 0.6820082366466522, 0.6756112343735166, 0.6682331661383311, 0.660638325744205, 0.6532589793205261, 0.6445562243461609, 0.6360502541065216, 0.6278317504458957, 0.6195563971996307, 0.6114940080377791, 0.6028916902012296, 0.5942728651894463, 0.5885851151413388, 0.5816530750857459, 0.5772508680820465, 0.5720073282718658, 0.5666932480202781, 0.5637516147560544, 0.5569321744971805, 0.554165373245875, 0.5539704677131441, 0.5465739402506087, 0.5441666063335207, 0.5394590016868379, 0.5368870993455251, 0.5339356313149134, 0.530815088086658, 0.5252845038970312, 0.5242284801271226, 0.5194307929939694, 0.5177944136990441, 0.5182103597455554, 0.514526421825091, 0.5109361939960055, 0.5084153082635667, 0.5045497682359483, 0.5021568371189965, 0.501618527703815, 0.4969407982296414, 0.49691790839036304, 0.49287555118401843, 0.4911742326286104, 0.49080383943186867, 0.4850120180182987, 0.4864706728193495, 0.48247770302825504, 0.48094932900534737, 0.4807831313874986, 0.48244510259893203, 0.4798560357756085, 0.48248748150136733, 0.4773733798000548, 0.4774879448943668, 0.47775065236621433, 0.4767261528306537, 0.4750065786970986, 0.47438911928070915, 0.4719572133488125, 0.4725175019767549, 0.4740751518143548, 0.4715718941556083, 0.4699429257048501, 0.4689194013675054, 0.46836267080571914, 0.47533292902840507, 0.4696531146764755, 0.47201621698008644, 0.46797014276186627, 0.46605472763379413, 0.46770816213554806, 0.4711572958363427, 0.4660886459880405, 0.46656250456968945, 0.4661461760600408, 0.4654374106062783, 0.4652784847550922, 0.46605705221494037, 0.4670400122801463, 0.46590495109558105, 0.46682752172152203, 0.46406961811913383, 0.463192891743448, 0.4609767430358463, 0.46303801238536835, 0.4659857766495811, 0.4601520713832643, 0.4587888220945994, 0.45967882374922436, 0.46267205145623946, 0.45996885498364765, 0.4591997332043118, 0.459346870581309, 0.46183400352795917, 0.4593609604570601, 0.45954733590284985, 0.45995860629611546, 0.4615476578474045, 0.4567440102497737, 0.4575793329212401, 0.45793983340263367, 0.4594370722770691, 0.45610372059875065, 0.4599410709407594, 0.4587584154473411, 0.4605773273441527, 0.45887675219111973, 0.45581404036945766, 0.4570053087340461, 0.4591090265247557, 0.45877257155047524, 0.4565366572803921, 0.4560972733630074, 0.45807990266217125, 0.4550563179784351], "val_loss": [0.7317033261060715, 0.7288397252559662, 0.7263985872268677, 0.7221366465091705, 0.7202108651399612, 0.7178220450878143, 0.7138549536466599, 0.711199939250946, 0.7072154581546783, 0.7038371711969376, 0.6997122913599014, 0.6956092268228531, 0.6908818781375885, 0.6862029880285263, 0.6812627762556076, 0.6752446889877319, 0.669949471950531, 0.6631770730018616, 0.6570034474134445, 0.6510349959135056, 0.6435760259628296, 0.6387552320957184, 0.6335728913545609, 0.6264058202505112, 0.6228547841310501, 0.6163329631090164, 0.610024556517601, 0.6093365550041199, 0.6090717911720276, 0.6012314856052399, 0.60159732401371, 0.59956955909729, 0.59456866979599, 0.592726469039917, 0.5948830842971802, 0.5871288180351257, 0.5855381637811661, 0.5819598287343979, 0.584642082452774, 0.5783340632915497, 0.5794081389904022, 0.5691750347614288, 0.5618339106440544, 0.5653727054595947, 0.5629023760557175, 0.5600042194128036, 0.5512888878583908, 0.5539561063051224, 0.5412746146321297, 0.546970784664154, 0.5454660803079605, 0.536093220114708, 0.5357887446880341, 0.5306940376758575, 0.5326205268502235, 0.5265318527817726, 0.5268581509590149, 0.5219264030456543, 0.5212387964129448, 0.5139102935791016, 0.5225098431110382, 0.5201010182499886, 0.5136965066194534, 0.5183896571397781, 0.5057773888111115, 0.5090544745326042, 0.5109313502907753, 0.5142905116081238, 0.510619729757309, 0.503326877951622, 0.5099211260676384, 0.5021217092871666, 0.5008117482066154, 0.5050080344080925, 0.505110040307045, 0.49329206347465515, 0.4967770054936409, 0.5017304867506027, 0.4941377714276314, 0.4967334046959877, 0.501879446208477, 0.5005015805363655, 0.492191806435585, 0.49412355571985245, 0.49847087264060974, 0.4950011372566223, 0.49220677465200424, 0.49056852608919144, 0.49422308057546616, 0.4855073392391205, 0.48543158173561096, 0.4958328381180763, 0.4872310683131218, 0.4940793961286545, 0.4856954589486122, 0.4853106960654259, 0.4846058562397957, 0.4846377298235893, 0.4882899820804596, 0.4786306768655777, 0.48549531400203705, 0.48579247295856476, 0.4895316883921623, 0.4921751469373703, 0.4816274493932724, 0.48205341398715973, 0.47839781641960144, 0.4826103001832962, 0.4836241826415062, 0.4870663285255432, 0.4798610433936119, 0.47631657123565674, 0.47269511222839355, 0.4770541489124298, 0.4768911674618721, 0.47808824479579926, 0.4780026152729988, 0.4721231982111931, 0.47463735193014145, 0.4787815287709236, 0.47718582302331924, 0.4812343865633011, 0.4756661728024483, 0.4767887815833092, 0.48174213618040085, 0.4758632853627205, 0.4767894819378853, 0.47471173107624054]}