{"best_val": 0.4905782639980316, "train_loss": [0.6981826888190376, 0.6466806299156613, 0.5996418429745568, 0.5688241918881735, 0.5505846622917387, 0.5410847547981474, 0.5348125464386411, 0.5329019841220644, 0.526868494020568, 0.5209955424070358, 0.5169855852921804, 0.5142220010360082, 0.5090316186348597, 0.5083930326832665, 0.5078602002726661, 0.5015933066606522, 0.5019587096240785, 0.4987324790822135, 0.5012158751487732, 0.4986803001827664, 0.4991634653674232, 0.49559297660986584, 0.4940776526927948, 0.49332867397202385, 0.4955438756280475, 0.49665825565656024, 0.4934882985221015, 0.493835825059149, 0.4928018202384313, 0.49495306114355725, 0.49168746173381805, 0.4920761204428143, 0.49354780548148686, 0.49145709143744576, 0.4893190546168221, 0.49116024209393394], "val_loss": [0.6497056931257248, 0.6094576865434647, 0.5690015852451324, 0.5454342439770699, 0.540370985865593, 0.5355424210429192, 0.5396443083882332, 0.5246713981032372, 0.5180691331624985, 0.5177052393555641, 0.5172408744692802, 0.5126671567559242, 0.5043373703956604, 0.5067025423049927, 0.5027785077691078, 0.5044452473521233, 0.497168131172657, 0.5024470090866089, 0.5041795670986176, 0.498068206012249, 0.49793189764022827, 0.5049771144986153, 0.49368689209222794, 0.49307791143655777, 0.49337176233530045, 0.4905782639980316, 0.49215327948331833, 0.493883952498436, 0.490726575255394, 0.498302198946476, 0.49116627126932144, 0.4934658259153366, 0.49535591155290604, 0.49332381039857864, 0.4939155653119087, 0.4982324168086052]}