{"best_val": 0.48247481882572174, "train_loss": [0.7063386142253876, 0.6181736489137014, 0.5421891411145529, 0.5119804855850008, 0.494197784198655, 0.4872148500548469, 0.48196979363759357, 0.47509361803531647, 0.4702799187766181, 0.4691485928164588, 0.4646964603000217, 0.4588829014036391, 0.46276195844014484, 0.45597397287686664, 0.4544975194666121, 0.4529033899307251, 0.4520609908633762, 0.4541422641939587, 0.4544869032171037, 0.4503832591904534, 0.4511168764697181, 0.45009488695197636, 0.44557788636949325, 0.4496910721063614, 0.45126817954911125, 0.4472452749808629, 0.4497661954826779, 0.4439823047982322, 0.444864046242502, 0.44292251103454167, 0.44611091415087384, 0.4418567352824741, 0.44552313453621334, 0.4430150008863873, 0.4440949343972736], "val_loss": [0.6639090478420258, 0.5796231180429459, 0.538001723587513, 0.5255726724863052, 0.5187114477157593, 0.5111744776368141, 0.5154979825019836, 0.5019998997449875, 0.504602886736393, 0.49943599849939346, 0.4974920526146889, 0.4917197600007057, 0.5042555034160614, 0.4925009608268738, 0.5025462433695793, 0.4880409687757492, 0.4972241297364235, 0.501189760863781, 0.49236849695444107, 0.4947834387421608, 0.489060677587986, 0.4960031360387802, 0.4901076704263687, 0.4941386952996254, 0.48247481882572174, 0.49245060235261917, 0.49131331592798233, 0.49319496750831604, 0.4835312068462372, 0.49899420887231827, 0.4891609773039818, 0.488756462931633, 0.4878988191485405, 0.4871065318584442, 0.48481132835149765]}