{"best_val": 0.4651206217028878, "train_loss": [0.7114944142453811, 0.685466771032296, 0.6597291464899101, 0.6287568293365777, 0.5978166063626608, 0.5849190424470341, 0.5736744707705927, 0.5635284886640661, 0.5525938541281457, 0.5414482273307502, 0.5307509747205996, 0.5189067639556586, 0.5098383946746003, 0.49997163227960173, 0.4889538872475718, 0.4811956192932877, 0.47423867852080104, 0.46889498654533834, 0.4638831971907148, 0.46131978724517075, 0.4583060642083486, 0.456834358327529, 0.45579633467337666, 0.4548590785148097, 0.453790020124585, 0.45391756354593765, 0.4520365718533011, 0.4510534253774905, 0.45052845454683493, 0.4507874975017473, 0.4484578347673603, 0.4492061032968409, 0.4494808181828144, 0.44904010085498586, 0.4475570356144625, 0.4475061209762798, 0.4462846774680942, 0.44500764795378145, 0.4463054853327134, 0.44543975299479915, 0.4445541723101747, 0.4441959197614707], "val_loss": [0.7032521258700978, 0.6789847720753063, 0.6543562954122369, 0.6244372508742593, 0.6073284961960532, 0.5956900878386064, 0.5891067981719971, 0.5752838850021362, 0.5635288791223005, 0.5519748438488353, 0.5430331013419412, 0.5305760421536185, 0.5200432159683921, 0.5119644024155356, 0.49875586141239514, 0.49105844443494623, 0.48160962895913556, 0.4799053425138647, 0.47545288367704913, 0.47334168174050073, 0.47269080714745954, 0.47052882747216657, 0.47054261240092193, 0.47113723104650324, 0.47138942913575604, 0.467731156132438, 0.4685207659547979, 0.4700379154898904, 0.4689741405573758, 0.46739939667961816, 0.469554911960255, 0.4651206217028878, 0.4672058874910528, 0.4675229110501029, 0.468538454987786, 0.4665579931302504, 0.46764314716512506, 0.4706213582645763, 0.46912911534309387, 0.4674470099535855, 0.4663807343352925, 0.46693637425249274]}