{"best_val": 0.4616121324625882, "train_loss": [0.6870252232925564, 0.6514681741303089, 0.6174963572446037, 0.595767060915629, 0.5869875760639415, 0.5786209825207206, 0.5736358282612819, 0.5657350672226326, 0.5555792497653588, 0.5448923373923582, 0.5331919532196194, 0.5178415085755143, 0.502885666548037, 0.49009472307036905, 0.4810386954569349, 0.4739244416648266, 0.46860433968843196, 0.46531952829921946, 0.4625490722702999, 0.4619993847959182, 0.4602880623995089, 0.45980500123080087, 0.4577588269523546, 0.45681871444571254, 0.45609398916655897, 0.4556490124440661, 0.4557454095167272, 0.45444095952838076, 0.4552580720069362, 0.45310919658810483, 0.4528631416021609, 0.4529610504122341, 0.45222578738249986, 0.45127054113967746, 0.4512242154747832, 0.4503440196607627, 0.4503479079872954, 0.4490622585895015, 0.4500841235413271, 0.44848277288324695], "val_loss": [0.6717081015760248, 0.6413808735934171, 0.6127350167794661, 0.5981816757809032, 0.5923685323108326, 0.5858035521073774, 0.5791999968615446, 0.5720988512039185, 0.5621611096642234, 0.5495505983179266, 0.5328675427220084, 0.518066717819734, 0.5015499022873965, 0.49281659722328186, 0.4831985533237457, 0.47660314765843476, 0.4738592911850322, 0.47201886773109436, 0.4688409919088537, 0.4679019369862296, 0.465947378765453, 0.4652139734138142, 0.4644354067065499, 0.46664531935345044, 0.4648097888989882, 0.4646532210436734, 0.464717680757696, 0.46366478367285296, 0.46447121826085175, 0.4616121324625882, 0.4618240947073156, 0.4629232802174308, 0.4637069647962397, 0.4627116159959273, 0.46485562216151843, 0.46350978179411456, 0.4627106108448722, 0.4632716043428941, 0.46429647369818255, 0.4618131084875627]}