{"best_val": 0.4673805589025671, "train_loss": [0.7769352244395836, 0.7225349627289117, 0.6795426244829216, 0.6528238759321325, 0.638367614325355, 0.6246321213011649, 0.6091612717684578, 0.5952113703185437, 0.5795520263559678, 0.5589908197814343, 0.5364661199205062, 0.5156939543929755, 0.49960018373003195, 0.48963459040604385, 0.4819005669332018, 0.47564224226802004, 0.4713604543723312, 0.46978357551144617, 0.46799853619407206, 0.46641909491782096, 0.46727850215107786, 0.46502087981093165, 0.46609989977350424, 0.4637941227239721, 0.46349305849449307, 0.46259866216603446, 0.46326211679215523, 0.4624888359331617, 0.4631808300813039, 0.4618803782790315, 0.46237865791601296, 0.46217091936691135, 0.4613456392989439, 0.4604848009698531, 0.4610983384590523, 0.4600643725956188, 0.4598889660601522, 0.45991762128530767, 0.4603880217262343, 0.4586053712695253], "val_loss": [0.6984126622026617, 0.6697813651778481, 0.6446763006123629, 0.6299100084738298, 0.6162518750537526, 0.602266788482666, 0.5887933265079152, 0.574182775887576, 0.557664611122825, 0.5382827168161218, 0.5176496397365223, 0.5041470608927987, 0.49242252653295343, 0.48436876047741284, 0.4781182950193232, 0.4772223613478921, 0.47528053413737903, 0.4738078198649667, 0.4742234999483282, 0.4718347137624567, 0.4717575284567746, 0.47186763991009106, 0.4726299887353724, 0.469607564536008, 0.4704074344851754, 0.4700261218981309, 0.4696575105190277, 0.4693000154061751, 0.4714347855611281, 0.4673805589025671, 0.4695181873711673, 0.4692630171775818, 0.4711345000700517, 0.46862663193182513, 0.4703480899333954, 0.4688172150741924, 0.4675412828272039, 0.4675022715871984, 0.46751358292319556, 0.46748085997321387]}