{"best_val": 0.4469232667576183, "train_loss": [0.6790075512493358, 0.621584366349613, 0.5870936653193306, 0.5659047318439857, 0.5400805899909898, 0.507821883056678, 0.481087536204095, 0.4666743255129047, 0.4588573943166172, 0.4536827487104079, 0.4516723044947082, 0.4501773697488448, 0.4478677306689468, 0.4482603558138305, 0.44697073335741083, 0.44568126049696233, 0.4460516723932004, 0.4441656680668102, 0.44263424592859607, 0.44275570500130745, 0.4409477623069988, 0.4408886304088667, 0.43859590619218114, 0.44071081572887943, 0.43945764677197324, 0.43721282832762776, 0.4370642777751474, 0.43713217681529476, 0.43542668340252894, 0.4352023747621798, 0.4349443544359768, 0.4350402197417091, 0.4337971718872295, 0.4318566690472996, 0.43214508073002683, 0.43175071419454086, 0.42986364341249655, 0.4310644309894711, 0.43019335994533464, 0.428453244414984, 0.42773539061639826, 0.4268778848881815, 0.42633165214575974, 0.42787012107232036, 0.42558787149541516, 0.42477299419103887, 0.4242144945789786, 0.4238960485832364, 0.42293814701192517, 0.4245454826775719, 0.42225511518179204, 0.4200864101157469, 0.4196556958497739, 0.4195685544434716, 0.41936875032443627, 0.4181475621812484, 0.4170396176039004, 0.4162069524035734, 0.4174231302504446, 0.41631738695443843, 0.4152883378898396, 0.4159075676226148, 0.4148945551292569, 0.41333090966823055, 0.4131820710266338, 0.4135597394961937, 0.41318818809939367, 0.41194822215566446, 0.4105084614426482, 0.41071638873979155, 0.4093739028070487, 0.4086160531231001, 0.4095689777065726, 0.4073837060554355, 0.40816716879021886, 0.4070495004747428, 0.407481615449868, 0.4078096320816115, 0.40526050913567635, 0.4047650174767363, 0.40436524035883886, 0.4026511761487699, 0.40278859816345514, 0.402660363445095, 0.4021034953640957, 0.4004867252181558, 0.40158818574512706, 0.4008883576767117, 0.39938682726785246, 0.39974023723134805, 0.39944081388267816, 0.3988163342662886, 0.3983737732849869, 0.39651665617437926, 0.3964816775976443, 0.3963448229958029, 0.3960476348213121, 0.3934186334703483, 0.39385616604019613], "val_loss": [0.6492015611041676, 0.6003619974309747, 0.5756084051999178, 0.5578055761077187, 0.5314901335672899, 0.5020662654529918, 0.487585341388529, 0.4776146574453874, 0.47124608809297736, 0.4708693488077684, 0.46662469614635815, 0.46593784473159094, 0.46712448651140387, 0.4638334566896612, 0.46240030093626544, 0.4613226137377999, 0.46184028820558026, 0.4606686965985732, 0.46197611364451324, 0.45926378802819684, 0.46184326301921497, 0.45957727052948694, 0.45778898759321734, 0.45945755460045556, 0.4577041972767223, 0.45846686038103973, 0.45864371819929645, 0.4569419839165427, 0.45767285607077857, 0.4592934115366502, 0.45529810948805377, 0.45756176655942743, 0.45731544494628906, 0.45669178529219195, 0.4562700228257613, 0.4548899070783095, 0.4573833861134269, 0.45457386428659613, 0.4548023668202487, 0.4560872668569738, 0.4541028792207891, 0.45449677922508935, 0.4526747844435952, 0.45506481419910083, 0.4547494189305739, 0.454689158634706, 0.45372240109877154, 0.45343165776946326, 0.4542702084237879, 0.4527423788200725, 0.45243099331855774, 0.455317730253393, 0.45162080092863605, 0.4511950530789115, 0.45113781636411493, 0.4525287286801772, 0.45219164273955603, 0.4514277387749065, 0.4532861086455258, 0.4501593140038577, 0.4521552459760146, 0.45080975781787525, 0.4516440955075351, 0.4513398137959567, 0.4535140747373754, 0.4511258737607436, 0.4511501734906977, 0.4490439946001226, 0.4506660618565299, 0.451770617203279, 0.44851782647046173, 0.45272856137969275, 0.4494966647841714, 0.4523542279546911, 0.45080324465578253, 0.45043456012552435, 0.45075426318428735, 0.4521550861271945, 0.44820331172509625, 0.44942134618759155, 0.44992049173875287, 0.4496181309223175, 0.45021422884681006, 0.4524006084962325, 0.4518400918353688, 0.45245910503647546, 0.4505833549933, 0.44862872091206635, 0.4469232667576183, 0.44849896972829645, 0.4484557807445526, 0.44695720076560974, 0.44980694489045575, 0.44993839209729974, 0.4495407315817746, 0.4497895051132549, 0.4488435008309104, 0.448448273268613, 0.4486581656065854]}