{"best_val": 0.4614389023997567, "train_loss": [0.655961366260753, 0.6507681596512888, 0.6451926944302577, 0.6393122801593706, 0.6332724433319241, 0.6256124575932821, 0.6189427142049752, 0.6122941678645564, 0.605719036915723, 0.6001903777029, 0.5948682497529423, 0.5904279900532142, 0.5860177068149343, 0.5829189361310473, 0.5791188268100514, 0.5767187219040066, 0.5737688897871503, 0.5703860170700971, 0.5697767553376216, 0.5649187091518851, 0.5620011500283784, 0.5593303909488753, 0.5561246497958314, 0.553325404139126, 0.5501225643298205, 0.5461345764936185, 0.5424779484085008, 0.5373927781394884, 0.5330673023766163, 0.5284469536706513, 0.5253261894572014, 0.5201216258254706, 0.5153550897158828, 0.5109319266150979, 0.5063884936127008, 0.5020303264552471, 0.49787230935751225, 0.4933936140116523, 0.49095312637441296, 0.48580309164290336, 0.4832945547851862, 0.4797792452223161, 0.476421781614715, 0.4729641687636282, 0.47043928036502763, 0.4676763099782607, 0.46559859549298005, 0.46287167013860214, 0.46163758752392786, 0.45787710302016316, 0.4577653209368388, 0.4542127800922768, 0.45393973179892, 0.45159583348853916, 0.45097487814286175, 0.44986969583174763, 0.44939374105603086, 0.4483812743542241, 0.44638412606482414, 0.44549793121861475, 0.44604410961562513, 0.445202230238447, 0.4444764542813395, 0.4427580330886093, 0.4436069440607931, 0.4427941529189839, 0.44192734419130814, 0.442396073364744, 0.4429270087503919, 0.44103385128226935, 0.4411043004662383, 0.44052884800761355, 0.4409262345117681, 0.4399791628706689, 0.4414337020294339, 0.44031238088420793, 0.4397270363919875, 0.4397846530465519, 0.4385697637118545, 0.43878672929371104, 0.43791685209554787, 0.4381151263620339, 0.4380307460532469, 0.43762796825053646, 0.43883988962453957, 0.43709759677157684, 0.4378889939364265, 0.43725402156511944, 0.4383280388280457, 0.43647192097177695, 0.4367128780075148, 0.43685898243212234, 0.43676093863505944, 0.43729738861906764, 0.4363356875438316], "val_loss": [0.6552061601118608, 0.6500860561024059, 0.6451311599124562, 0.6388598463752053, 0.6324108242988586, 0.6264750198884443, 0.6195437257940118, 0.6131906509399414, 0.6086542497981678, 0.602226734161377, 0.5974146994677457, 0.5950522476976569, 0.5912016955288973, 0.587712130763314, 0.5841081115332517, 0.5824027061462402, 0.5790934996171431, 0.5787087949839506, 0.5753300244157965, 0.5725008520213041, 0.5701707276430997, 0.5670614513483915, 0.5644994052973661, 0.5607378320260481, 0.5572776956991716, 0.551674257625233, 0.5506701604886488, 0.5456860146739266, 0.541212106292898, 0.5382917848500338, 0.5347870019349185, 0.5289928723465313, 0.5245373547077179, 0.5202855332331224, 0.5158726491711356, 0.5121016502380371, 0.5090862891890786, 0.5055586370554838, 0.5028519305315885, 0.49920327825979754, 0.4963619790293954, 0.49399592117829755, 0.4910012889992107, 0.4868347942829132, 0.4847145514054732, 0.4825139506296678, 0.4813885986804962, 0.47827844457192853, 0.476919797333804, 0.47669114578853955, 0.4744281524961645, 0.4730577062476765, 0.47225970842621545, 0.46961532668633893, 0.46878525614738464, 0.46830855445428327, 0.4688295803286813, 0.4685800996693698, 0.4665325636213476, 0.46715325117111206, 0.46535069021311676, 0.46635137362913653, 0.46506052125583996, 0.4663903523575176, 0.4638728987086903, 0.4647864211689342, 0.4645277911966497, 0.4638886099511927, 0.46464156291701575, 0.4655860662460327, 0.4641341241923245, 0.46544200723821466, 0.4630074203014374, 0.4632348391142758, 0.46299589493057947, 0.46169534596529876, 0.4631914496421814, 0.4633840945633975, 0.46265809644352307, 0.4628425294702703, 0.4635985358194871, 0.4636973576112227, 0.4631866352124648, 0.46263159946961835, 0.4614389023997567, 0.46303612806580285, 0.46196106618100946, 0.46333100579001685, 0.46433899077502166, 0.4633654003793543, 0.46162275021726434, 0.4631879654797641, 0.4623988162387501, 0.4626662189310247, 0.4617874188856645]}