{"best_val": 0.4611443281173706, "train_loss": [0.7236916654639773, 0.7134669191307492, 0.7030106518003676, 0.6916751166184744, 0.6783149308628507, 0.6624293294217851, 0.6454324258698357, 0.6266060140397813, 0.6078878939151764, 0.5905686219533285, 0.5744970970683627, 0.5632254348860847, 0.5544965432749854, 0.5434114386638006, 0.5403141412470076, 0.532415176431338, 0.5278490053282844, 0.52070927951071, 0.5181035929256015, 0.5123711890644498, 0.5094356222285165, 0.505926102399826, 0.5026047478119532, 0.5032530691888597, 0.4983842256996367, 0.49528924624125165, 0.49617238011625076, 0.4936002890268962, 0.4910595003101561, 0.4905710071325302, 0.48923813468880123, 0.485825358165635, 0.4859077384074529, 0.48525910245047676, 0.4815703299310472, 0.48300717771053314, 0.4774763385454814, 0.4772030876742469, 0.4760066370169322, 0.4761732700798247, 0.4754481001032723, 0.47434877190325, 0.475228864285681, 0.46905745731459725, 0.47365153166982865, 0.4724498126241896, 0.47187528510888416, 0.4707451992564731, 0.47083425025145215, 0.4706586996714274, 0.4688686148987876, 0.46985067427158356, 0.4691505233446757, 0.46996744970480603, 0.4717925290266673, 0.4688685139020284, 0.46989773876137203, 0.46719713177945876, 0.4670545409123103, 0.46739860541290706, 0.4689997848537233, 0.4668771078189214, 0.467921194103029, 0.46559131807751125, 0.46817856033643085], "val_loss": [0.7193440943956375, 0.7089808583259583, 0.6983223408460617, 0.685935378074646, 0.671719416975975, 0.6563554406166077, 0.6400740891695023, 0.6206313520669937, 0.6029679328203201, 0.5874724686145782, 0.5754123330116272, 0.5653994083404541, 0.5551345348358154, 0.5537066236138344, 0.5418300852179527, 0.5292644873261452, 0.5239608958363533, 0.5216451957821846, 0.5179479047656059, 0.5084343180060387, 0.507796585559845, 0.5035006552934647, 0.49992650747299194, 0.49633726477622986, 0.49245505034923553, 0.48933596909046173, 0.49015919864177704, 0.47893477976322174, 0.48360611498355865, 0.47923319786787033, 0.47729650139808655, 0.47858428955078125, 0.48153112083673477, 0.47741468995809555, 0.4734750762581825, 0.47138766944408417, 0.4669433534145355, 0.47412023693323135, 0.47244545072317123, 0.4658069387078285, 0.47341151535511017, 0.46850404888391495, 0.4676765576004982, 0.46906671673059464, 0.46193867176771164, 0.4617767855525017, 0.4648713245987892, 0.4696406424045563, 0.46820642799139023, 0.47054728865623474, 0.46541528403759, 0.4690917506814003, 0.47106823325157166, 0.46910038590431213, 0.4611443281173706, 0.4676286354660988, 0.4717308580875397, 0.4664553180336952, 0.4674854800105095, 0.46370280534029007, 0.46675318479537964, 0.4691138193011284, 0.46803440898656845, 0.46741345524787903, 0.46892106533050537]}