{"best_val": 0.5174965709447861, "train_loss": [0.7246034973197513, 0.7142927149931589, 0.7049171129862467, 0.6946915653016832, 0.6849850051932864, 0.6749550335937076, 0.6625867386658987, 0.6483441988627116, 0.6319307386875153, 0.6115706861019135, 0.5933105912473466, 0.5775970882839627, 0.560973240269555, 0.5517888946665658, 0.5450926025708517, 0.5347027414374881, 0.5346815387407938, 0.5311799761321809, 0.5276024440924326, 0.5292794787221484, 0.5278213024139404, 0.523483254843288, 0.5220282210244073, 0.5245325515667597, 0.5184918940067291, 0.5196495850880941, 0.5195706784725189, 0.5167271428638034, 0.5173406915532218, 0.5161295980215073, 0.5166546056667963, 0.514179410205947, 0.5131496042013168, 0.5097028265396754, 0.5143521030743917, 0.5124193297492133, 0.5088399433427386, 0.5121722535954581, 0.5097003479798635, 0.5057425482405556, 0.5103478878736496, 0.5079520328177346, 0.5049639178646935, 0.5040884812672933, 0.5043534570270114, 0.5036611374881532, 0.5076125942998462, 0.5043764147493575, 0.5004616975784302, 0.5047547403309081, 0.5012782414754232, 0.500972698132197, 0.5029816180467606], "val_loss": [0.698621854186058, 0.688960388302803, 0.6811669021844864, 0.6721527427434921, 0.6628591418266296, 0.6562538295984268, 0.6434454619884491, 0.6306605637073517, 0.6190079152584076, 0.6000487953424454, 0.5829750001430511, 0.5712123215198517, 0.5586673021316528, 0.552006796002388, 0.5548357218503952, 0.5457484275102615, 0.5438174977898598, 0.5390329360961914, 0.5373264998197556, 0.5398266911506653, 0.534041129052639, 0.5416547358036041, 0.5368068441748619, 0.5343759208917618, 0.5304165706038475, 0.5327325090765953, 0.5368962287902832, 0.5370529517531395, 0.5249820575118065, 0.5347775593400002, 0.5363310500979424, 0.5267254039645195, 0.5299460589885712, 0.5285272970795631, 0.5245313346385956, 0.5217232331633568, 0.5232876986265182, 0.5303017795085907, 0.5249828100204468, 0.5242638736963272, 0.5231465548276901, 0.5194622874259949, 0.5174965709447861, 0.5231137722730637, 0.5180528536438942, 0.5223824828863144, 0.5197507217526436, 0.5222797319293022, 0.5205682218074799, 0.5305606573820114, 0.528193861246109, 0.5185496956110001, 0.5202408209443092]}