{"best_val": 0.4579615430398421, "train_loss": [0.7353027275964326, 0.6943213425430597, 0.6554787264150732, 0.6190644876629698, 0.5919732930613499, 0.57492149811165, 0.5651963440810933, 0.5535743335882822, 0.5407340240244772, 0.5264580296535118, 0.5116351129961949, 0.49895496345033835, 0.4892165871227489, 0.4789959548735151, 0.4710216557278353, 0.4660564304566851, 0.46130801006859423, 0.4572608576101415, 0.4545745761955486, 0.45212191810794905, 0.4504346905970106, 0.4488353822745529, 0.44787319559676975, 0.44717655287069435, 0.44724797325975757, 0.44583158808595996, 0.4446500364471884, 0.4443988116348491, 0.4437682500072554, 0.4431631687809439, 0.4430959008488001, 0.44208600065287423, 0.44143422152481826, 0.4413609428733003, 0.4405944627874038, 0.44130675640760686, 0.4412579910427916, 0.4409499706006518, 0.4392387855286692, 0.43881945516548904, 0.43758327645414014, 0.43811605607762055, 0.4379201975523257, 0.43756067811274063, 0.4365430556091608, 0.43591129195456413, 0.43535958551893045, 0.4356110364783044, 0.4347548081594355, 0.4350364605585734, 0.43313200801026586, 0.43286513113508035, 0.4326777534157622, 0.4329071681873471, 0.4317174168194042, 0.4324776559483771, 0.4314120750801236, 0.43122655270146387, 0.43258167306582135, 0.4301510885650036, 0.4311995395258361, 0.4297936097079632, 0.429758289865419, 0.4302113909347385, 0.42899544566285375, 0.4286125600337982, 0.42810988484644424, 0.42754200042462814, 0.42863594433840585, 0.4277516188574772], "val_loss": [0.7202501784671437, 0.6824790130962025, 0.6432472575794567, 0.6108611442826011, 0.5926800586960532, 0.5804112282666293, 0.5698436607014049, 0.5578699111938477, 0.5437393296848644, 0.5264454456892881, 0.5129639181223783, 0.5012289014729586, 0.4936242239041762, 0.4874782535162839, 0.48246935280886566, 0.47715883634307166, 0.4738024960864674, 0.47040349516001617, 0.4671478542414578, 0.46751655773683026, 0.46701610359278595, 0.46435896916822955, 0.46384285254911944, 0.4620708470994776, 0.46595562859015033, 0.4627848267555237, 0.4627824290232225, 0.4620270214297555, 0.4617102525450967, 0.46083674647591333, 0.4629028520800851, 0.46171615611423145, 0.4619872570037842, 0.46131904287771747, 0.46078427813269873, 0.4618277468464591, 0.4609246687455611, 0.4610350592569871, 0.46218370578505774, 0.46078608523715625, 0.4599469168619676, 0.461933664300225, 0.46047966046766803, 0.4609147608280182, 0.4601123874837702, 0.4601271694356745, 0.4603163410316814, 0.45896558599038556, 0.45911330255595123, 0.45891356468200684, 0.4594400904395364, 0.46114974130283704, 0.45919508012858307, 0.4607365375215357, 0.46122646060856903, 0.45985160903497174, 0.4588176255876368, 0.46194762804291467, 0.4587203426794572, 0.4579615430398421, 0.45799869298934937, 0.45960998806086456, 0.4592567032033747, 0.45940174568783154, 0.45852223851464013, 0.45830328085205774, 0.4589921696619554, 0.4600079628554257, 0.45840440555052325, 0.4579897766763514]}