{"best_val": 0.47504429519176483, "train_loss": [0.6655134989155663, 0.6462652418348525, 0.6263489292727576, 0.6038642492559221, 0.578856067525016, 0.5558207333087921, 0.5400110565953784, 0.5247948782311546, 0.5146346622043185, 0.507289911309878, 0.49715419444772935, 0.49563315841886735, 0.4887356244855457, 0.4854687717225816, 0.4810541586743461, 0.47882728775342304, 0.479104017217954, 0.47847381565305924, 0.4725959681802326, 0.47330817580223083, 0.4711938632859124, 0.4726852062675688, 0.46818379395537907, 0.4671114931503932, 0.4625875800848007, 0.46534180972311234, 0.46573130455281997, 0.46110185152954525, 0.4629878948132197, 0.4639301184150908, 0.4615279734134674, 0.46165435016155243, 0.45952770941787296, 0.46162167688210803], "val_loss": [0.6572196781635284, 0.6371454447507858, 0.616399422287941, 0.593378558754921, 0.5697792917490005, 0.5461733043193817, 0.5284762978553772, 0.5236057639122009, 0.5137953460216522, 0.5051630586385727, 0.5048472508788109, 0.4921867772936821, 0.490530788898468, 0.4950964003801346, 0.4985458552837372, 0.48909879475831985, 0.4900909811258316, 0.48528434336185455, 0.48597215861082077, 0.48459648340940475, 0.48682157695293427, 0.4863175228238106, 0.48140184581279755, 0.47504429519176483, 0.47598984837532043, 0.4830733463168144, 0.4764823243021965, 0.48260772228240967, 0.4861682578921318, 0.4820924624800682, 0.48096412420272827, 0.4773076921701431, 0.4803757667541504, 0.47935743629932404]}