{"best_val": 0.45649365945295856, "train_loss": [0.6342228732857049, 0.5843567193723193, 0.552570115701825, 0.5187532703081766, 0.49205027783618255, 0.47432709850516974, 0.46581831516004074, 0.46249518499654885, 0.45714913337838414, 0.45525684718992193, 0.45208719606493036, 0.44995874341796427, 0.44980881319326516, 0.4465541909722721, 0.4454978149311215, 0.44450993982015874, 0.44319138690537097, 0.4425671281767826, 0.4388510053064309, 0.4375915889646493, 0.4366269094102523, 0.4339141869077496, 0.43418360048649357, 0.4302092556859933, 0.4289690665170258, 0.42740246127633486, 0.4272684384794796, 0.42423388361930847, 0.422390377404643, 0.4210344950358073, 0.4193944147988862, 0.41875210287524206, 0.4164019075094485, 0.4145200673271628, 0.4132310046869166, 0.4114601138760062, 0.408616023905137, 0.40838675639208627, 0.40774229519507466, 0.4057922842455845, 0.40314670520670276, 0.4019052456406986, 0.39970799170288385, 0.3990774446842717, 0.39735400618291367, 0.3979761133006975, 0.3943519113110561, 0.3926791537041758, 0.39220405209298226, 0.39003900044104634, 0.38747722553271874, 0.3881850996438195, 0.3851676378764358, 0.38477376395580815, 0.38277171172347724, 0.3814375079145618, 0.38128822223812925, 0.3802065849304199, 0.37916353870840636], "val_loss": [0.6074027419090271, 0.5811979824846442, 0.5475939160043543, 0.5124479125846516, 0.4906965304504741, 0.48019196499477734, 0.4747822772372853, 0.4776526960459622, 0.4727371037006378, 0.4704812900586562, 0.4697469174861908, 0.4699601856144992, 0.4706140566955913, 0.46856472438031976, 0.46804278005253186, 0.4673495292663574, 0.4658013338392431, 0.46615211259235034, 0.466875742782246, 0.4641202742403204, 0.46619329940189014, 0.46939501708204096, 0.46507462046363135, 0.46445121277462353, 0.46382508223707025, 0.4685093110257929, 0.4641910791397095, 0.4650294509800998, 0.46337272091345355, 0.4601641216061332, 0.46054205569353973, 0.4621278318491849, 0.46206832202998077, 0.46220060912045563, 0.46010672775181854, 0.46248108419505035, 0.46282127499580383, 0.4599403061650016, 0.4598109451207248, 0.4598686993122101, 0.4624553485350175, 0.4646180136637254, 0.4612149379470132, 0.46163833954117517, 0.45997616106813605, 0.4587171402844516, 0.4628926488486203, 0.4565229930660941, 0.45649365945295856, 0.45699786056171765, 0.4614967107772827, 0.4573227681896903, 0.45771836150776257, 0.4615881849418987, 0.4600632299076427, 0.45929904688488354, 0.4571163545955311, 0.4634199494665319, 0.45756023038517346]}