{"best_val": 0.45768800377845764, "train_loss": [0.622985280222363, 0.5765404601891836, 0.540088050895267, 0.5239455882045958, 0.520646697945065, 0.5153706769148508, 0.5115526583459642, 0.5065737598472171, 0.5057890034384198, 0.5062805049949222, 0.49820472134484184, 0.4974179549349679, 0.48914836678240037, 0.4884210394488441, 0.4871893243657218, 0.48728253444035846, 0.4825362000200484, 0.4837270461850696, 0.48182422419389087, 0.48170987102720475, 0.48288116686873966, 0.484043354789416, 0.4788844734430313, 0.4808727784289254, 0.4775318006674449, 0.4753428233994378, 0.4763007081217236, 0.4752688142988417, 0.4760674751467175, 0.476074712144004, 0.4765338318215476, 0.4757889426416821, 0.4747306737634871, 0.47415072719256085, 0.4716094947523541, 0.47207870251602596, 0.4722948852512572, 0.47159359355767566, 0.4700100024541219, 0.4724315404891968, 0.47143996755282086, 0.4675413386689292, 0.46796825693713295, 0.46728959182898205, 0.46447344455454087, 0.4656495749950409, 0.46865668065018123, 0.4643777012825012, 0.46526869303650326, 0.46784209377235836, 0.46441871258947587, 0.4649136910835902, 0.46195708877510494, 0.4614430632856157, 0.46377358337243396, 0.46391744414965314, 0.4626842521958881], "val_loss": [0.5916478037834167, 0.5401249825954437, 0.5120814144611359, 0.508077047765255, 0.4956730678677559, 0.4927765354514122, 0.49247245490550995, 0.48798753321170807, 0.4849311485886574, 0.48644300550222397, 0.4844144135713577, 0.48120173066854477, 0.4784586578607559, 0.47888951748609543, 0.4693318158388138, 0.47647900879383087, 0.47604965418577194, 0.472345307469368, 0.46922730654478073, 0.4737154617905617, 0.47462739795446396, 0.4759412705898285, 0.47789016366004944, 0.4746832922101021, 0.4725058972835541, 0.473501093685627, 0.4708552211523056, 0.47365426272153854, 0.4677108973264694, 0.4696078896522522, 0.47283563762903214, 0.47289156913757324, 0.47221577912569046, 0.47187134623527527, 0.4718901067972183, 0.4761397987604141, 0.4682053104043007, 0.4620564952492714, 0.47002962976694107, 0.47014325857162476, 0.4687032029032707, 0.4693945497274399, 0.4630796015262604, 0.46647270768880844, 0.4630410894751549, 0.4586174488067627, 0.45768800377845764, 0.46536893397569656, 0.4656050279736519, 0.4641805961728096, 0.4581352323293686, 0.4604877680540085, 0.457786925137043, 0.4648455083370209, 0.4642721712589264, 0.46805887669324875, 0.46810904890298843]}