{"best_val": 0.4468032121658325, "train_loss": [0.6496394311680513, 0.6175144151145336, 0.5921552473423528, 0.5658460545773599, 0.529923174311133, 0.4984883292048585, 0.4791710458549799, 0.4692013678597469, 0.4635654541791654, 0.4614219250632267, 0.45906277789789085, 0.4555132739684161, 0.45631556358991887, 0.45456403669189005, 0.45394348455410377, 0.4545416358639212, 0.4534466675683564, 0.45151011908755584, 0.4509628187207615, 0.4499203843228957, 0.44884615844371273, 0.44952767327720045, 0.44999510984794766, 0.44751375446132585, 0.446814379271339, 0.44696443396456104, 0.4464946208046932, 0.44599524081922043, 0.4445870349220201, 0.44486245454526413, 0.4444240980288562, 0.443441173025206, 0.44228871020616267, 0.44239430041874156, 0.44196929884891883, 0.4400875469048818, 0.440545308823679, 0.43950606035251244, 0.437732023935692, 0.4381904806576523, 0.4372535903079837, 0.4372619390487671, 0.43644484760714514, 0.4356604411321528, 0.43474629988857344, 0.43449151223781063, 0.4335243053296033, 0.43299834167256074, 0.434517761071523, 0.4333938704986198, 0.4308002789815267, 0.43127167166448105, 0.4311176649495667, 0.42971712409281265, 0.4294958792480768, 0.428116382337084, 0.42794344530386086, 0.4276468712909549, 0.4267803021505767, 0.42539043695318934, 0.4252862012853809, 0.42510752642855926, 0.42527053928842734, 0.4244116088923286, 0.4233301743572834, 0.4221898486801222, 0.422005985881768, 0.4224347191698411, 0.4219915031218061, 0.4210982170759463, 0.42101142336340514, 0.41900208650850784, 0.4193160679994845, 0.41782453364016964, 0.41856468249769774, 0.41751474317382364, 0.4188271141519733, 0.417281860814375, 0.4156288177359338, 0.416177453363643, 0.4145125010434319, 0.41446275103325936, 0.41452930370966595, 0.4138346501425201, 0.4135263743353825, 0.4131245011208104, 0.4125973430334353, 0.41196784493969935, 0.4116661735609466, 0.41149578550282645, 0.4109629860111311, 0.4113611520505419, 0.40940524316301535, 0.4088363904579013, 0.40790220160110324, 0.40809444411128176, 0.4074089965399574, 0.4087467813024334, 0.40660231487423765, 0.40598950315924254, 0.4049002960616467], "val_loss": [0.6247118657285516, 0.5972823934121565, 0.5712474963881753, 0.541948136958209, 0.5124830982901833, 0.4918831234628504, 0.47734000466086646, 0.47144466096704657, 0.46866083957932214, 0.4658720926804976, 0.4647754349491813, 0.4648250395601446, 0.4663467298854481, 0.4636302427812056, 0.46321710402315314, 0.4633256603371013, 0.4623929831114682, 0.4629898829893632, 0.46011010625145654, 0.4597880921580575, 0.4613516628742218, 0.46095652742819354, 0.46178023652596906, 0.4610164328054948, 0.460749550299211, 0.45841182361949573, 0.4609068659218875, 0.45991563526066864, 0.4599043754014102, 0.4583976377140392, 0.4588737975467335, 0.46033939719200134, 0.45798500830476935, 0.4579138457775116, 0.458463270555843, 0.4587920524857261, 0.45743949846787885, 0.4582097286527807, 0.4571623747999018, 0.4572591104290702, 0.4563074301589619, 0.46044919707558374, 0.4554137723012404, 0.4559015929698944, 0.4571587497537786, 0.4566213136369532, 0.4540221393108368, 0.4557493979280645, 0.45559591867706994, 0.45442971045320685, 0.45505895939740265, 0.4558808315883983, 0.45267942818728363, 0.4584285020828247, 0.4533530961383473, 0.4557195116173137, 0.45551481301134283, 0.45771273699673737, 0.4543071578849446, 0.45712605118751526, 0.4542837413874539, 0.4525687586177479, 0.4548108333891088, 0.45362340862100775, 0.4543980820612474, 0.4537411873990839, 0.4551281116225503, 0.4513760669664903, 0.45394662022590637, 0.452381659637798, 0.45477956804362213, 0.4538386382839896, 0.45540534366260876, 0.45186924663457, 0.45132860812273895, 0.45140092210336163, 0.45150199803439056, 0.44996269182725385, 0.4488864784890955, 0.4522296840494329, 0.44813827763904224, 0.44956151192838495, 0.4505851539698514, 0.45111026005311444, 0.45201540806076745, 0.4497760832309723, 0.45028125426986, 0.44902926683425903, 0.4508505273949016, 0.4493732452392578, 0.4468032121658325, 0.4515864984555678, 0.4499025588685816, 0.4506790041923523, 0.45103720101443207, 0.45017328045584937, 0.45186276869340375, 0.45128694447604095, 0.45098217779939825, 0.44925547458908777, 0.4499886767430739]}