{"best_val": 0.5032840520143509, "train_loss": [0.72531858086586, 0.7053926686445872, 0.6865031818548838, 0.6695380674468147, 0.6523254215717316, 0.6314474609163072, 0.6138855185773637, 0.5955760810110304, 0.5757869548267789, 0.5601745115386115, 0.5463681320349375, 0.5405888789229922, 0.5301438205771976, 0.5288414243194792, 0.5232288042704264, 0.5160015523433685, 0.5142839037709765, 0.5122399777173996, 0.5117402821779251, 0.5112868878576491, 0.5077601224184036, 0.5063818395137787, 0.5073932177490659, 0.5056338939401839, 0.5071373565329446, 0.5061378677686056, 0.5049743172195222, 0.5003144873513116, 0.501040960351626, 0.4976543469561471, 0.49746182726489174, 0.49858766463067794, 0.4984011782540215, 0.4968926939699385, 0.49845172133710647, 0.49628906614250606, 0.4953958872291777, 0.49629781146844226, 0.49338603185282814, 0.4908869034714169, 0.49083602759573197, 0.4923257562849257, 0.4891028238667382, 0.48813730312718284, 0.4903082897265752, 0.4877997752692964, 0.486660811636183, 0.48765874405701953, 0.4858141028218799, 0.4871627622180515, 0.4859048061900669, 0.483362153172493, 0.48252244459258187, 0.48281160328123307, 0.4844866560565101, 0.482083476252026, 0.48626356489128536, 0.48279129962126416, 0.4836260974407196, 0.482636625568072, 0.4816266778442595, 0.47881584862867993, 0.47843507925669354, 0.4799164682626724, 0.48153819474909043, 0.4799383845594194, 0.4812514732281367, 0.4787760062350167], "val_loss": [0.6450992673635483, 0.6376994848251343, 0.6307749599218369, 0.6240357905626297, 0.6145013868808746, 0.6071417480707169, 0.5990713089704514, 0.5858556926250458, 0.5747261047363281, 0.5745963752269745, 0.5740796029567719, 0.5650068074464798, 0.5615797191858292, 0.5611320436000824, 0.5602449327707291, 0.5574394017457962, 0.5535552948713303, 0.5509700030088425, 0.5500006452202797, 0.5524195954203606, 0.5443882048130035, 0.5444075390696526, 0.5379123985767365, 0.542911171913147, 0.5426697507500648, 0.5423663929104805, 0.538633868098259, 0.5347120240330696, 0.5382799655199051, 0.5301788970828056, 0.5347087979316711, 0.5236012488603592, 0.5304169207811356, 0.5275769755244255, 0.5293456763029099, 0.5310716107487679, 0.5259951502084732, 0.5265597403049469, 0.5250035598874092, 0.5251689627766609, 0.5215516537427902, 0.5210330486297607, 0.5204780772328377, 0.5184692069888115, 0.5225696191191673, 0.5227706134319305, 0.5163034498691559, 0.5226144939661026, 0.5176681280136108, 0.5138365104794502, 0.5136417672038078, 0.5125662535429001, 0.5124188363552094, 0.5174832418560982, 0.5117483213543892, 0.5108628123998642, 0.5106524899601936, 0.5032840520143509, 0.5035758391022682, 0.5133751854300499, 0.5059160515666008, 0.5039117932319641, 0.511136882007122, 0.512615755200386, 0.5040225014090538, 0.5088202655315399, 0.5054925009608269, 0.5069479718804359]}