{"best_val": 0.4559715850786729, "train_loss": [0.7026304287068984, 0.6124786687832252, 0.5752035484594458, 0.5376551759009268, 0.5011686326241961, 0.4812215180958019, 0.4736577383443421, 0.47148792883929086, 0.4697708522572237, 0.4688314509158041, 0.46712710460027057, 0.46562888283355564, 0.46507080921939775, 0.4650993090049893, 0.46304429804577546, 0.4607688696945415, 0.46134334627319784, 0.4588171933211532, 0.45873546015982536, 0.45758136230356555, 0.45594921006875877, 0.45452436045104383, 0.45316218862346574, 0.45224856921270784, 0.4519086632074094, 0.4495979553344203, 0.44952520143752006, 0.4472579389226203, 0.4466416701382282, 0.4465364883927738, 0.44345305129593493, 0.44243386037209453, 0.44274483065979153, 0.43998336032325147, 0.43942861463509353, 0.4370703410868551, 0.4360525631437115, 0.4370497839123595, 0.43574583062938615, 0.4334597803798376, 0.43083762888814886, 0.43135883644515394, 0.4282079911699482, 0.42837503143385347, 0.4267987445289013, 0.42467378342852874, 0.42510763862553763, 0.42228317786665526, 0.4220503516056958, 0.4204227526982625, 0.41805341313867006, 0.41697825812825967], "val_loss": [0.6257371577349576, 0.5857155864888971, 0.5524507896466688, 0.5119865699247881, 0.4825178249315782, 0.4746150943365964, 0.4703638634898446, 0.47043992714448407, 0.46732733195478265, 0.46916658769954334, 0.4670507880774411, 0.4685672467405146, 0.4660314646634189, 0.46760509230873804, 0.465565949678421, 0.4647279110821811, 0.46397039836103265, 0.4645500047640367, 0.4652814133600755, 0.4646642939610915, 0.4636083949695934, 0.4695629423314875, 0.4652418710968711, 0.46216470815918664, 0.4603997468948364, 0.4629668728871779, 0.46113091707229614, 0.4612252116203308, 0.4627328189936551, 0.4605472602627494, 0.45963617346503516, 0.46041950583457947, 0.46297975561835547, 0.46249283172867517, 0.4579899311065674, 0.46079860492186114, 0.46475995128804987, 0.46135806224562903, 0.4597390429540114, 0.45932093262672424, 0.4598004574125463, 0.4559715850786729, 0.4609217074784366, 0.45600496097044513, 0.45625742186199536, 0.46814822337844153, 0.45617378570816736, 0.459045873446898, 0.45876089280301874, 0.4567380818453702, 0.4567925740372051, 0.4581753828308799]}