{"best_val": 0.4872651845216751, "train_loss": [0.6491903695795271, 0.6378365622626411, 0.629062702258428, 0.6208657092518277, 0.612217817041609, 0.6032673385408189, 0.5931712289651235, 0.5772872004244063, 0.5659317771593729, 0.5548533780707253, 0.5436770766973495, 0.5313101708889008, 0.5301053524017334, 0.5264784577820036, 0.5205589284499487, 0.515083028210534, 0.5127347459395727, 0.5100699166456858, 0.5093020217286216, 0.5062093453274833, 0.5023490604427125, 0.5040164622995589, 0.4962880296839608, 0.498106203145451, 0.4961896654632356, 0.49287865890396965, 0.4915179858605067, 0.4899355537361569, 0.49331458740764195, 0.4864016854100757, 0.48821329904927147, 0.4851827770471573, 0.4846131106217702, 0.4854702038897408, 0.4857087681690852, 0.4820961174037721, 0.48160936766200596, 0.48087915281454724, 0.48020316991541123, 0.4806250168217553, 0.478766241007381, 0.47887998322645825, 0.47594550748666126, 0.4727374249034458, 0.4774385276767943, 0.48033637636237675, 0.4755749785237842, 0.4772899200518926, 0.47648225559128654, 0.47661494546466404, 0.4783025946882036, 0.4733109457625283, 0.4741012371248669, 0.47809600830078125, 0.4734404782454173, 0.47435325880845386, 0.473906965719329, 0.47434394392702317, 0.4700866589943568, 0.47174058854579926, 0.4748183074924681, 0.4726513557963901, 0.47470743623044753, 0.47223108841313255, 0.47365398208300274, 0.47217542429765064, 0.47240878641605377, 0.471490697728263, 0.471799083881908, 0.4719213975800408, 0.473939922120836, 0.47228918969631195, 0.47580280734433067, 0.4732305142614577, 0.47198329038090175, 0.4717675662702984, 0.4697245905796687, 0.4690331319967906, 0.4702707330385844, 0.47018447352780235, 0.46946677068869275, 0.47140887048509383, 0.46906113624572754, 0.4683964120017158, 0.47191378143098617, 0.46790487402015263, 0.4694293290376663, 0.46902476913399166, 0.46990281674597, 0.4698910233047273], "val_loss": [0.622878909111023, 0.6164422035217285, 0.6115952432155609, 0.6062767505645752, 0.602454349398613, 0.5981070846319199, 0.5953593552112579, 0.5885556191205978, 0.5833803862333298, 0.576556921005249, 0.5708848983049393, 0.567846417427063, 0.5736739933490753, 0.565069317817688, 0.5644489228725433, 0.5588343292474747, 0.5548458844423294, 0.5607842803001404, 0.5494287014007568, 0.5483619421720505, 0.546048566699028, 0.5340577811002731, 0.5390724018216133, 0.5335678905248642, 0.5331611335277557, 0.5310501530766487, 0.5266598835587502, 0.5274874791502953, 0.5287759378552437, 0.5224278494715691, 0.5212638527154922, 0.5169845595955849, 0.5144557952880859, 0.5189954489469528, 0.5107345432043076, 0.5084238648414612, 0.5133009776473045, 0.5177310407161713, 0.5045050829648972, 0.5077121555805206, 0.506109707057476, 0.5191756412386894, 0.5053539201617241, 0.5086237713694572, 0.5066170617938042, 0.5087876617908478, 0.5002509653568268, 0.5049552395939827, 0.5010254308581352, 0.4976158142089844, 0.5051717981696129, 0.5029973536729813, 0.4981366693973541, 0.4993578568100929, 0.49800970405340195, 0.5038653910160065, 0.4981515631079674, 0.493526428937912, 0.49987848848104477, 0.5005958154797554, 0.4938705042004585, 0.503471851348877, 0.4929395243525505, 0.4893219843506813, 0.500651441514492, 0.49942832440137863, 0.49580977857112885, 0.5016387850046158, 0.49216649681329727, 0.49787669628858566, 0.4953378438949585, 0.48735426366329193, 0.5022270828485489, 0.4937610477209091, 0.4977867379784584, 0.49725577235221863, 0.4907095581293106, 0.4919331446290016, 0.5004547834396362, 0.4872651845216751, 0.49165408313274384, 0.49573764950037, 0.48816679418087006, 0.4891989752650261, 0.49357109516859055, 0.48943572491407394, 0.4896279349923134, 0.4935709089040756, 0.4901290535926819, 0.49166339635849]}