{"best_val": 0.4474312717264349, "train_loss": [0.6864654445180706, 0.6564462827701195, 0.6218935438230926, 0.5972735975302902, 0.5868279162575217, 0.5773603518803915, 0.5689904070368, 0.5599398262360517, 0.5514510753108006, 0.542023606744467, 0.531110383716284, 0.5195309414583094, 0.5074431732589123, 0.4957675244293961, 0.4830586261609021, 0.472230439676958, 0.4631365672046063, 0.4573356935790941, 0.4517397027389676, 0.44787659306152194, 0.443803748663734, 0.4414241793108921, 0.4395286353195415, 0.4375390141618018, 0.43676867905785055, 0.4346489982277739, 0.4346105222608529, 0.43391356047462015, 0.4320449945973415, 0.43159059683481854, 0.43092140730689554, 0.4297993936959435, 0.4294726936256184, 0.4295034402725743, 0.4282231552928102, 0.42803043594547346, 0.4278814722509945, 0.42746638082990457, 0.42718679414075966, 0.42553641515619617, 0.4268779298838447, 0.42464235191251715, 0.4238719595413582, 0.42528439678397834, 0.42357926392087747, 0.42335451876415925, 0.4228422133361592, 0.4225294525716819, 0.42142856530114714, 0.4203687257626477, 0.4216763768710342, 0.4213994905060413, 0.4199957158051285, 0.4209868043076758, 0.42013007285548193, 0.41898249820166944, 0.4178649040998197, 0.41739871747353496, 0.4173779990158829, 0.41786420403742325, 0.4167222795533199, 0.41567834627394584, 0.41618431374138476, 0.41628218573682446, 0.4153074668902977, 0.41552263615178125, 0.415375234449611, 0.41520806913282354, 0.4132536281557644, 0.4130971408357807, 0.41330643261180205, 0.4128355489057653, 0.4127369464612475, 0.41185280797528284, 0.41277901857506993, 0.41096504704625, 0.4103342136915992, 0.41041504635530357, 0.4103480051545536, 0.41229048312879074], "val_loss": [0.6747261448339983, 0.6441775560379028, 0.6134468262845819, 0.599089806730097, 0.59272639317946, 0.5839853666045449, 0.5756787820295854, 0.5672726468606428, 0.5579546229405836, 0.5495629039677706, 0.5380153141238473, 0.5280277647755363, 0.5141630443659696, 0.503152996301651, 0.4933378615162589, 0.48355831883170386, 0.4763011634349823, 0.47170632535761053, 0.47029820355502044, 0.4651095216924494, 0.46422801234505395, 0.4640042646364732, 0.4617129591378299, 0.4622717662291093, 0.46073501489379187, 0.4591330723329024, 0.4605303542180495, 0.4611628732898019, 0.45909781618551776, 0.4579179747538133, 0.45645552331751044, 0.45757421309297736, 0.4567374722524123, 0.45623208717866376, 0.4560293501073664, 0.45721817829392175, 0.45684900879859924, 0.455816621130163, 0.4576025659387762, 0.45508056608113373, 0.45575321262533014, 0.4553236284039237, 0.45492863113229925, 0.4549618282101371, 0.4534854076125405, 0.4533364393494346, 0.45510208335789765, 0.4563868533481251, 0.45211975141005084, 0.4528052644296126, 0.4527034217661077, 0.4545361778952859, 0.45079392194747925, 0.45196419141509314, 0.4507388445464047, 0.4514349780299447, 0.4520324333147569, 0.45105242458256806, 0.4509780163114721, 0.4513883103023876, 0.45032276077704, 0.4502102163704959, 0.45121598785573785, 0.4506539729508487, 0.4520096182823181, 0.45013681054115295, 0.45022055777636444, 0.45033714175224304, 0.4488226283680309, 0.45004761489954864, 0.44743482904000714, 0.4484026404944333, 0.44973207061940973, 0.44931365143169055, 0.4503102519295432, 0.45005911046808417, 0.4477483250878074, 0.44900345531376923, 0.44952488758347253, 0.4474312717264349]}