{"best_val": 0.4710703194141388, "train_loss": [0.7038328018453386, 0.6616884105735354, 0.6323496864901649, 0.6064927412403954, 0.5863196088208092, 0.5671317080656687, 0.5470928615993924, 0.5384629534350501, 0.5301276809639401, 0.5269239991903305, 0.5210537099175983, 0.520133967200915, 0.5133184012439516, 0.5125412113136716, 0.5142629262473848, 0.5102312796645694, 0.5048172689146466, 0.5045511623223623, 0.5013261321518157, 0.5034967462221781, 0.49609388411045074, 0.495718851685524, 0.4950745768017239, 0.49375509719053906, 0.4923844618929757, 0.4905100547605091, 0.4887726654609044, 0.489683050248358, 0.48656172056992847, 0.48668723470634884, 0.4877389520406723, 0.484557428293758, 0.4826299051443736, 0.4838244401746326, 0.48414584663179183, 0.4831964754396015, 0.48033491770426434, 0.48246735831101734, 0.48452002306779224, 0.483338690466351, 0.48063118755817413], "val_loss": [0.6445750892162323, 0.6087721884250641, 0.5835541933774948, 0.5616121739149094, 0.5477074831724167, 0.5366256758570671, 0.533258743584156, 0.5277837365865707, 0.51764877140522, 0.5059460997581482, 0.5053394809365273, 0.5030337050557137, 0.5066511407494545, 0.4964308589696884, 0.4945058301091194, 0.4897935017943382, 0.4914015531539917, 0.49331101030111313, 0.49298130720853806, 0.48661430925130844, 0.4816073700785637, 0.48656921088695526, 0.4847055822610855, 0.48298048973083496, 0.48404884338378906, 0.47994375228881836, 0.48079923540353775, 0.479295939207077, 0.47573675215244293, 0.48207150399684906, 0.4710703194141388, 0.481693297624588, 0.47963231056928635, 0.4801613613963127, 0.47859154641628265, 0.4795837551355362, 0.4774070680141449, 0.47916318476200104, 0.4775332137942314, 0.48243898153305054, 0.480102576315403]}