{"best_val": 0.46394525468349457, "train_loss": [0.6942759421136644, 0.6542827089627584, 0.6080840826034546, 0.561539931429757, 0.5291772551006741, 0.5107997622754838, 0.49566252364052665, 0.4906971769200431, 0.4890677134195964, 0.48199692368507385, 0.47959290941556293, 0.47454026341438293, 0.4744098020924462, 0.4727487282620536, 0.4672069350878398, 0.4679044932126999, 0.46760599811871845, 0.46701572007603115, 0.46468690865569645, 0.4627124336030748, 0.4674035956462224, 0.46093011067973244, 0.4610486692852444, 0.46259932551119065, 0.461060106754303, 0.46126845479011536, 0.4572415633334054, 0.4591854628589418, 0.45956455171108246, 0.46084589262803394, 0.45598133239481187, 0.45824288328488666, 0.45961679849359727, 0.4565228306584888, 0.4549935774670707, 0.45592933727635276, 0.45689733657572007, 0.4553585416740841, 0.4561421043343014, 0.4549881120522817, 0.45675859186384415, 0.457216074069341, 0.4529040786955092, 0.4547133892774582, 0.4511657986376021, 0.45292920370896655, 0.4540034383535385, 0.45392163428995347, 0.452468173371421, 0.44944707055886585, 0.4495486252837711, 0.45140766931904686, 0.44781987369060516, 0.45137950115733677, 0.44895553754435646, 0.4502164555920495, 0.44833940598699784, 0.44909229543473983, 0.4493613756365246, 0.4501589834690094, 0.4465220669905345, 0.4461925791369544, 0.44532565938101876, 0.4471828407711453, 0.44949981073538464, 0.4456909779045317, 0.4477786537673738, 0.44557886487907833, 0.44563110835022396, 0.44841962721612716, 0.4431652045912213, 0.4456279906961653, 0.44549394647280377], "val_loss": [0.6721040457487106, 0.6368262320756912, 0.5988285392522812, 0.5711062103509903, 0.5694882199168205, 0.5438410639762878, 0.5365030094981194, 0.531118281185627, 0.5218759775161743, 0.5169070288538933, 0.5156308189034462, 0.5118526220321655, 0.5046997964382172, 0.5016191750764847, 0.5010064989328384, 0.5012515857815742, 0.49684401601552963, 0.4986819252371788, 0.49363359808921814, 0.48828569799661636, 0.48664993047714233, 0.48719223588705063, 0.48519477248191833, 0.48869258165359497, 0.4834263548254967, 0.48015133291482925, 0.48529504239559174, 0.48425474762916565, 0.47459500283002853, 0.4791067913174629, 0.4749346300959587, 0.4822295680642128, 0.4779968485236168, 0.4740591049194336, 0.47617674618959427, 0.4778044521808624, 0.4767848178744316, 0.4755697622895241, 0.47322210669517517, 0.4814649671316147, 0.4745665490627289, 0.4704773277044296, 0.47214891761541367, 0.47890711575746536, 0.4719312936067581, 0.472402922809124, 0.4759131297469139, 0.47399797290563583, 0.4690062999725342, 0.4693816304206848, 0.47154398262500763, 0.47280147671699524, 0.470648929476738, 0.4678534045815468, 0.46748803555965424, 0.4675508961081505, 0.47209078818559647, 0.46884629875421524, 0.473175473511219, 0.47870054095983505, 0.47009193897247314, 0.47092054039239883, 0.46394525468349457, 0.4673428013920784, 0.4795375242829323, 0.46750232577323914, 0.47309400141239166, 0.47350283712148666, 0.4699842482805252, 0.47175880521535873, 0.46895864605903625, 0.4712020754814148, 0.4716370701789856]}