{"best_val": 0.45341294732960785, "train_loss": [0.7253096103668213, 0.6656963778477089, 0.6282143066911137, 0.5999365495700463, 0.583777330085343, 0.5671179522486294, 0.5488926400156582, 0.5249073406060537, 0.5007198669162451, 0.4844219702131608, 0.4733576464886759, 0.46860503098543954, 0.46543511748313904, 0.4639817908698437, 0.46413439745996515, 0.4620356559753418, 0.4607442646634345, 0.459712402493346, 0.4589419943444869, 0.45971384586072433, 0.45835306422383176, 0.45797651304918174, 0.4562542128796671, 0.4562947206637439, 0.4560900540912853, 0.4560949089480381, 0.45516490001304477, 0.454713888612448, 0.4552689597887151, 0.45351136724154156, 0.4544471204280853, 0.45205165650330337, 0.4533642372664283, 0.4515702432277156, 0.4520808768038656, 0.4508952469218011, 0.4513005316257477, 0.45106276928209793, 0.45008593447068157, 0.44970080256462097, 0.44979944182377235, 0.44937192926219865, 0.4472857076747745, 0.4480581289412929, 0.44705261202419505, 0.4475064569828557], "val_loss": [0.6679866151376204, 0.6368095061995767, 0.6055604815483093, 0.5846091075377031, 0.574474426833066, 0.556172251701355, 0.5337224846536462, 0.5063017769293352, 0.48279194127429614, 0.4713610519062389, 0.46353630315173755, 0.4627677960829301, 0.46025289459662005, 0.45886235616423865, 0.4569668607278304, 0.45750756697221234, 0.45779086513952777, 0.4571521390568126, 0.4556845101443204, 0.45598153092644433, 0.4561759666963057, 0.4561429430137981, 0.454876953905279, 0.45455155047503387, 0.4540307277982885, 0.4574383361773057, 0.453601829030297, 0.4551247331229123, 0.45519797097552905, 0.4556612453677438, 0.4541641446677121, 0.45504821701483295, 0.4561012766577981, 0.45554124225269665, 0.45395518974824384, 0.45341294732960785, 0.4548693841153925, 0.4570711173794486, 0.4548345533284274, 0.4553967064077204, 0.4563418653878299, 0.45549260757186194, 0.45369626717133954, 0.4561564461751418, 0.4554387060078708, 0.45564850893887604]}