{"best_val": 0.4667620171200145, "train_loss": [0.715416153271993, 0.6611770403151419, 0.6101390403859756, 0.585162537355049, 0.5709887117731804, 0.5564376770281324, 0.5379815656764835, 0.5179947468579984, 0.4962392642217524, 0.4808617993897083, 0.47090399440597086, 0.46358148549117295, 0.4597344889360316, 0.4552953956173916, 0.45316041801490037, 0.45237021995525734, 0.4507375236819772, 0.44944868660440634, 0.4483555006045921, 0.4467551684847065, 0.44544360684413536, 0.44575083840127083, 0.4423074564513038, 0.44318387964192557, 0.4422350993343428, 0.4402709953925189, 0.4402909758044224, 0.4387905171104506, 0.43734131782662633, 0.4382960568456089, 0.43619324120820735, 0.4355039783552581], "val_loss": [0.6865947029807351, 0.6368146159432151, 0.6095178885893389, 0.594954019243067, 0.5817508643323724, 0.5641197508031671, 0.5403838374397971, 0.5217232324860313, 0.5017564350908453, 0.4885477234016765, 0.48065723885189404, 0.47693962400609796, 0.47412619265643036, 0.471474598754536, 0.47088336131789466, 0.4703490002588792, 0.46944044123996387, 0.46735031496394763, 0.4699467258019881, 0.4685002429918809, 0.4693089723587036, 0.4667620171200145, 0.46832622994076123, 0.4688126797025854, 0.4693835540251298, 0.46744677966291254, 0.4684620499610901, 0.468103135173971, 0.46996923739259894, 0.46749174323948944, 0.46945012970404193, 0.46891097859902814]}