{"best_val": 0.4642974084073847, "train_loss": [0.7438291054145962, 0.6897394306519452, 0.645641523249009, 0.6128836052090514, 0.5980282718060064, 0.5866274903802311, 0.5753854355391335, 0.5600414854638717, 0.5404923114122129, 0.5207529611447278, 0.5038203959371529, 0.4912933292342167, 0.48172616374258903, 0.4736601149334627, 0.467885612857108, 0.46458972785987107, 0.46376653395447076, 0.4614744157183404, 0.4610381897758035, 0.4613204627644782, 0.45851220570358575, 0.4601626215027828, 0.4592750148445952, 0.45977049481635, 0.45721034910164626, 0.4578545146128711, 0.45850025730974536, 0.45816252979577754, 0.45824094788700925, 0.4571730985360987, 0.4559146294406816, 0.4568324322793998, 0.4556954210879756, 0.455534441798341, 0.4553944906767677, 0.4547283772160025, 0.45459692793733936, 0.4549037463524762, 0.45435748906696544, 0.45424505951357824, 0.454099552304137, 0.45570428757106557, 0.453494692549986], "val_loss": [0.6858299320394342, 0.6501257094469938, 0.6225093819878318, 0.6075912063772028, 0.5994454839012839, 0.5914398431777954, 0.5783174363049594, 0.5607970194383101, 0.5405211367390372, 0.5224730751731179, 0.5041904530741952, 0.4954730109734969, 0.48796167969703674, 0.47923186963254755, 0.47648465633392334, 0.47427166321060876, 0.4728419293056835, 0.47203315659002826, 0.47203954512422736, 0.47050692547451367, 0.46960948272184894, 0.468841092153029, 0.4678623947230252, 0.46793745864521374, 0.4673350182446567, 0.46809954805807635, 0.46722957491874695, 0.4668492945757779, 0.4673925584012812, 0.468612557107752, 0.46763272989879956, 0.46763996102593164, 0.4642974084073847, 0.465055376291275, 0.46574575250799005, 0.4658320789987391, 0.46654260429469024, 0.4664540913971988, 0.46593392979015, 0.46591653607108374, 0.46784483844583685, 0.46568338437513873, 0.4644471623680808]}