{"best_val": 0.4832065850496292, "train_loss": [0.6820691724618276, 0.6594954364829593, 0.6384559803538852, 0.6179143852657742, 0.597963939110438, 0.5790595561265945, 0.5678865909576416, 0.5604373117287954, 0.5560247401396433, 0.5493227160639234, 0.5466584861278534, 0.53837983806928, 0.5370596249898275, 0.5353416469362047, 0.5330984824233584, 0.5299643526474634, 0.5284948431783252, 0.5256150133079953, 0.5222518212265439, 0.5229235804743237, 0.5190827863083946, 0.5203954610559676, 0.5186550418535868, 0.5151843676964442, 0.5109320415390862, 0.5139321072234048, 0.5100409703122245, 0.5113146089845233, 0.509578118721644, 0.5070763031641642, 0.5060644331905577, 0.5072023173173269, 0.5061329123046663, 0.5031090560886595, 0.5032284292909834, 0.49985988438129425, 0.49947162138091195, 0.5016231917672687, 0.5017083982626597, 0.49467271235254073, 0.49629917244116467, 0.49690117438634235, 0.49436457289589775, 0.49618519014782375], "val_loss": [0.6585703641176224, 0.6350281536579132, 0.6172829568386078, 0.5919542461633682, 0.5684587210416794, 0.5459404662251472, 0.5365940928459167, 0.5229353085160255, 0.524374470114708, 0.5241462588310242, 0.5126269608736038, 0.5166732892394066, 0.5142562538385391, 0.5093821808695793, 0.5087778121232986, 0.506505623459816, 0.506034292280674, 0.500503234565258, 0.5017590820789337, 0.5079985931515694, 0.501539796590805, 0.49948134273290634, 0.5054784715175629, 0.49625708907842636, 0.5038509294390678, 0.4905272349715233, 0.5000815019011497, 0.4924236163496971, 0.4945828691124916, 0.489852711558342, 0.49056313186883926, 0.494158074259758, 0.489762581884861, 0.4832065850496292, 0.4858589693903923, 0.4916893020272255, 0.48738156259059906, 0.4916670545935631, 0.4854763373732567, 0.48936767131090164, 0.4873668998479843, 0.48994117230176926, 0.4934087246656418, 0.48835937678813934]}