{"best_val": 0.5126195177435875, "train_loss": [0.6746246549818251, 0.6527270972728729, 0.6339491440190209, 0.6171426276365916, 0.5991970101992289, 0.5828596585326724, 0.5681363344192505, 0.5576244758235084, 0.5450414849652184, 0.5420256157716116, 0.5325545701715682, 0.5299936582644781, 0.5280846837494109, 0.5228510349988937, 0.5170625878704919, 0.5199946330653297, 0.5159682101673551, 0.5166362805498971, 0.5145839734209908, 0.5156334737936655, 0.5120880156755447, 0.5083440277311537, 0.5075093491209878, 0.5022174086835649, 0.502473415599929, 0.5017086002561781, 0.5019428680340449, 0.5018758790360557, 0.5017222397857242, 0.49694760806030697, 0.49791910085413194, 0.4969906376467811, 0.49427974389659035, 0.4955160766839981, 0.4949898835685518, 0.4924890316194958, 0.49470772676997715, 0.49226878252294326, 0.4904600613647037, 0.48961318367057377, 0.4934810482793384, 0.48982740607526565, 0.4913254446453518, 0.4871987882587645, 0.49013349248303306, 0.48694566057788, 0.4860127568244934, 0.4847569382852978, 0.4858733382489946, 0.4831438776519563, 0.4860071722004149, 0.4841637627946006, 0.4812539021174113, 0.48120604786607957, 0.48342154092258877, 0.48140833775202435, 0.47752021584245896], "val_loss": [0.6655474603176117, 0.6475702524185181, 0.6331104040145874, 0.6166479140520096, 0.6026299297809601, 0.5896337181329727, 0.5818741172552109, 0.564409613609314, 0.5651627480983734, 0.558734193444252, 0.5534748882055283, 0.5458088368177414, 0.5488500148057938, 0.5457152873277664, 0.5524925962090492, 0.5455854013562202, 0.5331432968378067, 0.5351503938436508, 0.5270209163427353, 0.5275652185082436, 0.5298226624727249, 0.5338805839419365, 0.5234018489718437, 0.5282232537865639, 0.5207402259111404, 0.5261488035321236, 0.5211111754179001, 0.5208146050572395, 0.5321766287088394, 0.524542860686779, 0.516262412071228, 0.525214433670044, 0.5195514038205147, 0.5194038599729538, 0.5203773826360703, 0.5178325474262238, 0.5158794596791267, 0.5207905471324921, 0.5226140841841698, 0.5216068029403687, 0.520922988653183, 0.5217159166932106, 0.5173795968294144, 0.5173345729708672, 0.5200395435094833, 0.5192592591047287, 0.5126195177435875, 0.5168660059571266, 0.5127946585416794, 0.5191247463226318, 0.5133335441350937, 0.5192217975854874, 0.5163674131035805, 0.5199210792779922, 0.5170964673161507, 0.5210257098078728, 0.5163918137550354]}