{"best_val": 0.4244853610342199, "train_loss": [0.6937754937246734, 0.6681707559847364, 0.633997331647312, 0.606457440292134, 0.5933104928802041, 0.5829063957812739, 0.5729671816031138, 0.5647924244403839, 0.5532268379248825, 0.542116851198907, 0.5311337499057546, 0.518457349024567, 0.5080908677157234, 0.49787626546971936, 0.4867680522741056, 0.4762493851138096, 0.4679420321595435, 0.46151966966834723, 0.45475077044730094, 0.45067109722717136, 0.4481914879060259, 0.44302043143440695, 0.44225698358872356, 0.4407132349762262, 0.4395279878494786, 0.4377580512972439, 0.4362861075822045, 0.43565255403518677, 0.4352370389536315, 0.4342182290320303, 0.4330407275873072, 0.43335118013269763, 0.43166612643821567, 0.4312815409080655, 0.4303920794935787, 0.4314763627800287, 0.42966602362838446, 0.42966915287223517, 0.42805282333317923, 0.42705288704703837, 0.4277359165397345, 0.4263933406156652, 0.42576012424394194, 0.4249054549955854, 0.42517855938743143, 0.4248522654467938, 0.42397690345259276, 0.4245711687733145, 0.42385438435217915, 0.4217265657350129, 0.4224861451223785, 0.42092885281525405, 0.42176011964386584, 0.4207493358967351, 0.42079328321943094, 0.4195593379291834, 0.4200822448029238, 0.419823931128371, 0.4198415139142205, 0.41917502120429395, 0.4174078702926636, 0.4180025960884842, 0.4174047965629428, 0.41585642975919385, 0.4164736598145728, 0.4155143177976795, 0.4156859914461772, 0.4155144808339138, 0.41477467265783574, 0.4151183080439474, 0.41365187133059783, 0.4127449340680066, 0.41339993476867676, 0.4137033265010983, 0.41232698805191936, 0.41211919223561005, 0.41258271243058, 0.4103573116601682, 0.410680097692153, 0.41034390353689004, 0.4095620881108677, 0.4093017560594222, 0.4089127060245065, 0.40829697543499516, 0.40910190986652, 0.4093235333760579, 0.4081915108596577, 0.4082097346876182, 0.40830642218683283, 0.4072624941666921, 0.40713462408851175, 0.4057266314824422, 0.40636740011327405, 0.40661505974975287, 0.40625132824860366, 0.40411529763072146, 0.4042453900271771, 0.40379151585055334, 0.404075507439819, 0.4038351744997735, 0.40274935902333725, 0.4036903492375916, 0.4025186756077935, 0.4025198618570964, 0.40187061125156925, 0.40106670762978347, 0.40087689956029254, 0.40119991232367125, 0.4003596913580801, 0.3993607560793559, 0.4001977700813144], "val_loss": [0.6817539930343628, 0.6524543003602461, 0.6147270040078596, 0.5934750058434226, 0.5830655477263711, 0.5743953097950328, 0.5651960156180642, 0.5542449165474285, 0.5470572764223273, 0.5346409597180106, 0.5255512026223269, 0.5157390507784757, 0.5058587762442502, 0.49609450047666376, 0.4852040301669728, 0.47745553200895136, 0.4715160754593936, 0.46686567772518506, 0.4607756625522267, 0.4569259827787226, 0.4534310427579013, 0.4517933021892201, 0.45029957457022235, 0.4496422599662434, 0.4499350163069638, 0.4457772509618239, 0.446086585521698, 0.44668214971368964, 0.44462800838730554, 0.445517745884982, 0.443746723911979, 0.44223258712074975, 0.4417357851158489, 0.4420729306611148, 0.4422480138865384, 0.4407881742173975, 0.4409592341292988, 0.44080220569263806, 0.43912670558149164, 0.44073793021115387, 0.43976056575775146, 0.4400774565610019, 0.43772134997627954, 0.4380255775018172, 0.4373957839879123, 0.4379930821332065, 0.4358805472200567, 0.43716672604734247, 0.4353949590162797, 0.43622305718335236, 0.43559351563453674, 0.4356062114238739, 0.43387575583024457, 0.4344367032701319, 0.4333129010417245, 0.4343417449430986, 0.4339982135729356, 0.4329124851660295, 0.4332837570797313, 0.43317143483595416, 0.4326301704753529, 0.43288964304057037, 0.43323866345665674, 0.43145255879922345, 0.43223512985489587, 0.43273522095246747, 0.43194611235098407, 0.4335207532752644, 0.43183005397970026, 0.43159053271467035, 0.42986526814374054, 0.42975021492351184, 0.43104634230787103, 0.4308044639500705, 0.4319434707814997, 0.43040832064368506, 0.431755778464404, 0.4308653934435411, 0.4313036799430847, 0.42820723219351337, 0.4292766478928653, 0.42922126704996283, 0.43039393695918, 0.4293781871145422, 0.42845331538807263, 0.4317967891693115, 0.42800529436631635, 0.42760031060738996, 0.4275423396717418, 0.429583262313496, 0.4275607304139571, 0.4277501675215634, 0.42776338349689136, 0.42637133598327637, 0.42717007073489105, 0.4281644956632094, 0.4279003251682628, 0.4267602860927582, 0.4272258931940252, 0.42617084221406415, 0.4244853610342199, 0.42791000550443475, 0.4270493171431802, 0.42657763036814605, 0.42670363729650324, 0.4263571825894443, 0.4270866025577892, 0.4268745183944702, 0.42563346841118554, 0.4259291074492715, 0.4250543876127763]}