{"best_val": 0.45834904638203705, "train_loss": [0.660576247701458, 0.6242243764447231, 0.591584233676686, 0.5739300823679158, 0.5577746425189224, 0.53892877405765, 0.5170859069216485, 0.4953888999480827, 0.48029383198887693, 0.46892794148594724, 0.4624319561556274, 0.4566776518728219, 0.455105510412478, 0.452800675350077, 0.45367461150767757, 0.45002465563661914, 0.4499526199172525, 0.44722934797698377, 0.44713628876443, 0.44587120355344284, 0.44547246659503265, 0.4439876926880257, 0.44277555393237694, 0.4426146552843206, 0.44127348006940353, 0.44178275325719046, 0.44139442841211957, 0.4397069689105539, 0.43968844822808806, 0.4385099691503188, 0.4377010727629942, 0.43643707270715754, 0.43683040843290444, 0.43580226804695876, 0.4355823859280231, 0.4339597014819874, 0.43432411025552187, 0.43444766951542274], "val_loss": [0.6380885568532076, 0.5988981019366871, 0.5796582861380144, 0.5700615373524752, 0.5541252439672296, 0.537986389615319, 0.5179764194922014, 0.4974203407764435, 0.48728987032716925, 0.4768769145011902, 0.47489952770146454, 0.47238644686612213, 0.4670647382736206, 0.46808131445537915, 0.46410236033526336, 0.46566378799351776, 0.46269275925376196, 0.46125097437338397, 0.4628107331015847, 0.4635496004061265, 0.4610083590854298, 0.46032079783352936, 0.46226431835781445, 0.46145874803716486, 0.46168344671075995, 0.4623244188048623, 0.4609818160533905, 0.45834904638203705, 0.45909075845371594, 0.46119589426300744, 0.459827872839841, 0.46368360790339386, 0.4622326845472509, 0.46191183816302905, 0.4598728743466464, 0.46073448116129095, 0.4589389887723056, 0.4600249501791867]}