{"best_val": 0.4630774185061455, "train_loss": [0.6888050503200955, 0.6592697931660546, 0.6281200249989828, 0.5952037142382728, 0.5655219289991591, 0.5447188466787338, 0.5303283631801605, 0.521258251534568, 0.5145741585228178, 0.5101260344187418, 0.5054864701297548, 0.4997452298800151, 0.49912874897321063, 0.4979555673069424, 0.49690783354971146, 0.4917672988441255, 0.4907457497384813, 0.4876608649889628, 0.48726454542742836, 0.485881464348899, 0.4822835657331679, 0.484081420633528, 0.4826530052555932, 0.48386037515269387, 0.48142214947276646, 0.48270248042212593, 0.4791462504201465, 0.47808633413579726, 0.47881487177477944, 0.4786122871769799, 0.477362291680442, 0.4747914986477958, 0.4744858791430791, 0.47995105054643417, 0.47342342634995777, 0.4785643931892183, 0.4749176452557246, 0.47312433355384403, 0.47572122183110976, 0.4731624225775401, 0.47366510662767625, 0.46928132904900444, 0.4711950735913383, 0.4714814888106452, 0.47220124966568416, 0.46905336115095353, 0.4734998560614056, 0.4773015197780397, 0.4691493759552638, 0.46994728181097245, 0.47327974604235756, 0.4690066658788257, 0.4690315028031667, 0.4733102255397373, 0.46792612804306877, 0.46786678499645656, 0.46786823040909237, 0.46786773204803467, 0.4706215080287721, 0.46884796520074207], "val_loss": [0.6714027673006058, 0.6413001120090485, 0.6139239817857742, 0.5804534703493118, 0.5575469583272934, 0.540286161005497, 0.5355267375707626, 0.5167148187756538, 0.5173032283782959, 0.5124631375074387, 0.501319944858551, 0.496930867433548, 0.4985125884413719, 0.49132269620895386, 0.4940825030207634, 0.4878033548593521, 0.4902467131614685, 0.4830532521009445, 0.47908349335193634, 0.4811822474002838, 0.4851100370287895, 0.4835165962576866, 0.4800391048192978, 0.4763958007097244, 0.47838179022073746, 0.47303637117147446, 0.4756990596652031, 0.4772151857614517, 0.4751690924167633, 0.46922517567873, 0.4756132885813713, 0.47496088594198227, 0.47289448976516724, 0.46895117312669754, 0.46913111954927444, 0.4723131060600281, 0.4766971841454506, 0.4715052917599678, 0.4696188271045685, 0.47232338041067123, 0.4693365544080734, 0.46877720952033997, 0.4708712548017502, 0.46478182822465897, 0.46845097839832306, 0.46785345673561096, 0.46497849375009537, 0.4767775312066078, 0.46957485377788544, 0.4630774185061455, 0.4719548374414444, 0.47179777175188065, 0.4686422273516655, 0.46379613131284714, 0.4697962626814842, 0.4659227654337883, 0.4765416085720062, 0.46406642347574234, 0.47104576230049133, 0.47243134677410126]}