{"best_val": 0.45200021971355786, "train_loss": [0.673228944049162, 0.6314353639004278, 0.5988536021288704, 0.5863324731004005, 0.5779181485082588, 0.568903804994097, 0.5564548799804613, 0.5354675749937693, 0.5085105720688315, 0.48666157325108844, 0.47384290660128875, 0.46564579477497176, 0.46318789907530244, 0.4591750128596437, 0.45689208425727545, 0.4545525902626561, 0.4541959517142352, 0.4520476840290369, 0.44992998125506384, 0.44902287861880136, 0.44796622150084553, 0.44801033770336823, 0.4455552615371405, 0.44524180947565567, 0.4444497788653654, 0.44352418301152247, 0.44312265982814864, 0.4404158954526864, 0.44023966847681534, 0.43814482174667657, 0.4380308991553737, 0.43746352429483454, 0.43716011210983874, 0.43545754399954106, 0.4349689653106764, 0.43402506440293553, 0.4336315685627507, 0.4311859765473534, 0.43128448666310776, 0.4303624711784662, 0.42901551022249107, 0.42726046372862425, 0.4266551183719261, 0.4271544708925135, 0.4249904313508202, 0.4255358600148968, 0.4232930985151553, 0.42366649765594333, 0.4233904422498217], "val_loss": [0.6514711921865289, 0.6084424257278442, 0.5839972550218756, 0.5738283179023049, 0.5666068196296692, 0.5575064122676849, 0.540152292359959, 0.518212849443609, 0.49379405650225555, 0.4794127480550246, 0.47096681052988226, 0.46808429197831586, 0.4654845486987721, 0.4637136621908708, 0.46377885612574493, 0.461519024588845, 0.4607774398543618, 0.4607910757715052, 0.4599132483655756, 0.45935202457688074, 0.457665199583227, 0.4565373523668809, 0.4595582837408239, 0.45610343597152014, 0.4564062763344158, 0.4593518647280606, 0.45635978200218896, 0.45513220808722754, 0.4549754424528642, 0.45547276735305786, 0.4549519555135207, 0.4539571458643133, 0.45629840005527844, 0.4543479193340648, 0.4535388811068101, 0.455554181879217, 0.45325888286937366, 0.4534571035341783, 0.45200021971355786, 0.4546898603439331, 0.45321639288555493, 0.45325207168405707, 0.45229343392632226, 0.45235672322186554, 0.4529475894841281, 0.45310086011886597, 0.4523715458133004, 0.45269406925548206, 0.45216544649817725]}