{"best_val": 0.46623112667690625, "train_loss": [0.7206290593514075, 0.6593168274714396, 0.6073488673338523, 0.5864402548624918, 0.5715777604625776, 0.5548119659607227, 0.532554186307467, 0.5084115020357646, 0.4894709541247441, 0.4765206976578786, 0.47056593803259045, 0.4665477763001735, 0.46277081164029926, 0.4611287609888957, 0.45945607469632077, 0.4572121776067294, 0.4580455284852248, 0.4591866611288144, 0.4561283582678208, 0.45687225804879117, 0.45476024196698117, 0.45697840876304185, 0.4534178748726845, 0.456910633123838, 0.4555455618179761, 0.45587408313384425, 0.45573241263628006, 0.45451975556520313, 0.45667389780282974, 0.45445659871284777, 0.45150640263007236, 0.44981687286725414, 0.45206703818761385, 0.4504140724356358], "val_loss": [0.6879378069530834, 0.626008082519878, 0.5921271605925127, 0.5818489410660483, 0.5669645341959867, 0.5483939864418723, 0.5259316184303977, 0.5009332597255707, 0.48666604811495, 0.4769844575361772, 0.47208732095631684, 0.47027189894156024, 0.46986398100852966, 0.469783986156637, 0.4692420282147147, 0.4689058607274836, 0.46901419487866486, 0.47017596526579425, 0.4713125472719019, 0.4698731682517312, 0.4673824662511999, 0.4676452035253698, 0.4746637317267331, 0.46623112667690625, 0.4667638513174924, 0.4688941619612954, 0.4687040095979517, 0.4690327752720226, 0.47040946917100385, 0.46931223435835406, 0.46860377355055377, 0.4699852168560028, 0.46737612919373944, 0.4680293690074574]}