{"best_val": 0.516555480659008, "train_loss": [0.7194697558879852, 0.6912520825862885, 0.6639600959089067, 0.6343686547544267, 0.6019602682855394, 0.5716858704884847, 0.5432760698927773, 0.527229881948895, 0.5181081377797656, 0.5099042505025864, 0.5065838264094459, 0.5035095281071134, 0.49731960230403477, 0.49086860318978626, 0.49245055350992417, 0.4897247188621097, 0.4894571138752831, 0.4856857740216785, 0.4858124968078401, 0.4861753582954407, 0.48290743430455524, 0.48670140239927506, 0.48381023274527657, 0.4818765487935808, 0.4821368207534154, 0.4802572793430752, 0.4793955369128121, 0.47831059164471096, 0.4767944994899962, 0.47670882443586987, 0.47620804773436654, 0.4746166732576158, 0.47458433277077144, 0.47537679473559064, 0.47306590444511837, 0.4755442490180333, 0.470708954665396, 0.4751219352086385], "val_loss": [0.7154089510440826, 0.6908578723669052, 0.6666009277105331, 0.638456791639328, 0.6131972223520279, 0.58716881275177, 0.5668445825576782, 0.5617951154708862, 0.5579240322113037, 0.55156409740448, 0.5490317493677139, 0.5428161695599556, 0.5417437553405762, 0.5388448759913445, 0.5416639298200607, 0.5361073091626167, 0.5322970300912857, 0.5353197008371353, 0.5309365689754486, 0.5335255190730095, 0.5280124172568321, 0.5268502607941628, 0.5331643149256706, 0.5321829468011856, 0.5270741656422615, 0.5264700129628181, 0.5230345278978348, 0.516555480659008, 0.5213245749473572, 0.5227840393781662, 0.5198604837059975, 0.5218867808580399, 0.5223575234413147, 0.5249221473932266, 0.5185436382889748, 0.5191899463534355, 0.5175378024578094, 0.5196643024682999]}