{"best_val": 0.4590051546692848, "train_loss": [0.7068105406231351, 0.6882236301898956, 0.6681945754422082, 0.6460788879129622, 0.6212524440553453, 0.5904516511493259, 0.5648907721042633, 0.5484456105364693, 0.5410339848862754, 0.5390702287356058, 0.5306587351693047, 0.5307958920796713, 0.528853714466095, 0.532599988910887, 0.5290503882699542, 0.5252520905600654, 0.5248329639434814, 0.5252373930480745, 0.5251335054636002, 0.5202554017305374, 0.521044961280293, 0.5164403484927284, 0.518361950914065, 0.5213011436992221, 0.5177862197160721, 0.5172088609801399, 0.5158636917670568, 0.5171422478225496, 0.5200354208548864, 0.5119676374726825, 0.5118149287170835, 0.5145723107788298, 0.5155234138170878, 0.511045065191057, 0.5096797512637244, 0.5074494166506661, 0.5070481167899238, 0.5100057588683234, 0.5102888610627916, 0.5095779200394949, 0.5097585254245334, 0.5071851429012086, 0.5064046416017745, 0.5050144874387317, 0.5062118139531877, 0.5035016271803114, 0.5018196470207639, 0.5010223786036173, 0.5048065897491243, 0.5025332288609611, 0.5037097632884979, 0.5020887504021326, 0.5053519689374499, 0.5015184995200899, 0.5002939154704412, 0.49866179790761733, 0.5013522704442342, 0.49792922536532086, 0.4982529613706801, 0.49915054274929893, 0.4976567758454217, 0.49945637583732605, 0.49609482619497514, 0.4984450423055225, 0.49588919348186916, 0.49592412677076125, 0.49848979380395675, 0.49781541691886055, 0.4964669280582004, 0.4944305701388253, 0.49508897960186005, 0.4957440545161565, 0.4925229863988029, 0.49778514272636837, 0.49282063709365, 0.4924678173330095, 0.49112296601136524, 0.4946977463033464, 0.49309393266836804, 0.49069945017496747, 0.4926717546251085, 0.49242401123046875], "val_loss": [0.7043052017688751, 0.6819546222686768, 0.6575919389724731, 0.6305635273456573, 0.5991635322570801, 0.5603599101305008, 0.5355618745088577, 0.5122305229306221, 0.5068849623203278, 0.5036130622029305, 0.5051818117499352, 0.49310529977083206, 0.5018773078918457, 0.4973868429660797, 0.49144483357667923, 0.4933236762881279, 0.4954470843076706, 0.4885907471179962, 0.4901014715433121, 0.49220196157693863, 0.48925352841615677, 0.4889377951622009, 0.48983680456876755, 0.491212897002697, 0.48722414672374725, 0.48625094443559647, 0.48626258224248886, 0.4832216203212738, 0.48318537324666977, 0.48118044435977936, 0.47693588584661484, 0.4830356612801552, 0.4831051602959633, 0.4763083830475807, 0.47836972028017044, 0.47786977142095566, 0.4775558337569237, 0.47552431374788284, 0.47530924528837204, 0.4757389798760414, 0.47656337171792984, 0.4783414453268051, 0.4700399786233902, 0.4711945429444313, 0.47441572695970535, 0.4701112359762192, 0.4749031662940979, 0.4758967310190201, 0.47121354937553406, 0.4721616357564926, 0.4741721972823143, 0.4681350812315941, 0.473592609167099, 0.47345154732465744, 0.46781928837299347, 0.4756948947906494, 0.47029418498277664, 0.4681345671415329, 0.47074511647224426, 0.4691922143101692, 0.4645847976207733, 0.4684287831187248, 0.4669744744896889, 0.4678718224167824, 0.46530061215162277, 0.47191905975341797, 0.46995851397514343, 0.4618712514638901, 0.46769195795059204, 0.4682255983352661, 0.46554557234048843, 0.4590051546692848, 0.46362464129924774, 0.46805789321660995, 0.46322499215602875, 0.46527860313653946, 0.46800388395786285, 0.461942121386528, 0.46942363679409027, 0.4607129171490669, 0.4713353365659714, 0.45936819911003113]}