{"best_val": 0.4292295222932642, "train_loss": [0.6965751215523365, 0.6286043431244644, 0.5879567873244192, 0.5689272944833718, 0.5466788843566296, 0.5229229623196172, 0.501090338417128, 0.48366138514350443, 0.47013045409146476, 0.46142853767264125, 0.4565604188862969, 0.4531240252887501, 0.45149411699351144, 0.45024917523066205, 0.44907885672999365, 0.4483691109161751, 0.445923539353352, 0.4451775726150064, 0.4430161071758644, 0.44341224957914915, 0.44301916804968144, 0.4421138862768809, 0.44052422747892495, 0.43884385683957267, 0.43795962076561123, 0.4372044737432517, 0.43706538338287204, 0.43592797248971227, 0.4362838379308289, 0.4342535430309819, 0.4339551119243397, 0.433030284502927, 0.43243982686715965, 0.4314861063863717, 0.4302908053585127, 0.4296234226694294, 0.4285152279863171, 0.42750057519650925, 0.42725660520441394, 0.4261459766649732, 0.4264208335502475, 0.42485985744233223, 0.42411061829211666, 0.424059939735076, 0.42145012172998164, 0.4208134687414356, 0.41974565036156597, 0.41960841358876694, 0.41958797679227944, 0.4185604137532851, 0.4175114520624572, 0.41672180680667653, 0.4161562861180773, 0.415655736245361, 0.41421947584432717, 0.4139290533813776, 0.41222450370882074], "val_loss": [0.6548434821042147, 0.591912410475991, 0.5684929977763783, 0.5486157699064775, 0.5252385193651373, 0.49869419769807294, 0.48106884414499457, 0.4635821960189126, 0.4535198482600125, 0.44644105434417725, 0.44314186681400647, 0.44144370610063727, 0.4420407929203727, 0.43918597969141876, 0.43805558302185754, 0.4376799897714095, 0.4377369447187944, 0.4366480735215274, 0.43812934918837115, 0.4376591850410808, 0.43435091322118585, 0.4367392523722215, 0.43509606339714746, 0.43360019542954187, 0.434683694080873, 0.4359010024504228, 0.43421262773600494, 0.4350408234379508, 0.43329873410138214, 0.433503121137619, 0.43351290171796625, 0.43407523090189154, 0.43346976150165906, 0.4339638596231287, 0.4336605586788871, 0.4326239065690474, 0.4340603378686038, 0.43285074830055237, 0.4310531941327182, 0.43373062122951855, 0.43173086643218994, 0.43232076547362586, 0.4322029568932273, 0.43242819742722943, 0.43190153620459815, 0.43224564736539667, 0.4292295222932642, 0.43173834681510925, 0.4308381676673889, 0.43339894034645776, 0.43166192282329907, 0.43195715275677765, 0.4309173714030873, 0.43166227774186566, 0.43322924321348016, 0.43191483887759125, 0.4315472732890736]}