{"best_val": 0.5016674920916557, "train_loss": [0.6707653204600016, 0.6491038600603739, 0.6299576361974081, 0.6108911964628432, 0.593268460697598, 0.5747793747319115, 0.5571593907144334, 0.5463101168473562, 0.537107464339998, 0.5310025281376309, 0.5237254947423935, 0.5214016851451662, 0.517595476574368, 0.514667347073555, 0.5111317932605743, 0.5074966367748048, 0.5043600979778502, 0.503566273384624, 0.5032688644197252, 0.5026477211051517, 0.5004273984167311, 0.49861112236976624, 0.4975159731176164, 0.49882443911499447, 0.49436259766419727, 0.49091368582513595, 0.49326780438423157, 0.49350111848778194, 0.49375328256024253, 0.4870363258653217, 0.4879183653328154, 0.49014389846060014, 0.48807812564902836, 0.48784426351388294, 0.485399776034885, 0.4869228055079778, 0.485895155204667, 0.48700450195206535, 0.48401498132281834, 0.4833531313472324, 0.48546528650654686, 0.4862619439760844], "val_loss": [0.6320930868387222, 0.6234317719936371, 0.61324742436409, 0.6029448211193085, 0.5874613672494888, 0.5791897773742676, 0.5625254958868027, 0.5521276220679283, 0.5516457632184029, 0.5509048700332642, 0.5471091717481613, 0.5426000133156776, 0.5329971686005592, 0.5345432013273239, 0.5366001278162003, 0.5354222804307938, 0.5289193093776703, 0.5235086530447006, 0.5270752087235451, 0.5206124186515808, 0.520536482334137, 0.5190393701195717, 0.5213102921843529, 0.5110575333237648, 0.508606493473053, 0.5119216814637184, 0.5130306333303452, 0.5115491226315498, 0.5099832192063332, 0.5162600874900818, 0.5052477046847343, 0.5016674920916557, 0.5065881609916687, 0.5093082040548325, 0.5093046128749847, 0.5075446665287018, 0.5033772066235542, 0.5130139142274857, 0.5058948621153831, 0.5084754377603531, 0.5025918558239937, 0.5034830644726753]}