{"best_val": 0.4976346865296364, "train_loss": [0.6664639115333557, 0.6274668342537351, 0.5903236203723483, 0.5500859055254195, 0.5247001234028075, 0.513804606265492, 0.5068710065550275, 0.5019182562828064, 0.4959992981619305, 0.493735338250796, 0.48740601870748734, 0.48507747716373867, 0.4789856688843833, 0.4759519381655587, 0.4741606828239229, 0.4744599345657561, 0.4728662537203895, 0.47145432233810425, 0.46915968424744076, 0.4685865143934886, 0.4678708397679859, 0.47006332708729637, 0.46720561054017806, 0.46634112298488617, 0.46525655024581486, 0.4647449966933992], "val_loss": [0.6360114067792892, 0.5994833409786224, 0.565555602312088, 0.5541833192110062, 0.543898344039917, 0.5387206822633743, 0.538617767393589, 0.5269124954938889, 0.5309765562415123, 0.5192668065428734, 0.5187560021877289, 0.515834741294384, 0.5137902721762657, 0.5086736902594566, 0.5126693695783615, 0.4976346865296364, 0.5086730569601059, 0.5056363716721535, 0.5033901408314705, 0.505769893527031, 0.5029556453227997, 0.5085515007376671, 0.5029431283473969, 0.5023451820015907, 0.5044920146465302, 0.5041616186499596]}