{"best_val": 0.4705515578389168, "train_loss": [0.7035596039560106, 0.7007354961501228, 0.6978534758090973, 0.6950889527797699, 0.6923436886734433, 0.6897456049919128, 0.6867257886462741, 0.6840034623940786, 0.6811117728551229, 0.6782633430427976, 0.67512446641922, 0.6718585424953036, 0.6688624090618558, 0.6657008561823103, 0.6622549162970649, 0.6581532094213698, 0.6540926131937239, 0.6490074892838796, 0.644018550713857, 0.6391896141899956, 0.6343920595116086, 0.628978818655014, 0.6237341728475359, 0.6185512906975217, 0.6138734420140585, 0.6099921961625417, 0.6056862738397386, 0.6017944051159753, 0.599469330575731, 0.5967842373583052, 0.5932768086592356, 0.5894506673018137, 0.5867917339007059, 0.5832860403590732, 0.5804300275113847, 0.5796671873993344, 0.5752924101220237, 0.5744681855042776, 0.5733661750952402, 0.5713241034083896, 0.5689632859494951, 0.5678277181254493, 0.5669678714540269, 0.5653273363908132, 0.5623509387175242, 0.5615456336074405, 0.5589327729410596, 0.5568444348043866, 0.5590172078874376, 0.5544314119550917, 0.5517120046748055, 0.5517728312147988, 0.5500692642397351, 0.5470266176594628, 0.545646940668424, 0.5469076252645917, 0.5416437337795893, 0.5420444276597765, 0.539060158862008, 0.5395167271296183, 0.5362871388594309, 0.5356789711448882, 0.5326528631978564, 0.5350289709038205, 0.533657592203882, 0.5356862280103896, 0.5331050720479753, 0.5320950597524643, 0.5313944965600967, 0.5330186519357893, 0.5279276867707571, 0.5318594972292582, 0.5295867340432273, 0.5292330020003848, 0.5270523710383309, 0.5250865783956316, 0.5252677135997348, 0.5268707722425461, 0.5236454870965745, 0.5255740135908127, 0.5243511829111311, 0.52310378352801, 0.5231775161292818, 0.5213662187258402, 0.5205933219856687, 0.5242095407512453, 0.5201754404438866, 0.5213033937745624, 0.5211984001927905, 0.5195268640915552, 0.5180580019950867, 0.5178437597221799, 0.5200202365716299, 0.5147658156024085, 0.5166580296225018, 0.5164894180165397, 0.513570562005043, 0.5157023287481732, 0.512708466913965, 0.5142643021212684], "val_loss": [0.7026961743831635, 0.6995103806257248, 0.6965958178043365, 0.693516418337822, 0.6904792338609695, 0.6875137388706207, 0.6845293194055557, 0.6810227036476135, 0.6778659224510193, 0.6744011640548706, 0.6709056347608566, 0.6672002971172333, 0.6634364426136017, 0.6595161706209183, 0.6560276001691818, 0.651787206530571, 0.6461541652679443, 0.6416924446821213, 0.6354118287563324, 0.6302791088819504, 0.6235427111387253, 0.6155256628990173, 0.607975646853447, 0.6031391471624374, 0.5967050343751907, 0.5920988768339157, 0.5866153687238693, 0.5875237286090851, 0.5770482867956161, 0.5778142958879471, 0.5720026940107346, 0.5699997246265411, 0.5634415000677109, 0.5652344077825546, 0.5600700229406357, 0.5555384010076523, 0.5560439005494118, 0.5493449568748474, 0.544034406542778, 0.5501845628023148, 0.5404227823019028, 0.540757842361927, 0.5381671190261841, 0.5378852859139442, 0.530700072646141, 0.5275822132825851, 0.5258739739656448, 0.5252546519041061, 0.5272501334547997, 0.5245166569948196, 0.5175906047224998, 0.513752207159996, 0.5141475200653076, 0.5126636847853661, 0.5128538981080055, 0.5044800043106079, 0.5078098177909851, 0.5088885650038719, 0.5101432576775551, 0.5004241466522217, 0.5054134577512741, 0.49591707438230515, 0.49717115610837936, 0.5042025148868561, 0.4979393035173416, 0.4947090372443199, 0.49836207181215286, 0.4902324229478836, 0.4940328299999237, 0.4871107116341591, 0.4989066869020462, 0.48883599787950516, 0.48443276435136795, 0.48526205122470856, 0.4925769492983818, 0.488749660551548, 0.48573461920022964, 0.4903857856988907, 0.48857689648866653, 0.47912950813770294, 0.4846774488687515, 0.4823642820119858, 0.484221912920475, 0.4785831943154335, 0.48591233044862747, 0.4858465641736984, 0.47754065692424774, 0.4801212027668953, 0.4786679893732071, 0.4705515578389168, 0.47912947833538055, 0.4833556190133095, 0.4823690205812454, 0.47731487452983856, 0.47260230779647827, 0.4785805866122246, 0.47424519062042236, 0.4769495278596878, 0.47837548702955246, 0.4745543375611305]}