{"best_val": 0.4658336117863655, "train_loss": [0.6577050089836121, 0.5953899754418267, 0.5328284584813647, 0.5194225079483457, 0.5037155350049337, 0.4982038107183244, 0.4906572103500366, 0.4906621426343918, 0.4817725121974945, 0.4840868049197727, 0.4812852425707711, 0.4756099118126763, 0.47839578489462536, 0.47728197111023796, 0.4707386013534334, 0.4709624581866794, 0.47363444334930843, 0.467989401684867, 0.4699166566133499, 0.470051109790802, 0.4697961144977146, 0.4720143179098765, 0.4672021038002438, 0.469629446665446, 0.46414455274740857], "val_loss": [0.6250073164701462, 0.5598576813936234, 0.5152632221579552, 0.5037401095032692, 0.48751500993967056, 0.4842335283756256, 0.4862990602850914, 0.48603474348783493, 0.48283129930496216, 0.47153113782405853, 0.47472958266735077, 0.4737335965037346, 0.47658419609069824, 0.472690150141716, 0.4658336117863655, 0.47374722361564636, 0.4745723828673363, 0.46773824840784073, 0.48081616312265396, 0.475665345788002, 0.47077759355306625, 0.466867171227932, 0.47589346766471863, 0.4707898572087288, 0.4699804484844208]}