{"best_val": 0.45294444127516315, "train_loss": [0.6903862216893364, 0.6314524669273227, 0.5934378878743041, 0.5699910983151081, 0.5415643313351799, 0.5131048530924553, 0.49020158251126605, 0.476926480438195, 0.47074179848035175, 0.4663866203205258, 0.46475085557675827, 0.4642014988497192, 0.4625832380033007, 0.4622545838356018, 0.46151549149962035, 0.46065092963330884, 0.4598494692175996, 0.45819693102556114, 0.4579446999465718, 0.45674647829111886, 0.45567569837850685, 0.4555704944274005, 0.4553185718901017, 0.45366403811118183, 0.4532192553959641, 0.45203930139541626, 0.4503534938774857, 0.4497307445488724, 0.4485214177299948, 0.4485548617793064, 0.44623637842197045, 0.4458629979806788, 0.44393817466848035, 0.4423438696300282, 0.4431178639916813, 0.44077856400433707, 0.43902647729013483, 0.43863360846743865, 0.43737316014719946, 0.43623831809735764, 0.4343910906829086, 0.4342772405521542, 0.4336925756697561, 0.43299093900942337, 0.4285240307742474, 0.4280873128012115, 0.4275686559723873, 0.42708474047043743, 0.425807678232006, 0.42226105227189903, 0.4224129628901388, 0.42010034182492423, 0.41969175958165933, 0.41884776190215467, 0.41802992189631744, 0.414609921913521, 0.41588809910942526, 0.41241495983273374, 0.4119415102051754, 0.41065095335829493, 0.40956985132367, 0.40853319448583264, 0.40647517933565025, 0.404659898257723, 0.40489646091180687, 0.40368900053641377, 0.40362298254873236, 0.40147170716640995], "val_loss": [0.6429664600979198, 0.5950851548801769, 0.5718406547199596, 0.546413307840174, 0.5171068175272509, 0.49293878132646735, 0.47784049944444135, 0.47079950300129975, 0.4696745086799968, 0.46850930560718884, 0.46895447644320404, 0.4682389199733734, 0.4681126990101554, 0.4644653634591536, 0.46777824651111255, 0.4675623584877361, 0.4666983810338107, 0.46694223989139905, 0.46632594953883777, 0.46421166441657324, 0.46590926430442114, 0.46379763971675525, 0.4633216857910156, 0.46301786737008527, 0.46397333253513684, 0.46351225809617475, 0.4642671698873693, 0.4639792117205533, 0.4610643115910617, 0.46220150319012726, 0.46267087080261926, 0.4625766385685314, 0.4614263881336559, 0.4604222611947493, 0.46155301278287714, 0.45930091359398584, 0.45955006100914697, 0.46023562821474945, 0.4589775638146834, 0.4594747153195468, 0.45948093316771765, 0.46239788423885, 0.45854959433729, 0.4579746668989008, 0.45881435004147614, 0.45748921686952765, 0.46273606744679535, 0.4583175507458774, 0.45687312158671295, 0.4576802064072002, 0.4579382972283797, 0.456209814006632, 0.45572085272182117, 0.4572803432291204, 0.45577642050656403, 0.45360993526198645, 0.45732023228298535, 0.45294444127516315, 0.4554028863256628, 0.4564096602526578, 0.45668655092065985, 0.4581596417860551, 0.4551245922392065, 0.455608069896698, 0.4534989974715493, 0.4590661742470481, 0.45626524361697113, 0.45640563693913544]}