{"best_val": 0.48741182684898376, "train_loss": [0.8260744545194838, 0.789259135723114, 0.7538124389118619, 0.7188526524437798, 0.6865036851829953, 0.6645581589804755, 0.6489523318078783, 0.6323439611328973, 0.6180740164385902, 0.6021488176451789, 0.5899651183022393, 0.5764387018150754, 0.5635938578181796, 0.5549086795912849, 0.5498880131377114, 0.5470898300409317, 0.5413104726208581, 0.5370993961890539, 0.5364590866698159, 0.5315597090456221, 0.5337966250048743, 0.5281449606021246, 0.5321003314521577, 0.5297506550947825, 0.5246087494823668, 0.5236923115120994, 0.5233276022805108, 0.5240146302514606, 0.522961888048384, 0.520669248369005, 0.519093758530087, 0.516913664009836, 0.5180464304155774, 0.5156814985805087, 0.5144727445311017, 0.5124300618966421, 0.5130883455276489, 0.5097249746322632, 0.5110811094443003, 0.5105066249767939, 0.5083084536923302, 0.5059064477682114, 0.5038124786482917, 0.5044908920923868, 0.502351196275817, 0.5052199264367422, 0.5035033706161711, 0.5005915760993958, 0.5005371189779706, 0.5000531209839715, 0.5006319267882241, 0.4996858090162277, 0.49834198256333667, 0.5015221668614281, 0.4991338402032852, 0.49626116620169747, 0.4990956783294678, 0.4956914517614577, 0.4967215143971973, 0.4967123534944322, 0.4968833211395476, 0.4968797978427675, 0.4947848502132628, 0.49510415891806286, 0.49487228360440993, 0.49476275013552773, 0.4998229708936479, 0.4939705828825633, 0.4959414568212297], "val_loss": [0.7239271849393845, 0.6996256709098816, 0.6735653281211853, 0.6515520215034485, 0.6302052140235901, 0.6120058447122574, 0.5946466773748398, 0.5868255347013474, 0.5763506889343262, 0.5660941004753113, 0.5588406622409821, 0.5525914579629898, 0.5529719144105911, 0.5460826605558395, 0.5382506996393204, 0.5288832411170006, 0.5331911891698837, 0.5382575765252113, 0.5309863239526749, 0.5341548845171928, 0.5286018401384354, 0.5271355658769608, 0.5279056876897812, 0.5214100480079651, 0.5228998810052872, 0.5182739347219467, 0.5185317918658257, 0.5146725475788116, 0.5126850232481956, 0.5115577876567841, 0.5109943896532059, 0.5100127384066582, 0.5063272267580032, 0.5105389803647995, 0.5072848126292229, 0.5105813890695572, 0.5066380724310875, 0.5069774240255356, 0.5076713413000107, 0.5042570009827614, 0.49958591908216476, 0.4998626261949539, 0.5038128048181534, 0.49589619785547256, 0.5028957352042198, 0.5039013251662254, 0.4959679991006851, 0.49771159142255783, 0.5023747757077217, 0.4960919916629791, 0.49784259498119354, 0.49379997700452805, 0.4919692650437355, 0.49520859122276306, 0.4932219311594963, 0.500554233789444, 0.4954563155770302, 0.49259206652641296, 0.48741182684898376, 0.4911207929253578, 0.49242133647203445, 0.49023502320051193, 0.49517689645290375, 0.49358436465263367, 0.4912225976586342, 0.4942161589860916, 0.49087557196617126, 0.49741072207689285, 0.49610087275505066]}