{"best_val": 0.48729413002729416, "train_loss": [0.7067951063315073, 0.7047590083546109, 0.7027410964171091, 0.7005992664231194, 0.698468847407235, 0.6964608397748735, 0.6943752136495378, 0.6922435727384355, 0.6900671952300601, 0.6876583562956916, 0.6853912936316596, 0.6827506091859605, 0.6799702445665995, 0.677133149570889, 0.6741606560018327, 0.6712669663959079, 0.6681159668498569, 0.6650877197583517, 0.6615376472473145, 0.6583776838249631, 0.6547659635543823, 0.6512563758426242, 0.647938460111618, 0.6438300344679091, 0.6402911676300896, 0.6362257467375861, 0.6322032146983676, 0.6285852293173472, 0.6237449314859178, 0.6200328701072269, 0.6152879065937467, 0.6121177739567227, 0.6075873672962189, 0.6024521390597025, 0.5987788968616061, 0.5948945780595144, 0.5907224085595872, 0.5868528253502316, 0.5820826523833804, 0.5802004900243547, 0.5761846999327341, 0.5712574587927924, 0.567572252617942, 0.5652642812993791, 0.5609585477246178, 0.5577053659492068, 0.554669588804245, 0.5511374688810773, 0.5517452822791206, 0.5473739190234078, 0.5442745917373233, 0.5431618690490723, 0.5390597035487493, 0.5362872696585126, 0.5334944228331248, 0.5331204616361194, 0.5302721543444527, 0.5296681076288223, 0.5283806638585197, 0.5258652286397086, 0.5221078760094113, 0.5216682917541928, 0.5189274665382173, 0.5201951447460387, 0.5164535972807143, 0.5154163473182254, 0.5124294343921874, 0.5162297106451459, 0.5089060217142105, 0.5065417935450872, 0.5077785982025994, 0.5065259718232684, 0.5046711034244962, 0.502962009774314, 0.5012790196471744, 0.4996363123257955, 0.5012390067179998, 0.5002769281466802, 0.49824582371446824, 0.49477940632237327, 0.4938878615697225, 0.49331658747461105, 0.492713557349311, 0.48945629927847123, 0.48837121658855015, 0.49095797538757324, 0.4901431335343255, 0.4873417814572652, 0.48729077478249866, 0.48631180822849274, 0.4820609192053477, 0.4832207676437166, 0.4826900098058913, 0.48129408558209735, 0.4836423645416896, 0.4814497099982368, 0.4815531505478753, 0.4833364552921719, 0.4801574084493849, 0.4774610135290358, 0.4780607306294971, 0.47352005044619244, 0.4781082338756985, 0.4780137042204539, 0.4756188856230842, 0.47559540304872727, 0.47268817325433093, 0.4738769034544627, 0.47492430607477826, 0.4738351454337438, 0.4724121325545841, 0.4721941120094723, 0.4734068893724018, 0.47235246664947933, 0.47244009375572205, 0.4703209284279082, 0.4722471121284697, 0.47164322435855865, 0.4689718733231227, 0.46820701989862656, 0.46698859168423545, 0.46748267445299363, 0.47070615324709153, 0.4694210903512107, 0.46542369988229537], "val_loss": [0.7037263512611389, 0.701924130320549, 0.7006171196699142, 0.69852414727211, 0.6966001838445663, 0.6949431449174881, 0.6931902021169662, 0.6912409663200378, 0.6893584579229355, 0.6874678879976273, 0.6853914111852646, 0.6831222325563431, 0.6806116700172424, 0.6785149425268173, 0.6763515770435333, 0.6738758832216263, 0.6710634678602219, 0.6685412377119064, 0.6647775769233704, 0.663458451628685, 0.6591328382492065, 0.6574700623750687, 0.6540608406066895, 0.6515810489654541, 0.646797314286232, 0.64604452252388, 0.6425759643316269, 0.6380472034215927, 0.6378946602344513, 0.632358580827713, 0.6276973187923431, 0.6283169388771057, 0.6233058869838715, 0.619010865688324, 0.6174573600292206, 0.6167605519294739, 0.6133610010147095, 0.608964279294014, 0.6084194183349609, 0.6017533987760544, 0.6004182994365692, 0.5999496430158615, 0.6008263975381851, 0.5943312644958496, 0.5914690047502518, 0.5891819000244141, 0.5877172201871872, 0.5863345265388489, 0.5869844108819962, 0.5793628990650177, 0.5825866311788559, 0.5843255370855331, 0.5810919851064682, 0.5750800371170044, 0.5721064954996109, 0.5780938193202019, 0.5748877376317978, 0.5715104565024376, 0.5726207122206688, 0.570393517613411, 0.5675994455814362, 0.5615891367197037, 0.5561299622058868, 0.5631725043058395, 0.5589598119258881, 0.5494365319609642, 0.5558243691921234, 0.5537818819284439, 0.5558348000049591, 0.5495454370975494, 0.5519339740276337, 0.5495617389678955, 0.5368593484163284, 0.5406081974506378, 0.5410638302564621, 0.5411183685064316, 0.5377982780337334, 0.5345195680856705, 0.5362029820680618, 0.5311770960688591, 0.5357190370559692, 0.5351258367300034, 0.5282750353217125, 0.5298378318548203, 0.5304259359836578, 0.5220289081335068, 0.5248239412903786, 0.5227752849459648, 0.5236497819423676, 0.5206281393766403, 0.5195108875632286, 0.5153124183416367, 0.5138105750083923, 0.5117796584963799, 0.5124313160777092, 0.5102928206324577, 0.5083769038319588, 0.5094924420118332, 0.5085344538092613, 0.5062234625220299, 0.505511999130249, 0.5022460594773293, 0.5026281028985977, 0.50666394084692, 0.5023491829633713, 0.5009671226143837, 0.5058986619114876, 0.5046503245830536, 0.5032458007335663, 0.4939251244068146, 0.4991907849907875, 0.4933709129691124, 0.5008978992700577, 0.4943021982908249, 0.48729413002729416, 0.48985715955495834, 0.4958583638072014, 0.4990340322256088, 0.4971558675169945, 0.500648021697998, 0.4887966066598892, 0.4878981187939644, 0.49164990335702896, 0.49401767551898956, 0.4962746649980545]}