{"best_val": 0.4591864347457886, "train_loss": [0.6880089979545743, 0.6307675254111197, 0.5884621306961658, 0.5688768584354251, 0.555848617179721, 0.5427194062401267, 0.5272586690444573, 0.5104713054264293, 0.49611110079522225, 0.4829181514534296, 0.47312427852668015, 0.4671870715477887, 0.46215691052231134, 0.45775026082992554, 0.4555561887282951, 0.4539170154169494, 0.45108482066322775, 0.45026053283728806, 0.45088809787058365, 0.45022018575200845, 0.44930501428304936, 0.4486577575113259, 0.44790543002240796, 0.4467666844526927, 0.4459967952148587, 0.4456232727742663, 0.44556021515060873, 0.4455965307413363, 0.4448474657301809, 0.44394434667101096, 0.4446122120408451, 0.443823612203785, 0.44370243303916035, 0.4422357380390167, 0.44215767056334254, 0.44241811247432933, 0.44224003366395537, 0.44102441621761695, 0.4407706418458153, 0.439608130384894, 0.4407821841099683, 0.4397147420574637, 0.4397672765395221, 0.44008872731059206, 0.43860526119961457, 0.4375618024199617, 0.438852528146669, 0.43724972594018074, 0.43700452704055637], "val_loss": [0.666801859032024, 0.6135559027845209, 0.5861237482591108, 0.5721143998882987, 0.5579155629331415, 0.5451584675095298, 0.5295007987455889, 0.5119726143100045, 0.49863442507657135, 0.48812685771421954, 0.4817728102207184, 0.47437507185069, 0.47258376804265106, 0.4696875946088271, 0.46833507310260425, 0.4680815501646562, 0.4656450938094746, 0.4655485586686568, 0.4636667316610163, 0.4652291861447421, 0.4650746556845578, 0.4625165137377652, 0.46218955516815186, 0.46276672049002215, 0.4663582904772325, 0.462592441927303, 0.4646658518097617, 0.46073741533539514, 0.4631634869358756, 0.46302844990383496, 0.46340530027042737, 0.4628673629327254, 0.45995965329083527, 0.46241978352720087, 0.4606589295647361, 0.45988562974062835, 0.4600798352198167, 0.46101576360789215, 0.4591864347457886, 0.46147910031405365, 0.4616000543941151, 0.4619482620195909, 0.4608120024204254, 0.462738343260505, 0.46241681413217023, 0.46144903789867053, 0.46053036234595557, 0.46199856021187524, 0.4611766013232144]}