{"best_val": 0.4349628009579398, "train_loss": [0.6827419341779223, 0.6455378777840558, 0.6038462531332877, 0.5817390247887256, 0.567563063958112, 0.5535401479870665, 0.5348566536809883, 0.5137342728820502, 0.4906326403804854, 0.4743550267874026, 0.461244089346306, 0.4556999919461269, 0.45397808563475517, 0.4504963761451198, 0.4491862730652678, 0.4477200245156008, 0.445649128334195, 0.44504429955108493, 0.4443570246883467, 0.443964083405102, 0.44318604703043024, 0.44172922302694884, 0.4410683232195237, 0.4406275661552654, 0.4414612370378831, 0.4397311444376029, 0.4371492745829563, 0.4366709291934967, 0.4383198934442857, 0.4363737848459506, 0.43550653434267234, 0.4342563841857162, 0.4329589383274901, 0.4327697631190805, 0.4317559366132699, 0.43172715867266936, 0.43171344259205985, 0.4287906709839316, 0.4293444898782992, 0.42733386684866514, 0.42801598766270804, 0.4265192343908198, 0.426056936675427, 0.4251534710912144], "val_loss": [0.6598202206871726, 0.6123986677689985, 0.5750139626589689, 0.5618777112527327, 0.5479032099246979, 0.5335816578431563, 0.5149068805304441, 0.4917924783446572, 0.4721359068697149, 0.45739624987949024, 0.44806108149615204, 0.4436280537735332, 0.4423231997273185, 0.4414780627597462, 0.4379680725661191, 0.4384401359341361, 0.438912651755593, 0.43745843117887323, 0.4373911131512035, 0.43841245228594, 0.4368285211649808, 0.4359553781422702, 0.4366140365600586, 0.43729150566187774, 0.4370527592572299, 0.43565463748845185, 0.43780673904852435, 0.437664733691649, 0.4364726949821819, 0.4360189844261516, 0.4363850463520397, 0.43621738119558856, 0.4360154487869956, 0.4349628009579398, 0.435095567594875, 0.43640910495411267, 0.43511705777861853, 0.4365620884028348, 0.43659754503857007, 0.43679470094767486, 0.43536255034533416, 0.43589501760222693, 0.4365214163606817, 0.43585575168783014]}