{"best_val": 0.4919084832072258, "train_loss": [0.6178551945421431, 0.598992880847719, 0.5800937049918704, 0.5617559221055772, 0.5444153630071216, 0.5306413802835677, 0.5176772740152147, 0.5131125979953342, 0.5071599632501602, 0.5031652069754071, 0.5018445899089178, 0.4985605345831977, 0.4928480138381322, 0.49208338889810777, 0.4906702786684036, 0.48842870195706684, 0.4871771600511339, 0.4857466088400947, 0.48615747027926975, 0.48340295255184174, 0.48004424737559426, 0.4813896616299947, 0.4819486505455441, 0.4791780942016178, 0.48293375472227734, 0.4798700577682919, 0.48132534987396663, 0.47970884541670483, 0.47564449740780723, 0.47839078307151794, 0.4801963832643297, 0.47479025688436294, 0.4796774950292375, 0.4758157995012071, 0.4768812474277284, 0.47683972948127323, 0.47455524735980564, 0.4768068293730418, 0.47759535908699036], "val_loss": [0.6144620776176453, 0.596724733710289, 0.5809652954339981, 0.5661089420318604, 0.5470017939805984, 0.5382458344101906, 0.5367539376020432, 0.5357330441474915, 0.5270292311906815, 0.5292240530252457, 0.5279567092657089, 0.5205748826265335, 0.5155723243951797, 0.5143878161907196, 0.5122066512703896, 0.5087267979979515, 0.5157573148608208, 0.5066996514797211, 0.5138320177793503, 0.5127852708101273, 0.5095225647091866, 0.5076149255037308, 0.5028885379433632, 0.5085688531398773, 0.5099043846130371, 0.49964506179094315, 0.5021872147917747, 0.5027462244033813, 0.4919084832072258, 0.4998337998986244, 0.5020078867673874, 0.4937469810247421, 0.4959757477045059, 0.4957957863807678, 0.5055253505706787, 0.4964299499988556, 0.49922843277454376, 0.4965266287326813, 0.49594922363758087]}