{"best_val": 0.517388679087162, "train_loss": [0.6864553557501899, 0.6837866074509091, 0.6810555756092072, 0.678292410241233, 0.6755227579010857, 0.6725949280791812, 0.6694127056333754, 0.6661961012416415, 0.6627358727984958, 0.6585428780979581, 0.6549761626455519, 0.6508694258001115, 0.6457050244013468, 0.6404134134451548, 0.6353030502796173, 0.629635880390803, 0.6240037911468082, 0.6175595025221506, 0.6115857428974576, 0.6050327718257904, 0.598887970050176, 0.5932977663146125, 0.5869835813840231, 0.5802903870741526, 0.576779862244924, 0.5697183873918321, 0.5653745234012604, 0.5615183876620399, 0.5586107157998614, 0.5546892583370209, 0.5505370729499393, 0.5450689411825604, 0.5440701080693139, 0.5417854620350732, 0.5414121581448449, 0.5387491898404227, 0.5348719987604353, 0.5354345242182413, 0.5315444999270968, 0.5293080359697342, 0.5274813506338332, 0.5269786467154821, 0.5242470072375404, 0.5230922334724002, 0.5211830817990832, 0.5206799291902118, 0.5173904912339317, 0.5169030858410729, 0.5106342368655734, 0.5148597326543596, 0.5121256642871432, 0.5104099992248747, 0.5090491424004236, 0.5066793163617452, 0.5037986387809118, 0.5023054762019051, 0.5031685630480448, 0.49894759555657703, 0.4970782415734397, 0.49765351083543563, 0.4948837392859989, 0.49465908937984043, 0.4921906060642666, 0.49021919733948177, 0.4910408953825633, 0.4879068798489041, 0.48752465347448987, 0.4855739623308182, 0.48470836877822876, 0.4844503154357274, 0.4860585514042113, 0.4854394445816676, 0.4811008986499574, 0.4840585258271959, 0.48358983794848126, 0.4804169088602066, 0.4813093625836902, 0.47960253556569415], "val_loss": [0.685935378074646, 0.6833865791559219, 0.681120827794075, 0.6787032783031464, 0.6765205264091492, 0.6739122867584229, 0.6704748868942261, 0.6676644086837769, 0.6644413620233536, 0.6620346903800964, 0.6569018065929413, 0.6529218852519989, 0.6491472125053406, 0.6443155705928802, 0.6403558999300003, 0.6358872354030609, 0.6308258324861526, 0.6233095973730087, 0.6201554089784622, 0.6120428442955017, 0.6088259369134903, 0.6062471270561218, 0.604194238781929, 0.5963366627693176, 0.5926893353462219, 0.5854923129081726, 0.5863014608621597, 0.5809813141822815, 0.5790102928876877, 0.5814525187015533, 0.5776003003120422, 0.5693270117044449, 0.574225977063179, 0.5734248608350754, 0.5646391361951828, 0.5641610324382782, 0.5649638473987579, 0.564813032746315, 0.5592141449451447, 0.558196097612381, 0.5557608604431152, 0.5627888068556786, 0.5587823614478111, 0.5610350370407104, 0.5535012781620026, 0.5525542944669724, 0.5533706694841385, 0.5476712882518768, 0.5469843447208405, 0.5510106533765793, 0.5414338484406471, 0.5454639866948128, 0.5407035797834396, 0.5454305708408356, 0.5377263128757477, 0.5416488274931908, 0.5368496030569077, 0.5320069715380669, 0.5310913845896721, 0.5319923087954521, 0.5308433920145035, 0.5335454046726227, 0.5321103781461716, 0.5279414281249046, 0.5309682339429855, 0.5272529572248459, 0.5299217253923416, 0.517388679087162, 0.5301458165049553, 0.5247149020433426, 0.5191103741526604, 0.5265764594078064, 0.5250519216060638, 0.5274159535765648, 0.5329903289675713, 0.5216262340545654, 0.5271640568971634, 0.5207031071186066]}