{"best_val": 0.45021791756153107, "train_loss": [0.6570549176798927, 0.6371631059381697, 0.6152718596988254, 0.5916921695073446, 0.5685061348809136, 0.5528637518485388, 0.542278700404697, 0.5352046224806044, 0.527501255273819, 0.5177845342291726, 0.514032675160302, 0.5102496097485224, 0.5089557651016448, 0.5038819958766302, 0.5012975947724448, 0.5020080225335227, 0.5000321815411249, 0.5007554756270515, 0.49669399195247227, 0.49848325384987724, 0.4963586429754893, 0.4945119321346283, 0.4940156605508592, 0.4954909102784263, 0.49292779962221783, 0.4914692011144426, 0.4939332703749339, 0.49286554257074994, 0.4928192413515515, 0.49123014840814805, 0.4905495560831494, 0.4920014722479714, 0.4918638865152995, 0.4885684897502263, 0.4894712252749337, 0.48724567227893406, 0.4862290206882689, 0.4894690430826611, 0.4873795476224687, 0.48904114961624146, 0.4875522173113293, 0.4878893858856625, 0.4855853070815404, 0.4845852206150691, 0.48557300368944806, 0.4836813774373796, 0.4840368198023902, 0.48464015622933704, 0.48846161365509033, 0.4834646417034997, 0.48501476479901207, 0.4828230639298757, 0.48238779107729596, 0.4845123175117705, 0.48232538998126984, 0.48370128042168087, 0.4846775150961346, 0.4856436716185676, 0.4838017357720269, 0.482236267791854, 0.48333444197972614, 0.4837561117278205, 0.48027767572138047, 0.48156438436773086, 0.4815877543555366, 0.4789794915252262, 0.4769311133358214, 0.48276113470395404, 0.47824106448226505, 0.4805967691871855, 0.4816172636217541, 0.4769150978989071, 0.47905651066038346, 0.4766983886559804, 0.4781581213076909, 0.477708058224784, 0.4782477368911107, 0.47659005059136283, 0.4779840393198861, 0.4788479854663213, 0.47709282570415074], "val_loss": [0.6472391188144684, 0.6303538680076599, 0.6078512817621231, 0.5891698896884918, 0.5676946491003036, 0.5531259626150131, 0.5393795967102051, 0.5325375199317932, 0.5229643955826759, 0.5089180395007133, 0.507387176156044, 0.4996251314878464, 0.4951828718185425, 0.49080900102853775, 0.48787568509578705, 0.4872240871191025, 0.4813748821616173, 0.4821236878633499, 0.48642873764038086, 0.47568152099847794, 0.47307126969099045, 0.47714676707983017, 0.4740755036473274, 0.474281407892704, 0.47159868478775024, 0.4697001203894615, 0.46983491629362106, 0.4680914729833603, 0.4715149253606796, 0.4750007688999176, 0.4680052250623703, 0.46828658133745193, 0.466900534927845, 0.4715462699532509, 0.4681362807750702, 0.4785581976175308, 0.4669805318117142, 0.46632134169340134, 0.46628881245851517, 0.47012148052453995, 0.46754298359155655, 0.46715036034584045, 0.4632367864251137, 0.4602750167250633, 0.46332117915153503, 0.4610918238759041, 0.4654272496700287, 0.4678284004330635, 0.45820288360118866, 0.46348145604133606, 0.4614765867590904, 0.4582815170288086, 0.459467314183712, 0.45939864218235016, 0.45845338702201843, 0.45762037485837936, 0.45749764889478683, 0.4624670222401619, 0.46088746190071106, 0.45688600093126297, 0.4619193375110626, 0.45651157200336456, 0.4548555687069893, 0.4532010853290558, 0.4578353464603424, 0.45633311569690704, 0.4537677690386772, 0.4542575478553772, 0.45691151916980743, 0.4508213922381401, 0.45021791756153107, 0.45374105125665665, 0.4564558267593384, 0.45352157950401306, 0.45257844030857086, 0.45613935589790344, 0.4508853927254677, 0.4548848420381546, 0.4521746262907982, 0.4555029422044754, 0.45152752846479416]}