{"best_val": 0.4824044927954674, "train_loss": [0.6171699000729455, 0.5589953429169126, 0.516083225607872, 0.5077558424737718, 0.49892205993334454, 0.49411046504974365, 0.4902421020799213, 0.48736131025685203, 0.4836379951900906, 0.4820761862728331, 0.48178986542754704, 0.47990694973203873, 0.4782627572615941, 0.4759206506941054, 0.4749406228462855, 0.4760278065999349, 0.47523297038343215, 0.4709914243883557, 0.47243689994017285, 0.4699709713459015, 0.4699542290634579, 0.4683777276012633, 0.4680428620841768, 0.474103108048439, 0.4686906768216027, 0.4681778781943851, 0.4698250393072764, 0.46775149471229976, 0.4669269637929069, 0.46651433739397263, 0.46492971148755813, 0.4696412566635344, 0.4634568840265274, 0.46396105819278294, 0.4648386653926637], "val_loss": [0.5921760946512222, 0.5470717549324036, 0.5342686250805855, 0.5283113270998001, 0.5241646245121956, 0.5238188877701759, 0.5230871737003326, 0.5114570185542107, 0.5112426653504372, 0.5134236216545105, 0.5090883150696754, 0.5043763369321823, 0.5005583763122559, 0.4999582916498184, 0.49572692811489105, 0.4958236664533615, 0.49488937109708786, 0.4892617538571358, 0.49876394867897034, 0.4955122172832489, 0.4971907213330269, 0.4870885834097862, 0.4930756390094757, 0.49348779022693634, 0.4824044927954674, 0.489126019179821, 0.49051258713006973, 0.49150877445936203, 0.48429984599351883, 0.4942719489336014, 0.487276054918766, 0.48917360603809357, 0.49265263974666595, 0.4896746948361397, 0.48826470226049423]}