{"best_val": 0.5150926187634468, "train_loss": [0.668743736214108, 0.6522188716464572, 0.6319947606987424, 0.6070915361245474, 0.5769340528382195, 0.5502688553598192, 0.5335607545243369, 0.531355748573939, 0.5213892310857773, 0.5183650569783317, 0.5135248634550307, 0.5090725504689746, 0.5068894277016321, 0.5042359398470985, 0.502453527516789, 0.5005395081308153, 0.5038318402237363, 0.4991521057155397, 0.5004062404235204, 0.5002995779116949, 0.49622337685690987, 0.4969501081440184, 0.495374020602968, 0.4961672259701623, 0.4971017771297031, 0.49572757879892987, 0.4962657756275601, 0.4918505118952857, 0.4941837406820721, 0.49509067171149784, 0.4909401585658391, 0.49225399063693154, 0.4904285967350006, 0.4915919750928879, 0.4946441484822167, 0.49277905457549626, 0.49266153905126786, 0.49326305091381073, 0.48983556032180786, 0.4899856199820836, 0.4897310584783554, 0.4929168439573712, 0.48850008017486996, 0.4883549080954658, 0.48979195455710095, 0.49153946836789447, 0.48845021261109245, 0.4867652753988902, 0.48670021030637955, 0.4881649861733119, 0.4868769629134072, 0.48940057224697536, 0.4893029001024034, 0.4862927910354402, 0.48733655114968616, 0.4852144436703788, 0.48430587185753715, 0.4838241818878386, 0.4855252703030904, 0.4855085280206468, 0.48480131063196397, 0.48327987392743427], "val_loss": [0.6522948294878006, 0.6375050693750381, 0.6182896643877029, 0.5943833440542221, 0.5723612755537033, 0.5619574934244156, 0.5510541796684265, 0.5573368445038795, 0.5462238565087318, 0.5475442707538605, 0.5392019301652908, 0.5367467701435089, 0.5319479033350945, 0.533455528318882, 0.5333283171057701, 0.5343711823225021, 0.5313903987407684, 0.5255997478961945, 0.5307176932692528, 0.5285175517201424, 0.5273676067590714, 0.5284125879406929, 0.5288519859313965, 0.5223488062620163, 0.5265711322426796, 0.5206100791692734, 0.5253073051571846, 0.526607409119606, 0.5199009776115417, 0.5221125409007072, 0.5239516943693161, 0.5251549929380417, 0.5291260331869125, 0.5250784382224083, 0.5257016569375992, 0.5276280343532562, 0.5232198610901833, 0.5179888159036636, 0.5265266001224518, 0.5182683542370796, 0.5263710543513298, 0.5235587134957314, 0.5204654037952423, 0.5203907787799835, 0.5288904383778572, 0.5233264118432999, 0.5172844752669334, 0.5268737301230431, 0.5215625166893005, 0.5231112018227577, 0.5186254382133484, 0.5150926187634468, 0.5204062536358833, 0.5195269659161568, 0.5182381272315979, 0.5242583230137825, 0.5230238512158394, 0.5229393988847733, 0.5172300711274147, 0.5186323449015617, 0.5220860093832016, 0.5200782865285873]}