{"best_val": 0.011279549077153206, "train_loss": [0.6267515258355574, 0.40536148846149445, 0.09705747477710247, 0.06463134610517458, 0.04370136101814834, 0.037751015021719715, 0.037853599949316544, 0.02798752308907834, 0.023959185801107775, 0.022577934390441937, 0.022420908917080273, 0.019832612353969704, 0.056600024669685146, 0.03308507766235958, 0.021761908449909904, 0.02290154527872801, 0.020842663351107727, 0.022488093088296326, 0.024237390776926823, 0.017559661529958248, 0.015937240709635345, 0.015623030803081665, 0.013565978585657749, 0.013847775968976996, 0.014463035178116777, 0.01396318628791381, 0.013562091181732037, 0.02522772700864483, 0.022743994285437195, 0.03127861247313293, 0.01997779186984355, 0.016744860320944677, 0.015749977435916662, 0.014362305677919225, 0.012906910174272278, 0.012026911813088438, 0.012263616123660044, 0.013354926751079884, 0.01563803246244788, 0.020185204392129726, 0.017500345341183922, 0.013132017783143303, 0.01213337390006266, 0.0126714052378454, 0.013032073578373953, 0.013516124422577295], "val_loss": [0.5893127918243408, 0.15026316344738005, 0.06050533950328827, 0.05699945911765099, 0.03989736884832382, 0.03637367561459541, 0.027747178077697755, 0.025912994518876076, 0.02368996515870094, 0.025004058331251144, 0.02117055989801884, 0.034643332660198214, 0.033630992472171786, 0.026947785541415213, 0.022157303243875503, 0.021245830133557318, 0.022476302087306978, 0.03332001827657223, 0.025874091312289238, 0.016594374366104604, 0.015393729321658611, 0.014731033891439437, 0.014934504218399525, 0.014580938965082169, 0.012552637234330177, 0.012379665113985538, 0.014621481485664844, 0.01662931516766548, 0.03497769758105278, 0.03200330212712288, 0.01721971798688173, 0.015455785393714904, 0.01521443072706461, 0.015169516950845719, 0.013090761192142964, 0.011279549077153206, 0.013240373320877552, 0.024418292194604875, 0.012356348149478436, 0.02312556281685829, 0.022245631366968156, 0.01251372992992401, 0.013479127921164036, 0.013366100005805492, 0.017576090432703494, 0.01286052968353033]}