{"best_val": 0.4690883186730472, "train_loss": [0.7519517093896866, 0.7010356680704997, 0.6517863686268146, 0.6273680398097405, 0.6146465895267633, 0.6033536665714704, 0.5946403787686274, 0.5894261346413538, 0.5825074785030805, 0.5776971853696383, 0.5706850147018065, 0.5652740041796978, 0.5549106105015829, 0.5481964573264122, 0.5397568815029584, 0.5267773866653442, 0.5131006057445819, 0.49380302085326266, 0.48348522186279297, 0.4760924887198668, 0.4726074366615369, 0.4673617464991716, 0.47001858112903744, 0.4663481666491582, 0.4670899080542418, 0.4651878888790424, 0.4663914138307938, 0.4659890297513742, 0.4658683188832723, 0.46609568939759183, 0.4644036997969334, 0.46384387692579854, 0.46320466238718766, 0.46536331050671065, 0.46304897276254803, 0.4636631373029489, 0.46092312037944794, 0.4643279847044211, 0.46498558899530995, 0.46384370212371534, 0.4609684141782614, 0.45909009358057606, 0.4617974150639314, 0.46129756019665646, 0.4612615377857135, 0.46101787800972277, 0.45825131180194706, 0.46131661305060756, 0.46459249005867886, 0.4586552410171582, 0.46313652568138564, 0.4592542980725949, 0.4619129323042356, 0.4612770860011761, 0.46128924649495345], "val_loss": [0.6524211710149591, 0.6314486427740618, 0.6122892986644398, 0.6025978868657892, 0.5960390784523704, 0.5884148532694037, 0.5823377262462269, 0.574526542967016, 0.5699429918419231, 0.564116361466321, 0.5632307881658728, 0.5548499226570129, 0.5497564456679604, 0.5449188568375327, 0.5366550792347301, 0.5194428102536635, 0.5035982836376537, 0.4922287653792988, 0.48473640192638745, 0.4770982644774697, 0.47530916604128753, 0.47267251394011756, 0.47142577171325684, 0.47576370564374054, 0.4716411585157568, 0.4717713702808727, 0.47104335644028406, 0.46969243613156403, 0.47177622535011987, 0.47208328409628436, 0.4729425473646684, 0.4713013632731004, 0.46990868991071527, 0.47038783539425244, 0.47049797394058923, 0.47048555179075763, 0.47314277020367707, 0.4693935215473175, 0.4712865542281758, 0.47062343629923736, 0.47427529096603394, 0.47279416702010413, 0.4709287908944217, 0.47046797654845496, 0.4690883186730472, 0.46936541253870184, 0.4700502834536813, 0.47082835164937104, 0.470023664561185, 0.47282243045893585, 0.4715365008874373, 0.47024411775849084, 0.46979738907380536, 0.47079750624569977, 0.4691443605856462]}