{"best_val": 0.47121470082889905, "train_loss": [0.6996502619163663, 0.6603805364346972, 0.6132632751090854, 0.5888418391639111, 0.574480743969188, 0.5624763503962872, 0.5475511539216135, 0.5315789253103966, 0.5149573835672117, 0.5010736158081129, 0.48797420368475075, 0.4745240807533264, 0.4648097584060594, 0.4576023425541672, 0.4526313514101739, 0.45105835211043266, 0.4486457407474518, 0.4458755371617336, 0.4433838894554213, 0.44411906366254766, 0.44417423360487995, 0.44123057641235053, 0.4417146596254087, 0.4409482975800832, 0.43871908503420215, 0.438567111305162, 0.4382013666863535, 0.4380922153884289, 0.4364897047772127, 0.43665196556670993, 0.4338561991850535, 0.4347962316344766, 0.4349635611562168, 0.43291862980992185, 0.4330809589694528, 0.4319645411827985, 0.4316970577426985, 0.43036265116111905, 0.4288594389663023, 0.4289718410548042, 0.4271872715622771, 0.4288081474163953, 0.42691291605725007, 0.42707286629022334, 0.42623382456162395, 0.42526256862808676, 0.4236588145003599, 0.42322465894269007, 0.422775035979701, 0.4227391738517612, 0.4230860050986795, 0.42138944244852256, 0.4207305779644087, 0.4193223855074714], "val_loss": [0.682539473880421, 0.6390002965927124, 0.5994128530675714, 0.5864969708702781, 0.5753492712974548, 0.5645473382689736, 0.5510797879912637, 0.5385477109388872, 0.5246578048576008, 0.5116185898130591, 0.5008149445056915, 0.4900601154023951, 0.48067350821061566, 0.4786305319179188, 0.477226894010197, 0.47510516101663763, 0.4781672981652347, 0.47533116286451166, 0.4762702557173642, 0.47669079899787903, 0.47482644427906384, 0.47420477867126465, 0.47505448352206836, 0.4731833609667691, 0.47484310648658057, 0.47354361414909363, 0.4761292338371277, 0.47288119522008026, 0.47361503406004474, 0.4761019132354043, 0.4765935486013239, 0.47265566208145837, 0.4748993190852078, 0.4735845137726177, 0.47216998176141217, 0.4738335744901137, 0.4742974720217965, 0.4742477373643355, 0.4757185767997395, 0.47241858460686426, 0.47252510352568194, 0.4743280058557337, 0.4759291112422943, 0.47121470082889905, 0.4719460660761053, 0.4741322642022913, 0.47718068144538184, 0.4731810065833005, 0.47473782842809503, 0.47365683588114654, 0.47426052256063983, 0.4740908308462663, 0.4746954820372842, 0.47635224732485687]}