{"best_val": 0.4432081255045804, "train_loss": [0.6708236395143995, 0.6094376485721738, 0.5857704550612206, 0.565665264340008, 0.5396906727669286, 0.5095497089273789, 0.48620252924806934, 0.47406796497457165, 0.46827693780263263, 0.46530917053129156, 0.4628414388965158, 0.46027691749965444, 0.4592193154727711, 0.4603527860314238, 0.4565785626570384, 0.4560959035275029, 0.4550311863422394, 0.4543358601775824, 0.4521895950915767, 0.4521098779697044, 0.45051389523580965, 0.4500728915719425, 0.4489841017068601, 0.44906505825472814, 0.446193280173283, 0.44571564302724953, 0.4443749703612982, 0.441382544297798, 0.4416747677559946, 0.43859542292707104, 0.43844251247013316, 0.4367113832165213, 0.4354093215044807, 0.43532272179921466, 0.4317392858804441, 0.4308615215853149, 0.4304012545183593, 0.427901018483966, 0.42843013066871494, 0.4263141605199552, 0.4269261471196717, 0.4227062358575709, 0.4221438888241263, 0.4201675261936936, 0.4180858006664351, 0.4196154983604656, 0.414753585469489, 0.4148625117890975, 0.4139791025834925, 0.41224635582344205, 0.4107621680287754, 0.40813029455203637, 0.4079498140250935], "val_loss": [0.6309759996154092, 0.5927351713180542, 0.5804599686102434, 0.5588387034156106, 0.5321896590969779, 0.498566288839687, 0.47870640592141583, 0.4708847403526306, 0.4631721323186701, 0.460522169416601, 0.4635720496827906, 0.4617500603199005, 0.4600401791659268, 0.464449099519036, 0.46068717674775556, 0.4580642689358104, 0.4597166587005962, 0.4571626403115012, 0.45660489255731757, 0.4564359052614732, 0.4566562365401875, 0.45393350991335785, 0.4560276920145208, 0.45656689730557526, 0.45630198446187104, 0.45522060177542945, 0.45226485620845447, 0.4546166793866591, 0.45340331576087256, 0.453593527728861, 0.4547667909752239, 0.45183389566161414, 0.4535545598376881, 0.45282670855522156, 0.4525084576823495, 0.4508115324107083, 0.4470346759666096, 0.4520205015485937, 0.45394767143509607, 0.4501078128814697, 0.4475022798234766, 0.44955011118542065, 0.4432081255045804, 0.4445039955052463, 0.4479129910469055, 0.447154855186289, 0.4457225420258262, 0.44790149547837, 0.4498993293805556, 0.44477804682471533, 0.4467396113005551, 0.446758278391578, 0.44599554484540765]}