{"best_val": 0.5028114542365074, "train_loss": [0.6272064016924964, 0.5624679658148024, 0.5096991393301222, 0.49787675340970355, 0.4917008711232079, 0.48609159224563175, 0.4810803184906642, 0.4798636386791865, 0.47650520669089425, 0.474955505794949, 0.4699450797504849, 0.47001849280463326, 0.4654748605357276, 0.46361014909214443, 0.4634227173195945, 0.464321815305286, 0.46424756944179535, 0.4634708944294188, 0.45889252920945484, 0.4585169239176644, 0.45958179069889915, 0.4577717185020447, 0.4582378417253494, 0.4557788736290402, 0.45559554629855686, 0.45195241272449493, 0.4516964770025677, 0.45128219823042554, 0.45247097975677913, 0.45200976894961464, 0.4489673905902439, 0.4511750555700726, 0.4497850752539105, 0.4462061689959632, 0.4467499835623635, 0.4474034872319963, 0.4458901799387402, 0.44444651405016583, 0.446459088060591, 0.4431341406371858, 0.443106460902426, 0.4447399228811264], "val_loss": [0.6034297198057175, 0.5557163208723068, 0.5371310785412788, 0.5320233255624771, 0.5250760316848755, 0.5243370085954666, 0.5289241969585419, 0.5217885598540306, 0.5166975036263466, 0.5093662366271019, 0.514865055680275, 0.5130992233753204, 0.5114843249320984, 0.5100021213293076, 0.5112191960215569, 0.5232275649905205, 0.510753683745861, 0.5096950232982635, 0.5150081515312195, 0.5089112669229507, 0.5160784348845482, 0.5071188732981682, 0.5074764490127563, 0.523749977350235, 0.5109037831425667, 0.5064952671527863, 0.5117153748869896, 0.5151807740330696, 0.5146962776780128, 0.5206102654337883, 0.507215678691864, 0.5028114542365074, 0.5200805217027664, 0.5201693624258041, 0.5091734379529953, 0.5233612433075905, 0.516024224460125, 0.5227269753813744, 0.5123780369758606, 0.5226949006319046, 0.519225999712944, 0.5191222950816154]}