{"best_val": 0.4830828011035919, "train_loss": [0.6898766722944047, 0.6121357149548001, 0.5405228353208966, 0.5201191306114197, 0.5049202342828115, 0.4980512145492766, 0.49371909929646385, 0.49167364339033764, 0.4886564413706462, 0.4843883630302217, 0.48264315558804405, 0.4819256332185533, 0.4784131993850072, 0.4771815256939994, 0.47805116573969525, 0.47554632359080845, 0.4758843746450212, 0.47642134295569527, 0.4765982710652881, 0.47290103137493134, 0.4747348427772522, 0.47198086645868087, 0.472665054930581, 0.47383587890201145, 0.470952582028177, 0.4721037679248386, 0.47098267243968117, 0.4702327251434326, 0.4697841770119137, 0.4677509019772212, 0.46942270629935795, 0.4667200942834218, 0.4691702077786128, 0.46983770694997573, 0.4647502832942539, 0.46646616359551746, 0.46545861330297256, 0.46502361860540176, 0.46666277945041656, 0.4652731898758147, 0.4666360434558656, 0.4653704762458801, 0.46621235377258724, 0.4606610851155387, 0.46450774206055534, 0.46079262759950423, 0.4598539123932521], "val_loss": [0.6534895300865173, 0.5763228386640549, 0.5419592559337616, 0.5325809270143509, 0.5270109176635742, 0.5238534510135651, 0.5171345099806786, 0.5181928128004074, 0.5108274221420288, 0.510301947593689, 0.5058896765112877, 0.5031357258558273, 0.4995480179786682, 0.4997515603899956, 0.49310553818941116, 0.49883558601140976, 0.4970649480819702, 0.5025156065821648, 0.4921274483203888, 0.49933481216430664, 0.49660492688417435, 0.49408528208732605, 0.49385257065296173, 0.4919414222240448, 0.48840073496103287, 0.4900740906596184, 0.49421747773885727, 0.4879870116710663, 0.49049103260040283, 0.4892248809337616, 0.48953665792942047, 0.4900329038500786, 0.49265386164188385, 0.4910198971629143, 0.48761338740587234, 0.48425545543432236, 0.4830828011035919, 0.4884816035628319, 0.48896474391222, 0.4854741618037224, 0.4849998578429222, 0.4925016015768051, 0.4899079501628876, 0.4887469857931137, 0.4851973429322243, 0.48757845908403397, 0.4862034171819687]}