{"best_val": 0.45099709928035736, "train_loss": [0.6680086486869388, 0.6250898473792605, 0.582497669590844, 0.5544206731849246, 0.5427588042285707, 0.5339779969718721, 0.5298896845844057, 0.5262928224272199, 0.5212896466255188, 0.5200929343700409, 0.5154186338186264, 0.513623896572325, 0.5105751487943861, 0.5094671961334016, 0.508402481675148, 0.5048811717165841, 0.5047237508826785, 0.5051614675256941, 0.4999833256006241, 0.4984932740529378, 0.4998077584637536, 0.49934565524260205, 0.499015717042817, 0.4972054229842292, 0.49659612940417397, 0.4974544478787316, 0.49564212560653687, 0.4953268203470442, 0.49292366206645966, 0.4962486078341802, 0.49265852239396835, 0.4947257058487998, 0.4943326264619827, 0.49140728347831303, 0.49117718636989594, 0.491822201344702, 0.4907925526301066, 0.4887465172343784, 0.4905556042989095, 0.49190814793109894, 0.49025746517711216], "val_loss": [0.6412575393915176, 0.5972424298524857, 0.5549876540899277, 0.5384644642472267, 0.5121504440903664, 0.5129079967737198, 0.5028041750192642, 0.5007113590836525, 0.4938853457570076, 0.47538717091083527, 0.48914460837841034, 0.47781479358673096, 0.4796287417411804, 0.4716137796640396, 0.4705110713839531, 0.47476305067539215, 0.4732763543725014, 0.4734223783016205, 0.46796247363090515, 0.46932075917720795, 0.4632653295993805, 0.46414094418287277, 0.4663521647453308, 0.4666510745882988, 0.45762899518013, 0.464280404150486, 0.46287286281585693, 0.4564061760902405, 0.46091165393590927, 0.46131468564271927, 0.45099709928035736, 0.4612658694386482, 0.45583024621009827, 0.45800840854644775, 0.4543735459446907, 0.4608583450317383, 0.4532018154859543, 0.4619241952896118, 0.4562458172440529, 0.45509225130081177, 0.4549652263522148]}