{"best_val": 0.4967571124434471, "train_loss": [0.6970225307676527, 0.6484739051924812, 0.6005466414822472, 0.566192454761929, 0.54871133963267, 0.540473093589147, 0.5372043251991272, 0.5313710769017538, 0.5289071169164445, 0.5212557580735948, 0.5230634791983498, 0.5224191894133886, 0.5192071298758189, 0.5163805700010724, 0.5152873247861862, 0.5133097287681367, 0.5092848986387253, 0.5060948249366548, 0.5087588330109915, 0.5055896954403983, 0.501057912906011, 0.4997800754176246, 0.5016057988007864, 0.5000084969732497, 0.5014631085925632, 0.49770572781562805, 0.49671056038803524, 0.49861574835247463, 0.49680859181616044, 0.4940685000684526, 0.49549425144990283, 0.49524902138445115, 0.48899802565574646], "val_loss": [0.6600865125656128, 0.6151254177093506, 0.5706737190485001, 0.5562356784939766, 0.537724107503891, 0.5298696830868721, 0.5287866666913033, 0.5241850093007088, 0.525057964026928, 0.516832210123539, 0.5179166123270988, 0.5143635645508766, 0.5136037841439247, 0.5082714334130287, 0.5151548981666565, 0.5011393204331398, 0.5113687515258789, 0.5094328746199608, 0.5066923126578331, 0.5071488320827484, 0.5045956522226334, 0.51179538667202, 0.4967571124434471, 0.5081312656402588, 0.504783995449543, 0.5044307038187981, 0.5035866051912308, 0.5062221884727478, 0.5021539032459259, 0.5045262053608894, 0.5043092295527458, 0.5083169862627983, 0.5052701309323311]}