{"best_val": 0.4707657918334007, "train_loss": [0.5990313490231832, 0.5763082239362929, 0.5534201777643628, 0.5392290718025632, 0.5325621167818705, 0.526646097501119, 0.5218176990747452, 0.519679887427224, 0.5171325902144114, 0.5110774487257004, 0.5117603176169925, 0.5086592386166254, 0.5056951294342676, 0.5071816957659192, 0.5047915660672717, 0.5020335962375005, 0.49889952109919655, 0.501998879843288, 0.5026900784836875, 0.4973021116521623, 0.5004319763845868, 0.5005769547488954, 0.4933834754758411, 0.4983360237545437, 0.4965535021490521, 0.49415290852387744, 0.49400091502401566, 0.4909244494305717, 0.49221871462133193, 0.48974384367465973, 0.49251925614145065, 0.4889971531099743, 0.4902574469645818, 0.48863140410847133, 0.48534538845221203, 0.48331691490279305, 0.4848405652576023, 0.4866367114914788, 0.480469470222791, 0.4796636617845959, 0.48077185948689777, 0.47785154316160416, 0.4766777406136195, 0.4754652678966522, 0.4770050843556722, 0.4765792853302426, 0.47389042874177295, 0.4752587046888139, 0.4752115358908971, 0.47631964253054726, 0.47284259067641365, 0.47478444543149734, 0.47489066753122544, 0.4688196645842658, 0.4722924249039756, 0.47284792363643646, 0.4708009295993381, 0.4734777791632546, 0.47289648320939803, 0.4712567196951972, 0.4707646899753147, 0.47070347103807664, 0.47241735127237106, 0.46702182789643604, 0.4678071439266205, 0.47086052265432143, 0.4654793043931325, 0.468250122335222], "val_loss": [0.5784538090229034, 0.5535895824432373, 0.5379130095243454, 0.522912934422493, 0.5164853557944298, 0.5133149772882462, 0.5116375535726547, 0.49904391914606094, 0.5087565779685974, 0.4986323192715645, 0.5015234798192978, 0.504282221198082, 0.49140774458646774, 0.4951544627547264, 0.496575228869915, 0.5027350261807442, 0.49519094079732895, 0.49448437988758087, 0.49626507610082626, 0.4955606386065483, 0.4862641468644142, 0.49900130182504654, 0.4929678365588188, 0.49048321694135666, 0.4894605576992035, 0.4922252371907234, 0.4839415177702904, 0.49015920609235764, 0.4860289916396141, 0.49002473056316376, 0.5019566863775253, 0.48352888971567154, 0.4794936627149582, 0.482100248336792, 0.48616403341293335, 0.48825064301490784, 0.48571375757455826, 0.48334450274705887, 0.477833054959774, 0.47976990789175034, 0.48260898888111115, 0.489496648311615, 0.4849652126431465, 0.48010367155075073, 0.48192212730646133, 0.4787410944700241, 0.4749585688114166, 0.482340469956398, 0.47893866151571274, 0.4808890148997307, 0.47759217768907547, 0.4836936891078949, 0.4767582416534424, 0.47512997686862946, 0.4744579717516899, 0.48214850574731827, 0.47423966228961945, 0.4707657918334007, 0.4792073741555214, 0.4812321737408638, 0.4798741638660431, 0.4777217358350754, 0.4710863530635834, 0.485328733921051, 0.48034822195768356, 0.4784434586763382, 0.4828730523586273, 0.4783727526664734]}