{"best_val": 0.47471851855516434, "train_loss": [0.6737042533026801, 0.6701231963104672, 0.6662338409158919, 0.662417428361045, 0.6590409477551779, 0.6547062661912706, 0.651067872842153, 0.6456407937738631, 0.6416725019613901, 0.6365462905830808, 0.6305821802881029, 0.6243249442842271, 0.6167566213342879, 0.6088392635186514, 0.601629740662045, 0.5920703377988603, 0.5868902703126272, 0.5780417422453562, 0.5701848566532135, 0.5642997622489929, 0.5586254000663757, 0.5538324680593278, 0.547764562898212, 0.5430508967902925, 0.5366330974631839, 0.5308631658554077, 0.5283652014202542, 0.5267243004507489, 0.5186087008979585, 0.5153131617440118, 0.5093163798252741, 0.5061517854531606, 0.5033118526140848, 0.5001304464207755, 0.4942410969071918, 0.4951926916837692, 0.49283740089999306, 0.49204399022791123, 0.49181128707196975, 0.48630914588769275, 0.48531877663400436, 0.4871472467978795, 0.48390167123741573, 0.48570311731762356, 0.4843121932612525, 0.4817446817954381, 0.47941109703646767, 0.4799330002731747, 0.48200225002235836, 0.47738929589589435, 0.4777730322546429, 0.4791273954841826, 0.47723278568850624, 0.47340592907534707, 0.47676219708389705, 0.47067946195602417, 0.4725589454174042, 0.47481123606363934, 0.4717535028855006, 0.4696584824058745, 0.4739700158437093, 0.4722330669562022, 0.4706234236558278, 0.470264979534679, 0.46770452956358594, 0.4674103558063507, 0.47052644855446285, 0.46765271657043034, 0.4687114738755756], "val_loss": [0.6722657680511475, 0.66789411008358, 0.6647376716136932, 0.6614025682210922, 0.6569517701864243, 0.6527588218450546, 0.6487340033054352, 0.6441421806812286, 0.6400863379240036, 0.6336534321308136, 0.6290766149759293, 0.6212546229362488, 0.6139688491821289, 0.605504959821701, 0.5950401723384857, 0.5887488126754761, 0.5793354511260986, 0.5719677954912186, 0.5667425841093063, 0.5599594712257385, 0.5539296716451645, 0.5475254356861115, 0.5447700023651123, 0.5340635478496552, 0.5318969488143921, 0.5316213220357895, 0.5269742086529732, 0.5252700597047806, 0.5139425024390221, 0.513055182993412, 0.5097529962658882, 0.5043515339493752, 0.5031006559729576, 0.5024337023496628, 0.5034054219722748, 0.4900598078966141, 0.4961257874965668, 0.4935281500220299, 0.493806891143322, 0.4950963035225868, 0.4913410022854805, 0.4898850843310356, 0.48796530067920685, 0.49948371946811676, 0.4897109642624855, 0.4893887862563133, 0.4875137656927109, 0.4901707097887993, 0.4868382513523102, 0.48440272361040115, 0.4855724200606346, 0.4839761555194855, 0.48716044425964355, 0.4838671386241913, 0.484058253467083, 0.48650480061769485, 0.48430489003658295, 0.4843863174319267, 0.47471851855516434, 0.484735369682312, 0.48153459280729294, 0.48110049217939377, 0.4815208166837692, 0.4798838347196579, 0.4804419279098511, 0.4821179285645485, 0.4771390035748482, 0.4781153053045273, 0.47670892626047134]}