{"best_val": 0.47178058190779254, "train_loss": [0.6602042796565037, 0.6207369507527819, 0.5938391346557468, 0.5806385103394004, 0.569673077732909, 0.5586356619993845, 0.543351293778887, 0.5238663887276369, 0.5020326755794824, 0.4852231150748683, 0.47201397138483386, 0.4625021452997245, 0.45675257958617865, 0.4530285678657831, 0.44847063398828696, 0.44728101819169286, 0.44667932449602615, 0.4454368534041386, 0.44394996119480507, 0.44352691080055984, 0.4426630530871597, 0.43994390380148796, 0.4403957753789191, 0.44020500603844137, 0.43885066988421423, 0.43814510223912256, 0.4375705543686362, 0.4363423597578909, 0.4363398131202249, 0.433980091529734, 0.4342050885452944, 0.4337376461309545, 0.43256838707362905, 0.43192071891298484, 0.42942965089106094, 0.4306109757984386, 0.42934535122385215, 0.42883045182508583, 0.4271488996113048, 0.4273256682882122, 0.42608259121576947, 0.4254661424487245, 0.42343945596732346, 0.423552460530225, 0.42328667874429743], "val_loss": [0.6440512592142279, 0.6096433455293829, 0.5926414836536754, 0.5863231257958845, 0.5745687836950476, 0.5648654347116296, 0.5470979484644803, 0.5264581116763029, 0.5094473687085238, 0.4958039549264041, 0.48893930424343457, 0.48186481540853326, 0.48238495805046777, 0.47749864242293616, 0.4784913577816703, 0.4756663604216142, 0.4763560918244449, 0.4776395965706218, 0.47571791302074085, 0.47601923617449676, 0.47527683594010095, 0.4735337902199138, 0.477715172550895, 0.47562995011156256, 0.4753636663610285, 0.4758022129535675, 0.47588456760753284, 0.4742526818405498, 0.47476271065798675, 0.4743082008578561, 0.47247234799645166, 0.47280241413549945, 0.47316855734044855, 0.47399187088012695, 0.47178058190779254, 0.47381285374814813, 0.4752276160500266, 0.4734263176267797, 0.47425195845690643, 0.47617273980920966, 0.47386215220798145, 0.47396729209206323, 0.4763931361111728, 0.47521352767944336, 0.4722778688777577]}