{"best_val": 0.4910605922341347, "train_loss": [0.6686811281575097, 0.6660650074481964, 0.663038452466329, 0.6602471537060208, 0.6573485864533318, 0.6546985540125105, 0.6517636809084151, 0.6485193636682298, 0.6455070277055105, 0.6412689685821533, 0.6386890543831719, 0.6353902485635545, 0.6319254769219292, 0.6281895306375291, 0.6245313584804535, 0.6196975045733981, 0.6177624530262418, 0.6135117444727156, 0.6092417339483897, 0.604903456237581, 0.6017645829253726, 0.5981690254476335, 0.5943609045611488, 0.5908056199550629, 0.5861737132072449, 0.5828546782334646, 0.5799185335636139, 0.576051437192493, 0.573338207271364, 0.5688424540890588, 0.5669978492789798, 0.5652787188688914, 0.5628657042980194, 0.5596251587073008, 0.5575211875968509, 0.5558428234524198, 0.5535048113928901, 0.552059261335267, 0.5516215182012982, 0.5463961329725053, 0.5452620734771093, 0.543882323635949, 0.5400487830241522, 0.5399310323927138, 0.5386073970132403, 0.5354644573397107, 0.5349340885877609, 0.5347395787636439, 0.5330026480886672, 0.5339364177650876, 0.531476648317443, 0.5289969113137987, 0.5261528823110793, 0.527281759513749, 0.528417232963774, 0.5231070021788279, 0.5241211636198891, 0.5224559489223692, 0.5213547199964523, 0.5198858165078692, 0.5169454001718097, 0.5167925953865051, 0.51993956665198, 0.5139396207200156, 0.5163395934634738, 0.5138205819659762, 0.5114510473277833, 0.5124081042077806, 0.511860191822052, 0.5077410538991293, 0.510080968340238, 0.5110758228434457, 0.5084199259678522, 0.5092106593979729, 0.5068561550643709, 0.5075880322191451, 0.5082032349374559, 0.5054759648111131, 0.5106485486030579, 0.5052674065033594, 0.5029957426918877, 0.5058950334787369, 0.5024911248021655, 0.5039871086676916, 0.5034468472003937, 0.4983496119578679, 0.49996936155690086, 0.5012296239535013, 0.501261313756307, 0.5004999587933222, 0.5008118318186866, 0.4994335108333164, 0.4968397517999013, 0.49887049032582176, 0.4985601239734226, 0.49880704945988125, 0.4963746401998732, 0.49849720630380845, 0.4980323248439365, 0.4965623054239485], "val_loss": [0.6669125556945801, 0.6643549203872681, 0.6614930033683777, 0.6577698886394501, 0.6558098495006561, 0.652562141418457, 0.6495991051197052, 0.6467284262180328, 0.6440470963716507, 0.6385554522275925, 0.6362159550189972, 0.6319412142038345, 0.6271632611751556, 0.6249037832021713, 0.6225704401731491, 0.6180265545845032, 0.6142672896385193, 0.6093287169933319, 0.6053545475006104, 0.6024586856365204, 0.5980604290962219, 0.5949020981788635, 0.5896923393011093, 0.5851305723190308, 0.582252636551857, 0.5819265693426132, 0.5772702842950821, 0.5738351047039032, 0.5730491727590561, 0.565393403172493, 0.5626160204410553, 0.5601328313350677, 0.5587858855724335, 0.5560396611690521, 0.5560960024595261, 0.556083582341671, 0.5479306131601334, 0.5452561676502228, 0.5436474084854126, 0.5422729253768921, 0.5430999398231506, 0.5379762500524521, 0.5403291285037994, 0.536994606256485, 0.5365793853998184, 0.5353570133447647, 0.5318692997097969, 0.5323754101991653, 0.5304096788167953, 0.5256785079836845, 0.5243685990571976, 0.5288699343800545, 0.5249841511249542, 0.5248597860336304, 0.526140607893467, 0.5230875909328461, 0.5186004415154457, 0.5170211493968964, 0.514865092933178, 0.5140235424041748, 0.5131503418087959, 0.5138506218791008, 0.5120467022061348, 0.5171258449554443, 0.513249859213829, 0.505952812731266, 0.5123442560434341, 0.5108121708035469, 0.5094137713313103, 0.510734960436821, 0.50211501121521, 0.510805569589138, 0.5050700530409813, 0.5058923214673996, 0.5066895335912704, 0.5049881413578987, 0.5007031112909317, 0.5075165927410126, 0.504558764398098, 0.4977049082517624, 0.4955140948295593, 0.5025897771120071, 0.4991423934698105, 0.5063372403383255, 0.5016632154583931, 0.4999716877937317, 0.49576160311698914, 0.4968935027718544, 0.4970976337790489, 0.4910605922341347, 0.4942717105150223, 0.4940401613712311, 0.49816858768463135, 0.4932509511709213, 0.4940341040492058, 0.4937354251742363, 0.49138829857110977, 0.4949314147233963, 0.4914550334215164, 0.4918004050850868]}