{"best_val": 0.5098881870508194, "train_loss": [0.7267910208966997, 0.7070564263396792, 0.6862224605348375, 0.6650649507840475, 0.6418464581171671, 0.6143980059358809, 0.5854945613278283, 0.5598509957393011, 0.5429261343346702, 0.5339284406767951, 0.5268942134247886, 0.5242083304458194, 0.5192669365141127, 0.5147223207685683, 0.5112204551696777, 0.5118160512712266, 0.5125935127337774, 0.5074552678399615, 0.5102783656782575, 0.5042010065582063, 0.5053530699676938, 0.5015883280171288, 0.5031941168838077, 0.49933840996689266, 0.49644802510738373, 0.4981781658199098, 0.4972161849339803, 0.49827896224127877, 0.4969404720597797, 0.49419332212871975, 0.4940064715014564, 0.49111564457416534, 0.49416850838396287, 0.49209901359346175, 0.4922122706969579, 0.4898456053601371, 0.4901907427443398, 0.49126343263520134, 0.4895613408750958, 0.4894751360019048, 0.4882033103042179, 0.48879166113005745, 0.48672476410865784, 0.48715775377220577, 0.4902724739578035, 0.48808712098333573, 0.4853140281306373, 0.48540032075511086, 0.4854825966888004, 0.4859427859385808, 0.48633356392383575, 0.4873802098962996, 0.4845859474605984, 0.485271328025394, 0.4845951365100013, 0.4822208119763268, 0.4816684408320321, 0.4858228796058231, 0.48240064084529877, 0.47886839177873397, 0.48344552848074174, 0.48155147830645245, 0.4796094596385956, 0.48252155548996395, 0.48223476443025803, 0.4811767902639177, 0.4810082647535536, 0.4797366129027473, 0.47891725103060406, 0.47930820948547787, 0.47961363527509904, 0.47884923550817704, 0.4823549687862396, 0.48026686906814575, 0.47786250048213536, 0.4758007393942939, 0.4781682590643565], "val_loss": [0.7046977877616882, 0.6865006387233734, 0.6673731654882431, 0.6480671018362045, 0.6263075917959213, 0.6039281189441681, 0.5810810625553131, 0.5695803761482239, 0.5546810775995255, 0.5563725233078003, 0.5517474114894867, 0.5520486533641815, 0.5476480424404144, 0.5426604598760605, 0.5457760095596313, 0.5384148210287094, 0.544012725353241, 0.5400659739971161, 0.5398737713694572, 0.5413345545530319, 0.5370862782001495, 0.5396176874637604, 0.5367546901106834, 0.5297582745552063, 0.5358617156744003, 0.5413850694894791, 0.5347016751766205, 0.5294671356678009, 0.5280187577009201, 0.530133567750454, 0.5298645347356796, 0.532637432217598, 0.5300512760877609, 0.5252043008804321, 0.5272809863090515, 0.530766062438488, 0.5280032902956009, 0.526391789317131, 0.5257213711738586, 0.5246700942516327, 0.5251435115933418, 0.5236212611198425, 0.5246208608150482, 0.5251931697130203, 0.5203695446252823, 0.5212789475917816, 0.5230635032057762, 0.5219010189175606, 0.5221124812960625, 0.5192062705755234, 0.5263844951987267, 0.5227551460266113, 0.5185560509562492, 0.527026891708374, 0.5207924172282219, 0.5205623060464859, 0.5221803486347198, 0.5215526223182678, 0.5177889242768288, 0.5132784992456436, 0.5135452970862389, 0.5127926915884018, 0.5163661316037178, 0.5246502682566643, 0.5188193246722221, 0.5224484354257584, 0.5098881870508194, 0.5177020877599716, 0.51966592669487, 0.5107985958456993, 0.5183363258838654, 0.5176105499267578, 0.5172930881381035, 0.517450138926506, 0.5189058408141136, 0.5220528468489647, 0.512516051530838]}