{"best_val": 0.507116973400116, "train_loss": [0.6413674321439531, 0.6282028026050992, 0.616631848944558, 0.6068298319975535, 0.595658090379503, 0.5879648129145304, 0.580538378821479, 0.5676686896218194, 0.5651714768674638, 0.5605986929602094, 0.5591615769598219, 0.5567930903699663, 0.5524779409170151, 0.5498296933041679, 0.5467107047637304, 0.5449183980623881, 0.5392666459083557, 0.5388598342736562, 0.5368222180340025, 0.5360363870859146, 0.5359029041396247, 0.5330512507094277, 0.5323188172446357, 0.5319487071699567, 0.530922575129403, 0.531137239601877, 0.5279290195968416, 0.5262895690070258, 0.526941329240799, 0.5251653591791788, 0.5271124839782715, 0.5239703175094392, 0.5231876207722558, 0.5195228043529723, 0.5191995037926568, 0.5217200832234489, 0.5205792635679245, 0.521874737408426, 0.5204651570982404, 0.5173107468419604, 0.5197203573253419, 0.520309266116884, 0.5156141817569733, 0.5167248696088791, 0.5176313353909386, 0.5161525971359677, 0.5138147870699564, 0.5140270243088404, 0.5150757763120863, 0.5143187261290021, 0.5129141509532928, 0.5125593625836902], "val_loss": [0.6192281991243362, 0.6086949706077576, 0.5986747145652771, 0.5883003026247025, 0.5819438397884369, 0.5736632943153381, 0.5667319446802139, 0.5586202889680862, 0.5579264312982559, 0.552309587597847, 0.5543757081031799, 0.5458483770489693, 0.548980325460434, 0.5503040254116058, 0.5480780228972435, 0.5402465611696243, 0.5376628935337067, 0.5395640879869461, 0.5350679755210876, 0.535185344517231, 0.5260675475001335, 0.5301658809185028, 0.5278247967362404, 0.5296391099691391, 0.5238310769200325, 0.5294584557414055, 0.5208260118961334, 0.5242872685194016, 0.5288262218236923, 0.52452502399683, 0.5289354026317596, 0.5145633071660995, 0.5207375288009644, 0.5197970867156982, 0.5233716294169426, 0.5195894315838814, 0.5191297978162766, 0.5170858427882195, 0.5204950645565987, 0.5180589258670807, 0.5141611471772194, 0.507116973400116, 0.5117700770497322, 0.516415424644947, 0.5150974169373512, 0.5184267535805702, 0.5111775249242783, 0.5125733241438866, 0.5192250236868858, 0.5158057659864426, 0.5227148309350014, 0.5127119272947311]}