{"best_val": 0.4938543438911438, "train_loss": [0.7189232640796237, 0.6984086467160119, 0.6764346030023363, 0.6522384451495277, 0.6226338777277205, 0.5905436939663358, 0.5632505814234415, 0.5494890328910615, 0.5379306823015213, 0.5321393493149016, 0.5300383534696367, 0.5249486151668761, 0.5232319682836533, 0.5256519582536485, 0.5169997695419524, 0.5205359359582266, 0.5175361765755547, 0.5121557613213857, 0.5163790716065301, 0.5124155829350153, 0.5088541838857863, 0.5082763450013267, 0.5095868110656738, 0.5082649058765836, 0.5087554007768631, 0.5086065630118052, 0.5093977087073855, 0.5042753401729796, 0.5070355716678832, 0.5033319178554747, 0.5065914938847224, 0.5059150093131595, 0.5026041799121432, 0.5070617927445306, 0.5049454437361823, 0.501591886083285, 0.5044904202222824, 0.50509222679668, 0.5039283103413053, 0.5020013435019387, 0.503422243727578, 0.5050312843587663, 0.5020249949561225, 0.500113641222318, 0.500010073184967, 0.5019918514622582, 0.49754639632172054, 0.4954969336589177, 0.49742316206296283, 0.5005208402872086, 0.50021926065286, 0.49599390394157833, 0.49597640501128304, 0.49758438103728825, 0.4969674282603794, 0.49759287635485333, 0.49721867673926884, 0.4976317667298847, 0.4964444835980733, 0.49548084040482837, 0.49763546056217617, 0.49642310705449844, 0.49252786570125157], "val_loss": [0.7110436409711838, 0.6907681524753571, 0.6691756099462509, 0.6430061757564545, 0.6156775653362274, 0.5837493687868118, 0.5732598602771759, 0.5636405199766159, 0.5484251528978348, 0.5509900003671646, 0.5502253770828247, 0.5402155816555023, 0.5305201709270477, 0.5388277173042297, 0.5299989283084869, 0.5223424136638641, 0.5246014446020126, 0.5223547220230103, 0.5235424488782883, 0.5236531719565392, 0.5182165503501892, 0.5202278792858124, 0.5287186428904533, 0.5151017606258392, 0.515080988407135, 0.513453297317028, 0.5220197290182114, 0.5131351053714752, 0.5117348879575729, 0.5048450827598572, 0.5111120417714119, 0.5090374052524567, 0.5100437104701996, 0.5080792754888535, 0.507475383579731, 0.5135049447417259, 0.5142096132040024, 0.513129748404026, 0.5105315074324608, 0.5044784843921661, 0.5086888074874878, 0.5088143646717072, 0.5073202848434448, 0.5088208988308907, 0.5107752308249474, 0.5042076706886292, 0.502626970410347, 0.5025021582841873, 0.5136112421751022, 0.5040942877531052, 0.5098524764180183, 0.5098586082458496, 0.4938543438911438, 0.5021283030509949, 0.5018752440810204, 0.513659842312336, 0.5092415288090706, 0.5052966102957726, 0.5008075311779976, 0.5115863382816315, 0.5016013160347939, 0.5035491734743118, 0.5144335329532623]}