{"best_val": 0.4633591283451427, "train_loss": [0.6950848480829825, 0.6160662185687286, 0.5866052800646195, 0.5669300137804105, 0.5446720547400988, 0.5227630247290318, 0.5029891219276649, 0.48616078667915785, 0.47557950822206646, 0.4662845960030189, 0.4599572546206988, 0.4576357431136645, 0.45747023820877075, 0.4555332586169243, 0.45305438397022396, 0.4543187154027132, 0.45519437067783797, 0.4553159291927631, 0.45120392739772797, 0.4506451745445912, 0.4464442546551044, 0.4511142201148547, 0.44592804461717606, 0.4488412898320418, 0.4490533878023808, 0.44735326904516953, 0.4474793953391222, 0.44608854387815183, 0.44466942434127515, 0.4471374119703586, 0.4439564295686208, 0.44508434660159624], "val_loss": [0.6470338918946006, 0.5984401431950656, 0.5786473696882074, 0.5589493811130524, 0.541232474825599, 0.5155390826138583, 0.5012031603943218, 0.48716454885222693, 0.47706523537635803, 0.47287391261620954, 0.4736510217189789, 0.46874819831414655, 0.4704652320254933, 0.4670522781935605, 0.4676459648392417, 0.469637160951441, 0.47056812047958374, 0.46847925131971185, 0.4674576222896576, 0.46674441478469153, 0.4701442230831493, 0.4633591283451427, 0.4687479517676614, 0.4676132229241458, 0.46921317143873736, 0.46896111423319037, 0.4670435163107785, 0.4683097140355544, 0.46673639795996924, 0.46590329029343347, 0.4733959571881728, 0.46843973073092376]}