{"best_val": 0.4692745581269264, "train_loss": [0.7071423563692305, 0.6869795885350969, 0.6679342223538293, 0.6505303250418769, 0.6330717338456048, 0.6165844334496392, 0.6011343797047933, 0.5886620581150055, 0.5813856720924377, 0.5792562398645613, 0.5710493160618676, 0.5685953862137265, 0.5643511050277286, 0.5630368259218004, 0.5620444897148344, 0.560130786564615, 0.5540738552808762, 0.5563838448789384, 0.5499270376231935, 0.5502423362599479, 0.5498891340361701, 0.5492712474531598, 0.548477452662256, 0.5462435235579809, 0.5426532758606805, 0.5417070935169855, 0.5400487085183462, 0.5410004440281126, 0.5386031435595618, 0.5386902888615926, 0.535946355925666, 0.534004709786839, 0.5355087402794096, 0.5334423962566588, 0.5332523004876243, 0.5333446562290192, 0.5292852024237314, 0.5319228569666544, 0.5279288755522834, 0.5285343908601337, 0.5262182371483909, 0.5274211234516568, 0.525973273648156, 0.5252173509862688, 0.5201821294095781, 0.5207157019111845, 0.5193473282787535, 0.517925340268347, 0.5189629346132278, 0.5181229942374759, 0.5195992307530509, 0.5187164280149672, 0.5174987647268507, 0.5164530641502805, 0.5151085704565048, 0.5142917550272412, 0.5148929026391771, 0.5141172922319837, 0.5129744526412752, 0.5139547304974662, 0.5131751630041335, 0.5129790935251448, 0.5132879498932097, 0.5095459587044187], "val_loss": [0.6918006390333176, 0.6683166176080704, 0.6485862284898758, 0.6263622045516968, 0.6053699404001236, 0.5817137658596039, 0.5641637146472931, 0.5477997660636902, 0.5397224724292755, 0.5362085253000259, 0.5262976735830307, 0.5210601910948753, 0.515465535223484, 0.5099971815943718, 0.5133797600865364, 0.5107572376728058, 0.5106456726789474, 0.5084613412618637, 0.5051164701581001, 0.5009816735982895, 0.5073665454983711, 0.4990194961428642, 0.5078323930501938, 0.5024951845407486, 0.4961015656590462, 0.5019150823354721, 0.49040142446756363, 0.4948188588023186, 0.4917682483792305, 0.48851867765188217, 0.489865243434906, 0.48834002017974854, 0.4879573732614517, 0.48988882452249527, 0.4848075658082962, 0.4890022352337837, 0.4872397184371948, 0.4861355796456337, 0.48357369750738144, 0.4843762069940567, 0.4811586067080498, 0.4818325638771057, 0.47502758353948593, 0.48476751893758774, 0.4812275916337967, 0.476279579102993, 0.47901976108551025, 0.4781198725104332, 0.4743689298629761, 0.48070160299539566, 0.4761199876666069, 0.4735061526298523, 0.4760288968682289, 0.4692745581269264, 0.47641105204820633, 0.4723953530192375, 0.4705517441034317, 0.47617485374212265, 0.47190573066473007, 0.47298409789800644, 0.47694921493530273, 0.4795311167836189, 0.47852830588817596, 0.4732702821493149]}