{"best_val": 0.5142131820321083, "train_loss": [0.6565269165568881, 0.6336211694611443, 0.613787829875946, 0.5934622453318702, 0.5758946008152432, 0.5534536987543106, 0.5359325442049239, 0.5248225314749612, 0.5162357687950134, 0.5078527215454314, 0.5045749561654197, 0.4965444505214691, 0.49819886849986184, 0.48982684645387864, 0.4908361103799608, 0.48515431582927704, 0.48348760108153027, 0.4806020160516103, 0.48038745257589555, 0.47942740056249833, 0.4764500210682551, 0.4742586612701416, 0.4697837316327625, 0.4704871260457569, 0.4715753114885754, 0.4701792101065318, 0.46733320587211186, 0.4657459722624885, 0.4680556489361657, 0.4662942389647166, 0.46563954651355743, 0.4653366340531243, 0.46236995855967206], "val_loss": [0.6526858806610107, 0.6346487402915955, 0.6187033653259277, 0.5992826968431473, 0.5817743539810181, 0.5699789524078369, 0.5642601996660233, 0.5608960390090942, 0.5515108853578568, 0.5504419356584549, 0.5436018258333206, 0.53791543841362, 0.5348289683461189, 0.5305426120758057, 0.5252264514565468, 0.5345089733600616, 0.5298461094498634, 0.5337874740362167, 0.5214110985398293, 0.5231303870677948, 0.5181602314114571, 0.523228295147419, 0.5142131820321083, 0.5216399431228638, 0.5192179828882217, 0.5250917822122574, 0.5229925885796547, 0.5277826637029648, 0.5262825414538383, 0.5207116007804871, 0.5244990810751915, 0.5206539258360863, 0.520667277276516]}