{"best_val": 0.5061376243829727, "train_loss": [0.6232829524411095, 0.5876761774222056, 0.5587758620580038, 0.5277257859706879, 0.5126925773090787, 0.5066634135113822, 0.49569490055243176, 0.4949167139000363, 0.49151913821697235, 0.4892350021335814, 0.48846256567372215, 0.48574959072801804, 0.48343611425823635, 0.480325342880355, 0.4804890735281838, 0.4774174243211746, 0.47987081441614365, 0.4763530260986752, 0.47356319096353316, 0.47139622271060944, 0.4712793545590507, 0.46845418049229515, 0.46894366708066726, 0.46780678298738265, 0.4656302134195964, 0.4628296279244953, 0.4608600636323293, 0.46287063923146987, 0.4614283326599333, 0.4570212612549464, 0.4612066199382146, 0.45916102164321476, 0.4604091594616572, 0.4612382451693217, 0.45962628059917027, 0.45617329743173385, 0.45758819414509666, 0.45624978840351105, 0.4565107640292909, 0.4562916358311971, 0.4550984385940764, 0.45358042418956757, 0.4511192904578315, 0.4526694532897737, 0.4528527408838272, 0.45057249400350785, 0.4525902188486523, 0.44976676007111865, 0.45166082514656913, 0.44943495591481525, 0.44725412295924294], "val_loss": [0.6175459772348404, 0.5910360813140869, 0.5642023682594299, 0.5579022765159607, 0.5511161163449287, 0.5505684837698936, 0.5424752980470657, 0.5377067252993584, 0.5334038212895393, 0.5398482158780098, 0.5385890230536461, 0.5363450646400452, 0.524555392563343, 0.5249685049057007, 0.5287607163190842, 0.5278726816177368, 0.5202436819672585, 0.5251222178339958, 0.5246323570609093, 0.5276540741324425, 0.522014930844307, 0.5205093175172806, 0.5116418898105621, 0.5145652368664742, 0.5156470239162445, 0.513326495885849, 0.511394701898098, 0.5140110030770302, 0.5146762579679489, 0.5088123679161072, 0.510591559112072, 0.5117556676268578, 0.507192462682724, 0.5194219276309013, 0.5077815279364586, 0.5112462788820267, 0.5082372352480888, 0.5177533105015755, 0.5081109777092934, 0.5074314177036285, 0.5061376243829727, 0.5073243156075478, 0.5144547149538994, 0.5109378546476364, 0.5100728198885918, 0.5100305303931236, 0.5103914961218834, 0.5184130892157555, 0.5113283917307854, 0.5091577172279358, 0.5116242989897728]}