{"best_val": 0.47061174362897873, "train_loss": [0.7511294881502787, 0.7007714609305064, 0.6655035085148282, 0.6377503408326043, 0.6123474737008413, 0.5869621700710721, 0.5677776204215156, 0.5517739968167411, 0.5408907714817259, 0.5322938478655286, 0.5253997296094894, 0.5221180104547076, 0.5149508747789595, 0.5087475114398532, 0.506450225909551, 0.501111411386066, 0.49896398848957485, 0.4976939426528083, 0.49362915092044407, 0.49005308416154647, 0.48813236090872025, 0.49092555046081543, 0.4878299484650294, 0.4846305433246825, 0.4847246292564604, 0.4856312639183468, 0.4836779551373588, 0.4843995239999559, 0.4831034673584832, 0.47957724663946366, 0.4800243261787627, 0.47934459149837494, 0.47714834411938983, 0.48107748727003735, 0.4749010039700402, 0.4769411285718282, 0.4771100680033366, 0.47618402540683746, 0.47613078521357644, 0.47656549678908455, 0.47669131060441333, 0.4733876536289851, 0.47572845386134255, 0.4741710010502074, 0.47471817831198376, 0.47381994790501064, 0.47808277275827193], "val_loss": [0.7179451584815979, 0.6772577464580536, 0.6485022306442261, 0.624169260263443, 0.6007962673902512, 0.5782569497823715, 0.5625808238983154, 0.5516678541898727, 0.5375790894031525, 0.5271765664219856, 0.5256427899003029, 0.5189865976572037, 0.5121649950742722, 0.5101805627346039, 0.49650073796510696, 0.49942827969789505, 0.4981250837445259, 0.4955007880926132, 0.4912813752889633, 0.4883537292480469, 0.4863897114992142, 0.4904269576072693, 0.48258425295352936, 0.48721466958522797, 0.48383229225873947, 0.4817012548446655, 0.483260415494442, 0.4798677861690521, 0.47962547838687897, 0.47890278697013855, 0.47792982310056686, 0.4776146113872528, 0.4749416932463646, 0.48125047981739044, 0.47682230919599533, 0.47738536447286606, 0.47061174362897873, 0.47703392803668976, 0.47234900295734406, 0.4722238779067993, 0.478617861866951, 0.48011115938425064, 0.47284598648548126, 0.4716535955667496, 0.47735028713941574, 0.47849907726049423, 0.4773925766348839]}