{"best_val": 0.4607488052411513, "train_loss": [0.6789473341960534, 0.62033237546098, 0.5868253684511372, 0.5661124359158909, 0.5405527896740857, 0.5100879663345861, 0.48853428398861604, 0.4749436226545596, 0.46712491968098807, 0.4644596255293079, 0.4630742867787679, 0.4624769652591032, 0.46103766735862284, 0.46031716290642233, 0.45840801094092576, 0.4589809325395846, 0.4571185994381998, 0.45601648442885456, 0.4585564247533387, 0.45431016999132495, 0.4544393911081202, 0.45384739134825913, 0.4527607852337407, 0.4516303515901752, 0.45133589821703296, 0.4508925617909899, 0.4503869431860307, 0.44851021673165115, 0.4473637149614446, 0.4464058122214149, 0.44718118158041265, 0.4445284891362284, 0.44464239478111267, 0.44329388468873265, 0.4431634288208157, 0.44146402034105037, 0.440658548299004, 0.43988507343273536, 0.43985080485250433, 0.4382777348452923, 0.4364016394989163, 0.4359520691282609, 0.4342540175307031, 0.43251843838130727, 0.4318407084427628, 0.43132833230729195, 0.43154696155996886], "val_loss": [0.6253599307753823, 0.5828506567261436, 0.5663005709648132, 0.5473445084961978, 0.5201595019210469, 0.4975803006779064, 0.48184872486374597, 0.47423755580728705, 0.4695632593198256, 0.4689027341929349, 0.4674294021996585, 0.46693223172968085, 0.46691343459216034, 0.4673470610922033, 0.4663178704001687, 0.4662174311551181, 0.46343331987207587, 0.46567166393453424, 0.4660101560029117, 0.46526831117543305, 0.46685684540055017, 0.46613873134959827, 0.46446928110989655, 0.46223034912889654, 0.4639380872249603, 0.46341548182747583, 0.4650128727609461, 0.4626042301004583, 0.4631975401531566, 0.4610478471625935, 0.46401457624001935, 0.4617500061338598, 0.4636791944503784, 0.4619519114494324, 0.4642013338479129, 0.4620215432210402, 0.4607488052411513, 0.4647607180205258, 0.4633274647322568, 0.46203751455653796, 0.46389637752012775, 0.462530333887447, 0.463912386785854, 0.46195206858895044, 0.4643962464549325, 0.46244195103645325, 0.46706046841361304]}