{"best_val": 0.4957944378256798, "train_loss": [0.788449207941691, 0.7516967389318678, 0.7138911816808913, 0.6630148755179511, 0.6179312169551849, 0.585052897532781, 0.5593152410454221, 0.5388394180271361, 0.5307424747281604, 0.5155285861757066, 0.5098589228259193, 0.5049721880091561, 0.4999142272604836, 0.4972335563765632, 0.49045117530557847, 0.48581792248619926, 0.48464907540215385, 0.4821777145067851, 0.47831274734603035, 0.47585311863157487, 0.4737919519344966, 0.47099095086256665, 0.4758984049161275, 0.46852297087510425, 0.4697824898693297, 0.47127915918827057, 0.469402218858401, 0.46669068601396346, 0.4678672154744466, 0.4670080492893855, 0.46149685151047176, 0.4646807511647542, 0.4637667735417684, 0.46719226075543296, 0.4660680178138945, 0.46682268049981857, 0.46465956171353656, 0.46309202412764233, 0.46200107203589547, 0.46459535592132145, 0.4611935300959481, 0.4623156107134289, 0.4665202564663357, 0.46510159969329834, 0.4638076341814465, 0.4631175531281365, 0.46122101777129704, 0.4598733021153344, 0.4613237712118361, 0.4628286129898495, 0.4614450087149938, 0.4622204734219445, 0.46031756202379864, 0.4623105608754688, 0.46114086773660445, 0.4617496000395881, 0.46006124715010327, 0.46191923485861885, 0.4618937638070848, 0.4625974049170812], "val_loss": [0.7129373252391815, 0.6897286027669907, 0.6619041115045547, 0.6220966726541519, 0.5862279832363129, 0.5637202560901642, 0.5564283132553101, 0.5461786687374115, 0.5411016196012497, 0.5370021462440491, 0.5349098145961761, 0.5331153124570847, 0.5285966247320175, 0.5232845693826675, 0.5192156955599785, 0.523141048848629, 0.5212948247790337, 0.5162338837981224, 0.5233089029788971, 0.5142417028546333, 0.5129983797669411, 0.5094321966171265, 0.5117198005318642, 0.5098092630505562, 0.5073545500636101, 0.5043979659676552, 0.5152852907776833, 0.5102471336722374, 0.5097579807043076, 0.5111499950289726, 0.5118426904082298, 0.5022521615028381, 0.5078502148389816, 0.5055631846189499, 0.5112931355834007, 0.5148030072450638, 0.5107535049319267, 0.5022280365228653, 0.5072374939918518, 0.49844006448984146, 0.508276142179966, 0.5047401040792465, 0.5061012506484985, 0.5010144487023354, 0.5031042620539665, 0.5016876608133316, 0.5061897560954094, 0.5054421052336693, 0.5081803724169731, 0.4957944378256798, 0.5033705532550812, 0.5052482783794403, 0.5078379064798355, 0.49673178791999817, 0.5099558085203171, 0.5046414658427238, 0.49682825058698654, 0.5052915662527084, 0.5053635239601135, 0.5114162638783455]}