{"best_val": 0.4907076880335808, "train_loss": [0.6855627165900336, 0.6656136380301582, 0.6451751291751862, 0.626612471209632, 0.6121919353802999, 0.5989124774932861, 0.5907614595360227, 0.5816020601325564, 0.5748577250374688, 0.569286048412323, 0.5639718075593313, 0.5600638339916865, 0.5565895504421658, 0.552064546280437, 0.5501456773943372, 0.5455988877349429, 0.5462356623676088, 0.5451721118556129, 0.5438113494051827, 0.5420650558339225, 0.538925513625145, 0.5351068758302264, 0.540090615550677, 0.5319933576716317, 0.5383647316031985, 0.5359727227025561, 0.5342517313030031, 0.5303587582376268, 0.5302633709377713, 0.5304658313592275, 0.5304306596517563, 0.5276914619737201, 0.5268294082747565, 0.5238030950228373, 0.5254442493120829, 0.5229369269476997, 0.521015539765358, 0.5214100033044815, 0.5198947340250015, 0.5234809004598193, 0.5160308960411284, 0.5162828581200706, 0.5176037616199918, 0.5138674527406693, 0.5147209929095374, 0.5141020251644982, 0.5089878622028563, 0.5154760066005919, 0.5111055473486582, 0.5127541389730241, 0.510387874311871, 0.5087169491582446, 0.5075742287768258, 0.5095717095666461, 0.5079559750027127, 0.5085123661491606, 0.5067380683289634, 0.5074211673604118, 0.5054091066122055, 0.5076710184415182, 0.5042839861578412, 0.5029187103112539, 0.5039780653185315, 0.5074296212858624, 0.505473267700937, 0.5017408894168006, 0.5046958873669306, 0.5052194131745232, 0.5030514415767458, 0.5035899860991372, 0.5062587708234787, 0.5068797253900104, 0.500863297118081, 0.5061505337556204, 0.5017367187473509, 0.49742556942833793, 0.5010921011368433, 0.5039187288946576, 0.5019959443145328, 0.4999580946233537, 0.5032024201419618, 0.5023548867967393, 0.4979630824592378, 0.499868157837126, 0.4993956536054611, 0.49924468994140625, 0.49874250921938157, 0.4999278552002377, 0.49654043051931596, 0.5011254168219037, 0.4963766502009498, 0.4985818813244502, 0.5004898822969861, 0.4967917419142193, 0.4981229305267334, 0.49693307280540466], "val_loss": [0.6323383897542953, 0.6213266551494598, 0.6102652996778488, 0.5989210903644562, 0.5912639498710632, 0.5820854157209396, 0.5776197910308838, 0.5729214549064636, 0.5669263750314713, 0.5564639568328857, 0.5548011511564255, 0.5491826832294464, 0.5525024682283401, 0.5448896288871765, 0.5439860671758652, 0.5403624773025513, 0.5428845286369324, 0.548308439552784, 0.531923733651638, 0.5330997854471207, 0.5360613390803337, 0.5321783721446991, 0.5365443378686905, 0.5335769355297089, 0.5282451435923576, 0.5264473631978035, 0.5351299792528152, 0.533412367105484, 0.5295237377285957, 0.5246598646044731, 0.5249016061425209, 0.5265145003795624, 0.5227012261748314, 0.524555578827858, 0.5256086438894272, 0.5225479528307915, 0.5194506794214249, 0.5168771743774414, 0.5194309800863266, 0.5192054510116577, 0.5199789181351662, 0.5129850432276726, 0.5121681988239288, 0.5151608809828758, 0.5171013996005058, 0.5100719034671783, 0.515593595802784, 0.5135803371667862, 0.5080032274127007, 0.508959211409092, 0.5112214311957359, 0.5107087194919586, 0.5058331713080406, 0.5111268609762192, 0.5072813183069229, 0.5068856403231621, 0.5122592970728874, 0.5029086247086525, 0.510011799633503, 0.5082801952958107, 0.5039748027920723, 0.5015239343047142, 0.5018397942185402, 0.5079079419374466, 0.5006681457161903, 0.5035395249724388, 0.5045412704348564, 0.4983665347099304, 0.5002064928412437, 0.5024866461753845, 0.5070127099752426, 0.49836694449186325, 0.4966616779565811, 0.5044914186000824, 0.49448323249816895, 0.4941936656832695, 0.503823459148407, 0.5015716701745987, 0.5006818324327469, 0.5011782050132751, 0.49268024414777756, 0.49916962534189224, 0.4991074576973915, 0.5048018544912338, 0.5014383569359779, 0.4907076880335808, 0.5012286677956581, 0.5007465928792953, 0.49946197122335434, 0.5011666491627693, 0.4997504949569702, 0.5028826594352722, 0.4935019612312317, 0.49926839768886566, 0.5013124495744705, 0.49805881083011627]}