{"best_val": 0.47563961893320084, "train_loss": [0.6663080089622073, 0.6345604591899447, 0.6007247765858968, 0.5689481728606753, 0.544527937968572, 0.5313787029849159, 0.5201790117555194, 0.5162618094020419, 0.5130174573924806, 0.5091994851827621, 0.5048859980371263, 0.5026304688718584, 0.49947231345706516, 0.49891358945104813, 0.4988216956456502, 0.496815037396219, 0.4980275481939316, 0.49453142119778526, 0.49341708421707153, 0.4900586075252957, 0.4901462114519543, 0.49168794850508374, 0.48981951508257127, 0.4867205255561405, 0.4877355181508594, 0.4871484223339293, 0.48569028079509735, 0.4856138626734416, 0.4873195406463411, 0.48296244111326003, 0.4873182856374317, 0.483963206410408, 0.4849056551853816, 0.48748348984453416, 0.48351936870151097, 0.4838254170285331, 0.48253538873460555, 0.481662650903066, 0.4838634745942222, 0.48095781438880497, 0.4823068098889457, 0.47888658775223625, 0.4815847310754988, 0.4791840646002028, 0.4832426839404636, 0.4840541200505363], "val_loss": [0.6490083783864975, 0.6149703562259674, 0.5770952999591827, 0.5433674454689026, 0.5241284668445587, 0.5150559023022652, 0.4998243749141693, 0.505990594625473, 0.5038860589265823, 0.5014573857188225, 0.502110093832016, 0.49323951452970505, 0.49222027510404587, 0.49443989992141724, 0.4870094135403633, 0.4876647889614105, 0.48210790008306503, 0.4829241633415222, 0.48575274646282196, 0.4835493192076683, 0.47989968210458755, 0.4857468977570534, 0.4820133298635483, 0.4864064231514931, 0.4794306382536888, 0.4881630167365074, 0.4777384400367737, 0.4900659769773483, 0.4794599264860153, 0.48083579540252686, 0.4804464131593704, 0.48657073080539703, 0.48065052181482315, 0.47788025438785553, 0.4762900546193123, 0.47563961893320084, 0.48075994849205017, 0.47948282957077026, 0.4819084107875824, 0.4771911948919296, 0.47819244116544724, 0.47739680111408234, 0.4758381024003029, 0.47894204407930374, 0.47651564329862595, 0.48058071732521057]}