{"best_val": 0.4546270803971724, "train_loss": [0.6898150661816964, 0.6818611002885379, 0.672800777050165, 0.6618292824580119, 0.6493284897162364, 0.6328831762075424, 0.6147948732742896, 0.6029829795543964, 0.5921306174535018, 0.588945576777825, 0.5861405122738618, 0.5796893256214949, 0.580280353816656, 0.5730009153485298, 0.5709681808948517, 0.5688076861775838, 0.5657024245995742, 0.5611588060855865, 0.5603492082311556, 0.5560275746079592, 0.553882299707486, 0.5454148197403321, 0.5455017978182206, 0.5375024022964331, 0.5341818155004427, 0.5272071258379862, 0.5263211692755039, 0.5184127992162337, 0.5123743168436564, 0.5080797517528901, 0.5060493052005768, 0.49881224907361543, 0.49213518030368364, 0.48939104779408527, 0.4866712551850539, 0.48071658725921923, 0.47499259332051647, 0.4713179480571013, 0.4700982083494847, 0.46817846596241, 0.464371281174513, 0.4617233408185152, 0.4604731574654579, 0.4572103155347017, 0.4570461087501966, 0.45094124113137907, 0.45180563571361393, 0.4506913899229123, 0.44760278039253676, 0.4450259329034732, 0.44483030300873977, 0.44441282806488186, 0.4432743312074588, 0.43938349989744335, 0.44049461071307844, 0.4387702918969668, 0.4382920299585049, 0.4381018550350116, 0.4349217844697145, 0.4345837648098285, 0.4350564388128427, 0.43663412160598314, 0.4327355445577548], "val_loss": [0.686061680316925, 0.6776827573776245, 0.6675638448108326, 0.6557559912854974, 0.6418813954700123, 0.6248498396439985, 0.6115622520446777, 0.6020127426494252, 0.5972077467224814, 0.5967063470320269, 0.589324723590504, 0.5895941853523254, 0.5850654623725198, 0.5822500153021379, 0.5792420669035478, 0.578775638883764, 0.5721039338545366, 0.5700840110128577, 0.5679037354209207, 0.5645453388040717, 0.5611329105767336, 0.5560073283585635, 0.5494412888180126, 0.5459848832000386, 0.5434621951796792, 0.5379336422139948, 0.531787325035442, 0.5279941775582053, 0.5224581875584342, 0.5184779492291537, 0.5148708413947712, 0.5073344084349546, 0.5043723474849354, 0.5010264813899994, 0.4985337934710763, 0.4922328428788619, 0.48943759907375683, 0.48964803598143836, 0.4847401814027266, 0.48265767910263757, 0.48290032148361206, 0.4762906784361059, 0.47934802824800665, 0.4702672064304352, 0.470998308875344, 0.4710431288589131, 0.4681789387356151, 0.46618998592550104, 0.464833682233637, 0.4640414660627192, 0.4614693983034654, 0.4626492749560963, 0.45831240849061444, 0.46076042543758045, 0.4605968648737127, 0.4560550776394931, 0.4574215385046872, 0.45748355984687805, 0.4557382735339078, 0.45994793555953284, 0.45462980595501984, 0.4550945813005621, 0.4546270803971724]}