{"best_val": 0.4350455024025657, "train_loss": [0.7096286661484662, 0.6360238159404081, 0.5894402090240928, 0.5631540996186873, 0.5372335069319781, 0.5112274855959649, 0.4889996215408924, 0.4756258802086699, 0.46948831221636605, 0.46351171825446336, 0.46157195521335975, 0.45951195791655897, 0.45752229234751535, 0.45707216625120123, 0.4565860716735615, 0.45438941027603896, 0.45431744584850237, 0.45235327645844103, 0.45354511398895114, 0.4519750429134743, 0.4515875513647117, 0.4483230926242529, 0.4482901441115959, 0.4483115141298257, 0.4485226635839425, 0.4479353094802183, 0.4458783175431046, 0.4453058984934115, 0.4462064580590117, 0.44401004910469055, 0.44420960720847635, 0.44172802567481995, 0.4425604477816937, 0.44151148842830285, 0.4416120852909836, 0.44141077761556585, 0.4399988458437078, 0.439408518520056], "val_loss": [0.6659922491420399, 0.5875281095504761, 0.5600464073094454, 0.5328931429169395, 0.5052503807978197, 0.4784913388165561, 0.45871087637814606, 0.45138365030288696, 0.44374952533028345, 0.4420455341989344, 0.44360846281051636, 0.4421038031578064, 0.44116776097904553, 0.43957324732433667, 0.43916872956536035, 0.43886797536503186, 0.4381388642571189, 0.4385211765766144, 0.4387130764397708, 0.4393116533756256, 0.43650526621124963, 0.4373875043608926, 0.43698575821789826, 0.437029629945755, 0.4362435855648734, 0.436064059084112, 0.4392071447589181, 0.4350455024025657, 0.4366946816444397, 0.4374302056702701, 0.436069748618386, 0.43842945857481525, 0.43655675649642944, 0.43688481775197113, 0.43714194135232404, 0.4373975694179535, 0.4370666281743483, 0.43667239492589777]}