{"best_val": 0.44118722731416876, "train_loss": [0.6361644162851221, 0.5857439006076139, 0.5503869757932776, 0.509497803215887, 0.4803049657859054, 0.46388502156033234, 0.45757195704123554, 0.4541925495746089, 0.45114393094006705, 0.4482014605811998, 0.4460390788667342, 0.4452814670170055, 0.4422539811508328, 0.440009742975235, 0.4389721435659072, 0.4372171818041334, 0.4343418496496537, 0.4319280502842922, 0.43079498059609356, 0.4287798848806643, 0.4288526755921981, 0.42447130177535264, 0.4236495605870789, 0.42089399461652716, 0.41920995536972494, 0.4184623255449183, 0.4148317891008714, 0.41380657986098646, 0.4105790356794993, 0.4076819963314954, 0.4056944221842523, 0.40402766068776447, 0.40252551144244625, 0.40052172541618347, 0.400209307086234, 0.39730991510783925, 0.3949481383258221, 0.3932143648465474, 0.3908616462174584, 0.3917415212182438, 0.38779837711184634, 0.38690625569399667, 0.3830779726598777, 0.3829927298368192, 0.38183526373377036, 0.3803355565258101, 0.37777704760140063, 0.3754156009823668, 0.3754968023767658, 0.3726627446857153, 0.3712177919406517], "val_loss": [0.601525068283081, 0.5736088915304705, 0.5363988686691631, 0.5018038289113478, 0.47901762615550647, 0.4665518646890467, 0.46452138369733637, 0.4608216935938055, 0.4580870135263963, 0.46103234453634784, 0.46074728532270953, 0.45562384074384515, 0.45743635838682, 0.4554512419483878, 0.456511833451011, 0.45383173769170587, 0.45572732253508136, 0.4493944617834958, 0.4521364244547757, 0.4503596912730824, 0.45263108340176667, 0.45062850280241534, 0.45026490363207733, 0.45053014159202576, 0.44848135113716125, 0.4453859600153836, 0.45032494447448035, 0.4447368925268, 0.4480880471793088, 0.444914156740362, 0.4473990364508195, 0.44667447967962787, 0.44628658348863776, 0.44888346845453436, 0.44486755403605377, 0.44618697329000995, 0.44471825794740155, 0.4437768676064231, 0.44589894197203894, 0.4433988034725189, 0.44118722731416876, 0.44492012804204767, 0.4437508447603746, 0.44404437054287305, 0.4477260871367021, 0.4427153034643693, 0.4448550722815774, 0.44267437674782495, 0.44316777316006745, 0.44380386580120434, 0.444561858068813]}