{"best_val": 0.46887654066085815, "train_loss": [0.7212215884059083, 0.6713798770717546, 0.6200081717734244, 0.5947838706128737, 0.5804744316082374, 0.5651814849937663, 0.5454300232962066, 0.5264257753596586, 0.5047706657764959, 0.48894506634450424, 0.47825926366974325, 0.4701004887328428, 0.46519412363276763, 0.46267830682735817, 0.46091509625023486, 0.45857901082319374, 0.4569633965398751, 0.4561309393714456, 0.45654847984220465, 0.455178415074068, 0.4545078598985485, 0.4535684918656069, 0.45173561280848934, 0.4510753131380268, 0.4500698488132626, 0.45105253832013, 0.44920352335069696, 0.44863548173623924, 0.4476249118645986, 0.4469891418428982, 0.447110793169807, 0.4451776491660698, 0.445290452709385, 0.4442250249432583, 0.44386793702256444], "val_loss": [0.6973484266888011, 0.6492342515425249, 0.6119061220775951, 0.5987177707932212, 0.5859165462580594, 0.5690906806425615, 0.5475450591607527, 0.5252657939087261, 0.5056283528154547, 0.4918983226472681, 0.48169303753159265, 0.4776481173255227, 0.47553956508636475, 0.4734833430160176, 0.47227519208734686, 0.4728053537282077, 0.47288130901076575, 0.47164722193371167, 0.4709114676172083, 0.47254232655871997, 0.47109404477206146, 0.4712019752372395, 0.47096605734391644, 0.47035824981602753, 0.46887654066085815, 0.4698923175985163, 0.46961213512854144, 0.46955955028533936, 0.47114355726675555, 0.4692327949133786, 0.46956468983130023, 0.4695695801214738, 0.4696571014144204, 0.46915794773535296, 0.4706636802716689]}