{"best_val": 0.4819130226969719, "train_loss": [0.7120072742303213, 0.6609826187292734, 0.606104830900828, 0.5575917032029893, 0.529566302895546, 0.5187024060222838, 0.5088053925169839, 0.4985129170947605, 0.4959242261118359, 0.49398207498921287, 0.4926854885286755, 0.49108894334899056, 0.4890608671638701, 0.48754073513878715, 0.4869140171342426, 0.48665359450711143, 0.4848276476065318, 0.4889983965290917, 0.48334191739559174, 0.47965817484590745, 0.48098431527614594, 0.4794633835554123, 0.4813775403632058, 0.47790602180692887, 0.4797868761751387, 0.47979876233471763, 0.47654887702729964, 0.47647539112302995, 0.48018045723438263, 0.47828880449136096, 0.47509259316656327, 0.47687991129027474, 0.4754253973563512, 0.47492871185143787, 0.47546589540110695, 0.47659603257973987, 0.47630904118220013, 0.4777261432674196, 0.47693490485350293, 0.4755117247502009, 0.47545834051238167, 0.4772265652815501, 0.4717939959632026, 0.47326087951660156, 0.4720764375395245, 0.4757034447458055, 0.476127275162273, 0.4725363651911418, 0.4753156254688899, 0.47490168114503223, 0.4748387783765793, 0.4724499086538951, 0.4719641473558214, 0.47572535938686794, 0.4713956101073159, 0.47562137246131897, 0.47288403742843205, 0.47366218434439766, 0.4709058619207806, 0.4720773051182429, 0.47250230775939095, 0.4717903501457638, 0.4716949164867401, 0.4738442020283805, 0.46953794525729287, 0.4717173245218065, 0.47165229585435653, 0.4710371759202745, 0.4712115261289809, 0.4726251396867964, 0.4738752742608388, 0.47076982425318825, 0.46708246568838757, 0.46975695590178174, 0.47199686037169564], "val_loss": [0.6842730194330215, 0.6334477514028549, 0.5803797692060471, 0.5511306896805763, 0.5373117849230766, 0.529300183057785, 0.5246274843811989, 0.522357702255249, 0.5209642797708511, 0.5181286185979843, 0.5176327750086784, 0.5159978792071342, 0.5071532502770424, 0.510007806122303, 0.5095164477825165, 0.5038952603936195, 0.5041108950972557, 0.49985436350107193, 0.5053031221032143, 0.500415101647377, 0.5065132081508636, 0.5031048357486725, 0.4947073608636856, 0.4934259429574013, 0.4948744773864746, 0.49162904918193817, 0.49460576474666595, 0.4946204498410225, 0.4931299388408661, 0.49462946504354477, 0.49696046113967896, 0.4958539605140686, 0.49357790499925613, 0.4956789091229439, 0.4895499125123024, 0.48883674293756485, 0.4887077063322067, 0.49526841193437576, 0.48723428696393967, 0.48913510888814926, 0.48866670578718185, 0.48878873884677887, 0.4959292560815811, 0.4958229064941406, 0.49003077298402786, 0.49266375601291656, 0.492578461766243, 0.4912641644477844, 0.48659656941890717, 0.48952939361333847, 0.49301503598690033, 0.4900454059243202, 0.49120738357305527, 0.48910442739725113, 0.4844145178794861, 0.4899732619524002, 0.4954335317015648, 0.4873692914843559, 0.49417442828416824, 0.48861782252788544, 0.49065545946359634, 0.48940567672252655, 0.4864860624074936, 0.49608954042196274, 0.4819130226969719, 0.4886529743671417, 0.491069920361042, 0.49558810889720917, 0.48967693746089935, 0.4860202968120575, 0.49177516251802444, 0.4902811050415039, 0.4926469326019287, 0.48947111517190933, 0.4882791340351105]}