{"best_val": 0.5288437828421593, "train_loss": [0.6666741967201233, 0.6072803106572893, 0.5729596151245965, 0.5456059492296643, 0.5236048234833611, 0.5132628546820747, 0.5089386949936548, 0.5062265975607766, 0.4999471621380912, 0.49585017065207165, 0.488810227976905, 0.4871826171875, 0.4835383627149794, 0.4813956055376265, 0.4796428001589245, 0.4750369257397122, 0.4738909817404217, 0.4687557733721203, 0.4725893768999312, 0.46996986700428856, 0.468444781170951, 0.46757513450251686, 0.4695419238673316, 0.4668336229191886, 0.46793205704953933, 0.4701100207037396, 0.46947601272000206, 0.4644438922405243, 0.4653045071495904, 0.46593135926458573], "val_loss": [0.6192436516284943, 0.5891119539737701, 0.5689350664615631, 0.560844674706459, 0.5598003193736076, 0.5525653883814812, 0.5514232069253922, 0.5470322519540787, 0.5489782765507698, 0.5509185940027237, 0.5408755838871002, 0.5316329672932625, 0.5354476496577263, 0.531059131026268, 0.5366509035229683, 0.5301661789417267, 0.5401287376880646, 0.5344062894582748, 0.532490074634552, 0.5288437828421593, 0.5307825803756714, 0.5373509749770164, 0.530349388718605, 0.5305578708648682, 0.5293612107634544, 0.5358898043632507, 0.5324775204062462, 0.5292809307575226, 0.5371950715780258, 0.538163498044014]}