{"best_val": 0.4791615679860115, "train_loss": [0.6592616107728746, 0.5992910530832078, 0.542465842432446, 0.5151242895258797, 0.5092845774359174, 0.5032549632920159, 0.49828845759232837, 0.49819162984689075, 0.49656933546066284, 0.49209632807307774, 0.4907063494126002, 0.4893951267004013, 0.48406877451472813, 0.4823521292871899, 0.4809609204530716, 0.4785732428232829, 0.477316935857137, 0.4774050646358066, 0.47076188027858734, 0.4746551281876034, 0.47297055025895435, 0.4746733655532201, 0.47065184513727826, 0.47127336925930446, 0.4695656912194358, 0.46902769804000854, 0.46504112581412, 0.4666970173517863, 0.4681619604428609, 0.46671407918135327, 0.46236562563313377, 0.4636116309298409, 0.46011711325910354, 0.46796880662441254], "val_loss": [0.6419287323951721, 0.5893263816833496, 0.5542937144637108, 0.5354333072900772, 0.5197847187519073, 0.5271576344966888, 0.5192540213465691, 0.5184246972203255, 0.5130305364727974, 0.5114259347319603, 0.5062455460429192, 0.5041600167751312, 0.4948557838797569, 0.49356331676244736, 0.48469751328229904, 0.49865733832120895, 0.48896271735429764, 0.48916061967611313, 0.4825429692864418, 0.4832334518432617, 0.4973261132836342, 0.4869948774576187, 0.48339445888996124, 0.4791615679860115, 0.4851885437965393, 0.4883727952837944, 0.48406119644641876, 0.48400434851646423, 0.48858143389225006, 0.4847864881157875, 0.48601633310317993, 0.49004247039556503, 0.4821024388074875, 0.483937606215477]}