{"best_val": 0.44911153479055926, "train_loss": [0.6703837023061865, 0.6403359326661802, 0.6116129627414778, 0.5867105021196253, 0.5686897097849378, 0.5521891520303839, 0.5345224854992885, 0.516407696055431, 0.503225542751013, 0.48846763255549414, 0.4807509610465929, 0.4719529064262615, 0.46801046588841605, 0.46485516662691156, 0.463203790141087, 0.46108583258647545, 0.4606741684324601, 0.4588246509140613, 0.45963886263323767, 0.45816181161824393, 0.45754142777592527, 0.4571444947345584, 0.45587823437709435, 0.45452121309205595, 0.45515263840263964, 0.4552760439760545, 0.4548940138489592, 0.45360442061050266, 0.45231398823214514, 0.4524885597182255, 0.45255253186412886, 0.4516385746937172, 0.4511289841988507, 0.4529574899112477, 0.4501151880797218, 0.45080280829878416, 0.4496518496204825, 0.4508227822827358, 0.4496593738303465, 0.4490676463819018, 0.44916339364706304, 0.4497370112176035, 0.4471719189017427, 0.4473676266623478, 0.44827072643766214, 0.4490908471977009, 0.4473428334675583, 0.44680172497150944], "val_loss": [0.644844423640858, 0.6178074750033292, 0.5893216241489757, 0.5700572566552595, 0.5550161843950098, 0.5403259206901897, 0.521371221000498, 0.5078334889628671, 0.4923087412660772, 0.48033635453744367, 0.47223594242876227, 0.465728911486539, 0.4631659578193318, 0.45935068889097735, 0.4576510028405623, 0.45699823986400256, 0.45705450393936853, 0.4554526697505604, 0.4554144767197696, 0.4534923082048243, 0.4543838148767298, 0.45329189029606903, 0.45343027873472735, 0.4515477310527455, 0.453331242908131, 0.4528818862004714, 0.4523780210451646, 0.4522657719525424, 0.45127625086090783, 0.4509564936161041, 0.45210900089957495, 0.4510431370951913, 0.45018487626856024, 0.4510435841300271, 0.4515705487944863, 0.4504744437607852, 0.45129892230033875, 0.44911153479055926, 0.4528906318274411, 0.4498207325285131, 0.4506417892195962, 0.4502563232725317, 0.4511333270506425, 0.45078172196041455, 0.4497095888311213, 0.44970286976207385, 0.4499726241285151, 0.44961815801533783]}