{"best_val": 0.5709866404533386, "train_loss": [0.6924099922180176, 0.6914380219849673, 0.6900470202619379, 0.6879184381528334, 0.6845522739670493, 0.6796861805699088, 0.6727834045886993, 0.6640126380053434, 0.6530103006146171, 0.6403525038198992, 0.6271281242370605, 0.6149288280443712, 0.6042736958373677, 0.5959138138727709, 0.5901518653739583, 0.5859237584200773, 0.5831002809784629, 0.5814931663599882, 0.5802746117115021, 0.5794270472093062, 0.578854804689234, 0.5786480334672061, 0.5786823521960865, 0.5785110619935122, 0.5781867910515178, 0.5780990611423146, 0.5779181935570457, 0.5782596929506822, 0.5781565444035963, 0.5776596475731243, 0.5780397436835549, 0.5777447006919167, 0.5777991359884088, 0.5775150033560666, 0.5776379352266138, 0.5774840143593875], "val_loss": [0.6918552637100219, 0.6906797409057617, 0.6888781428337097, 0.6860382080078125, 0.6818523645401001, 0.6757078051567078, 0.6672774314880371, 0.6573055386543274, 0.6451342463493347, 0.6308867454528808, 0.6185693621635437, 0.605668818950653, 0.5963953971862793, 0.5889869689941406, 0.5829710483551025, 0.5820072054862976, 0.5773910999298095, 0.5774238467216491, 0.5755526900291443, 0.5754022598266602, 0.5747445106506348, 0.5724677085876465, 0.5748133540153504, 0.5716503381729126, 0.5738207936286926, 0.5709866404533386, 0.5717759728431702, 0.5729395151138306, 0.5744154453277588, 0.5734060168266296, 0.573604142665863, 0.5727368950843811, 0.5730233907699585, 0.5736009478569031, 0.5714096426963806, 0.571801769733429]}