{"best_val": 0.47005229646509344, "train_loss": [0.7390135701964883, 0.655933141708374, 0.6048920306504941, 0.582558790842692, 0.5660702340743121, 0.5431438000763164, 0.5179943325472813, 0.49493985374768573, 0.477949577219346, 0.47054406240874647, 0.46652055780092877, 0.4654866684885586, 0.4630776164578457, 0.46159009898410125, 0.4620193558580735, 0.45940523813752565, 0.458201888145185, 0.4571482597612867, 0.4574187859600666, 0.4544224610515669, 0.4537637140236649, 0.452669384432774, 0.4510432072714263, 0.4500348234877867, 0.44814077487178877, 0.4477350641699398, 0.4474800007016051, 0.44638141405348686, 0.4448530522047305, 0.44504400970889074, 0.44139965199956704, 0.4408317325161953, 0.44084519206308853, 0.43853604033881544, 0.43763642743522047, 0.43508948005881964, 0.43521807065197066, 0.4345337935522491, 0.4316742671471016, 0.4325796137837803], "val_loss": [0.6796971342780374, 0.6204173456538807, 0.6018668738278475, 0.587458767674186, 0.5697068436579271, 0.5444533093409105, 0.5167051607912237, 0.499171181158586, 0.4842880530790849, 0.483945296569304, 0.4801198054443706, 0.4833544438535517, 0.4782616198062897, 0.4787673841823231, 0.47836492549289356, 0.4757586013187062, 0.47544472867792303, 0.4822293303229592, 0.4738147123293443, 0.47520208900625055, 0.4751263342120431, 0.47406103936108673, 0.4761358391154896, 0.47530383142558014, 0.47442609342661773, 0.4750628796490756, 0.4741284088654952, 0.4736655300313776, 0.47286826372146606, 0.47005229646509344, 0.47368197820403357, 0.47255018624392425, 0.4730374352498488, 0.47282078862190247, 0.4738725776022131, 0.47339842265302484, 0.4715890315445987, 0.47776187279007654, 0.47264326973394916, 0.47746738520535553]}