{"best_val": 0.4558168785138564, "train_loss": [0.6644978990741804, 0.630439279126186, 0.6016481098006753, 0.5841957377452477, 0.5715334415435791, 0.5596192572631088, 0.5462103164663502, 0.534169992979835, 0.5213179471446019, 0.5107323813672159, 0.5022384056857988, 0.4950263640459846, 0.48929817068810555, 0.4854309804299298, 0.48130785074888494, 0.4776063590657477, 0.47544756648587244, 0.472434132122526, 0.47058383974374507, 0.46785838288419385, 0.46616121133168537, 0.4661993027902117, 0.4637163030166252, 0.4620695038169038, 0.4622485257831274, 0.4615670378301658, 0.46060199421994824, 0.4589119261386348, 0.46113595074298336, 0.4591286947914198, 0.45887919150146783, 0.4580249751315397, 0.458176804523842, 0.4577937167064816, 0.45650743386324716, 0.4571555116597344, 0.45548511252683754, 0.45605264691745534, 0.4551643390281528, 0.4543224584822561, 0.45395038408391614, 0.4543849422651179, 0.45219962444959905, 0.4535112982871486, 0.4534183127038619, 0.4529660981075436, 0.4511991043885549, 0.4519468458259807, 0.45140765578139064, 0.4507695886434293, 0.4501910081096724, 0.4515621486832114, 0.4497869973089181, 0.4503890673319499, 0.44907049221151013, 0.4495852274053237, 0.44909392384921804, 0.4490108793857051, 0.44820936053406957, 0.4484571943096086, 0.44839009759472864, 0.4481428335694706, 0.4470305325938206, 0.4472563523872226, 0.44728401069547613, 0.44655174951927334, 0.44687024284811583, 0.44621163022284416, 0.446888454988891, 0.44554779634756203, 0.4454577874903585, 0.44559929943552207, 0.4464862264838873, 0.44468135342878456, 0.4441658749299891, 0.4450094810887879, 0.44469616752044827, 0.4427452987315608, 0.4439806406404458, 0.44355309593911263, 0.4436533918567732, 0.4440542576359768, 0.44338711862470587, 0.44249045089179395, 0.44365917467603494, 0.4436278021803089, 0.44259155673139233, 0.4423677220064051, 0.4423530709509756], "val_loss": [0.6332720680670305, 0.6022798852487043, 0.5796441706744108, 0.5644551840695468, 0.5535859573971141, 0.5415911051360044, 0.5290063240311362, 0.5171663815324957, 0.5066095400940288, 0.49668882109902124, 0.488793438131159, 0.48322530768134375, 0.48016769506714563, 0.4751500676978718, 0.47405210679227655, 0.47104131091724744, 0.46812875975262036, 0.4673793857747858, 0.46669834039428015, 0.46535957943309436, 0.46479564092376013, 0.46482797915285284, 0.46280979026447644, 0.46213938973166724, 0.46400323239239777, 0.46270709417083045, 0.4629066396843303, 0.4610402584075928, 0.46354736523194745, 0.4634945338422602, 0.46122573722492566, 0.4619137644767761, 0.46155802228234033, 0.46082086725668475, 0.4602807516401464, 0.46122871203856036, 0.46208595958623017, 0.4619816650043834, 0.4607612571933053, 0.46160808205604553, 0.4602005725557154, 0.4626664167100733, 0.4597983712499792, 0.45937788486480713, 0.4593068036166104, 0.461368203163147, 0.45968394116921857, 0.4619576226581227, 0.46025959199125116, 0.46101277795704926, 0.4601938209750436, 0.45976843617179175, 0.4598089727488431, 0.45835298841649835, 0.45976787263696844, 0.4574545919895172, 0.45900488712570886, 0.4594752653078599, 0.46117326617240906, 0.4569490606134588, 0.4590864967216145, 0.4580799016085538, 0.4580660543658517, 0.45916803858496924, 0.45904163067991083, 0.45714427666230634, 0.45796114206314087, 0.4594534554264762, 0.4573765613816001, 0.4563309685750441, 0.45838573575019836, 0.4577995376153426, 0.4577552459456704, 0.4579404971816323, 0.4583032483404333, 0.45763449235395953, 0.45780718326568604, 0.4569696160880002, 0.4558168785138564, 0.45790997689420526, 0.4577743654901331, 0.45725310390645807, 0.4578456363894723, 0.457359408790415, 0.45931972427801654, 0.45889323407953436, 0.4571138918399811, 0.45722431486303156, 0.4587808007543737]}