{"best_val": 0.5206176415085793, "train_loss": [0.6668457587560018, 0.6414142085446252, 0.6163387927744124, 0.5929006934165955, 0.5708241926299201, 0.552890012661616, 0.5384618855184979, 0.5319572538137436, 0.5311182787021002, 0.5233632226785024, 0.5191121415959464, 0.5183261417680316, 0.5162405851814482, 0.5134595168961419, 0.5145568814542558, 0.5084182884958055, 0.5079250733057658, 0.5060267498095831, 0.5033328251706229, 0.5051768571138382, 0.50339894162284, 0.5021739767657386, 0.49948275420400834, 0.5011257661713494, 0.4990667866335975, 0.498928298552831, 0.49727647999922436, 0.4981314953830507, 0.4961293952332603, 0.4946274823612637, 0.4923673884736167], "val_loss": [0.6405903995037079, 0.6179975122213364, 0.5961938053369522, 0.5748391151428223, 0.5575393289327621, 0.5457923114299774, 0.5479515120387077, 0.533282995223999, 0.5350710079073906, 0.5314958095550537, 0.5268281549215317, 0.5319988504052162, 0.5310220867395401, 0.5311198607087135, 0.523702397942543, 0.5318159908056259, 0.5353312641382217, 0.5257585123181343, 0.5215652957558632, 0.5282567292451859, 0.5206176415085793, 0.5271909236907959, 0.5228385031223297, 0.5284591466188431, 0.526091530919075, 0.5262302607297897, 0.5226482376456261, 0.5264335423707962, 0.5224407017230988, 0.5214898586273193, 0.526314489543438]}