{"best_val": 0.4634055928750472, "train_loss": [0.7015421647651523, 0.6243283877185747, 0.5867973940045226, 0.5644988674743503, 0.5370880721830854, 0.5066822422485725, 0.4834819646442638, 0.46988853753781784, 0.46361298011798485, 0.4596599258628546, 0.4580078060720481, 0.4561408898409675, 0.45499883446038936, 0.4518515748136184, 0.45040444182414635, 0.4500841515905717, 0.4474601137871836, 0.446588655312856, 0.4452755083056057, 0.44318699836730957, 0.44180502961663637, 0.4401654303073883, 0.4390837550163269, 0.4380887261792725, 0.4362890124320984, 0.43543514550900925, 0.43408755052323433, 0.4326215713631873, 0.43130262751205295, 0.42911501842386585, 0.4290480783172682, 0.42725709139132034, 0.4246203659796247, 0.425782501113181, 0.42285391162423525, 0.4227534871475369, 0.42041551190264087, 0.4189891336010952, 0.419113193656884, 0.41626209897153515, 0.4161628823654324, 0.41439153750737506, 0.4121653519424738, 0.41131474048483607, 0.4101000924905141, 0.4077094577106775, 0.408031401680965, 0.40657563712082656, 0.4054294327894847, 0.40376437528460635, 0.40059030815666796, 0.40094830826217054, 0.4002111332089293, 0.3998729685942332], "val_loss": [0.6629523851654746, 0.6077052246440541, 0.5867089412429116, 0.5660994161259044, 0.5306590849703009, 0.5014659003777937, 0.48466147075999866, 0.47923862121321936, 0.47382382642139087, 0.4719321131706238, 0.47523087534037506, 0.47107749635523016, 0.471241449767893, 0.4695305580442602, 0.4682591611688787, 0.47007050839337433, 0.46618988568132574, 0.4686844674023715, 0.46996657143939624, 0.4692172787406228, 0.46578201922503387, 0.4671845165165988, 0.46969121152704413, 0.4714792750098489, 0.46467541835524817, 0.4657070528377186, 0.46482800353657117, 0.466230489990928, 0.46640134670517663, 0.4664866463704543, 0.4657561616464095, 0.4668501859361475, 0.4665996892885728, 0.463553634556857, 0.4671409401026639, 0.4650582833723588, 0.46548263051293115, 0.4660762304609472, 0.46469821713187476, 0.4635806083679199, 0.4651352654803883, 0.4664817154407501, 0.4664460691538724, 0.4634055928750472, 0.4658699794249101, 0.46704375743865967, 0.4661214595491236, 0.4669526219367981, 0.46537579189647327, 0.4661695740439675, 0.4634968042373657, 0.46590088172392413, 0.4681182639165358, 0.4669356508688493]}