{"best_val": 0.45491607893596997, "train_loss": [0.7073818363395392, 0.673305003082051, 0.643508186527327, 0.6115977916063047, 0.585662349766376, 0.571102513402116, 0.5613199916540408, 0.5499083849729276, 0.5376245817717384, 0.522890276184269, 0.5070715271959118, 0.4912581361976324, 0.47882357122851354, 0.46821966299823686, 0.46092768159567143, 0.4557325559503892, 0.4526880056250329, 0.450959140179204, 0.4488961503786199, 0.44882022808579836, 0.44670359176747937, 0.4439161916573842, 0.4445582458785936, 0.4431618305982328, 0.44254639978502314, 0.44231557904505264, 0.441336428417879, 0.44136831982463015, 0.4404543696665296, 0.44070517899943334, 0.43919525017925337, 0.43930161233041803, 0.4392298565191381, 0.43912430487427057, 0.43834913653485913, 0.43877559724976034, 0.43728941503693075, 0.43614091767984275, 0.43743738473630417, 0.43680231769879657, 0.4357831846265232, 0.43489251475708157, 0.4355330625001122, 0.4344423880764082, 0.4336417054428774, 0.4325422819922952, 0.43279601312151145, 0.4327786009685666, 0.4318160210169998, 0.4325397113958995, 0.43230288168963266, 0.4322835966652515, 0.43202413121859234, 0.43117233234293323, 0.43030817076271655, 0.43017098833532896, 0.42915377546759215, 0.42876817081488816, 0.4287741932214475, 0.4291645574803446, 0.4283222415867974, 0.4294229558869904, 0.4276551458181119], "val_loss": [0.689894513650374, 0.663208089091561, 0.6369111754677512, 0.6112703030759638, 0.5951577262444929, 0.5861926187168468, 0.5770989168773998, 0.5648228336464275, 0.5517465445128354, 0.5345994667573408, 0.5189721042459662, 0.5009202225641771, 0.49231206287037244, 0.483450168913061, 0.4762477630918676, 0.47188468954779883, 0.4687134406783364, 0.4679084095087918, 0.4671647846698761, 0.46558852087367664, 0.4647464860569347, 0.4631575427272103, 0.4632467952641574, 0.46348558230833575, 0.4590949632904746, 0.46132739836519415, 0.46179017424583435, 0.45978242700750177, 0.4612695493481376, 0.4593712226911025, 0.45951187339696015, 0.4594988335262645, 0.4597454152323983, 0.4606906365264546, 0.45848297801884735, 0.4567317718809301, 0.4583576809276234, 0.45920503681356256, 0.45716681534593756, 0.45854502645405854, 0.45783885500647803, 0.4571445882320404, 0.4584118371660059, 0.4579185762188651, 0.4578575708649375, 0.4561302065849304, 0.4581080404194919, 0.45779739997603675, 0.45839960195801477, 0.45775372873653064, 0.45855695551091974, 0.4580034017562866, 0.45491607893596997, 0.45982756397940894, 0.45758297768506134, 0.45724616809324786, 0.45660646937110205, 0.4590368189594962, 0.458404156294736, 0.4577555846084248, 0.4592401466586373, 0.4595026969909668, 0.45627807487141003]}