{"best_val": 0.4492859054695476, "train_loss": [0.6758619348208109, 0.6152566122073754, 0.5883495223288443, 0.5723179134668088, 0.5566379988894743, 0.5386447234480989, 0.5197779244067622, 0.5014569402909747, 0.48688536999272364, 0.4785760150236242, 0.4726445487901276, 0.4686238000205919, 0.46593423567566217, 0.46316378315289813, 0.46349036693573, 0.4616839248760074, 0.4600365144364974, 0.46037465859861937, 0.4585515424317005, 0.45755646567718655, 0.4574607482143477, 0.45648126917726856, 0.45480430476805744, 0.45463118833654065, 0.4541898159419789, 0.4525522490342458, 0.4523175294492759, 0.452739370804207, 0.45152800457150327, 0.4494151315268348, 0.44807857917804345, 0.44975672340860556, 0.4479984769634172, 0.4471942560345519, 0.4468555964675604, 0.44631538379426094, 0.4436710652183084, 0.44327031514223886, 0.44336918113278406, 0.44305720925331116, 0.4420059101254332, 0.4412533909666772, 0.4406038411692077, 0.4392280847418542, 0.4395017816739924, 0.43825431898528455, 0.4393066728816313, 0.43731170366792116, 0.43574157298779953, 0.4357661002991246, 0.4343990537465787, 0.4343494036618401, 0.4333858998382793, 0.4319264836171094, 0.43194252194142807, 0.43189983625038, 0.43059225468074575, 0.4295339724596809, 0.42802054800239264, 0.4281277270878063, 0.4276747931452358, 0.4257017128607806, 0.4271019340730181, 0.4254162416738622, 0.42471690738902373], "val_loss": [0.6281952966343273, 0.594558222727342, 0.5820521820675243, 0.569281746040691, 0.5536156730218367, 0.5313061909242109, 0.5098054138096896, 0.490315166386691, 0.4801978821104223, 0.4723442115566947, 0.4666060669855638, 0.46307605504989624, 0.46332157200033014, 0.4606863937594674, 0.461580138314854, 0.4606373120437969, 0.460500337860801, 0.4612826650792902, 0.45971682938662445, 0.45937278324907477, 0.4594124745238911, 0.4592811167240143, 0.45826623927463184, 0.46048600294373254, 0.4585034874352542, 0.4556891376321966, 0.45663653991439124, 0.45768058841878717, 0.45616985722021625, 0.45662431012500415, 0.45532590692693536, 0.4585624255917289, 0.45744397152553906, 0.4575603116642345, 0.4565728090026162, 0.4554480829022147, 0.4557762850414623, 0.4546362974426963, 0.4535091140053489, 0.45397214456038043, 0.4538219489834525, 0.4541444859721444, 0.45492449131878937, 0.4531820064241236, 0.4538027725436471, 0.45252802155234595, 0.45580343766645953, 0.4529169797897339, 0.45428214831785724, 0.4534368406642567, 0.45283715562386945, 0.45162459395148535, 0.452835966240276, 0.452009764584628, 0.4492859054695476, 0.45160147005861456, 0.45408396287397906, 0.4515237537297336, 0.45270114866170014, 0.45212636481631885, 0.45028380914167926, 0.45202806862917816, 0.4521960670297796, 0.4516486335884441, 0.4545420841737227]}