{"best_val": 0.4785008952021599, "train_loss": [0.6611977318922678, 0.6385155154599084, 0.6169026295344034, 0.5965430239836375, 0.5713605880737305, 0.5471386081642575, 0.5340549978944991, 0.5254680630233552, 0.5206621239582697, 0.5127328932285309, 0.5092934585279889, 0.504105332824919, 0.49947601391209495, 0.4963993794388241, 0.49820053908560014, 0.49420325126912856, 0.4934726009766261, 0.49166150391101837, 0.48973504702250165, 0.4904775818188985, 0.48567772408326465, 0.48717939853668213, 0.485763731929991, 0.48370201720131767, 0.4815273301468955, 0.48000113169352215, 0.4786194364229838, 0.47987649506992763, 0.4796094397703807, 0.4779663599199719, 0.48271550900406307, 0.47747045424249435, 0.4771359513203303, 0.4782273603810204, 0.4780081742339664, 0.4749736802445518, 0.4738498744037416, 0.47166617545816636, 0.47491565346717834, 0.47167112429936725, 0.47187843587663436, 0.4717619087960985, 0.4720805254247453, 0.4708649168411891, 0.4710952838261922, 0.46840230458312565, 0.4695437219407823, 0.46784312691953445], "val_loss": [0.642265647649765, 0.6208240687847137, 0.599016085267067, 0.5764694809913635, 0.5523701906204224, 0.5343151465058327, 0.516892172396183, 0.5133910775184631, 0.5044125393033028, 0.5063813775777817, 0.49699849635362625, 0.49840810894966125, 0.498405821621418, 0.49835392087697983, 0.4954363480210304, 0.49350862950086594, 0.4935065805912018, 0.48572538048028946, 0.4884733185172081, 0.4897717833518982, 0.4834747612476349, 0.4897145926952362, 0.48582229763269424, 0.4883707985281944, 0.4860658422112465, 0.4826018735766411, 0.48314666002988815, 0.4855799600481987, 0.4861418381333351, 0.488020695745945, 0.48429571837186813, 0.48110027611255646, 0.48921963572502136, 0.48697902262210846, 0.48357561975717545, 0.4890565052628517, 0.48424991220235825, 0.4785008952021599, 0.48735596239566803, 0.47879429161548615, 0.4841288775205612, 0.4845379516482353, 0.4791182726621628, 0.4796390235424042, 0.48935075104236603, 0.4832827225327492, 0.4803166016936302, 0.4923626780509949]}