{"best_val": 0.47207771918990393, "train_loss": [0.7538342005931414, 0.6484391035941931, 0.5994337086494153, 0.5753931718376967, 0.5546945791978103, 0.5335715178113717, 0.5118010668800428, 0.49630220234394073, 0.48402954236819196, 0.4812189403634805, 0.47159052181702393, 0.46949826925992966, 0.4658441658203418, 0.4664391130208969, 0.4706888714661965, 0.4670602593284387, 0.4656405196740077, 0.461686614041145, 0.46366178588225293, 0.46384617628959507, 0.46557538096721357, 0.46382364802635634, 0.46159234184485215, 0.46175443209134615, 0.4612761025245373], "val_loss": [0.6631969213485718, 0.6039304083043878, 0.5813246423547919, 0.561166988177733, 0.5401531783017245, 0.518883306871761, 0.5025580444119193, 0.48991158875552093, 0.4838394658132033, 0.4762134470722892, 0.4757624160159718, 0.47844505851919, 0.47340191223404626, 0.4760661937973716, 0.47207771918990393, 0.4739457964897156, 0.47321791540492664, 0.47576339407400653, 0.47378967295993457, 0.47280429980971594, 0.47724607857790863, 0.47590879418633203, 0.47303999012166803, 0.4768004092303189, 0.47452850504355]}