{"best_val": 0.5084998905658722, "train_loss": [0.7886383897728391, 0.7632102734512753, 0.7445942461490631, 0.7277390327718523, 0.7104548017183939, 0.6930728389157189, 0.6739336484008365, 0.6551764971680112, 0.6368294755617777, 0.6188284920321571, 0.6039606730143229, 0.5880740218692355, 0.5783161951435937, 0.57023543284999, 0.560256431500117, 0.5556140144666036, 0.5530998624033399, 0.5496332976553175, 0.5457662873797946, 0.5431018587615755, 0.5400779760546155, 0.5368212809165319, 0.5338240183062024, 0.5324046661456426, 0.5289917273653878, 0.5307392891910341, 0.5266656759712431, 0.5282424605555005, 0.5263998342884911, 0.5222118331326379, 0.5214564767148759, 0.5202899078528086, 0.518758604923884, 0.5218241579002805, 0.5155440866947174, 0.5153007474210527, 0.5143181333939234, 0.5150249865319994, 0.5145958198441399, 0.513836317592197, 0.513195147116979, 0.5116235150231255, 0.5117025872071584, 0.5125527265999053, 0.5111695776383082, 0.5092044638262855, 0.5102804038259718, 0.5082876053121355, 0.5090300771925185, 0.5042920228507783, 0.5059679547945658, 0.5091187126106687, 0.505788579583168, 0.5057431492540572, 0.5011899438169267, 0.5053302033079995, 0.505233958363533, 0.5049860891368654, 0.5048206051190695, 0.5045984122488234, 0.5033530791600546, 0.501745515399509], "val_loss": [0.7512960135936737, 0.7283081263303757, 0.7105366587638855, 0.694273516535759, 0.677169069647789, 0.6598504334688187, 0.6420533657073975, 0.6225758939981461, 0.6081030517816544, 0.5993887186050415, 0.5887847542762756, 0.5763702243566513, 0.5682990550994873, 0.5596182346343994, 0.5551039129495621, 0.553522601723671, 0.5499074757099152, 0.5388249680399895, 0.5428863018751144, 0.545670248568058, 0.5372259244322777, 0.5393136069178581, 0.5377783179283142, 0.5338346213102341, 0.5321828275918961, 0.533953383564949, 0.5270542204380035, 0.5362234935164452, 0.5272702798247337, 0.5247672870755196, 0.5239343121647835, 0.527416966855526, 0.5258609801530838, 0.5278632268309593, 0.5219265297055244, 0.5230887159705162, 0.5239647179841995, 0.519234724342823, 0.5218417197465897, 0.5247541218996048, 0.5223737359046936, 0.5160194858908653, 0.5180743038654327, 0.5162882134318352, 0.5163657516241074, 0.5175681784749031, 0.5181132182478905, 0.51702930778265, 0.5189227163791656, 0.516927532851696, 0.5189554765820503, 0.5084998905658722, 0.5137383937835693, 0.5146386027336121, 0.5123129338026047, 0.5144495368003845, 0.5160527676343918, 0.5129489451646805, 0.5162489786744118, 0.5204703584313393, 0.5198869630694389, 0.5103022903203964]}