{"best_val": 0.4442437128587203, "train_loss": [0.7056730436343773, 0.6426264631981943, 0.6006038037000918, 0.5805799084551194, 0.5638103625353645, 0.5415757368592655, 0.516339005208483, 0.4909602830223009, 0.47539951637679456, 0.467748177986519, 0.46033555210805405, 0.4599741703154994, 0.45566713284043703, 0.4553066749198764, 0.45278215525197046, 0.4505680513148214, 0.4508249590209886, 0.4495268136847253, 0.4476655014589721, 0.4472431108063343, 0.4463663545309329, 0.4447522689314449, 0.44352228325956006, 0.442451044624927, 0.4423639137370914, 0.44171394086351584, 0.44183551038012786, 0.4388270968315648, 0.4384593817533231, 0.4376513911228554, 0.4374331364444658, 0.4353359487711215, 0.43565767652848186, 0.43478022252812104, 0.4327040770474602, 0.4329348744130602, 0.43192148617669646, 0.4306155887304568, 0.43045667924133, 0.42964916603237974, 0.42901623424361734, 0.4284290385012533, 0.42779642401957046, 0.4257764284517251, 0.42553671610121635, 0.4260289394388012, 0.42475341698702646, 0.42458172872954725, 0.42329787565212623, 0.42255449528787653, 0.4209141818916096, 0.4220900605706608, 0.4217753246718762, 0.42062321597454594, 0.4200879943137075, 0.4197191432410595, 0.4174058285414004, 0.4164212410356484, 0.4170597037848304, 0.41743869115324583, 0.41515444014586655, 0.4159416234960743, 0.4156990483695385, 0.4121127239629334, 0.41419019886091646, 0.4130787107290006, 0.41175885703049453, 0.4118530984018363, 0.4120475357654048, 0.41009335482821746, 0.40893440971187517, 0.408737473043741, 0.40892869234085083, 0.4081859477594787, 0.40710848686741846, 0.40684398424391655, 0.4078691759530236, 0.40523313482602435, 0.40517351557226744, 0.40568967192780736, 0.4048057479016921, 0.4040365078869988, 0.40306609284644035], "val_loss": [0.6738018718632784, 0.6110201532190497, 0.5830278992652893, 0.5676296678456393, 0.5501911856911399, 0.5286010151559656, 0.502186731858687, 0.4808427501808513, 0.47151059725067834, 0.4653113430196589, 0.46590921824628656, 0.46467040343718097, 0.4618535610762509, 0.46024983579462225, 0.4605712890625, 0.4597916061227972, 0.4593249830332669, 0.45755919543179596, 0.45940822904760187, 0.45768333023244684, 0.45790663903409784, 0.4572316624901511, 0.45870085737921973, 0.4576287459243428, 0.45711215517737647, 0.45692231167446484, 0.4559945924715562, 0.45508228648792615, 0.45460832660848444, 0.4559389515356584, 0.45564724098552356, 0.4549873715097254, 0.4523770375685258, 0.4577988088130951, 0.45365213535048743, 0.45298269391059875, 0.4527547982606021, 0.45371105725114996, 0.45182241905819287, 0.45149239084937354, 0.4522384161298925, 0.45100368694825604, 0.4514272754842585, 0.450279793956063, 0.44915213097225537, 0.4509050087495284, 0.4493381435220892, 0.45002842762253503, 0.45125636187466706, 0.452540706504475, 0.4495095231316306, 0.44879285855726764, 0.4490003667094491, 0.45026965032924304, 0.45017931136217987, 0.450422926382585, 0.44826840541579505, 0.44925578886812384, 0.44914728944951837, 0.44757994738492096, 0.4490196975794705, 0.44816509972919116, 0.44818990338932385, 0.4463946114886891, 0.4481470449404283, 0.4478824490850622, 0.4472454948858781, 0.4479781009934165, 0.4473158608783375, 0.44617626341906463, 0.4455955299464139, 0.4462029148231853, 0.4442437128587203, 0.44858134334737604, 0.44471014358780603, 0.44685534726489673, 0.4472366815263575, 0.4481100250374187, 0.4450349130413749, 0.44443642822178925, 0.4454574530774897, 0.44462457299232483, 0.4452933208508925]}