{"best_val": 0.44959223541346466, "train_loss": [0.6775066420143726, 0.6043290379000645, 0.5644575456778208, 0.528816445201051, 0.5012962029260748, 0.48170622598891166, 0.47177427948689926, 0.4685237968669218, 0.4643437850709055, 0.46269094125897275, 0.46307647111369116, 0.46075008488168906, 0.4596506199415992, 0.459450864908742, 0.45803409405783113, 0.45730341824830745, 0.4564376707170524, 0.4545304886266297, 0.4538762586958268, 0.45268916382509117, 0.4522821260433571, 0.4505771234923718, 0.44933176215957193, 0.4487397103917365, 0.44759516271890376, 0.4477424978041181, 0.44636287642460243, 0.44576656759953964, 0.44373588702257943, 0.4420142232203016, 0.44141296487228543, 0.44092729512382955, 0.43805309662631914, 0.4390854490738289, 0.4377610969777201, 0.438403668941236, 0.43516118561520295, 0.43491702570634727, 0.4326127925339867, 0.432600222381891, 0.43073714246936873, 0.42925725205271853, 0.42820199389083713, 0.42924338286998226, 0.42665935848273484, 0.4258940383499744, 0.42575087675861284, 0.4230774489103579, 0.42272838482669756], "val_loss": [0.6193277673287825, 0.5774404948407953, 0.540119393305345, 0.5056772475892847, 0.48342956738038495, 0.4682435691356659, 0.4612909745086323, 0.45924712040207605, 0.4575763669880954, 0.4563296599821611, 0.4558104899796573, 0.45715013959191064, 0.4570463868704709, 0.4565616548061371, 0.45591053095730866, 0.4566993848844008, 0.4543304985219782, 0.4561216777021235, 0.45478599992665375, 0.45323311469771643, 0.4546680342067372, 0.45757105404680426, 0.454902627251365, 0.4528101465918801, 0.4551736604083668, 0.45407440987500275, 0.45585443756797095, 0.4536540047688918, 0.4536241455511613, 0.45498193123123865, 0.45379114151000977, 0.45354857769879425, 0.45449314605106006, 0.45198788426139136, 0.45638502727855335, 0.4508558294989846, 0.45344551043076947, 0.45300948348912323, 0.44959223541346466, 0.4514794539321553, 0.45131359046155756, 0.4511059034954418, 0.45066570151935925, 0.4525992111726241, 0.4526879679072987, 0.4526115222410722, 0.4502108340913599, 0.45175706256519665, 0.45479157296094025]}