{"best_val": 0.44288039207458496, "train_loss": [0.6431300184305977, 0.5990629313038844, 0.5796835796505797, 0.5598071731773078, 0.5337376775694829, 0.5038571626532311, 0.4840233039622213, 0.46962296495250627, 0.46555837404494194, 0.46099965303551915, 0.4568665898313709, 0.45659204850009844, 0.45419232751808913, 0.45273687792759315, 0.453325326536216, 0.4526570871764538, 0.45162400077371034, 0.44940294646749307, 0.4493112207627764, 0.4474412424891603, 0.4474554657936096, 0.4476126578508639, 0.4460722552795036, 0.4451132305696899, 0.44551793266745177, 0.4432861951051974, 0.44176894718525456, 0.4420977188091652, 0.44136933602538764, 0.4415253681295058, 0.43838385448736306, 0.4392584188311708, 0.4386051828954734, 0.4366397144747715, 0.43687137026412814, 0.4366120292859919, 0.43397945574685637, 0.43547068623935475, 0.4341827654371075, 0.43493624060761693, 0.432101460648518, 0.43203022491698173, 0.43096713634098277, 0.4311790589024039, 0.4299018114220862, 0.4289532157720304, 0.4292958986525442, 0.42815391397943686, 0.426863643468595, 0.4272906575717178, 0.4255235744457619, 0.4259208388188306, 0.42576509947870295, 0.4242708823260139, 0.4227021377460629, 0.42238053737902176, 0.4234368619965572, 0.4233778510607925, 0.4205135796584335, 0.4223870290260689, 0.42010871277135964, 0.4184103134800406, 0.41937144947986976, 0.4184424801200044, 0.41715102102242263, 0.41743651792114855, 0.4165035912803575, 0.4150137065672407, 0.41613803015035744, 0.4142648957523645, 0.4130760571535896, 0.4144674054547852, 0.4138270604844187, 0.4116370543545368, 0.4121547084228665, 0.41139989916016073, 0.4114321756596659, 0.4096458963319367, 0.40856936807725946, 0.4083373090800117, 0.4080645862747641, 0.4075302329717898, 0.40859956133599373, 0.4066122770309448, 0.40582632492570314, 0.40535007972343295, 0.4053883090907452, 0.4039922035207935, 0.4038175245126088, 0.40306781904370176, 0.40240173187910344, 0.4018474349788591, 0.40268364139631685, 0.4017873862210442, 0.40039953355695684, 0.39956436613026786, 0.3999493350000942, 0.3984456599927416, 0.39900606403163835, 0.398517579424615, 0.3985469545803818, 0.3975063848729227, 0.3964882896226995, 0.39639727274576825, 0.39553651739569273, 0.394156791415869, 0.39454824901094626, 0.3935601062634412, 0.3933364754798366], "val_loss": [0.6209200674837286, 0.5941523530266501, 0.5782939683307301, 0.5539603991941973, 0.5221586173230951, 0.49617105993357574, 0.479743166403337, 0.4708627733317288, 0.46665223891084845, 0.46155769716609607, 0.46461109681562945, 0.4609742679379203, 0.46083341403440997, 0.46415385603904724, 0.4598514356396415, 0.45854465527967975, 0.4608993421901356, 0.46041184663772583, 0.45889202844012866, 0.4584492363713004, 0.45864998481490393, 0.457981058142402, 0.45830166881734674, 0.4585890932516618, 0.45559761740944604, 0.45837234367023816, 0.4585775814273141, 0.4556334777311845, 0.45588613098317926, 0.45517799800092523, 0.45414160056547687, 0.4547705894166773, 0.4550529176538641, 0.4526755051179366, 0.4551192115653645, 0.45205912535840814, 0.45460662787610834, 0.45416910269043664, 0.4567386941476302, 0.4543514224615964, 0.4550623351877386, 0.4537456956776706, 0.45166499235413293, 0.45164614103057166, 0.45103381980549206, 0.45278893275694415, 0.45200946114280005, 0.4507972408424724, 0.4521626450798728, 0.45146303556182166, 0.45247921347618103, 0.4498741708018563, 0.4537853246385401, 0.4516347484155135, 0.4491227025335485, 0.453071266412735, 0.4519942267374559, 0.449315455826846, 0.4496290548281236, 0.4507486982779069, 0.451873931017789, 0.45303315737030725, 0.449446133591912, 0.4494308558377353, 0.44837188720703125, 0.45034450563517486, 0.44863614439964294, 0.4494597180323167, 0.4503135626966303, 0.44723877581683075, 0.4503639611330899, 0.4480068575252186, 0.4495382390239022, 0.44655049389058893, 0.4499887336384166, 0.449601257389242, 0.44767893986268475, 0.44743092493577435, 0.4466448724269867, 0.448396390134638, 0.44636558944528754, 0.4453392137180675, 0.44704077731479297, 0.44938036799430847, 0.44706510684706946, 0.44615383581681684, 0.4475422339005904, 0.444936066865921, 0.4464237960902127, 0.446117333390496, 0.4446277672594244, 0.44802649454637006, 0.44527372175996954, 0.4443054361776872, 0.4467411230910908, 0.4472651888023723, 0.4448482556776567, 0.44539647752588446, 0.44288039207458496, 0.44443572109395807, 0.4431495124643499, 0.4435678612102162, 0.44814601269635285, 0.44465575976805255, 0.44596866044131195, 0.4430928419936787, 0.44523574005473743, 0.4467511773109436, 0.44744706695730035]}