{"best_val": 0.4527284015308727, "train_loss": [0.6715804443639868, 0.6481567060246187, 0.6234194344165278, 0.5956437120250627, 0.5777091454057133, 0.564942799946841, 0.5531654094948488, 0.5393721104836932, 0.5273707310358683, 0.513998338989183, 0.4995640095542459, 0.4890841274869208, 0.47906263318716313, 0.4700744134538314, 0.46377792077905994, 0.4595212702657662, 0.4573124378335242, 0.4544821066014907, 0.45268164721189763, 0.45199783759958606, 0.45107756116810965, 0.4501211146513621, 0.44958338784236535, 0.4495729184618183, 0.44852890746266233, 0.44859307303148155, 0.4467771170186062, 0.4482339725774877, 0.44794467734355553, 0.4482216075354931, 0.44730602234017613, 0.4472966170778461, 0.44667040074572845, 0.4456789265660679, 0.4458240486827551, 0.4442823868171841, 0.4448288211635515, 0.4446401192861445, 0.4440156957682441, 0.4434470318111719, 0.4440682255754284, 0.44274525432025685, 0.44325658445264776, 0.44291431880464743, 0.44268732503348707, 0.44191769700424344, 0.44139986412197935, 0.4419200151574378, 0.44241438601531236, 0.43953201759095284, 0.4404082134658215, 0.4391704108200821, 0.43969794114430744, 0.4400688006597407, 0.4396019461108189, 0.43872787321315093, 0.4399082204874824, 0.438885979792651, 0.43924353578511405, 0.4373592518123926, 0.4379345266258015, 0.43749315306252123, 0.43847094330133174, 0.43710601855726805, 0.4364852461160398, 0.4369286100069682, 0.436449655715157, 0.43632444154982475, 0.43635746310738954, 0.43628517786661786, 0.43483979444877774, 0.4337794535300311, 0.4344255415832295, 0.4344111605017793, 0.4330524673648909], "val_loss": [0.6630637699907477, 0.6408673849972811, 0.6157049103216692, 0.5970861586657438, 0.587579607963562, 0.5796230272813276, 0.5673201978206635, 0.5548614046790383, 0.5431007634509694, 0.5269248621030287, 0.5164677229794589, 0.5044269372116436, 0.4910829852927815, 0.4815999919717962, 0.47783600742166693, 0.47052902525121515, 0.46885450048880145, 0.46642194281924854, 0.46595933762463654, 0.46483721516349097, 0.46396314285018225, 0.4646790244362571, 0.4663272202014923, 0.46204533902081574, 0.4611526131629944, 0.4627489610151811, 0.4603967612439936, 0.460791677236557, 0.4624743271957744, 0.46074518832293426, 0.4595691968094219, 0.46054000475189905, 0.4609223956411535, 0.46127180619673297, 0.4602344334125519, 0.460426311601292, 0.46136538548903033, 0.45959815924817865, 0.4615860635584051, 0.46026149663058197, 0.4594223580577157, 0.4609179578044198, 0.45981120792302216, 0.45773214914581994, 0.4583692252635956, 0.458913805809888, 0.45785037224942987, 0.45872092788869684, 0.4592659581791271, 0.4588816626505418, 0.45912710374051874, 0.4570007622241974, 0.45877918330105866, 0.4562022387981415, 0.4578835286877372, 0.45897009697827423, 0.4570073133165186, 0.45705984397368, 0.45579598166725854, 0.45510540496219287, 0.4565488723191348, 0.4555334448814392, 0.4570471156727184, 0.4578080123121088, 0.4527284015308727, 0.453960811549967, 0.45748979395086115, 0.45618191361427307, 0.4549259597604925, 0.45537345517765393, 0.4543165239420804, 0.45572780208154157, 0.45346417210318823, 0.45391102541576733, 0.45417307723652234]}