{"best_val": 0.45089419050650165, "train_loss": [0.6671743755247078, 0.6341781101974786, 0.6120725133839775, 0.5954147670783249, 0.5812768421921075, 0.5694428197309083, 0.5595477106524449, 0.5493257682697446, 0.538011748416751, 0.5272879401842753, 0.5142814370931363, 0.5028506494035908, 0.49222936057576944, 0.48348069132543076, 0.47498922020781276, 0.4670427283819984, 0.46049977576031403, 0.45674724497047126, 0.45288704598651214, 0.4505470389244603, 0.4476827137610492, 0.4464243843274958, 0.4448825792939055, 0.443751747117323, 0.4437888077661103, 0.44212645409153956, 0.44096102959969463, 0.4402286527203579, 0.44060542127665353, 0.43998658072714714, 0.43852264857759665, 0.4398859587370181, 0.4379095248147553, 0.43780674829202537, 0.4365151758287467, 0.4361555424391055, 0.43639883399009705, 0.43583119792096753, 0.4363080724781635, 0.4353236234655567, 0.4355838818877351, 0.43560923723613515, 0.43436147769292194, 0.43448293267511856, 0.4330921798360114, 0.4327348908957313, 0.43229470065995756, 0.43256417618078347, 0.4321219757491467, 0.4316486932483374, 0.4318697978468502, 0.4321482275046554, 0.4316059666521409, 0.4299159272044313, 0.4314124128397773, 0.4294315225937787, 0.4301229353044547, 0.43004554510116577, 0.4287388301363178, 0.4289310375849406, 0.4295312884975882, 0.4278697792221518, 0.4288774015856724, 0.42727184178782446, 0.4270503258003908, 0.4264477801089193, 0.4266008477584988, 0.42693782846132916, 0.42686813134773105, 0.42656095588908477, 0.42622868687498805, 0.42579829868148356, 0.4262300122017954, 0.42539070984896493, 0.42384641602927564], "val_loss": [0.650652451948686, 0.628842218355699, 0.6131904233585704, 0.6018693121996793, 0.5927834185686979, 0.5853656476194208, 0.5782487175681374, 0.5691940242593939, 0.5574052117087624, 0.5480607450008392, 0.5375237221067602, 0.5232860716906461, 0.5123204047029669, 0.5034803721037778, 0.49436794356866315, 0.4880290139805187, 0.48254967548630456, 0.4773425947536122, 0.4730487574230541, 0.47024558890949597, 0.4683772704818032, 0.465005871924487, 0.4650627347556027, 0.463133459741419, 0.4605059190229936, 0.459623629396612, 0.46113310889764264, 0.4613250764933499, 0.4613307145508853, 0.45738644762472674, 0.45930955626747827, 0.4571883136575872, 0.45766246860677545, 0.4590519775043834, 0.4594015804204074, 0.4575157544829629, 0.4556515406478535, 0.45543100346218457, 0.4551634734327143, 0.45509190180084924, 0.45645176009698346, 0.45572603019801056, 0.45456770875237207, 0.4546689364043149, 0.45498691363768146, 0.4562566334551031, 0.454995182427493, 0.45297747579487885, 0.4534643563357266, 0.4532505978237499, 0.4541811834682118, 0.453041900287975, 0.4531428136608817, 0.4534526819532568, 0.4553669907829978, 0.45246832208199933, 0.45222911509600555, 0.452287340706045, 0.4537916373122822, 0.4509267942471938, 0.45385065945712005, 0.45340520956299524, 0.45129637826572766, 0.452862796458331, 0.45089419050650165, 0.4526973989876834, 0.45338488437912683, 0.4520410190929066, 0.4525014405900782, 0.4516653472726995, 0.45145253430713306, 0.4511403902010484, 0.4519524493000724, 0.4525543993169611, 0.4516733342950994]}