{"best_val": 0.48149847984313965, "train_loss": [0.599198751979404, 0.581810305515925, 0.564312669965956, 0.5488615499602424, 0.5337804655234019, 0.522270240717464, 0.520848767624961, 0.5181011044316821, 0.5139955927928289, 0.5105721884303622, 0.5115594764550527, 0.5112117446131177, 0.5072492973672019, 0.505287347568406, 0.5000163813432058, 0.5017226421170764, 0.49825897481706405, 0.49570903678735095, 0.49326976637045544, 0.49452048540115356, 0.494640600350168, 0.4924118585056729, 0.489766721924146, 0.49054651459058124, 0.48983558846844566, 0.4875832034481896, 0.4841647578610314, 0.4862242307927873, 0.4848831130398644, 0.48675567077265847, 0.48178283042377895, 0.48146146204736495, 0.48141929176118636, 0.47923357950316536, 0.4806171539756987, 0.4794730163282818, 0.4777916653288735, 0.4773085316022237, 0.4763749937216441, 0.47496066821946037, 0.47555604245927596, 0.47888076802094776, 0.4786078135172526, 0.47563332153691185, 0.47518957985772026, 0.47307808366086745, 0.47571686738067204, 0.4743848707940843, 0.47778866688410443, 0.4759536584218343, 0.47268321613470715, 0.47214968833658433, 0.47090715997748905, 0.4729724774758021, 0.4708436926205953, 0.47278659376833176, 0.4716030756632487, 0.47092025313112473, 0.4706309470865462, 0.47185663547780776, 0.4722689307398266, 0.4723060445653068, 0.46919221182664234, 0.46880460778872174, 0.47027406262026894, 0.47276655170652604, 0.47059771087434554, 0.4705935021241506, 0.4706355051861869, 0.46864285237259334, 0.46830229130056167, 0.46947705414560104, 0.46776262256834245, 0.4725600845283932, 0.4677899065944884, 0.46749986045890385, 0.46892894473340774, 0.4670914130078422, 0.46965854863325757, 0.4672102348672019, 0.4663195527262158, 0.4699266337686115, 0.4679214010636012, 0.46951689157221055, 0.471177832947837, 0.46687409778436023, 0.46829912397596574, 0.46501551899645066, 0.4672725780142678, 0.46757615440421635, 0.46787621908717686, 0.46672164565987057, 0.4623074581225713, 0.46625983383920455, 0.4665139930115806], "val_loss": [0.6090229451656342, 0.5949777662754059, 0.5746081620454788, 0.5666905790567398, 0.5557728111743927, 0.5510774254798889, 0.5400140434503555, 0.54428980499506, 0.5426491498947144, 0.53358493745327, 0.5358241349458694, 0.5410386398434639, 0.541281670331955, 0.5370444655418396, 0.5357384085655212, 0.5238781124353409, 0.5336084365844727, 0.5249007046222687, 0.5193682909011841, 0.5299516171216965, 0.5250220149755478, 0.5234191790223122, 0.5255560949444771, 0.5202871561050415, 0.5165600031614304, 0.5173159241676331, 0.5179581269621849, 0.5087167844176292, 0.517134852707386, 0.5088997110724449, 0.5098695382475853, 0.5063775479793549, 0.5035594925284386, 0.49987562000751495, 0.5081674382090569, 0.5022259652614594, 0.5101401135325432, 0.5042665004730225, 0.5034819543361664, 0.5034381225705147, 0.5040304362773895, 0.5025577694177628, 0.4999767392873764, 0.49872179329395294, 0.4980427846312523, 0.493694432079792, 0.49696259945631027, 0.49873150885105133, 0.5016021952033043, 0.4957272559404373, 0.49651673436164856, 0.49614254385232925, 0.4974866956472397, 0.4921227693557739, 0.49566496908664703, 0.4936949461698532, 0.4914841428399086, 0.49583305418491364, 0.499556727707386, 0.48959245532751083, 0.48971275985240936, 0.49408555775880814, 0.49718011915683746, 0.48828500509262085, 0.4927643612027168, 0.49364160001277924, 0.49155794084072113, 0.4933367297053337, 0.49028120934963226, 0.4902195334434509, 0.4891830012202263, 0.48927435278892517, 0.48791270703077316, 0.4985470771789551, 0.48739974945783615, 0.4912091940641403, 0.4884325712919235, 0.4913715347647667, 0.491644062101841, 0.48906052112579346, 0.49316758662462234, 0.4926598593592644, 0.4943878576159477, 0.4895554706454277, 0.48149847984313965, 0.4930022358894348, 0.4955504983663559, 0.487626776099205, 0.49111519008874893, 0.49280688166618347, 0.48931076377630234, 0.49759308248758316, 0.49371087551116943, 0.4867553114891052, 0.4921383634209633]}