{"best_val": 0.49496395885944366, "train_loss": [0.6726503637101915, 0.6458895438247256, 0.6169898609320322, 0.5845767226484087, 0.5630858871671889, 0.5448808355463876, 0.5305472728278902, 0.5248376743661033, 0.5171430309613546, 0.5141523232062658, 0.5108705626593696, 0.509212464094162, 0.5100054856803682, 0.5058408992158042, 0.5059828278091218, 0.5052413973543379, 0.5023353315061994, 0.5066618803474638, 0.5001458509100808, 0.4993622733487023, 0.5005590783225166, 0.5006042917569479, 0.4982472476032045, 0.4993399994240867, 0.49731970330079395, 0.49734384814898175, 0.49372771713468766, 0.4952450344959895, 0.493060827255249, 0.49232743349340224, 0.49334123896227944, 0.49312831461429596, 0.4920315858390596, 0.49163074791431427, 0.49024566676881576, 0.4909712142414517, 0.4898463421397739, 0.4907870524459415, 0.48815684682793087, 0.48789403173658585, 0.4877040617995792, 0.48713644842306775, 0.4856016669008467, 0.4893518156475491, 0.48807426624827915, 0.48177201714780593, 0.48420637514856124, 0.4807571719090144, 0.482496428820822, 0.4802406364017063, 0.48057153324286145, 0.48326599929067826, 0.4790443645583259, 0.4796445402834151, 0.48320679863293964, 0.4780365079641342, 0.4767783002720939, 0.47528047528531814], "val_loss": [0.6551474332809448, 0.6322849094867706, 0.6017513275146484, 0.5714106261730194, 0.5570422857999802, 0.5445818454027176, 0.535719245672226, 0.5305363684892654, 0.5249083191156387, 0.5310433208942413, 0.523810587823391, 0.5201969221234322, 0.5118506699800491, 0.5124974772334099, 0.5142531991004944, 0.5106607526540756, 0.5080261304974556, 0.5097108855843544, 0.5057395994663239, 0.5098877027630806, 0.504399985074997, 0.5101816430687904, 0.5022166073322296, 0.5036363527178764, 0.5069482326507568, 0.5081220343708992, 0.5019003227353096, 0.5002140626311302, 0.5022857785224915, 0.5005258172750473, 0.5065243542194366, 0.5015723332762718, 0.499223992228508, 0.5022013783454895, 0.5028849765658379, 0.4964527115225792, 0.5030565112829208, 0.5018915235996246, 0.4982330650091171, 0.5009720325469971, 0.4968893751502037, 0.4969188794493675, 0.5054211542010307, 0.4960037171840668, 0.5009097158908844, 0.501010999083519, 0.5003289952874184, 0.49496395885944366, 0.4962637275457382, 0.5007788240909576, 0.49943340569734573, 0.5056977346539497, 0.5033246725797653, 0.4992705211043358, 0.49717825651168823, 0.5046045407652855, 0.4961240589618683, 0.5013297721743584]}