{"best_val": 0.402276334437457, "train_loss": [0.6572037456082362, 0.5881285737542545, 0.5658319224329555, 0.5334833422127891, 0.4927343241139954, 0.4590263460196701, 0.44037053105877894, 0.43369023122039496, 0.4293527848580304, 0.4286246925008063, 0.42484816558220806, 0.4247436558499056, 0.42108826543770583, 0.4198649899632323, 0.4171510847175823, 0.41628483522172066, 0.4154708589993271, 0.41347544041334416, 0.4118678382798737, 0.4107508939855239, 0.4097275073621787, 0.40769606361202165, 0.4068056841691335, 0.4049466380886003, 0.40391163732491286, 0.40260878439043085, 0.40185392019795435, 0.3996994057122399, 0.39971355421870364, 0.3962918432319866, 0.39557020103230195, 0.39468227589831634, 0.39307404324120165, 0.3908621189641018, 0.3892754801348144, 0.387017174094331, 0.38572921706180946, 0.38446758190790814, 0.3828886256498449, 0.38020583811928244, 0.37867648110670205, 0.3778815152598362, 0.37555137685700957, 0.37501514951388043, 0.3728727482113184, 0.3716508477341895, 0.36875203076530905, 0.36837876894894767, 0.36639781325471166, 0.3629082786101921, 0.36268778057659373, 0.3607916878718956, 0.3576309569910461, 0.35645955917881983, 0.35726157824198407, 0.3540613324034448, 0.35172858483651104, 0.35116734867002447, 0.34818199130834315, 0.3465912456021589], "val_loss": [0.6050948934121565, 0.5634682801636782, 0.5389158156785098, 0.49885583465749567, 0.4575616121292114, 0.43413001569834625, 0.42713264443657617, 0.42224826325069775, 0.41784449869936163, 0.41855153983289545, 0.4172074713490226, 0.41299728100950067, 0.41443542458794336, 0.41155158931558783, 0.4094811136072332, 0.41070335832509125, 0.4077912758697163, 0.40845697305419226, 0.4116881516846744, 0.40825636007569055, 0.4086025628176602, 0.4078203493898565, 0.40955931490117853, 0.4074079258875413, 0.4086465673013167, 0.4069465100765228, 0.4099663225087253, 0.4052457159215754, 0.40604656121947547, 0.4063182364810597, 0.41068908030336554, 0.4039154350757599, 0.40703021396290173, 0.40597485412250867, 0.4035146317698739, 0.41001815687526355, 0.4051500883969394, 0.4060222967104478, 0.40819975462826813, 0.4052425812591206, 0.4060219417918812, 0.40716841545971955, 0.4052972901951183, 0.4066679071296345, 0.40329370173540985, 0.4067939682440324, 0.4042958075349981, 0.40949673273346643, 0.403508105061271, 0.402276334437457, 0.40425145626068115, 0.40694869648326526, 0.4070507721467452, 0.4059718169949271, 0.40684398195960303, 0.40969907424666663, 0.40275097164240753, 0.4049590257081119, 0.4084053473039107, 0.40483626994219696]}