{"best_val": 0.445706689899618, "train_loss": [0.6934387076134775, 0.6450569349176744, 0.6068121451957553, 0.5894250425637937, 0.5777830697742163, 0.5671671091341505, 0.5550116569388146, 0.53970266790951, 0.5204399800768086, 0.5026929279168447, 0.4889100094636281, 0.4747396649098864, 0.46535731530657004, 0.45945463402598513, 0.45572633836783616, 0.4533554730462093, 0.45146052860746194, 0.45005251145830344, 0.44963602283421683, 0.4480130076408386, 0.44653592507044476, 0.4465040815811531, 0.4456753619745666, 0.4429681914694169, 0.44239552874191135, 0.44351334899079564, 0.4417292575041453, 0.4414369732725854, 0.4402440558461582, 0.43931684774511, 0.4393158227789636, 0.4371037050789478, 0.43791284806588116, 0.43722930784318964, 0.436298692927641, 0.43830181804357793, 0.43476324922898235, 0.43414652873488035, 0.4336123606737922, 0.4324394078815685], "val_loss": [0.673879699273543, 0.6262944665822116, 0.5988851894031871, 0.5854515379125421, 0.5770646875554865, 0.5642527152191509, 0.5504428419199857, 0.5333582948554646, 0.5147303098982031, 0.49527826092459937, 0.48123336651108484, 0.46801372549750586, 0.4614746462215077, 0.45506633682684466, 0.45254207199270075, 0.45060665770010516, 0.4497832574627616, 0.45120490951971576, 0.4485089453783902, 0.4476720121773807, 0.44880014387044037, 0.4476796930486506, 0.446789486841722, 0.44717667319557886, 0.44775580818002875, 0.4458067064935511, 0.4472613009539517, 0.447414677251469, 0.4457930082624609, 0.445706689899618, 0.44819620522585785, 0.4462550526315516, 0.44777645848014136, 0.4458158151669936, 0.44767071171240375, 0.44668762521310285, 0.44581910696896637, 0.44828092510049994, 0.44653716683387756, 0.4478772445158525]}