{"best_val": 0.5091378539800644, "train_loss": [0.6911909348434873, 0.6889979673756493, 0.6868579487005869, 0.6846067408720652, 0.6824370523293813, 0.6801999873585172, 0.677938719590505, 0.6755679017967648, 0.673367139365938, 0.6711204681131575, 0.6692412992318472, 0.6661432948377397, 0.6639625165197585, 0.6614998049206204, 0.6591345171133677, 0.6568492650985718, 0.6536278327306112, 0.6513419482443068, 0.6484633518589867, 0.6455603208806779, 0.6423911485407088, 0.6387097040812174, 0.6348986261420779, 0.6311465435557895, 0.6278875701957278, 0.6229624483320448, 0.619763132598665, 0.6151819858286116, 0.6114858322673373, 0.6070639855331845, 0.6039462884267172, 0.5992538034915924, 0.5969284938441383, 0.5948263241185082, 0.5899129940403832, 0.5881527662277222, 0.58458121948772, 0.5842358734872606, 0.5795710616641574, 0.5788896249400245, 0.574429624610477, 0.5730780975686179, 0.5711926652325524, 0.5698129634062449, 0.5653950406445397, 0.5680142409271665, 0.5654591222604116, 0.5626801252365112, 0.5606284158097373, 0.5591653237740198, 0.5591989987426333, 0.5587029274966981, 0.5551932089858584, 0.555502810411983, 0.5529489235745536, 0.5492782327863905, 0.5488271829154756, 0.5487267424662908, 0.5460218638181686, 0.5443409101830589, 0.5435514632198546, 0.543627079990175, 0.5402649988730749, 0.5393064022064209, 0.5393897328111861, 0.5367654843462838, 0.5372039642598894, 0.5339132497708002, 0.535296713312467, 0.5331223938200209, 0.5315196779039171, 0.531548571255472, 0.5292372951904932, 0.5265524205234315, 0.5281992869244682, 0.5226532104942534, 0.5260932693878809, 0.5234557953145769, 0.5220826599333022, 0.5227054258187612, 0.5213122848007414, 0.5195958813031515, 0.5197348329755995, 0.5219963673088286, 0.5184821685155233, 0.516956701874733, 0.5159964511791865, 0.515990287065506, 0.5119980706108941, 0.5140832712252935, 0.5142018331421746, 0.5136554456419415, 0.5150843858718872, 0.5112950172689226, 0.5120945523182551, 0.511896636750963, 0.5126733680566152, 0.5091521276368035, 0.5111303677161535, 0.5105017423629761, 0.5054227511088053, 0.5092115418778526, 0.5047799696524938, 0.5058163603146871, 0.5055186268356111, 0.505233046081331, 0.5070985158284506, 0.5047612173689736, 0.5055410961310068, 0.5047802262836032, 0.5048516326480441, 0.506403053800265, 0.5014403081602521, 0.5033418900436826, 0.5037507464488348, 0.5023350086477067, 0.5030214190483093, 0.5025707317723168, 0.5027464230855306, 0.5030727303690381, 0.5011824982033836, 0.5014656119876437, 0.501517042517662, 0.5005604525407156, 0.5005538662274679, 0.5021857817967733, 0.49938814838727313, 0.500692723525895, 0.5014881789684296, 0.4969725360472997, 0.49962958527935875, 0.49802423682477737, 0.5025634682840772, 0.4992133494880464, 0.5002639078431659, 0.49906943904029, 0.5004714810185962, 0.4984830319881439, 0.5000675221284231], "val_loss": [0.6898552477359772, 0.6876446753740311, 0.6854825019836426, 0.6836576908826828, 0.6813355982303619, 0.6792789846658707, 0.6771899610757828, 0.6748902052640915, 0.6723888963460922, 0.6706306487321854, 0.668552502989769, 0.666303738951683, 0.6637202948331833, 0.6615466326475143, 0.6593419164419174, 0.6571696251630783, 0.6538911610841751, 0.6521908491849899, 0.648867279291153, 0.6472084671258926, 0.6430918574333191, 0.6395954936742783, 0.6365620195865631, 0.633076012134552, 0.6294003278017044, 0.6244283318519592, 0.6209196001291275, 0.6202954798936844, 0.6153942793607712, 0.612373411655426, 0.6071926802396774, 0.6070229113101959, 0.6051764637231827, 0.5965851545333862, 0.5930805951356888, 0.5935099869966507, 0.5919666290283203, 0.5886457711458206, 0.5908786952495575, 0.5849693268537521, 0.5789177417755127, 0.5831096023321152, 0.5795725584030151, 0.5798983871936798, 0.5776613801717758, 0.576637789607048, 0.5697620064020157, 0.5745342373847961, 0.5740217864513397, 0.5699827373027802, 0.5672357082366943, 0.5697558671236038, 0.566220760345459, 0.563950315117836, 0.5627450346946716, 0.5646268576383591, 0.5680679678916931, 0.5602532476186752, 0.5627735555171967, 0.5541761219501495, 0.553356483578682, 0.5568533092737198, 0.5561033636331558, 0.5484903752803802, 0.5499296337366104, 0.5465881153941154, 0.5482708960771561, 0.5516861081123352, 0.5532086491584778, 0.5432373732328415, 0.5424545854330063, 0.5438022762537003, 0.5402948185801506, 0.5437168478965759, 0.5449351742863655, 0.5398883074522018, 0.5363707989454269, 0.5379885733127594, 0.5386144518852234, 0.5357180088758469, 0.5342279374599457, 0.5338686034083366, 0.5320966839790344, 0.5341437608003616, 0.5335435718297958, 0.531787171959877, 0.5262733399868011, 0.531584270298481, 0.52504001557827, 0.5283965915441513, 0.5221586599946022, 0.5207492113113403, 0.5261339843273163, 0.5238473042845726, 0.5303477048873901, 0.5246061831712723, 0.521435096859932, 0.5222760066390038, 0.5245548486709595, 0.5194043666124344, 0.5239917188882828, 0.5173670426011086, 0.525539718568325, 0.5210239887237549, 0.5277856513857841, 0.5223007202148438, 0.5199731066823006, 0.5163825303316116, 0.5164579600095749, 0.5175242274999619, 0.5202574282884598, 0.516514241695404, 0.5192747339606285, 0.515699952840805, 0.5146039202809334, 0.5162770599126816, 0.5142229795455933, 0.5154165402054787, 0.515038788318634, 0.5107965618371964, 0.5157703086733818, 0.5138588771224022, 0.5125317424535751, 0.5146991014480591, 0.5163336098194122, 0.5139741003513336, 0.5101212784647942, 0.5110556706786156, 0.5091378539800644, 0.5168488770723343, 0.5136968940496445, 0.5117904394865036, 0.515588566660881, 0.5142804384231567, 0.5162716284394264, 0.5098559930920601, 0.5123763307929039, 0.5168392658233643, 0.510570265352726]}