{"best_val": 0.4543338282541795, "train_loss": [0.6594992712432263, 0.5945488623544282, 0.5598286992194605, 0.5184848945514828, 0.48639512646432015, 0.469196372756771, 0.459589597641253, 0.4538164629655726, 0.4511728280899571, 0.4495900396038504, 0.44838885232514025, 0.4452838243222704, 0.4447106204780878, 0.4433733838446, 0.4411627732071222, 0.4396854130660786, 0.4392219787719203, 0.434674460513919, 0.4343152507847431, 0.4353814756169039, 0.43133144577344257, 0.43039718971532936, 0.4294065172765769, 0.4282359077649958, 0.42531411320555446, 0.42479829870018304, 0.4233260137193343, 0.42135586399658054, 0.4205137865216124, 0.4186023099749696, 0.4165729488812241, 0.414052498106863, 0.41428469325981887, 0.41138507045951545, 0.4108212765525369, 0.4090743216813779, 0.4098341500057894, 0.406358341960346, 0.4048014142934014, 0.4036648735111835, 0.40381032754393187, 0.4010164550706452, 0.39874348102831375, 0.3990366762759639, 0.3956115088042091, 0.3953852110049304, 0.39379265729118795, 0.39371908587567944], "val_loss": [0.6147111600095575, 0.5817592198198492, 0.5453301830725237, 0.5159991681575775, 0.491059037772092, 0.48063647747039795, 0.4788312424312938, 0.47523527524688025, 0.47562077099626715, 0.4700160460038619, 0.47068997946652497, 0.46952997283502057, 0.46971263126893475, 0.4673740647055886, 0.47121770815415814, 0.4671047167344527, 0.4680582339113409, 0.4673778902400624, 0.4653522561896931, 0.4651255282488736, 0.4641132056713104, 0.465271684256467, 0.46184784986756067, 0.4634344252673062, 0.46719238703901117, 0.4633548368107189, 0.4602787630124526, 0.46278454769741406, 0.45937295393510297, 0.46061415292999963, 0.4580945941534909, 0.46105102517388086, 0.4582256728952581, 0.4573556564070962, 0.4601846554062583, 0.4608398404988376, 0.46263520284132525, 0.4543338282541795, 0.45880650119348004, 0.45773647319186817, 0.4559785723686218, 0.45617965405637567, 0.4576393257487904, 0.4565789889205586, 0.4594697816805406, 0.4557972550392151, 0.4562058394605463, 0.45626685294238006]}