{"best_val": 0.5038685128092766, "train_loss": [0.6696072883076138, 0.6303638418515524, 0.5982365442646874, 0.5678986310958862, 0.5485751827557882, 0.5409656680292554, 0.5356150137053596, 0.5349385539690653, 0.5305912610557344, 0.5258369892835617, 0.5263300637404124, 0.5245702862739563, 0.5219678630431493, 0.517349307735761, 0.512371732128991, 0.5085785405503379, 0.5087966803047392, 0.5082316084040536, 0.5058800329764684, 0.5065103951427672, 0.5059551695982615, 0.5047919021712409, 0.5056960516505771, 0.5031939678721957, 0.500455508629481, 0.5001769794358147, 0.49936936299006146, 0.49990710781680214, 0.49841656453079647, 0.5013977520995669, 0.49919894006517196], "val_loss": [0.6297033578157425, 0.6045585125684738, 0.5802979320287704, 0.5561931878328323, 0.5436519011855125, 0.5442203283309937, 0.542661190032959, 0.5380144789814949, 0.5389179289340973, 0.5356002449989319, 0.5301709324121475, 0.5208381190896034, 0.5292679518461227, 0.5178152099251747, 0.5184021443128586, 0.5166289433836937, 0.5137895122170448, 0.5131771117448807, 0.5099641680717468, 0.512039802968502, 0.5038685128092766, 0.515144407749176, 0.513978436589241, 0.5097579509019852, 0.5063341334462166, 0.5071731805801392, 0.5111590027809143, 0.5059644356369972, 0.5123847424983978, 0.5157327279448509, 0.5076181665062904]}