{"best_val": 0.4617640348997983, "train_loss": [0.6894524448058185, 0.6523174959070542, 0.6189812994470784, 0.5994772466958738, 0.5894292966992247, 0.5835471375315797, 0.5740050059907577, 0.5598550053203807, 0.5416311948907142, 0.5169538031606113, 0.49567733734261754, 0.4814804453475803, 0.47382577786258623, 0.46873270705634473, 0.46667955143778933, 0.46492839736096997, 0.4639627688071307, 0.46252315535264854, 0.4602305404111451, 0.461410078347898, 0.4599422309912887, 0.4586263369111454, 0.4583693462259629, 0.45714133685710384, 0.4583088516020307, 0.45769085428294015, 0.45720289735233083, 0.4570451606722439, 0.45522266275742473, 0.455122043689092, 0.4569763552908804, 0.45481807227228205, 0.454735419329475, 0.4553833551266614, 0.4542970131425297, 0.45579832967589884, 0.454557667760288, 0.4534541748318018, 0.45433084695946935, 0.45234431823094684, 0.4522405669969671, 0.4517959934823653, 0.451807860065909, 0.45105862851236384, 0.45223205521994947, 0.4521501344792983, 0.45075690395691814, 0.451296643299215, 0.4498443778823404, 0.45008106617366567], "val_loss": [0.6557843468405984, 0.6203731406818737, 0.5950001369823109, 0.5841488621451638, 0.5784009424122897, 0.5732681371948936, 0.5644335773858157, 0.5467108325524763, 0.5274696810679003, 0.5056132918054407, 0.48932028629563074, 0.4805637300014496, 0.4764157614924691, 0.47106011618267407, 0.47041025486859406, 0.46791430765932257, 0.4698395105925473, 0.4681874838742343, 0.4665975191376426, 0.4675339568745006, 0.4649360613389449, 0.46632342717864295, 0.464934842153029, 0.46610208533026953, 0.46596456928686664, 0.46537060900167987, 0.4643827134912664, 0.46607485142621125, 0.4641711115837097, 0.46613276275721466, 0.46389138427647675, 0.4662248979915272, 0.46460161967711017, 0.46543756940148096, 0.4628457914699208, 0.4654748954556205, 0.4622691652991555, 0.46499834819273517, 0.4647199728272178, 0.4617640348997983, 0.462837045842951, 0.46312477913769806, 0.4642360941930251, 0.4625474350018935, 0.4632504230195826, 0.4642604914578525, 0.46308908408338373, 0.46248628876426, 0.4626496542583812, 0.4629253013567491]}