{"best_val": 0.48502907902002335, "train_loss": [0.6697841187318166, 0.6232115361425612, 0.5870377255810632, 0.5615300801065233, 0.5468802634212706, 0.5391407658656439, 0.5328545156452391, 0.5341565559307734, 0.5277595917383829, 0.523737316330274, 0.5232840925455093, 0.5203183756934272, 0.5187849369313982, 0.5167198032140732, 0.5088060117430158, 0.5100055485963821, 0.5096409701638751, 0.5055538018544515, 0.5044301764832603, 0.503589015867975, 0.5006604873471789, 0.5012051777707206, 0.4991769343614578, 0.4969404621256722, 0.4949165532986323, 0.4955780737929874, 0.4936184485753377, 0.49374764495425755, 0.4941842125521766, 0.49763891928725773, 0.4931275033288532, 0.4908715635538101, 0.49102023078335655, 0.49220984677473706, 0.49136388964123195, 0.4909793320629332, 0.492014530632231, 0.4911367628309462, 0.48873564932081437, 0.48664747344122994, 0.49200137952963513], "val_loss": [0.6379567533731461, 0.595692589879036, 0.5575822740793228, 0.536291167140007, 0.532549224793911, 0.5306734219193459, 0.5157493576407433, 0.5164287388324738, 0.5124979838728905, 0.5087078139185905, 0.5061196088790894, 0.5090451687574387, 0.5020510628819466, 0.4978901222348213, 0.49624713510274887, 0.4975893348455429, 0.49323349446058273, 0.4927499517798424, 0.49368540197610855, 0.48819804191589355, 0.4900047853589058, 0.48578619211912155, 0.4919387847185135, 0.4880054444074631, 0.4896335303783417, 0.4867386445403099, 0.4935908913612366, 0.4880096763372421, 0.4919053688645363, 0.49051012098789215, 0.48502907902002335, 0.493095800280571, 0.4899575561285019, 0.4994315281510353, 0.4987204298377037, 0.4935494735836983, 0.4873816967010498, 0.4879011809825897, 0.4913768693804741, 0.4887898340821266, 0.48771650344133377]}