{"best_val": 0.47020959109067917, "train_loss": [0.7162321640385522, 0.7055963410271539, 0.6952226029502021, 0.6847259269820319, 0.6730798780918121, 0.6597359975179037, 0.6448741787009769, 0.62776028447681, 0.6122571461730533, 0.5953679747051663, 0.5823825465308295, 0.5701338681909773, 0.5631898376676772, 0.5559981399112277, 0.5483405407932069, 0.5394636193911234, 0.5379446794589361, 0.5322103881173663, 0.5289024197392993, 0.5245924376779132, 0.5232531428337097, 0.5178853074709574, 0.5198997143242094, 0.5173841946654849, 0.5148288226789899, 0.514092743396759, 0.513417469130622, 0.5098020186026891, 0.5109515306022432, 0.5052648567491107, 0.5057493117120531, 0.5066781010892656, 0.500913518998358, 0.5025398184855779, 0.498601785964436, 0.4981156968408161, 0.4973544081052144, 0.49995018707381356, 0.4948163827260335, 0.49720612002743614, 0.4920000632603963, 0.4889574001232783, 0.4919232063823276, 0.4898224820693334, 0.48865945306089187, 0.48783258100350696, 0.48556964099407196, 0.4909726199176576, 0.48807668023639256, 0.4853213114870919, 0.4843530191315545, 0.48849522570768994, 0.4820382876528634, 0.4846721672349506, 0.48488499058617485, 0.48442619376712376, 0.48006484905878705, 0.4805222849051158, 0.4813721891906526, 0.48183242976665497, 0.47986524800459546, 0.4800510009129842, 0.4833981858359443, 0.48144711719618904, 0.477380621764395, 0.4800328363974889, 0.48160769707626766, 0.4800114515754912, 0.4799012243747711, 0.4824301269319322, 0.4789556910594304, 0.47810426851113635, 0.47840533322758144, 0.47747422754764557, 0.4794723457760281, 0.47833042177889085, 0.47692733340793186, 0.47931159536043805, 0.4753604746527142], "val_loss": [0.7097008675336838, 0.6995108276605606, 0.6888765841722488, 0.677593320608139, 0.6652872413396835, 0.6507066637277603, 0.6349160224199295, 0.6163511276245117, 0.6003071963787079, 0.5841680467128754, 0.5714657157659531, 0.561319962143898, 0.5519232153892517, 0.5437807738780975, 0.5411845743656158, 0.5286600515246391, 0.5291724279522896, 0.5232843905687332, 0.5222984403371811, 0.5219940915703773, 0.5239095911383629, 0.523742713034153, 0.509973019361496, 0.5116862431168556, 0.5018343776464462, 0.5125336050987244, 0.5064546689391136, 0.5076137036085129, 0.5060716643929482, 0.5023346319794655, 0.5014573633670807, 0.4912859573960304, 0.5001771822571754, 0.5001561343669891, 0.49084579944610596, 0.49491725116968155, 0.49308278411626816, 0.48906124383211136, 0.48744869232177734, 0.48514243215322495, 0.4841470494866371, 0.4856262356042862, 0.48322395980358124, 0.48415882885456085, 0.4863838478922844, 0.4895268976688385, 0.4862389340996742, 0.47910887002944946, 0.48903484642505646, 0.48167484998703003, 0.4768289402127266, 0.48599233478307724, 0.4777916893362999, 0.4835176318883896, 0.4807702898979187, 0.4748230576515198, 0.4769963175058365, 0.47633837163448334, 0.47423629462718964, 0.4735875353217125, 0.4753394201397896, 0.47625550627708435, 0.47959695756435394, 0.47823312878608704, 0.47584229707717896, 0.4776085838675499, 0.47564105689525604, 0.47144778817892075, 0.47020959109067917, 0.47528158128261566, 0.47256696969270706, 0.47172829508781433, 0.47630227357149124, 0.47772088646888733, 0.4715030714869499, 0.4748159497976303, 0.47435738891363144, 0.47326573729515076, 0.4732096567749977]}