{"best_val": 0.44636248458515515, "train_loss": [0.674100773007262, 0.6291146418627571, 0.5965879395896313, 0.5809725371061587, 0.5614104878668692, 0.5269847278501473, 0.49464864181537255, 0.4745359222094218, 0.46776650641478745, 0.46499549349149066, 0.46367943228459824, 0.4638258265514, 0.462762982821932, 0.46237892730563296, 0.4611320554041395, 0.45968057945662855, 0.4601774858493431, 0.45935168219547645, 0.4583576257322349, 0.45667866222998676, 0.4568293994548274, 0.4557052085212633, 0.4563819602424023, 0.45361313048531027, 0.453776242686253, 0.45249563806197224, 0.4527425730929655, 0.45094505945841473, 0.4515700649981405, 0.4498941991843429, 0.4520030757960151, 0.448127394213396, 0.4492018351367876, 0.4491014439685672, 0.4471238617803536, 0.4441988801254946, 0.4445016401655534, 0.44366811245095494, 0.4431365301796034, 0.4423859236287136, 0.44104964476005704, 0.44049626121334, 0.43908221815146653, 0.43721549826509815, 0.4372090107085658, 0.4353189035957935, 0.4343611264930052, 0.4353165159038469, 0.43420393268267315, 0.43197107607243107, 0.4328124219296025, 0.4313907179177976, 0.43162790992680716, 0.42983442019013796, 0.42849817170816307, 0.42740876709713654, 0.42651718445852693, 0.4241088324902104, 0.4256323575973511, 0.4228067602597031, 0.4228324066190159, 0.4221521393925536, 0.4208640181550793, 0.419480655707565, 0.41995489772628336, 0.41860849132724837, 0.4163692657854043], "val_loss": [0.6414677988399159, 0.6043391281908209, 0.5852266712622209, 0.572600082917647, 0.5422598909248005, 0.5014519556002184, 0.4738399169661782, 0.46355016123164783, 0.4609631137414412, 0.4586502882567319, 0.4586076465519992, 0.45694290507923474, 0.4596798690882596, 0.4621401835571636, 0.4554840922355652, 0.45609657060016284, 0.45810632001269946, 0.4555007679895921, 0.45609033649617975, 0.45521849393844604, 0.45544222268191253, 0.4542906717820601, 0.4544271311976693, 0.45454045859250153, 0.45498059825463727, 0.45372260158712213, 0.45505530454895715, 0.4537601958621632, 0.45425279303030536, 0.4533883306113156, 0.45293686064806854, 0.4543756761334159, 0.454169284213673, 0.45211031220176, 0.4535137550397353, 0.4543111188845201, 0.4508396630937403, 0.4510399780490182, 0.45258574323220685, 0.4510557543147694, 0.4515494135293094, 0.45083740082654084, 0.450983928008513, 0.4490897980603305, 0.4487680196762085, 0.45029170404780994, 0.4503025710582733, 0.4547115618532354, 0.44990319284525787, 0.4500678100369193, 0.44865252483974805, 0.4534064287489111, 0.44910508394241333, 0.4502223757180301, 0.4545544277537953, 0.4492492811246352, 0.44636248458515515, 0.4503485045649789, 0.4514312825419686, 0.448440435257825, 0.45100346207618713, 0.450334603136236, 0.45019047368656506, 0.4501332505182786, 0.45477812127633527, 0.44923568855632434, 0.44821410558440467]}