{"best_val": 0.4979920834302902, "train_loss": [0.712976508670383, 0.7018935845957862, 0.691081229183409, 0.6798122690783607, 0.6671839786900414, 0.6526578300529056, 0.6376043226983812, 0.6206016408072578, 0.6053939859072367, 0.591455082098643, 0.5813736120859782, 0.5682279037104713, 0.5626593000359006, 0.5512773858176337, 0.5449549754460653, 0.5387459314531751, 0.5344443039761649, 0.5284313095940484, 0.5244367470343908, 0.5218499981694751, 0.5181887365049787, 0.5165127449565463, 0.5153549959262212, 0.515290790134006, 0.5106133454375796, 0.5112892852889167, 0.5068539695607291, 0.5038580546776453, 0.5070287585258484, 0.5039434217744403, 0.5036731875605054, 0.5012005037731595, 0.5027737087673612, 0.5010637491941452, 0.4958755440182156, 0.49629907972282833, 0.49732956290245056, 0.49355153408315444, 0.4954153696695964, 0.49327998691134983, 0.4947164124912686, 0.49468039141760933, 0.49534077445665997, 0.4925129512945811, 0.4924297829469045, 0.49233346184094745, 0.49012623396184707, 0.48923928704526687, 0.49245192607243854, 0.48895435366365647, 0.4925238076183531, 0.48789096540874904, 0.488281743394004, 0.49021343721283805, 0.49068204561869305, 0.49131761325730217, 0.48862697018517387, 0.48782817357116276, 0.4899493323432075, 0.4876965002881156, 0.48785718778769177, 0.484935290283627, 0.48509976433383095, 0.48429716957939994, 0.4883319851424959, 0.4873091048664517, 0.4877256568935182, 0.48643869492742753, 0.48702987531820935, 0.48541255129708183, 0.48665982484817505, 0.4869288321998384, 0.4867977350950241, 0.4818017813894484, 0.4852590031094021, 0.4846871511803733, 0.4867090168926451, 0.48274851507610744, 0.48211540281772614, 0.4816872626543045, 0.48322435716787976, 0.47981426616509754, 0.4834731850359175, 0.4814527697033352, 0.48366372949547237, 0.48213304082552594, 0.4819885641336441, 0.4827441606256697], "val_loss": [0.7063047587871552, 0.6960128396749496, 0.6855048388242722, 0.6744772791862488, 0.662125438451767, 0.6474067866802216, 0.633425772190094, 0.6185571253299713, 0.6038199067115784, 0.5945336818695068, 0.5850826948881149, 0.5796146243810654, 0.5678843855857849, 0.5591876655817032, 0.5533017665147781, 0.5511468797922134, 0.5422829166054726, 0.5398832112550735, 0.5371128022670746, 0.5346951633691788, 0.5325585305690765, 0.5313061475753784, 0.5294476747512817, 0.5314164981245995, 0.5292353108525276, 0.5226422026753426, 0.5201388671994209, 0.5203803032636642, 0.516722783446312, 0.5144727826118469, 0.5171030759811401, 0.5119941458106041, 0.5168707221746445, 0.5118007212877274, 0.5146493464708328, 0.512282520532608, 0.5112989097833633, 0.5105283707380295, 0.5143044292926788, 0.5140424445271492, 0.5045282021164894, 0.5102930217981339, 0.521035835146904, 0.5061753019690514, 0.5075249299407005, 0.5078778266906738, 0.5037680864334106, 0.5109161660075188, 0.5054008141160011, 0.5031625255942345, 0.5075527355074883, 0.5067332237958908, 0.5115906149148941, 0.5050123333930969, 0.5043680891394615, 0.5020325779914856, 0.5069173350930214, 0.5105463564395905, 0.5021613612771034, 0.5025379583239555, 0.5014438629150391, 0.501010574400425, 0.5039831474423409, 0.5062995254993439, 0.5117044076323509, 0.5022085830569267, 0.5017535611987114, 0.504084013402462, 0.5055587366223335, 0.5002228021621704, 0.5073615834116936, 0.5133288130164146, 0.5023193955421448, 0.5019647255539894, 0.5026069134473801, 0.5004856288433075, 0.49935054779052734, 0.4979920834302902, 0.5003020390868187, 0.503167487680912, 0.5036919340491295, 0.5036901384592056, 0.5023280382156372, 0.4990330934524536, 0.5041832625865936, 0.5048297643661499, 0.4980110675096512, 0.501892514526844]}