{"best_val": 0.40882728045636957, "train_loss": [0.6798570623584822, 0.6434074792207456, 0.6019806277518179, 0.5826668715944477, 0.5682601940398123, 0.5498907344014037, 0.5247002612142002, 0.492189977683273, 0.4638320932201311, 0.447285452894136, 0.4389602822415969, 0.4360934875759424, 0.4333999250449386, 0.4311816411859849, 0.42957036167967555, 0.4289826756598903, 0.4260840380893034, 0.42410440129392285, 0.4224359848920037, 0.42302194296144974, 0.4213062495577569, 0.41940483801505146, 0.41907091643296035, 0.41803215005818534, 0.4167228002174228, 0.4164914652413013, 0.4149422639725255, 0.41403357480086533, 0.41374149743248434, 0.4124905975425945, 0.4107903499229282, 0.4108971953392029, 0.4092353664192499, 0.40914756410262165, 0.40803586560137134, 0.406777057577582, 0.4055355500941183, 0.4050779547177109, 0.4034157488860336, 0.40315307822881963, 0.4031655624801037, 0.401181675639807, 0.4017120810116039, 0.4000515780028175, 0.39778949057354646, 0.401013607487959, 0.39746009836009905, 0.3956035159382166, 0.3968672097897997, 0.39583921490931046, 0.3941650227004406, 0.3931097201272553, 0.39258985133732066, 0.3921497475867178, 0.3915928052920921, 0.39057791057754965, 0.38891057757770314, 0.3868753027682211, 0.38763122640404046, 0.3875230802040474, 0.38426695910154607], "val_loss": [0.6612192825837568, 0.6120106794617393, 0.5790121555328369, 0.5612823367118835, 0.5463936735283245, 0.5249331945722754, 0.4963152056390589, 0.46235507455739105, 0.4396810233592987, 0.42944681915369903, 0.42526584050872107, 0.4215301898392764, 0.4227143200961026, 0.419432751157067, 0.4179834615100514, 0.41696812347932294, 0.41689078916202893, 0.417674565857107, 0.41559758511456574, 0.4149453504519029, 0.4149251173843037, 0.41279136592691595, 0.41295441443269904, 0.41378262639045715, 0.41413934393362567, 0.41207038272510876, 0.4130714698271318, 0.41205796057527716, 0.41239512779495935, 0.4113116047599099, 0.41195629130710254, 0.41032247922637244, 0.4110965972596949, 0.4121204506267201, 0.4110767516222867, 0.4114572920582511, 0.4104245819828727, 0.41080582412806427, 0.4104212061925368, 0.4104608188975941, 0.41115951809016144, 0.41000849550420587, 0.4107635861093348, 0.41028951514850964, 0.4121922498399561, 0.41011570529504254, 0.4111200083385814, 0.4115371649915522, 0.40965674682097003, 0.4091594923626293, 0.40882728045636957, 0.41028494184667413, 0.4095651724121787, 0.40927766128019855, 0.409678963097659, 0.4098744202743877, 0.41103083437139337, 0.41091935472054913, 0.41088607094504614, 0.40972650051116943, 0.4104966196146878]}