{"best_val": 0.47498705238103867, "train_loss": [0.6774951451354556, 0.6533519857459598, 0.6298611130979326, 0.6045481661955515, 0.5870077610015869, 0.5755855010615455, 0.5687936047712961, 0.5627938277191586, 0.5599755032194985, 0.5563344442182117, 0.5489787177907096, 0.5494623730580012, 0.5462659746408463, 0.5407086693578296, 0.5436080445845922, 0.5393706311782202, 0.538291859957907, 0.5366072654724121, 0.5333032541804843, 0.5343108922243118, 0.5293309291203817, 0.5280851705206765, 0.5338052113850912, 0.5277912020683289, 0.5231715357965894, 0.5220722887251112, 0.5190199116865793, 0.5187829799122281, 0.520749482843611, 0.5205764538711972, 0.5213334262371063, 0.5148240245050855, 0.5152857038709853, 0.5133836848868264, 0.5113168723053403], "val_loss": [0.6518627554178238, 0.6217821389436722, 0.5935673713684082, 0.5645582675933838, 0.5401988178491592, 0.5251954793930054, 0.5143234133720398, 0.5147604942321777, 0.5048300251364708, 0.5056816786527634, 0.4982565864920616, 0.49556902796030045, 0.48810431361198425, 0.4974404573440552, 0.48869017511606216, 0.4897044599056244, 0.48599129170179367, 0.4869852364063263, 0.48379436135292053, 0.4844522848725319, 0.4812154099345207, 0.4846220314502716, 0.4755376875400543, 0.483201339840889, 0.47498705238103867, 0.4809650182723999, 0.48116376250982285, 0.47946538776159286, 0.47796888649463654, 0.48107899725437164, 0.4806976392865181, 0.477810375392437, 0.47501152008771896, 0.4771813154220581, 0.4797605127096176]}