{"best_val": 0.43282507495446637, "train_loss": [0.6672850414818409, 0.6093300277111577, 0.5851291476511488, 0.5655687194244534, 0.5417516529560089, 0.5119248365654665, 0.4834845977671006, 0.4664497241085651, 0.4598492009966981, 0.45585958571995006, 0.4524577558040619, 0.4521087203540054, 0.45077768844716687, 0.4512451051496992, 0.4489067559148751, 0.4482650137415119, 0.446511471972746, 0.4458642502625783, 0.4441109264598173, 0.44280419162675444, 0.44193358865438725, 0.43990668946621464, 0.4401171791787241, 0.43862314317740647, 0.4366532347950281, 0.43494154834279825, 0.43378234201786564, 0.433986823348438, 0.43269863140349296, 0.4320976120584151, 0.42938191224546995, 0.42847951486998914, 0.4265892587456049, 0.42571691379827614, 0.4261390029215345, 0.42589226365089417, 0.42168542099934, 0.42098800399724173, 0.4193143710201862, 0.4181009519333933, 0.4157545490592134], "val_loss": [0.6273166862401095, 0.5768557678569447, 0.55868168852546, 0.5398788045753132, 0.5105625959959897, 0.4790973582051017, 0.45819544521245087, 0.44723938540978864, 0.4404675472866405, 0.4406214654445648, 0.4368865273215554, 0.4395439787344499, 0.43799579414454376, 0.4397698803381486, 0.436307581988248, 0.43766915798187256, 0.44057237018238415, 0.4382308748635379, 0.43600083752111957, 0.4376118074763905, 0.4356941038911993, 0.43478040261702106, 0.4402706514705311, 0.43501081791791046, 0.43477528203617444, 0.4339508495547555, 0.43418569456447254, 0.43375727805224334, 0.433955346996134, 0.4337326938455755, 0.43282507495446637, 0.4376205639405684, 0.43697666850957, 0.4375927746295929, 0.435856125571511, 0.43474032391201367, 0.4346641816876151, 0.4346783079884269, 0.43323772332885047, 0.43572706796906213, 0.43357264453714545]}