{"best_val": 0.4737398028373718, "train_loss": [0.7567146685388353, 0.7377241883012984, 0.7187347511450449, 0.6989134252071381, 0.6785167190763686, 0.6562740074263679, 0.6311206983195411, 0.5984637836615244, 0.5713575647936927, 0.546665628751119, 0.531631213095453, 0.5252029614316093, 0.5138019488917457, 0.5076026121775309, 0.5031039151880476, 0.5018797500265969, 0.4977888200018141, 0.49367542896005845, 0.49337778157658047, 0.489412334230211, 0.4895530425839954, 0.4824194891585244, 0.48498199383417767, 0.4795714368422826, 0.4821127653121948, 0.4772336218092177, 0.47688330544365776, 0.47676671544710797, 0.47677512135770583, 0.4744638287358814, 0.47515172594123417, 0.4737815012534459, 0.47241593731774223, 0.47256286442279816, 0.4726456536187066, 0.47072095506721073, 0.4671804971165127, 0.47063461277219987, 0.46754471129841274, 0.4676622334453795, 0.4740328225824568, 0.4690728767050637, 0.46819499300585854, 0.46611254579491085, 0.46717659301227993, 0.4673163957066006, 0.4665146817763646, 0.46497073107295567, 0.46482710540294647, 0.46307076182630325, 0.4664953450361888, 0.4643935130702125, 0.4641899714867274, 0.46202614572313094, 0.4649704280826781, 0.4639730172024833, 0.4653307812081443, 0.4632301496134864, 0.461450081732538, 0.46244964996973675, 0.46179858843485516, 0.4609418627288606, 0.46320536235968274, 0.46089906990528107, 0.4604458262523015, 0.46356309950351715, 0.46187883781062233, 0.45782174666722614, 0.46194445424609715, 0.46053497824403977, 0.45849236183696324, 0.46097707251707715], "val_loss": [0.7312699258327484, 0.7157586067914963, 0.6976730078458786, 0.6813005208969116, 0.6635313630104065, 0.6443386822938919, 0.6226398348808289, 0.600767970085144, 0.5895706862211227, 0.5792750865221024, 0.5701606124639511, 0.5656117498874664, 0.5604971051216125, 0.5553929954767227, 0.5554515570402145, 0.5455893725156784, 0.5454778745770454, 0.5385214537382126, 0.5354436859488487, 0.5357431322336197, 0.5294917970895767, 0.5248982980847359, 0.529558002948761, 0.5157942175865173, 0.5170255899429321, 0.5195483565330505, 0.511735774576664, 0.5091653168201447, 0.5112203285098076, 0.5097741708159447, 0.5139151215553284, 0.5070352852344513, 0.5037444904446602, 0.5017947778105736, 0.506839707493782, 0.5033079981803894, 0.50067038834095, 0.4949755221605301, 0.4945480450987816, 0.49974334239959717, 0.5003481805324554, 0.48552173376083374, 0.4965664818882942, 0.48810306191444397, 0.49190036952495575, 0.4892512187361717, 0.48908816277980804, 0.4911530613899231, 0.4879479929804802, 0.4823436886072159, 0.4865991920232773, 0.4829977676272392, 0.4847630709409714, 0.4816473573446274, 0.4951043501496315, 0.48957686126232147, 0.4791701063513756, 0.4834096431732178, 0.4762495309114456, 0.48541924357414246, 0.48417698591947556, 0.4737398028373718, 0.4812854677438736, 0.48303303122520447, 0.4819297194480896, 0.4868103936314583, 0.48034123331308365, 0.47750385105609894, 0.4893498197197914, 0.47867149859666824, 0.47739844769239426, 0.4836432561278343]}