{"best_val": 0.43392230705781415, "train_loss": [0.6776381345356212, 0.6067495568125856, 0.5759525088702931, 0.5532799357292699, 0.5202658959463531, 0.4836718784827812, 0.45255789745087716, 0.43716151165027245, 0.43268666080400053, 0.430079088491552, 0.4271912767606623, 0.4234488466206719, 0.42310908612082987, 0.420462941422182, 0.4197232512866749, 0.4167780455420999, 0.41550646108739514, 0.4148160260097653, 0.41471990826083166, 0.4102179916465984, 0.4101825876563203, 0.4087308756276673, 0.40565451687457516, 0.4051176560860054, 0.4024745073972964, 0.4009212909960279, 0.3999891152568892, 0.3971382700929455, 0.39533380141445235, 0.3933238375420664, 0.3908689431115693, 0.39087235460094377, 0.38715606752563925, 0.3862295740959691, 0.3843274735936932, 0.3826965245546079, 0.3826133608818054, 0.3774278491151099, 0.37765920220636856, 0.37299278495358484, 0.3733922500236362, 0.3702532462045258, 0.3688380443582348], "val_loss": [0.6472748517990112, 0.6031021259047769, 0.5818730917843905, 0.5544453019445593, 0.5141470540653575, 0.4820339219136672, 0.45299857042052527, 0.44943451610478485, 0.4434143440289931, 0.4424187053333629, 0.44346902858127246, 0.44228250601074914, 0.4411163763566451, 0.44468452713706275, 0.4413269812410528, 0.44244319742376154, 0.4408223899928006, 0.4437930638139898, 0.4401909085837277, 0.4402612176808444, 0.4426300444386222, 0.43940252607518976, 0.4382539987564087, 0.43761750242926856, 0.44030720266428863, 0.4365849196910858, 0.4385335553776134, 0.43723769079555164, 0.43646009130911395, 0.4381800212643363, 0.4371315728534352, 0.43890794298865576, 0.43392230705781415, 0.4361968067559329, 0.4388448650186712, 0.4374588294462724, 0.43617756258357654, 0.4366192411292683, 0.4382684962315993, 0.43515425378626044, 0.4367366920817982, 0.43861341747370636, 0.4364076256752014]}