{"best_val": 0.4285599562254819, "train_loss": [0.6998326065493565, 0.6314841497178171, 0.5965159383474612, 0.5743091211599463, 0.5517137296059552, 0.5246716579970192, 0.5020800028361526, 0.48471272225473444, 0.4729321242547503, 0.4689088755962895, 0.4645832736118167, 0.46277232497346166, 0.4611747878439286, 0.4595928583659378, 0.45979534995322136, 0.45782489636365103, 0.4569926378773708, 0.45603832544064987, 0.4563699715277728, 0.45556726993298996, 0.45486045994010627, 0.4534449524739209, 0.4534749265979318, 0.45429183046023053, 0.45140580394688773, 0.4515206048301622, 0.4502834572511561, 0.44999677644056435, 0.4501353075691298, 0.44887814393230513, 0.4495493518371208, 0.44775353576622756, 0.449275112619587, 0.4475834287849127, 0.44695242713479433, 0.44425079986160876, 0.4446052412192027, 0.4433632335242103, 0.44487764262685586, 0.4426606285805796, 0.4414943526772892, 0.44151664832059073, 0.44103404938005936, 0.4413566758819655, 0.43922654553955676, 0.4395003038294175, 0.4379730189547819, 0.43774177280126836, 0.4369853425259684, 0.4379107291791953, 0.4357545697221569, 0.43586815630688386, 0.43367986293400035, 0.43443578131058636, 0.43459634979565936, 0.4332374129809585, 0.4342514101196738, 0.431706744666193, 0.4308852027444279, 0.429529257849151, 0.42927175468089535, 0.42884186553020104, 0.429887267888761, 0.42978182259727926, 0.42732000876875487, 0.42640624151510353, 0.42744165366771175, 0.42541225459061416, 0.4246051317336513, 0.42414291056932185, 0.42328621008816886, 0.4248100893170226, 0.4221378424588372, 0.42267192111295815, 0.4218001026733249, 0.4213006876262964, 0.4205291534171385, 0.4198662030930613, 0.4186349686454324, 0.4193536493123746, 0.41893990250194774, 0.4168294229928185, 0.4180196570415123, 0.41701868176460266, 0.4152981709031498, 0.4139229018314212, 0.41473060846328735, 0.4129714895697201, 0.41474512920660134, 0.41304847773383646, 0.4124654005555546, 0.4111918725219427, 0.41095372742297603, 0.41033610818432825, 0.4100740511043399, 0.4098415935740751, 0.4098869462807973, 0.4082464704326555, 0.4081290329203886, 0.4090861981990291, 0.4068411910066418, 0.40720490906752793, 0.4058080531802832, 0.40568376580874127, 0.40537894999279694, 0.40491009635083813, 0.40424799042589526], "val_loss": [0.6521233536980369, 0.5995348962870511, 0.5775045698339288, 0.5567492138255726, 0.5309499122879722, 0.50464712489735, 0.48347013646906073, 0.47026368433778937, 0.46249633214690467, 0.4581814950162714, 0.4571456638249484, 0.45564345067197626, 0.4528405557979237, 0.4520414146510037, 0.45142303813587537, 0.45172557505694305, 0.4499053494496779, 0.451239905574105, 0.4519449201497165, 0.4500273818319494, 0.44930723309516907, 0.44782852313735266, 0.4483229409564625, 0.44441824609583075, 0.44771973382342944, 0.4483204565264962, 0.44487657330252905, 0.4449179633097215, 0.44522084431214765, 0.4460771625692194, 0.44384260882030835, 0.44722261212088843, 0.4426756582476876, 0.44433449615131726, 0.44310813600366766, 0.44101362878626044, 0.4417419569058852, 0.4409081664952365, 0.4421465342695063, 0.4412264552983371, 0.44086088646541943, 0.4419535154646093, 0.4421503327109597, 0.4399830780246041, 0.44077075069600885, 0.4410056065429341, 0.4396430660377849, 0.44114725427194074, 0.44029484553770587, 0.4410535530610518, 0.44010075384920294, 0.44057994268157263, 0.44172653555870056, 0.4403352710333737, 0.43902618505738, 0.4395951682871038, 0.4385411929000508, 0.4379712397401983, 0.4385858015580611, 0.43842707438902423, 0.4363823885267431, 0.43751233274286444, 0.4366056946190921, 0.43750400976701215, 0.4368114092133262, 0.4351771528070623, 0.43704217130487616, 0.4355610636147586, 0.4363209009170532, 0.43325032971122046, 0.43434181809425354, 0.4350779896432703, 0.43521684408187866, 0.43561632524837146, 0.43708254532380536, 0.438708557323976, 0.435228168964386, 0.43170553174885834, 0.4337691068649292, 0.4357722428711978, 0.43288318677382037, 0.43292676589705725, 0.43574555624615063, 0.4318506257100539, 0.43152869560501794, 0.43068709156729956, 0.4330267201770436, 0.4337980638850819, 0.4352827153422616, 0.43273981592871924, 0.43266728249463166, 0.4304164133288644, 0.42864454876292835, 0.4308858703483235, 0.4315107491883365, 0.43262977491725574, 0.4285599562254819, 0.43132428147576074, 0.4292749437418851, 0.42998251048001374, 0.4291882948441939, 0.4304205206307498, 0.42995576695962384, 0.4302325357090343, 0.4303181144324216, 0.4324353201822801, 0.4293567646633495]}