{"best_val": 0.5105264261364937, "train_loss": [0.7314053707652621, 0.7086421516206529, 0.6842702163590325, 0.6555437445640564, 0.617944124672148, 0.5821215940846337, 0.5614102118545108, 0.5432955192195045, 0.5320675075054169, 0.5276902384228177, 0.5215616706344817, 0.5199859771463606, 0.5187356803152297, 0.5174562533696493, 0.5135600467522939, 0.5136899120277829, 0.5087340391344495, 0.5089471025599374, 0.5075645761357414, 0.5068145096302032, 0.5068067047331068, 0.503539976146486, 0.5006693816847272, 0.49995501670572495, 0.49848579035864937, 0.5003364731868108, 0.4996335771348741, 0.5001922183566623, 0.5011231932375166, 0.5000945379336675, 0.49821151461866164, 0.49492503040366703, 0.5001683748430676, 0.49480438894695705], "val_loss": [0.687063455581665, 0.6700687110424042, 0.650758296251297, 0.6286050379276276, 0.5991722941398621, 0.5762485414743423, 0.5557006895542145, 0.547041654586792, 0.5397225096821785, 0.536986343562603, 0.5232718735933304, 0.5279633849859238, 0.5318185612559319, 0.533103346824646, 0.5255550146102905, 0.531711719930172, 0.525187075138092, 0.5183728411793709, 0.519902378320694, 0.5182311460375786, 0.5277763828635216, 0.5180088356137276, 0.5208290666341782, 0.5105264261364937, 0.5171789452433586, 0.5164004564285278, 0.5209412053227425, 0.5175023078918457, 0.5180455520749092, 0.5190703496336937, 0.5106741860508919, 0.5175759643316269, 0.5206826329231262, 0.5188223496079445]}