{"best_val": 0.4627554416656494, "train_loss": [0.7359798716174232, 0.7213453617360857, 0.7065202395121256, 0.6908413668473562, 0.6741376254293654, 0.6579831772380405, 0.6429245670636495, 0.6265988383028243, 0.6090358859962888, 0.5946822729375627, 0.5813548862934113, 0.5719011723995209, 0.5623417794704437, 0.5596721751822366, 0.551055939661132, 0.5461234119203355, 0.5417980932527118, 0.5361759447389178, 0.5355629705720477, 0.5296544349855847, 0.5283918082714081, 0.5236094213194318, 0.52209881775909, 0.5207166588968701, 0.5155628505680296, 0.5175912264320586, 0.5093497749831941, 0.5105030818117989, 0.5105186551809311, 0.5052033927705553, 0.5068927324480481, 0.5034283018774457, 0.5062602642509673, 0.5042113214731216, 0.5052925017144945, 0.5028340087996589, 0.5034463173813291, 0.5032312207751803, 0.49940643542342716, 0.49900075296560925, 0.5006867398818334, 0.5021610607703527, 0.49907369249396855, 0.49996010296874577, 0.4994140631622738, 0.4997025926907857, 0.5051464703347948, 0.5001990579896503, 0.49947837160693276, 0.5003327743874656, 0.4973501099480523, 0.49950041042433846, 0.4971836821900474, 0.5018818378448486, 0.50092803604073, 0.4988662799199422, 0.49903295934200287, 0.49604248503843945, 0.4975126104222404, 0.4995539254612393, 0.49820879764027065, 0.49898219770855373, 0.4987835685412089, 0.4994633462693956, 0.49808486302693683, 0.49822372529241776, 0.5010957535770204, 0.49550547036859727, 0.4940815054708057, 0.4976179069942898, 0.4977402471833759, 0.49944210218058693, 0.49552888174851734, 0.4979433235194948, 0.4953336301777098, 0.49855634570121765, 0.49811825818485683, 0.4955231977833642, 0.49587398767471313, 0.4982386032740275, 0.4952670766247643], "val_loss": [0.6767475754022598, 0.668876513838768, 0.6615740656852722, 0.6524211168289185, 0.646493449807167, 0.6347488015890121, 0.6243867576122284, 0.6120132803916931, 0.6026982218027115, 0.5892738997936249, 0.5772308856248856, 0.5717563629150391, 0.5610785037279129, 0.550104595720768, 0.5442383587360382, 0.5381551384925842, 0.5296498462557793, 0.5281178802251816, 0.5228026807308197, 0.5160560086369514, 0.5118262097239494, 0.5089472532272339, 0.5105553641915321, 0.506185382604599, 0.4984990432858467, 0.4985305815935135, 0.4953942894935608, 0.49178236722946167, 0.4963124394416809, 0.4872812554240227, 0.4847918599843979, 0.4785400778055191, 0.4854755476117134, 0.48159172385931015, 0.4841992259025574, 0.47823022305965424, 0.48043089359998703, 0.4802127480506897, 0.47324010729789734, 0.48210296779870987, 0.47318294644355774, 0.4790940433740616, 0.4771028012037277, 0.47581249475479126, 0.47541848570108414, 0.47442004829645157, 0.46963706612586975, 0.4724295511841774, 0.4759686812758446, 0.4700353741645813, 0.47176574915647507, 0.4769313484430313, 0.47014447301626205, 0.4692853093147278, 0.4698704406619072, 0.47321249544620514, 0.4703712463378906, 0.4753521755337715, 0.4675189331173897, 0.4728873297572136, 0.47289106249809265, 0.47085118293762207, 0.47143934667110443, 0.4672055244445801, 0.4661865159869194, 0.47398102283477783, 0.46878092736005783, 0.46892646700143814, 0.4673999398946762, 0.46460580080747604, 0.4627554416656494, 0.47170110046863556, 0.4707011505961418, 0.4722723811864853, 0.4711669608950615, 0.47055941820144653, 0.4729905426502228, 0.4660840854048729, 0.46905961632728577, 0.46733982115983963, 0.47182697057724]}