{"best_val": 0.5116812884807587, "train_loss": [0.7105426722102695, 0.7054118745856814, 0.700584888458252, 0.6959045562479231, 0.6911133494642046, 0.6867375572522482, 0.6819735169410706, 0.6775849395328097, 0.6733893189165328, 0.6689072450002035, 0.6644540263546838, 0.6606065134207407, 0.6565385030375587, 0.6527417798837026, 0.648496667544047, 0.64490807056427, 0.640698704454634, 0.6366255879402161, 0.6332390043470595, 0.6292161908414629, 0.6256714761257172, 0.6219911310407851, 0.6185650494363573, 0.614564491642846, 0.6111892892254723, 0.607441226641337, 0.6042220294475555, 0.6002655327320099, 0.5969327323966556, 0.5916701787047915, 0.5890499949455261, 0.583932552072737, 0.5798481073644426, 0.5757351186540391, 0.570345530907313, 0.5676979422569275, 0.5633725490834978, 0.5597278359863493, 0.5554476612144046, 0.5509956777095795, 0.5490154011381997, 0.5451289713382721, 0.5412766453292635, 0.5389073606994417, 0.5357385641998715, 0.5349066240919961, 0.5295456084940169, 0.5295308580001196, 0.5276011394129859, 0.5253912955522537, 0.5253938188155493, 0.5209521767165926, 0.5220403422911962, 0.5174094157086478, 0.5207527942127652, 0.5190232627921634, 0.5124359544780519, 0.512958824634552, 0.5116987344291475, 0.5107539610730277, 0.5123187220758862, 0.5066972093449699, 0.5085268004073037, 0.505073164900144, 0.5063952224122154, 0.5055086546474032, 0.5047802792655097, 0.50406314432621, 0.5002937234110303, 0.49878068102730644, 0.4972101069158978, 0.4986072646247016, 0.497938785288069, 0.4976116435395347, 0.4932369689146678, 0.49400922656059265, 0.4925760742690828, 0.49043335682815975, 0.49464332726266647, 0.4904671311378479, 0.4902447495195601, 0.4891818943950865, 0.48888641099135083, 0.4882770809862349, 0.48675154480669236, 0.48603156871265835, 0.4843956530094147, 0.4848953187465668, 0.4837823493613137, 0.48236090938250226, 0.4812080048852497, 0.47918037076791126, 0.4792713572581609, 0.47617113921377396, 0.47790007127655876, 0.47803602781560683, 0.47532786263359916, 0.4786491327815586, 0.4766264690293206, 0.47429946892791325, 0.47472899158795673, 0.4732828223043018, 0.47291699879699284, 0.47152235276169246, 0.4734819945361879, 0.4715763446357515, 0.4703630771901872, 0.4697236782974667, 0.4714727799097697, 0.4699118650621838, 0.46993456615342033, 0.4707690262132221, 0.46703574889236027, 0.47072354124652016], "val_loss": [0.7076366394758224, 0.703001469373703, 0.6988800466060638, 0.6945234537124634, 0.6906717717647552, 0.6866602450609207, 0.6822856664657593, 0.6783022731542587, 0.6744766384363174, 0.6698364168405533, 0.6671730577945709, 0.6639113426208496, 0.6592646241188049, 0.6562875956296921, 0.6524219810962677, 0.6488364487886429, 0.6464356780052185, 0.6440011113882065, 0.6409882754087448, 0.6357076168060303, 0.6327483654022217, 0.62953320145607, 0.6280795782804489, 0.624612346291542, 0.6218943446874619, 0.6168351620435715, 0.6153588742017746, 0.6113785207271576, 0.6075852066278458, 0.6054435968399048, 0.6013700664043427, 0.5990363359451294, 0.5918159931898117, 0.5911094397306442, 0.587462991476059, 0.5837234407663345, 0.5822576731443405, 0.5795798599720001, 0.5776213705539703, 0.5742646753787994, 0.5732142925262451, 0.5707890838384628, 0.5677649527788162, 0.5622412264347076, 0.564488023519516, 0.5629353374242783, 0.5580760389566422, 0.5560422539710999, 0.5583700835704803, 0.5578221008181572, 0.5526784658432007, 0.5523491650819778, 0.5580464154481888, 0.5539736300706863, 0.5493957102298737, 0.5518659800291061, 0.5470859259366989, 0.5479803681373596, 0.5431527942419052, 0.5478362515568733, 0.5483773201704025, 0.5466168075799942, 0.5439780950546265, 0.5497186332941055, 0.5480972528457642, 0.542159728705883, 0.5451799556612968, 0.539467066526413, 0.5394925251603127, 0.5400766581296921, 0.5462226495146751, 0.5412809997797012, 0.537610612809658, 0.5436169505119324, 0.5358984619379044, 0.5412921160459518, 0.540568545460701, 0.5400731191039085, 0.5342083349823952, 0.5423210337758064, 0.5353518575429916, 0.5365365445613861, 0.5342952907085419, 0.5299985110759735, 0.5281496867537498, 0.5273709371685982, 0.5284019038081169, 0.526507206261158, 0.5294505804777145, 0.5220579504966736, 0.528756320476532, 0.5280302613973618, 0.5283991321921349, 0.5217198729515076, 0.5263963639736176, 0.5211610496044159, 0.5160598456859589, 0.5234366208314896, 0.5202784985303879, 0.5241106823086739, 0.5237133651971817, 0.5254574418067932, 0.5196360275149345, 0.5116812884807587, 0.5153910517692566, 0.5208618566393852, 0.5158002004027367, 0.523176982998848, 0.5181057900190353, 0.5199362188577652, 0.5173403024673462, 0.5197851061820984, 0.5229857861995697, 0.521812804043293]}