{"best_val": 0.4895312190055847, "train_loss": [0.6626366840468513, 0.6323447194364336, 0.6103600462277731, 0.5928981833987765, 0.5721302744415071, 0.5565769804848565, 0.5381228095955319, 0.5245969444513321, 0.5190865198771158, 0.5161106454001533, 0.5133698367410235, 0.5110781076881621, 0.5100274781386057, 0.5049495084418191, 0.5036651492118835, 0.5031467742390103, 0.5027503934171464, 0.5026773313681284, 0.49820703433619606, 0.49897035625245834, 0.4976067857609855, 0.49174157943990493, 0.4906997862789366, 0.4911159806781345, 0.49023282196786666, 0.48730618092748856, 0.4903436203797658, 0.48910848630799186, 0.4871491773260964, 0.48365915152761674, 0.4839302847782771, 0.48538347085316974, 0.48440443310472703, 0.4836159298817317, 0.48366762532128227, 0.48245013422436184, 0.482671598593394, 0.4822327411837048, 0.4816165765126546, 0.47919922239250606, 0.4810778217183219, 0.4813751412762536, 0.4794072492255105, 0.4804839673969481, 0.4814755734470155, 0.48355205688211655, 0.48066017031669617, 0.48241865303781295, 0.4794783641894658, 0.4828207343816757, 0.4813239872455597, 0.47849806315369076, 0.4794086366891861, 0.48027729988098145, 0.4795477870437834, 0.4811536255809996, 0.47958936128351426], "val_loss": [0.611350953578949, 0.5990013182163239, 0.5873060524463654, 0.5796622782945633, 0.5674550086259842, 0.5538020879030228, 0.5449428409337997, 0.5388318225741386, 0.5363520607352257, 0.5334664136171341, 0.5331111326813698, 0.5301580131053925, 0.5298114717006683, 0.5298009738326073, 0.5231669768691063, 0.5230151638388634, 0.5171482861042023, 0.5181993395090103, 0.5108486264944077, 0.515841893851757, 0.5149679109454155, 0.5130461007356644, 0.509489543735981, 0.5113586336374283, 0.51399065554142, 0.5026160106062889, 0.49657220393419266, 0.5024843066930771, 0.5002187564969063, 0.5021699294447899, 0.4997722879052162, 0.4949498921632767, 0.4955354183912277, 0.5023903846740723, 0.49693675339221954, 0.49828484654426575, 0.4945479482412338, 0.5021092593669891, 0.5011239126324654, 0.5077244564890862, 0.4985678642988205, 0.49554529786109924, 0.4984874054789543, 0.499181367456913, 0.4980163797736168, 0.5020606368780136, 0.4895312190055847, 0.49850744009017944, 0.4931773915886879, 0.49761824309825897, 0.4989812672138214, 0.49748309701681137, 0.4970829114317894, 0.5011226907372475, 0.49530526250600815, 0.4933440089225769, 0.49417587369680405]}