{"best_val": 0.42875543236732483, "train_loss": [0.6686843534310659, 0.6084704332881503, 0.5602060423956977, 0.5367184744940864, 0.5278750658035278, 0.5182486077149709, 0.513449200325542, 0.5092180454068713, 0.5067221025625864, 0.5023316641648611, 0.5001060052050484, 0.5019699997372098, 0.4976053486267726, 0.4950432843632168, 0.4930329802963469, 0.4914616147677104, 0.4931165675322215, 0.49170685311158496, 0.4912007086806827, 0.4859671692053477, 0.4895291080077489, 0.4878186782201131, 0.48380230367183685, 0.483739510178566, 0.4855964680512746, 0.48259183433320785, 0.48292412526077694, 0.48013634317451054, 0.48165591392252183, 0.4829204926888148, 0.479362611969312, 0.4804098639223311, 0.4764467461241616, 0.48121901518768734, 0.4819946388403575, 0.47734634578227997, 0.4794618652926551, 0.4763172103299035, 0.47482835087511277, 0.4745776918199327, 0.47614137331644696, 0.4776567849848006, 0.47637128498819137, 0.472260531451967, 0.47423091034094494, 0.4754076037142012, 0.4723804576529397, 0.4749123719003465, 0.47015999754269916, 0.47351329525311786, 0.4710935453573863, 0.4727217223909166, 0.47153281337685055, 0.4699748125341203, 0.4667995423078537, 0.4712994280788634, 0.46974483297930825, 0.4678444498115116, 0.46885619560877484, 0.4699152774280972, 0.4674569567044576, 0.46524889601601493, 0.4653533829583062, 0.4675372905201382, 0.4643299827973048, 0.46376678513156044, 0.4674983339177238, 0.46556011504597133, 0.46555861830711365, 0.4619593272606532, 0.46586935884422725, 0.4638601541519165, 0.46600337823232013, 0.4658619562784831, 0.464293466673957, 0.46334201759762234, 0.463890489604738], "val_loss": [0.6378353238105774, 0.5889923125505447, 0.5550278127193451, 0.5264275148510933, 0.5201368033885956, 0.5087688341736794, 0.5069193914532661, 0.4948730915784836, 0.49035775661468506, 0.4901926890015602, 0.4864546209573746, 0.47681276500225067, 0.4708893448114395, 0.46947699040174484, 0.4726172164082527, 0.467585451900959, 0.4665912985801697, 0.466906875371933, 0.4620314985513687, 0.45970628410577774, 0.46038251370191574, 0.4572327136993408, 0.4574512541294098, 0.45714087784290314, 0.45718275755643845, 0.4576262831687927, 0.4498315528035164, 0.4507269263267517, 0.4494357854127884, 0.4505106508731842, 0.4512421041727066, 0.44555681198835373, 0.45134827494621277, 0.44656988978385925, 0.44420408457517624, 0.4455260634422302, 0.4459019973874092, 0.44055867195129395, 0.44129329174757004, 0.4434010237455368, 0.44400854408741, 0.4451826810836792, 0.4410351738333702, 0.439244382083416, 0.44398100674152374, 0.43609707802534103, 0.4453030079603195, 0.4415968060493469, 0.44296854734420776, 0.43948281556367874, 0.43809256702661514, 0.43616896867752075, 0.43287789076566696, 0.434156134724617, 0.43405991047620773, 0.431610643863678, 0.44270505011081696, 0.43495137244462967, 0.43667668104171753, 0.4333707243204117, 0.43398617208004, 0.4310336112976074, 0.4320387989282608, 0.43769214302301407, 0.4304041564464569, 0.4326261281967163, 0.42875543236732483, 0.43812958896160126, 0.4351368770003319, 0.43583011627197266, 0.43256182223558426, 0.44250134378671646, 0.4314486160874367, 0.4317890405654907, 0.4300496131181717, 0.4360385164618492, 0.4323386549949646]}