{"best_val": 0.4473321871324019, "train_loss": [0.6987998742683261, 0.6608002092324051, 0.6297101623871747, 0.6036163942486632, 0.5832236257253909, 0.5660360642507964, 0.5459465688350154, 0.527391829327041, 0.5091721082434935, 0.49296323516789603, 0.48170730413175095, 0.47454504873238357, 0.46978896388820574, 0.4644399910580878, 0.46093135721543255, 0.4584063081180348, 0.45778847500389697, 0.45562975430021097, 0.45432770252227783, 0.45479458570480347, 0.4535308854252684, 0.4531891813465193, 0.4517780279411989, 0.4515838897695728, 0.4511488033275978, 0.4511045153234519, 0.4512033883263083, 0.45023635321972416, 0.44951523986517217, 0.4498388106916465, 0.4476034717232573, 0.4489336755930209, 0.4478706623993668, 0.4486919758366604, 0.44870025737612856, 0.4469222332917008, 0.44636833550883276, 0.4469585301829319, 0.4460000167874729, 0.44681020636184543, 0.4458746629602769], "val_loss": [0.6749623255296187, 0.6402399865063754, 0.6107654408975081, 0.5901753794063221, 0.5721168247136202, 0.5545936037193645, 0.5358987179669467, 0.5148327675732699, 0.49608510732650757, 0.4838061007586392, 0.47435262257402594, 0.46736774119463836, 0.4623274965719743, 0.4572939764369618, 0.4562303748997775, 0.4558201378042048, 0.4520563076842915, 0.4521139535036954, 0.4490251676602797, 0.45170442353595386, 0.44975970550016925, 0.4511627067219127, 0.45163057067177514, 0.4482128376310522, 0.44961019537665625, 0.4483014995401556, 0.44988344745202496, 0.44923402775417676, 0.4474350186911496, 0.4491565335880626, 0.4473321871324019, 0.4495703903111545, 0.4475468668070706, 0.4486381628296592, 0.4486363719810139, 0.44870695742693817, 0.4481210464780981, 0.4484488774429668, 0.4492672654715451, 0.4486188129945235, 0.4487881768833507]}