{"best_val": 0.49167007207870483, "train_loss": [0.6297853224807315, 0.5883387128512064, 0.5548235012425317, 0.5308287839094797, 0.5160685463084115, 0.5054991758531995, 0.4993367890516917, 0.49322514401541817, 0.4882843676540587, 0.4868214378754298, 0.48317379421657985, 0.48343060579564834, 0.4812139603826735, 0.4799622810549206, 0.4812699572907554, 0.47616205447249943, 0.47737505038579303, 0.47733256717522937, 0.47718924780686695, 0.4808758679363463, 0.47375423047277665, 0.4766830437713199, 0.473763108253479, 0.47536899314986336, 0.4753165642420451, 0.47622165746159023, 0.47314251131481594, 0.4738464272684521, 0.47147805160946316, 0.4712088836563958], "val_loss": [0.6101341247558594, 0.5773415267467499, 0.5595966279506683, 0.5407950431108475, 0.5234061256051064, 0.5239607244729996, 0.5222339704632759, 0.512871727347374, 0.5134652480483055, 0.5116583183407784, 0.5135984942317009, 0.5119453817605972, 0.5025535896420479, 0.501885861158371, 0.5037782564759254, 0.5032225772738457, 0.4998723641037941, 0.5000307336449623, 0.4952898994088173, 0.49167007207870483, 0.4958381950855255, 0.49759921431541443, 0.49793655425310135, 0.4970039501786232, 0.4983872324228287, 0.49359262734651566, 0.5007302984595299, 0.4998328685760498, 0.4944697767496109, 0.4937257394194603]}