{"best_val": 0.4579328406940807, "train_loss": [0.7015685439109802, 0.6392029442039191, 0.5961964445955613, 0.5743171736305835, 0.5471634940773833, 0.5177790791380639, 0.49436474547666664, 0.4794914161457735, 0.47241133100846233, 0.47007431294403823, 0.4678023562711828, 0.46634616103826787, 0.46638640644503576, 0.4654788649549671, 0.4646381887735105, 0.46413441382202447, 0.46253403845955343, 0.46254686397664685, 0.46057703740456524, 0.4602924649621926, 0.4585371011612462, 0.458505334223018, 0.45690997207865996, 0.4568316778715919, 0.45568276854122386, 0.45578361434095044, 0.45388790380721, 0.4537571814714694, 0.45244693580795736, 0.4504062895681344, 0.44972241450758543, 0.44929083188374835, 0.4483640036162208, 0.4464954500104867, 0.4462894849917468, 0.44426899154980976, 0.4443639581109963, 0.4425859866189022, 0.44203440698922847, 0.4397599463369332, 0.43946923578486724, 0.43856843546325086, 0.4367830969539343, 0.4361666446807338, 0.4365876474801232, 0.433001098095202, 0.4352289666147793, 0.43462372235223357, 0.4318832538875879, 0.43030303599787695, 0.42925847979152904, 0.4277207027463352, 0.42700153939864216, 0.4246961994498384, 0.42227348100905326], "val_loss": [0.6591128219257701, 0.6099811900745739, 0.5873896317048506, 0.5656271251765165, 0.5368324220180511, 0.5078480758450248, 0.4883575872941451, 0.4771992428736253, 0.47102713313969696, 0.4692599258639596, 0.4692374820058996, 0.46665039929476654, 0.4701555615121668, 0.4679591249335896, 0.4692159728570418, 0.4696711952036077, 0.4680592715740204, 0.46922446110031824, 0.4680922031402588, 0.4687835221940821, 0.46561323783614417, 0.46733432466333563, 0.46752977100285614, 0.4665318619121205, 0.4677861658009616, 0.4685253555124456, 0.46391712535511365, 0.4663726199756969, 0.4654985639182004, 0.46308759396726434, 0.4637320718982003, 0.4635498117316853, 0.46316802772608673, 0.4641022438352758, 0.4630118283358487, 0.46219259771433746, 0.46123992854898627, 0.46240832859819586, 0.459891061891209, 0.4622702896595001, 0.4601223739710721, 0.4600228315049952, 0.4620701941576871, 0.4619302885098891, 0.4579328406940807, 0.46342200311747467, 0.46008722619576886, 0.4599867273460735, 0.4601818458600478, 0.4614573229442943, 0.46217201243747363, 0.4591655704108151, 0.45980162783102557, 0.46386108886111865, 0.46236784891648725]}