{"best_val": 0.509210579097271, "train_loss": [0.719505810075336, 0.6477056311236488, 0.5866000420517392, 0.5572004003657235, 0.5383594565921359, 0.5279128485255771, 0.5226877282063166, 0.5192665590180291, 0.5123522794908948, 0.5143853161070082, 0.5091554191377428, 0.5084513872861862, 0.5090304745568169, 0.5045328421725167, 0.502749996052848, 0.5048144078916974, 0.5014764732784696, 0.49652041163709426, 0.49532391627629596, 0.4950302243232727, 0.4934349026944902, 0.49623245497544605, 0.49497222900390625, 0.49105074670579696], "val_loss": [0.671347513794899, 0.6076839864253998, 0.5656989812850952, 0.546204224228859, 0.5378207713365555, 0.5340055748820305, 0.5308230519294739, 0.5220492109656334, 0.522533729672432, 0.5214341133832932, 0.5289854928851128, 0.5207001268863678, 0.5134762674570084, 0.509210579097271, 0.5163563638925552, 0.5135791972279549, 0.5100541561841965, 0.5233888924121857, 0.5157112777233124, 0.5102134793996811, 0.5183379724621773, 0.5159650444984436, 0.5198077708482742, 0.5139192417263985]}