{"best_val": 0.48313289135694504, "train_loss": [0.7719020843505859, 0.7697992324829102, 0.7679933309555054, 0.7652362717522515, 0.7630761663118998, 0.7606386608547635, 0.7583317657311758, 0.7559650010532803, 0.7537478506565094, 0.7522751225365533, 0.7497915062639449, 0.7481280962626139, 0.745524052116606, 0.7432032757335238, 0.7410385111967722, 0.7384588387277391, 0.7356996999846565, 0.7337282432450188, 0.7314138313134512, 0.7287401821878221, 0.7262665198908912, 0.723315825064977, 0.7206596765253279, 0.7178084618515439, 0.715009460846583, 0.7121943434079488, 0.7091793848408593, 0.706231865617964, 0.7030952639049954, 0.6998477478822073, 0.6967063016361661, 0.693315628502104, 0.6898541649182638, 0.6862800187534757, 0.6827436221970452, 0.678975330458747, 0.6756350265608894, 0.6716774072912004, 0.6681729290220473, 0.6642328566975064, 0.6605173746744791, 0.6564558943112692, 0.6522886653741201, 0.6479852928055657, 0.6438023746013641, 0.6404435502158271, 0.6357088949945238, 0.6315913299719492, 0.6286204523510404, 0.6239847739537557, 0.6195875936084323, 0.6155494418409135, 0.6099616355366178, 0.6069094306892819, 0.6019911236233182, 0.5988678071233962, 0.5938887728585137, 0.5901746683650546, 0.5870215561654832, 0.5832370354069604, 0.5800829595989652, 0.5780910551548004, 0.5730685989061991, 0.5704357226689657, 0.5698201689455245, 0.5662410656611124, 0.5612165364954207, 0.5638105306360457, 0.5587185952398512, 0.5568927890724606, 0.553256932232115, 0.5544864171081119, 0.5528299642933739, 0.5473126123348871, 0.5477577878369225, 0.5444549785719978, 0.5450366073184543, 0.543648792637719, 0.54233528011375, 0.5424045241541333, 0.5377268741528193, 0.5352881683243645, 0.5361726664834552, 0.5345921715100607, 0.5315373970402612, 0.5325874851809608, 0.5290339721573724, 0.5295450919204288, 0.5290477358632617, 0.5257048606872559, 0.521776032116678, 0.5246403333213594, 0.5206915686527888, 0.5182186414798101, 0.5188978976673551, 0.518245538075765, 0.516384040315946, 0.515224771367179, 0.5128743284278445, 0.5126909034119712, 0.5130020214451684, 0.5110037856631808, 0.5099552041954465, 0.5084167702330483, 0.5067313942644331, 0.5072811858521568, 0.505149202214347, 0.5029428551594416, 0.5017694003052182, 0.5018400135967467, 0.49934933748510146, 0.49937086138460374, 0.49493681059943306, 0.4981302238172955, 0.4973710725704829, 0.4937703162431717, 0.49334940479861367, 0.4920345014995999, 0.49168650640381706, 0.49350180890825057, 0.4862879812717438, 0.48829582664701676, 0.48896319998635185, 0.4884493913915422, 0.48779254489474827, 0.4886537856525845, 0.4844035920169618, 0.4876626349157757, 0.4846850368711684, 0.48172568943765426, 0.484582061568896, 0.4801485637823741, 0.4829828209347195, 0.48274291720655227, 0.4820085151327981, 0.47870760990513694, 0.47692747082975173, 0.47831905881563824], "val_loss": [0.7695383727550507, 0.7675517648458481, 0.7643195390701294, 0.7631217986345291, 0.7602146863937378, 0.7586754560470581, 0.756422221660614, 0.753506526350975, 0.7517316490411758, 0.750283345580101, 0.7468830347061157, 0.7457877993583679, 0.7435806691646576, 0.7411656826734543, 0.7374033629894257, 0.7360551357269287, 0.7335571497678757, 0.7315108329057693, 0.7288555949926376, 0.7261490076780319, 0.7233987301588058, 0.7212887853384018, 0.7181185334920883, 0.7150572091341019, 0.7123353183269501, 0.7098425328731537, 0.7064123153686523, 0.703687772154808, 0.7005821168422699, 0.6971371173858643, 0.6938400417566299, 0.6902122646570206, 0.6871300488710403, 0.6831261813640594, 0.679511770606041, 0.6761865317821503, 0.6727742254734039, 0.6688799262046814, 0.6661502867937088, 0.6614652127027512, 0.6571038067340851, 0.652629017829895, 0.6482889354228973, 0.6439952701330185, 0.6401471495628357, 0.6357832252979279, 0.6321791857481003, 0.6288728266954422, 0.6235270202159882, 0.6184598207473755, 0.6174872070550919, 0.6102510392665863, 0.6072008013725281, 0.6006936877965927, 0.598446324467659, 0.5936239212751389, 0.5919018089771271, 0.5864540189504623, 0.5825991034507751, 0.5796152800321579, 0.5749908983707428, 0.5722663402557373, 0.5704572349786758, 0.5658573657274246, 0.5637668073177338, 0.5613947361707687, 0.5557403713464737, 0.5557639896869659, 0.5520978271961212, 0.5532636493444443, 0.5493670701980591, 0.5507640242576599, 0.5450271517038345, 0.5401566699147224, 0.5491553843021393, 0.5448348522186279, 0.5441298633813858, 0.5379806607961655, 0.5381142050027847, 0.5336857512593269, 0.5328230559825897, 0.531056746840477, 0.5349399894475937, 0.5334152653813362, 0.5323081612586975, 0.5287361890077591, 0.5291171297430992, 0.5218664333224297, 0.5287387669086456, 0.5214137807488441, 0.5231166034936905, 0.5236831307411194, 0.5232977867126465, 0.5200874134898186, 0.5153471082448959, 0.5170938819646835, 0.5150543674826622, 0.5161225870251656, 0.5118150636553764, 0.5131078585982323, 0.5121974274516106, 0.5069580748677254, 0.510356493294239, 0.5105068385601044, 0.5024287700653076, 0.5045548379421234, 0.5074219480156898, 0.5023254007101059, 0.5013766586780548, 0.49818672239780426, 0.5024198666214943, 0.5035853236913681, 0.5023851990699768, 0.5001193583011627, 0.5029046609997749, 0.4985935464501381, 0.4979822710156441, 0.4996638894081116, 0.4948621019721031, 0.49392201751470566, 0.49613720923662186, 0.4965108335018158, 0.48953745514154434, 0.4929792210459709, 0.4933830797672272, 0.491436704993248, 0.4871692731976509, 0.48313289135694504, 0.48758815228939056, 0.49065031856298447, 0.48534315824508667, 0.4840378537774086, 0.4891970828175545, 0.4927584156394005, 0.49137697368860245, 0.4878956526517868, 0.48890407383441925, 0.4926404133439064]}