{"best_val": 0.5201633796095848, "train_loss": [0.7285642060968611, 0.7256084316306644, 0.72233756714397, 0.7192183865441216, 0.7160289817386203, 0.7125504977173276, 0.7089671459462907, 0.7053427431318495, 0.7016460299491882, 0.6977629065513611, 0.6937397552861108, 0.6894788510269589, 0.6850619316101074, 0.6800855629973941, 0.675167053937912, 0.6700052486525642, 0.6641235185994042, 0.6590054829915365, 0.6518214113182492, 0.6456839243570963, 0.6384635269641876, 0.6325812008645799, 0.6242678066094717, 0.6181822187370725, 0.6131997141573164, 0.6066147850619422, 0.5995625853538513, 0.5942977666854858, 0.5895310474766625, 0.5866389903757308, 0.5817676782608032, 0.5771852168771956, 0.5722336620092392, 0.5714075697792901, 0.5689345763789283, 0.5655053423510658, 0.5613428486718072, 0.5616833517948786, 0.5577363653315438, 0.5558414293660058, 0.5530568891101413, 0.5507452504502403, 0.5480016354057524, 0.5495285855399238, 0.5436279243893094, 0.5433529549174838, 0.5401288121938705, 0.5401894864108827, 0.5378989891873466, 0.5361154112550948, 0.5365265856186548, 0.5335487657123141, 0.5315120038059022, 0.5284867104556825, 0.5299414147933325, 0.5276964919434654, 0.5276785824033949, 0.5258826745880975, 0.5247896595133675, 0.520797515908877, 0.5217847592300839, 0.5208310948477851, 0.5184179097414017, 0.5169457048177719, 0.5161263545354208, 0.5150300926632352, 0.5158733046717114, 0.5141351305776172, 0.5121648874547746, 0.5091282510095172, 0.507878871427642, 0.5085085845655866, 0.5103938430547714, 0.5041203647851944, 0.5059807548920313, 0.504941494928466, 0.5096992287370894, 0.5042156494326062, 0.5013555602894889, 0.4990827242533366, 0.5021385186248355, 0.5021043982770708, 0.5006566163566377, 0.503003716468811], "val_loss": [0.7251956164836884, 0.7226057648658752, 0.7193377763032913, 0.7160118222236633, 0.7134678363800049, 0.7098733335733414, 0.706904873251915, 0.7030545920133591, 0.699650302529335, 0.696046382188797, 0.6923351883888245, 0.6883068680763245, 0.683742418885231, 0.6795195043087006, 0.6749603003263474, 0.670474037528038, 0.6650427281856537, 0.6585564017295837, 0.6531598120927811, 0.6465287059545517, 0.6398168355226517, 0.6366879045963287, 0.6297189742326736, 0.6231853365898132, 0.6186728477478027, 0.6107395589351654, 0.6097949594259262, 0.6034722179174423, 0.6003750711679459, 0.5952222496271133, 0.5937075316905975, 0.5865885466337204, 0.5840304046869278, 0.5846696197986603, 0.5853331089019775, 0.5762882977724075, 0.5722731351852417, 0.5777316391468048, 0.5775085091590881, 0.5737244784832001, 0.5639093518257141, 0.5712539032101631, 0.5603877156972885, 0.56353460252285, 0.563720166683197, 0.5638093799352646, 0.5604534894227982, 0.5566740110516548, 0.5590751469135284, 0.556147500872612, 0.555380217730999, 0.5529087632894516, 0.5563573390245438, 0.5515709072351456, 0.5501863807439804, 0.553650975227356, 0.5509767830371857, 0.542790375649929, 0.5477517545223236, 0.5409581884741783, 0.5464393645524979, 0.5462029874324799, 0.5381451174616814, 0.5381158590316772, 0.5374526157975197, 0.5321113243699074, 0.5322168096899986, 0.5356961488723755, 0.5359204784035683, 0.5328015387058258, 0.5341861099004745, 0.528670184314251, 0.5276083275675774, 0.5201633796095848, 0.5297859609127045, 0.5299449488520622, 0.5310804843902588, 0.5282177478075027, 0.5253212749958038, 0.526864305138588, 0.5247587263584137, 0.5246671438217163, 0.5271531790494919, 0.5296766459941864]}