{"best_val": 0.5062598809599876, "train_loss": [0.63107078605228, 0.6138635377089182, 0.5954945882161459, 0.5789721376366086, 0.5592648519410027, 0.5435575842857361, 0.5293200645181868, 0.5226789232757356, 0.5155647579166625, 0.5134831468264262, 0.5120783381991916, 0.5083430326647229, 0.508004926972919, 0.5034368501769172, 0.5017339603768455, 0.5019092278348075, 0.49940236243936753, 0.4996377047565248, 0.4982040574153264, 0.49496670067310333, 0.4922121895684136, 0.49562039971351624, 0.49272512561745113, 0.49411282936731976, 0.4931195047166612, 0.4929715825451745, 0.49176377885871464, 0.4907007995578978, 0.4889606800344255, 0.49050258100032806, 0.4905635681417253, 0.48667864667044747, 0.48952608307202655, 0.4865320043431388, 0.4838899142212338, 0.4877367814381917, 0.48451201452149284, 0.4853329873747296, 0.48435597287284005, 0.4842354440026813, 0.48513851231998867, 0.4854841149515576, 0.4843064265118705, 0.4824582123094135, 0.48025055560800767, 0.48199356098969776, 0.4827806038988961, 0.48378177483876544, 0.4824330773618486, 0.48151806328031754], "val_loss": [0.6377332508563995, 0.6209986954927444, 0.6027234792709351, 0.5854225158691406, 0.5687988251447678, 0.5489329397678375, 0.5452506840229034, 0.536414846777916, 0.5430236011743546, 0.5308612510561943, 0.5359009280800819, 0.5281077027320862, 0.5314558446407318, 0.5227817520499229, 0.5317386239767075, 0.5291114300489426, 0.5281105190515518, 0.5285130068659782, 0.5261064171791077, 0.5279812589287758, 0.5215202197432518, 0.5221086740493774, 0.5287605673074722, 0.5224808305501938, 0.5209046676754951, 0.5253167599439621, 0.5156677067279816, 0.5222377181053162, 0.5248130410909653, 0.5226893872022629, 0.5228483378887177, 0.513536773622036, 0.5212220177054405, 0.5176611840724945, 0.5159373804926872, 0.5195184722542763, 0.5199900791049004, 0.5154399573802948, 0.5149690210819244, 0.5062598809599876, 0.5145967602729797, 0.5098757520318031, 0.5131495669484138, 0.5132780894637108, 0.5111170038580894, 0.5220633670687675, 0.5130780264735222, 0.5063430517911911, 0.511329285800457, 0.5077991336584091]}