{"best_val": 0.4876420497894287, "train_loss": [0.6201874216397604, 0.5808681613869138, 0.548509904079967, 0.5290122081836065, 0.5224165038930045, 0.5131938407818476, 0.509230289194319, 0.5000665585199991, 0.4980889641576343, 0.4927322102917565, 0.49230866465303635, 0.4904526902569665, 0.48582744432820213, 0.48694370687007904, 0.4842780894703335, 0.48309675521320766, 0.48428699870904285, 0.4795011083285014, 0.482026058766577, 0.47688641647497815, 0.4795423315631019, 0.4795256621307797, 0.4776170435878966, 0.4785753952132331, 0.47860682672924465, 0.47822676102320355, 0.4759113159444597, 0.47581949995623696, 0.4762386845217811, 0.4746043069495095, 0.4772882014513016, 0.47559654381540084, 0.47506236533323926, 0.47361617783705395, 0.4719943172401852], "val_loss": [0.6030195653438568, 0.5729437470436096, 0.5462136268615723, 0.5402667969465256, 0.5384960174560547, 0.5247074961662292, 0.5259332209825516, 0.5191494449973106, 0.524264968931675, 0.5169725120067596, 0.5176058933138847, 0.5114163905382156, 0.5113527253270149, 0.5079698115587234, 0.507810540497303, 0.5052403137087822, 0.5021143704652786, 0.5065333694219589, 0.4981824979186058, 0.4991574212908745, 0.5025615021586418, 0.498386025428772, 0.4990730658173561, 0.4945860728621483, 0.4876420497894287, 0.4950915724039078, 0.4889472872018814, 0.49918021261692047, 0.49374206364154816, 0.493715301156044, 0.4941592216491699, 0.4953552410006523, 0.49151235818862915, 0.49397388100624084, 0.49214379489421844]}