{"best_val": 0.4681948944926262, "train_loss": [0.6518952879640791, 0.6198045743836297, 0.58505712946256, 0.5563159320089552, 0.53543621301651, 0.528466628657447, 0.5221523957120048, 0.514938493569692, 0.5136870642503103, 0.5097400529517068, 0.50607939892345, 0.5076073043876224, 0.5049920959605111, 0.5008111861017015, 0.5013898693852954, 0.4991802540090349, 0.4967634131511052, 0.49280957712067497, 0.49417923390865326, 0.49294934670130414, 0.49524588386217755, 0.4911492036448585, 0.48746948606438106, 0.4911496672365401, 0.49015990893046063, 0.48552262286345166, 0.48734205298953587, 0.48399408823914, 0.4824992815653483, 0.48221197227636975, 0.48066406779819065, 0.4815858652194341, 0.48349587950441575, 0.4805735796689987, 0.4819643514023887, 0.4817141509718365, 0.47697813808918, 0.4772146526310179, 0.4789957520034578, 0.47598576214578414], "val_loss": [0.6314824968576431, 0.5986718386411667, 0.5636205077171326, 0.5372264981269836, 0.5221006870269775, 0.5069008246064186, 0.5037634894251823, 0.48994431644678116, 0.48862601816654205, 0.4888772591948509, 0.4833998829126358, 0.48216526210308075, 0.4857208803296089, 0.4855485185980797, 0.47673238813877106, 0.485005185008049, 0.4821481257677078, 0.4785161688923836, 0.4743128567934036, 0.47213491797447205, 0.4801756888628006, 0.4807293638586998, 0.4687967300415039, 0.4783980920910835, 0.4775683954358101, 0.47796835005283356, 0.4749520868062973, 0.47657040506601334, 0.47753699123859406, 0.4681948944926262, 0.476093165576458, 0.47412844002246857, 0.471554733812809, 0.47181953489780426, 0.4708387851715088, 0.47685984522104263, 0.4799317345023155, 0.4813895970582962, 0.4729911535978317, 0.476565882563591]}