{"best_val": 0.4904140383005142, "train_loss": [0.7535168528556824, 0.6970917152033912, 0.6460409992270999, 0.593973331981235, 0.5581358522176743, 0.5394555826981863, 0.5273932301335864, 0.5251434064573712, 0.5205241640408834, 0.5194513847430547, 0.5135104242298338, 0.5132819894287322, 0.5100960731506348, 0.5114395403199725, 0.5068992889589734, 0.509071966012319, 0.506880435678694, 0.5076102647516463, 0.5071160578065448, 0.503760857714547, 0.5027211258808771, 0.5020246025588777, 0.5029637515544891, 0.502100795507431, 0.5011634495523241, 0.5000283320744833, 0.49917064441574943, 0.5003442267576853, 0.5001633283164766, 0.4967830032110214, 0.49848605030112797, 0.4958145403199726, 0.4943854312102, 0.4935052626662784, 0.4945824212498135, 0.4948318517870373, 0.49401282436317867, 0.49202172458171844, 0.4924111002021366, 0.49046209620104897, 0.48717443810568917, 0.49081339769893223, 0.48906269835101235, 0.4884510503874885, 0.48852977487776017, 0.4871637175480525, 0.48849789467122817, 0.4866002880864673, 0.48575734926594627, 0.48555634087986416, 0.4866107801596324, 0.4839046878947152, 0.4865416983763377], "val_loss": [0.7234328389167786, 0.671056255698204, 0.6203282326459885, 0.5774937719106674, 0.5518094301223755, 0.539624035358429, 0.5304271280765533, 0.5233519524335861, 0.5291348099708557, 0.5255814120173454, 0.5213005989789963, 0.5216821953654289, 0.5189455598592758, 0.5214639902114868, 0.5151470378041267, 0.5109992176294327, 0.5116471722722054, 0.508185014128685, 0.5136513784527779, 0.5102515518665314, 0.513606034219265, 0.5112205371260643, 0.5098958536982536, 0.50467099994421, 0.5006796419620514, 0.5020828619599342, 0.5137207582592964, 0.5049617737531662, 0.5004681870341301, 0.5036385729908943, 0.5015144348144531, 0.5043829157948494, 0.49875935912132263, 0.5010957419872284, 0.494480736553669, 0.5001454204320908, 0.5035920217633247, 0.49859894812107086, 0.4954965189099312, 0.49941011518239975, 0.4931098520755768, 0.4973618611693382, 0.4904140383005142, 0.4912335202097893, 0.4950454831123352, 0.4981085732579231, 0.49752378463745117, 0.4929094463586807, 0.49645259231328964, 0.49975039064884186, 0.5014924257993698, 0.49364805221557617, 0.4946834594011307]}