{"best_val": 0.4887399300932884, "train_loss": [0.6849184069368575, 0.6299158930778503, 0.5709678944614198, 0.5339533090591431, 0.5232925564050674, 0.5193291885985268, 0.5171895325183868, 0.5170704623063406, 0.5153479476769766, 0.5138037519322501, 0.5100634064939287, 0.5102777249283261, 0.5066920585102506, 0.5081889927387238, 0.5061790578895144, 0.503980396522416, 0.5054262148009406, 0.500585428542561, 0.49851907789707184, 0.49630509482489693, 0.4934191819694307, 0.49350232382615405, 0.48875104553169674, 0.49081411295466953, 0.4855421582857768, 0.4885364489422904, 0.4883777168061998, 0.48480334215694004, 0.48374419079886544, 0.4812704407506519, 0.48399235639307236, 0.4818961371978124, 0.4824638565381368, 0.48245029151439667, 0.4771234840154648, 0.48090194827980465, 0.4768487728304333, 0.4778248021999995, 0.4789169794983334, 0.4798620608117845, 0.48035136693053776, 0.47728634542889065, 0.4801057395007875, 0.4779732260439131, 0.4772137569056617, 0.47610652612315285, 0.47674579752816093, 0.47816697259744007, 0.4778371933433745, 0.4786816222800149, 0.4819764213429557, 0.4789498613940345, 0.4767145680056678, 0.47403177784548867, 0.4733133282926347], "val_loss": [0.6530669629573822, 0.6019666343927383, 0.5386908054351807, 0.5360315963625908, 0.524543397128582, 0.5267157629132271, 0.5190587863326073, 0.5218673944473267, 0.5253536999225616, 0.5177239924669266, 0.5200081169605255, 0.5276202782988548, 0.52166598290205, 0.5105909332633018, 0.5102535784244537, 0.5098480433225632, 0.507658913731575, 0.5039041340351105, 0.5033468082547188, 0.5045629590749741, 0.49768903106451035, 0.4995485544204712, 0.4989097788929939, 0.49801624566316605, 0.5024586319923401, 0.4967195466160774, 0.5004072785377502, 0.4967368468642235, 0.495231531560421, 0.4991655871272087, 0.4992228224873543, 0.49961429834365845, 0.4952254295349121, 0.4959511160850525, 0.49725668132305145, 0.4975292980670929, 0.49342031031847, 0.5007831528782845, 0.49817368388175964, 0.5012030452489853, 0.4964156821370125, 0.5005330294370651, 0.49481336027383804, 0.4894101545214653, 0.4887399300932884, 0.4984312430024147, 0.49878429621458054, 0.4961056113243103, 0.5001744106411934, 0.4962499216198921, 0.5073978155851364, 0.4899809882044792, 0.48898448795080185, 0.49130359292030334, 0.4964801073074341]}