{"best_val": 0.45594577355818316, "train_loss": [0.7413196224792331, 0.6907311935050815, 0.649011534803054, 0.6174388995357588, 0.5927626619151994, 0.5741287703607597, 0.5597470174817478, 0.5464407871751225, 0.531002061624153, 0.5145085623451308, 0.49942362483809977, 0.4893505958949818, 0.48243622627912786, 0.47718456095340206, 0.4732687946628122, 0.47112955532821954, 0.4686342805039649, 0.46803313669036417, 0.46672558083253746, 0.4663455696666942, 0.46520397592993346, 0.46566058081739087, 0.464068039375193, 0.46414227637590144, 0.4644999743676653, 0.46375254556244494, 0.46412314795980264, 0.46235256043134954, 0.4624979910897274, 0.46255941250744986, 0.461292589412016, 0.4615172685361376, 0.4615704428915884, 0.4609975347331926, 0.4606522228203568, 0.4613046558464275, 0.4594859276332107, 0.4591033686609829, 0.46038637324875475, 0.46024272956100165, 0.45964113988128363, 0.4589884748645857, 0.4589026155425053, 0.4585823726420309, 0.45861174195420507, 0.4590051922143674, 0.4571734894724453, 0.4568449662012212, 0.4575834139889362, 0.45722295840581256, 0.45621778684503894, 0.455847782831566, 0.4560001959987715, 0.4559069088861054, 0.4556681858558281, 0.454636801107257, 0.45641349285256627, 0.4556625175709818, 0.45410966055065977, 0.4540552567033207, 0.4541771616421494, 0.4540705517226574, 0.45363179608887316, 0.4531859708767311, 0.45383258193146947, 0.45233504386509166, 0.45221469449061974, 0.45266643108106125, 0.45239197272880405, 0.45324383763705983], "val_loss": [0.7092560204592618, 0.6660464243455366, 0.63160255280408, 0.6017300703308799, 0.5827782425013456, 0.5673566406423395, 0.5549197467890653, 0.5408425466580824, 0.5250153026797555, 0.5081388869068839, 0.4933910315687006, 0.4823669574477456, 0.4744404744018208, 0.4715395813638514, 0.4698035960847681, 0.46646322174505755, 0.46523293581875885, 0.46567599881779065, 0.4675854498689825, 0.46235114606944, 0.4642086327075958, 0.46312848275358026, 0.4636614268476313, 0.4649401225826957, 0.46337163177403534, 0.46162390979853546, 0.46245817975564435, 0.4624172178181735, 0.4636096385392276, 0.46196297623894433, 0.4640430780974301, 0.46100026640025055, 0.4625872346487912, 0.46169220317493787, 0.4616477679122578, 0.46011429212310095, 0.4618893563747406, 0.46128552881154145, 0.4615919833833521, 0.46236492557959125, 0.45937852426008746, 0.4629850550131364, 0.4593513607978821, 0.4619476307522167, 0.4603390558199449, 0.46219711953943426, 0.46225076101043006, 0.4598772769624537, 0.460098616101525, 0.45811039209365845, 0.4600525281646035, 0.4594457149505615, 0.4598214328289032, 0.4598319015719674, 0.4595021063631231, 0.45930821245366876, 0.46024989268996497, 0.4598083767023953, 0.4581802243536169, 0.45594577355818316, 0.45978318561207165, 0.4594419679858468, 0.45852256363088434, 0.4569252973253077, 0.45817635276100854, 0.4578393426808444, 0.4576623873277144, 0.45684378797357733, 0.4568993232466958, 0.45633380792357703]}