{"best_val": 0.48960866779088974, "train_loss": [0.6203536523713006, 0.609408030907313, 0.5992154015435113, 0.5886148876614041, 0.5764350030157301, 0.5654137929280599, 0.5504257281621298, 0.5377173241641786, 0.5254783117108874, 0.5123737139834298, 0.5073058091931872, 0.5081411699453989, 0.505969277686543, 0.50492063164711, 0.4979998932944404, 0.4993245038721297, 0.494041512409846, 0.49793336457676357, 0.49559129443433547, 0.49421727160612744, 0.49330634375413257, 0.4936675826708476, 0.49101247058974373, 0.49008416136105853, 0.48559539020061493, 0.49122754567199284, 0.4865132106675042, 0.4862269361813863, 0.4849249455663893, 0.4861559983756807, 0.48655644059181213, 0.48513946268293595, 0.4824736631578869, 0.4829564376009835, 0.4805716491407818, 0.4776608629359139, 0.4819656213124593, 0.47914381159676445, 0.4817577981286579, 0.48115818864769405, 0.4813493076297972, 0.4805355254146788, 0.47885526054435307, 0.48088330196009743, 0.47931643161508775, 0.47629370126459336, 0.477370775408215, 0.4757801542679469, 0.4796889391210344, 0.47872528268231285, 0.47706909477710724, 0.47856886353757644, 0.4751484410630332, 0.47485098242759705, 0.48065540194511414, 0.47742292284965515, 0.4758242583937115, 0.47489454514450496, 0.4751051084862815, 0.4740784234470791, 0.47405601541201275, 0.47524504197968376, 0.4771620233853658, 0.47128699057632023, 0.475651020805041, 0.4774474898974101, 0.47267573575178784, 0.4749619828330146, 0.4752574298116896, 0.4736873855193456, 0.4728025280767017, 0.4747192942433887, 0.46989790267414516, 0.47310742570294273, 0.4726989467938741, 0.47326134310828316, 0.4737297379308277], "val_loss": [0.6201385855674744, 0.6109851151704788, 0.6046349555253983, 0.5915769636631012, 0.5790033638477325, 0.5696962624788284, 0.5548386126756668, 0.5457681939005852, 0.5353875309228897, 0.5325605720281601, 0.5310595631599426, 0.5302582606673241, 0.5227343812584877, 0.5280534327030182, 0.5232260227203369, 0.519496388733387, 0.5205213874578476, 0.5240300223231316, 0.5209145173430443, 0.5253753215074539, 0.5229792892932892, 0.5157126858830452, 0.5228249505162239, 0.523107036948204, 0.513357549905777, 0.5142892301082611, 0.5149369537830353, 0.5075370967388153, 0.506500132381916, 0.506425105035305, 0.5124227106571198, 0.5092951953411102, 0.5076866373419762, 0.5110004469752312, 0.508567675948143, 0.5057784169912338, 0.4998604506254196, 0.5137681663036346, 0.5040333792567253, 0.49902959167957306, 0.4997921660542488, 0.508146308362484, 0.5026272609829903, 0.5010620430111885, 0.5012762024998665, 0.5028508454561234, 0.4991314858198166, 0.49595732241868973, 0.49673958867788315, 0.49523694068193436, 0.4993050992488861, 0.49783187359571457, 0.49716880917549133, 0.49972468614578247, 0.49260469526052475, 0.4974142909049988, 0.4944249242544174, 0.49790529161691666, 0.49684376269578934, 0.49855049699544907, 0.5010562390089035, 0.4915793910622597, 0.4953380897641182, 0.49169160425662994, 0.49483614414930344, 0.4982210695743561, 0.48960866779088974, 0.49473584443330765, 0.49652161449193954, 0.49258750677108765, 0.491578072309494, 0.49670398235321045, 0.4932878464460373, 0.4918079599738121, 0.49101968109607697, 0.4909634366631508, 0.49232199788093567]}