{"best_val": 0.44011778181249445, "train_loss": [0.6716183272062564, 0.6063008355159386, 0.5814457781174603, 0.5589680338607115, 0.5285584172781777, 0.49785057060858784, 0.47434926734251137, 0.4622737671814713, 0.457548390416538, 0.45419097472639647, 0.45059386421652403, 0.45049979873732027, 0.44787603675150406, 0.4460812357126498, 0.44490134073238746, 0.4419014132490345, 0.44225595394770306, 0.4420499784104964, 0.43889186838093924, 0.43587446738691893, 0.43499632033647273, 0.43408724022846595, 0.4342966658227584, 0.4323953845921685, 0.4296489065768672, 0.429490363480998, 0.4269270476172952, 0.4258408108178307, 0.42445874681659773, 0.4225349946349275, 0.42361312344962476, 0.41868295096883584, 0.4175432616589116, 0.41564107876197964, 0.41425426158250545, 0.4113646582061169, 0.41030436228303346, 0.40871714610679477, 0.4079244090061562, 0.4043504139956306, 0.40332362932317395, 0.40186048021503523, 0.40067116594782065, 0.3984916963998009, 0.3968786287541483, 0.39531685441148046, 0.3942910292569329, 0.39258646672847225, 0.3906675939466439, 0.3895246526774238, 0.3862244025164959, 0.38485122486656786, 0.3842812881750219, 0.3828527594313902, 0.3815757760814592, 0.38018852530741226, 0.3792562765233657, 0.3756806242699717, 0.37517479646439644, 0.37310463190078735, 0.37269044857399136, 0.3697522376097885, 0.36920671486387063, 0.3701606480514302, 0.3673299177020204, 0.3641097691713595], "val_loss": [0.6313977458260276, 0.5854974443262274, 0.5657826336947355, 0.5415551337328824, 0.5079063312573866, 0.4845244207165458, 0.46997042948549445, 0.4659952602603219, 0.4627403535626151, 0.461600279266184, 0.4611919847401706, 0.46094108440659265, 0.4589406468651511, 0.4586187953298742, 0.4601553163745187, 0.4584108211777427, 0.45809363235126843, 0.46160718256776984, 0.45740781318057666, 0.4578400254249573, 0.4571627920324152, 0.4561935879967429, 0.4559824195775119, 0.45441544868729333, 0.4544052644209428, 0.45192302898927167, 0.45257191224531695, 0.45310841365294025, 0.4515819712118669, 0.4511194445870139, 0.4487388757142154, 0.45205491510304535, 0.44796703349460254, 0.447711397301067, 0.44759987701069226, 0.4491724534468217, 0.4500615054910833, 0.4488181607289748, 0.4446669112552296, 0.44554744254459033, 0.4462681006301533, 0.446596468036825, 0.4458915428681807, 0.4461186934601177, 0.44441207159649243, 0.4444831772284074, 0.4428765367377888, 0.44463018666614185, 0.44532650438222016, 0.4435436427593231, 0.4446331560611725, 0.44402269341728906, 0.44026468287814746, 0.4415625171227889, 0.44076534563844855, 0.44011778181249445, 0.44198416037993, 0.44183931025591766, 0.4423643106764013, 0.44081790338863025, 0.4402652003548362, 0.44268265637484466, 0.44242063706571405, 0.4427651573311199, 0.44140113212845544, 0.4434002366932956]}