{"best_val": 0.47333229129964655, "train_loss": [0.70084393491932, 0.6585805661538068, 0.6187462654768252, 0.5944069249957216, 0.5778798782357982, 0.5620383246272218, 0.545440753885344, 0.5301294122256485, 0.511190603761112, 0.4972394056179944, 0.4857756413665472, 0.47545329963459687, 0.46990862021259233, 0.46482210182676126, 0.4606854296198078, 0.4574918817071354, 0.45494474908884835, 0.4538885968572953, 0.45219105832717, 0.45268408691181855, 0.4513401622865714, 0.44901294626441657, 0.448204167917663, 0.4477703916091545, 0.4479709518890755, 0.44821041471817913, 0.44696196154052137, 0.4462762381516251, 0.4451584681576374, 0.44474056538413553, 0.44409133639990117, 0.4440181313776502, 0.4441869673775692], "val_loss": [0.6774410930546847, 0.6366734450513666, 0.6069739786061373, 0.5926133340055292, 0.5772562568837946, 0.5627677657387473, 0.5478509258140217, 0.5324140624566511, 0.5181185603141785, 0.5070295577699487, 0.50041463971138, 0.4928051775152033, 0.4881059527397156, 0.4831703142686324, 0.482394123619253, 0.480092008005489, 0.4770664708180861, 0.4783994094891982, 0.47679844769564544, 0.47649032690308313, 0.47699184038422326, 0.47587562149221246, 0.47333229129964655, 0.47595302896066144, 0.47817244854840363, 0.47534028779376636, 0.476889279755679, 0.4750878567045385, 0.4746492423794486, 0.4737679741599343, 0.4738578200340271, 0.4741439304568551, 0.47488837892358954]}