{"best_val": 0.48674817383289337, "train_loss": [0.6478412747383118, 0.6389758321974013, 0.6309962272644043, 0.6201092567708757, 0.6080981393655142, 0.5953936874866486, 0.5812002983358171, 0.5653463900089264, 0.5494155900345908, 0.5376999460988574, 0.5318775094217725, 0.5249857174025642, 0.5186596049202813, 0.5146942453251945, 0.5116792155636681, 0.5038095166285833, 0.5055587457285987, 0.49890999330414665, 0.49664122197363114, 0.4952126062578625, 0.49447116918034023, 0.4884749154249827, 0.4877256651719411, 0.4849924279583825, 0.48384081158373093, 0.48002663254737854, 0.47837403747770524, 0.48018455174234176, 0.4735499868790309, 0.4765509217977524, 0.47419540087382, 0.4702981677320268, 0.4742198023531172, 0.4733504636420144, 0.467875459127956, 0.4668279074960285, 0.4685463325844871, 0.46722205645508236, 0.46566250920295715, 0.4651487155093087, 0.4632605661948522, 0.46338317460483974, 0.4667196008894179, 0.4628435886568493, 0.4617503517203861, 0.4580688493119346, 0.4604315956433614, 0.46432088481055367, 0.4595300472444958, 0.46076471275753444, 0.4606769300169415, 0.4607648170656628, 0.46098853316571975, 0.45985232293605804, 0.45795316994190216, 0.45389340983496773, 0.4565328492058648, 0.45598003102673423, 0.4552592982848485, 0.45451317561997306, 0.4530034810304642, 0.45302320023377735, 0.45376222829024, 0.4529046316941579], "val_loss": [0.6482620686292648, 0.638413667678833, 0.6305566430091858, 0.6193611323833466, 0.6101742386817932, 0.5972531884908676, 0.5809842944145203, 0.5686215460300446, 0.5556425303220749, 0.5525342226028442, 0.5458098500967026, 0.5391727834939957, 0.5400962084531784, 0.5352969616651535, 0.5378690287470818, 0.533501148223877, 0.5335109978914261, 0.5291155874729156, 0.5205390527844429, 0.5210823342204094, 0.5265490934252739, 0.5190663114190102, 0.5225389152765274, 0.5212021246552467, 0.5181525349617004, 0.5238019078969955, 0.5161920264363289, 0.5182855799794197, 0.5093247964978218, 0.5139648765325546, 0.5081535801291466, 0.5081751644611359, 0.5077848359942436, 0.5075333639979362, 0.5037602186203003, 0.516149990260601, 0.5039275959134102, 0.5023992359638214, 0.5019525587558746, 0.4986223876476288, 0.49854858219623566, 0.5049271360039711, 0.50637586414814, 0.49658407270908356, 0.4882429540157318, 0.4885301738977432, 0.4982946068048477, 0.49261192232370377, 0.5001804605126381, 0.4986947625875473, 0.4989478066563606, 0.4976257011294365, 0.48929286003112793, 0.48674817383289337, 0.4896079897880554, 0.49236033111810684, 0.4987603649497032, 0.4994955137372017, 0.49571844190359116, 0.49169623851776123, 0.4938806816935539, 0.491268515586853, 0.4890739619731903, 0.492034912109375]}