{"best_val": 0.46778080612421036, "train_loss": [0.6840403642919328, 0.6157623496320512, 0.5618544634845521, 0.5407370428244272, 0.534205875462956, 0.5261904199918112, 0.5251897739039527, 0.5205608622895347, 0.5166918138662974, 0.5170273631811142, 0.5143226567241881, 0.5130123661624061, 0.5082089106241862, 0.5106466594669554, 0.5080553359455533, 0.5087491191095777, 0.5066473914517297, 0.5046595450904634, 0.5010780708657371, 0.5057331538862653, 0.5011539939377043, 0.502072114083502, 0.4982913268937005, 0.4956576923529307, 0.5007898559172949, 0.49685326715310413, 0.4960390428702037, 0.4961722460058, 0.49723808301819694, 0.49802547030978733, 0.49986472229162854], "val_loss": [0.6419352442026138, 0.5527449697256088, 0.5078763663768768, 0.4939853847026825, 0.49433425813913345, 0.492921382188797, 0.49434323608875275, 0.484523244202137, 0.4918193966150284, 0.4835873320698738, 0.48404788970947266, 0.4745633974671364, 0.4814717695116997, 0.4765854850411415, 0.4772751033306122, 0.47268781810998917, 0.4680188298225403, 0.46960004419088364, 0.46802082657814026, 0.47117406129837036, 0.46778080612421036, 0.47160928696393967, 0.47474798560142517, 0.4722064733505249, 0.4761573597788811, 0.4715668559074402, 0.47254952788352966, 0.4686517119407654, 0.470637783408165, 0.46957075595855713, 0.47126324474811554]}