{"best_val": 0.4442684298211878, "train_loss": [0.75026021751703, 0.6887656917759016, 0.6441595881592994, 0.6076690729926614, 0.5904312577902102, 0.5746675414197585, 0.5565677267663619, 0.5379100459463456, 0.5183861372517604, 0.5026248658404631, 0.49259063543057907, 0.48509442514064266, 0.4790380731517193, 0.4735524087559943, 0.46992166077389436, 0.4689947156345143, 0.46689671336435806, 0.46568389266144994, 0.4655746087139728, 0.46409229963433507, 0.4636045074930378, 0.4629169562283684, 0.46307523986872506, 0.46305690442814545, 0.4608629410173379, 0.4602422410366582, 0.46032001457962335, 0.4600958117083007, 0.46107548884316985, 0.4588320004005058, 0.45941556610313117, 0.4572848876317342, 0.45672544895433914, 0.45789684676656534, 0.45643407866066577, 0.45560113121481505, 0.45583192332118166, 0.45580533848089333, 0.45443198435446797, 0.4540123910296197, 0.4534827505840975, 0.4543020322042353, 0.45328472583901647, 0.4530052717994241, 0.4507464211361081, 0.4526493444162257, 0.4509461416917689, 0.44890949363801996, 0.44954098030632617, 0.4506598833729239, 0.4486115779362473, 0.44760628833490257, 0.4495142885282928, 0.4461650480242336, 0.4469941334397185, 0.44598259411606134, 0.4457700404466367, 0.44661422745854246, 0.44429880322194565, 0.444233390046101, 0.44393105308214825, 0.4442228856039982, 0.4440889446174397, 0.44258174650809345, 0.4423510648456274, 0.4431269396753872, 0.4425051124656902, 0.44106640418370563, 0.44104601764211465, 0.439644642904693, 0.4401693840821584, 0.44004056208273945, 0.43974540221924874, 0.43939754074695064, 0.4371768756240022, 0.4368550175545262, 0.43824902644344405, 0.43678048603674946, 0.43850426112904267, 0.4356718332159753, 0.4357913305946425, 0.435569133828668, 0.43417816185483743, 0.4339405374199736, 0.4334607989180322, 0.4340573847293854, 0.43172092472805695, 0.4313949901683658, 0.4308631110425089, 0.4307091177678576, 0.42956822643093034, 0.43006730780881997, 0.4303789471878725, 0.4285525399095872, 0.4294429620107015, 0.42816222590558667, 0.4287300659160988, 0.4277590519072963, 0.4265501849791583, 0.42495476089271844, 0.4257013715949713, 0.4249225767219768, 0.4245861441481347, 0.4244842891599618, 0.42256171037169066, 0.42377712504536497, 0.4229344141249563, 0.4214522902872048, 0.42174185491075705, 0.4209350306613773, 0.42112622599975735, 0.42093662362472684, 0.41969792340316026, 0.4187023931858586, 0.41893843400712105, 0.4175078126729703, 0.41785434764974255, 0.41786827117789027, 0.41714996216343897, 0.4169900008276397, 0.4157700912625182], "val_loss": [0.6969393437558954, 0.6566772298379377, 0.6090511625463312, 0.5883920030160383, 0.5740350051359697, 0.558274204080755, 0.5394231595776298, 0.5184390409426256, 0.49926515600898047, 0.48671016638929193, 0.47814936258576135, 0.47435448928312823, 0.46663071621548047, 0.46344227411530237, 0.46088541637767444, 0.459156104109504, 0.4585986760529605, 0.4559254998510534, 0.4559184285727414, 0.456220805644989, 0.45531678199768066, 0.455515593290329, 0.4554142653942108, 0.45574277910319244, 0.454247694123875, 0.4552363021807237, 0.45615730773318897, 0.45490590821612964, 0.45515880530530756, 0.45523274486715143, 0.45355338941920886, 0.4550937658006495, 0.4540031769058921, 0.45426924391226337, 0.4525586989792911, 0.45406351306221704, 0.4532482380216772, 0.45281772180037066, 0.4513862268491225, 0.45285323533144867, 0.45507747205820953, 0.4521457011049444, 0.45189386335286225, 0.45316536589102313, 0.45127884637225757, 0.4508353525942022, 0.45186836611140857, 0.45315285704352637, 0.4512766789306294, 0.45229804515838623, 0.4516139274293726, 0.4522845690900629, 0.4521863270889629, 0.4497704424641349, 0.452293490821665, 0.44955640218474646, 0.45024069059978833, 0.4514587792483243, 0.4510078592733903, 0.4508784521709789, 0.4506201148033142, 0.45014510642398486, 0.4503808319568634, 0.45322663404724817, 0.44913906671784143, 0.45038107308474457, 0.45131928812373767, 0.44999211213805457, 0.4513778930360621, 0.45033023303205316, 0.44984889030456543, 0.44858694076538086, 0.4496309892697768, 0.4471733570098877, 0.44922761483625934, 0.4469612403349443, 0.4492414485324513, 0.4495307315479625, 0.4473301118070429, 0.448723243041472, 0.4482380070469596, 0.44763861190189014, 0.44683293862776324, 0.44655112244866113, 0.44736093282699585, 0.44569894671440125, 0.4464543407613581, 0.4467678557742726, 0.4469844265417619, 0.44925332882187585, 0.44603226401589136, 0.4470250118862499, 0.44524820284409955, 0.4449285079132427, 0.4494696394963698, 0.4457047310742465, 0.4456624009392478, 0.4474333876913244, 0.4477644914930517, 0.44486105171116913, 0.4446959901939739, 0.4451931281523271, 0.4478798346085982, 0.44663773341612384, 0.4465497786348516, 0.4468011964451183, 0.44442521171136334, 0.445791325785897, 0.4469884227622639, 0.44707037102092395, 0.4442684298211878, 0.4475576904687015, 0.44685632261362945, 0.44612578370354394, 0.44675454226407135, 0.4457914314486764, 0.44551769169894134, 0.4498133252967488, 0.44799325411969965, 0.4486535570838235, 0.4466364329511469]}