{"best_val": 0.510354183614254, "train_loss": [0.857004013326433, 0.8217175039980147, 0.7880876395437453, 0.7596201996008555, 0.7368771764967177, 0.7197883956962161, 0.7079846627182431, 0.6971275044812096, 0.6867525941795773, 0.6757202314005958, 0.6653115318881141, 0.6546416381994883, 0.6437988943523831, 0.6327666408485837, 0.6216147078408135, 0.6144844326708052, 0.6011283033423953, 0.5923982560634613, 0.5838279459211562, 0.5757069852617052, 0.5658345023790995, 0.5597371243768268, 0.5545567174752554, 0.5494374252027936, 0.5479083475139406, 0.5413169281350242, 0.5392500261465708, 0.5361706664164861, 0.5340406745672226, 0.5311941206455231, 0.5286143869161606, 0.5269679360919528, 0.5244147181510925, 0.5240013069576688, 0.5214443388912413, 0.5233420746193992, 0.5214451236857308, 0.5183538115686841, 0.5179017020596398, 0.5172236230638292, 0.5154781639575958, 0.5146734151575301, 0.5153557889991336, 0.5174163662725024, 0.5140073481533263, 0.5118834757142596, 0.5114736871586906, 0.5131794959306717, 0.5129919747511545, 0.5119716127713522, 0.5083458837535646, 0.5089459170897802, 0.5095542288488812, 0.5108594546715418, 0.5106633454561234, 0.5076914230982462, 0.5098061992062463, 0.5068760381804572, 0.5094025466177199, 0.50713835325506, 0.5062641120619245, 0.5065205991268158], "val_loss": [0.7725175768136978, 0.75449039041996, 0.7349146753549576, 0.716946616768837, 0.7008495777845383, 0.6867761015892029, 0.6767584681510925, 0.6668591797351837, 0.6583000719547272, 0.6503158807754517, 0.6417175978422165, 0.6309267282485962, 0.6228292733430862, 0.6126681864261627, 0.601341113448143, 0.5947817713022232, 0.5917445123195648, 0.5821526497602463, 0.5766158998012543, 0.5730330497026443, 0.5655480325222015, 0.5580181926488876, 0.55394247174263, 0.5545438677072525, 0.5440721958875656, 0.544608473777771, 0.5431348830461502, 0.5416374355554581, 0.5336128026247025, 0.5344240814447403, 0.5362928211688995, 0.5285993218421936, 0.5241085961461067, 0.5227215513586998, 0.5258836299180984, 0.5236748307943344, 0.5263978317379951, 0.5258106514811516, 0.5231000781059265, 0.517949640750885, 0.5191027298569679, 0.5198358371853828, 0.5224523171782494, 0.5251679494976997, 0.5242588743567467, 0.5237269029021263, 0.5189246386289597, 0.5164613127708435, 0.5191512107849121, 0.5141412317752838, 0.5190747156739235, 0.510354183614254, 0.5137795656919479, 0.5141164511442184, 0.5146136954426765, 0.5164545401930809, 0.5107645690441132, 0.514679528772831, 0.518046647310257, 0.5140909254550934, 0.5207469090819359, 0.5138543397188187]}