{"best_val": 0.4717608913779259, "train_loss": [0.7135585513379838, 0.6787931952211592, 0.6471784379747179, 0.6169184611903297, 0.587945818901062, 0.5608054002126058, 0.536583380566703, 0.5234490235646566, 0.518101746837298, 0.5091144326660368, 0.5071637862258487, 0.4998138000567754, 0.5004171248939302, 0.49423496590720284, 0.49370180235968697, 0.4911247392495473, 0.48940635058614945, 0.4882350083854463, 0.4824231266975403, 0.4855185051759084, 0.4819820241795646, 0.48323655625184375, 0.4781157672405243, 0.4806869245237774, 0.4750949790080388, 0.4747735361258189, 0.47552024490303463, 0.47234702938132817, 0.47402137021223706, 0.4722725384765201, 0.4733666843838162, 0.47282302876313526, 0.4741608318355348, 0.47285182608498466, 0.46886516114075977, 0.47184554239114124, 0.4728032648563385, 0.47137468225426143, 0.46838054557641345, 0.4683486024538676, 0.4718578706185023, 0.46955298218462205, 0.46998487909634906, 0.4677590098645952, 0.4667856643597285, 0.46685732238822514], "val_loss": [0.696089118719101, 0.662871703505516, 0.6328496932983398, 0.6047368049621582, 0.5796478986740112, 0.5534878447651863, 0.5375892817974091, 0.5302635431289673, 0.5188270956277847, 0.508879691362381, 0.5074900016188622, 0.5076294764876366, 0.5009613037109375, 0.4936397597193718, 0.48920971155166626, 0.4832666218280792, 0.48523522913455963, 0.49164586514234543, 0.48876818269491196, 0.48336101323366165, 0.48040859401226044, 0.477362222969532, 0.4760797619819641, 0.48083553463220596, 0.4778374284505844, 0.47756636142730713, 0.4736535847187042, 0.4774933084845543, 0.47984691709280014, 0.47809426486492157, 0.47428908944129944, 0.4748610705137253, 0.48121409863233566, 0.4761204421520233, 0.4788643568754196, 0.4717608913779259, 0.4719979092478752, 0.47193146497011185, 0.47530240565538406, 0.47380921989679337, 0.4807004928588867, 0.4792487472295761, 0.47553586959838867, 0.4742686226963997, 0.48021481931209564, 0.4744425192475319]}