{"best_val": 0.4748154418034987, "train_loss": [0.7425017415308485, 0.6856800235953986, 0.6404723326365153, 0.6047839417177088, 0.5860431451423496, 0.5730786043054917, 0.5604303625284457, 0.5464600838866889, 0.5300712421828625, 0.5133187461133096, 0.4995468060175578, 0.4886527838660221, 0.48024240720505806, 0.4747938911120097, 0.46966205683409, 0.46636266509691876, 0.46464647615657134, 0.4636423856604333, 0.4622427832846548, 0.4608845108864354, 0.4596997721522462, 0.4592876311610727, 0.4585452488824433, 0.4574778079986572, 0.45720843006582823, 0.45770257360794964, 0.4561816541587605, 0.45472705130483587, 0.45458590633728924, 0.4539565315433577, 0.4539933035186693, 0.4526541782360451, 0.4516894232993032, 0.4511406234666413, 0.4502812390233956, 0.44998901322776197, 0.4482255017056185, 0.44853536346379447, 0.44848208976726905, 0.4490140992052415, 0.4463539953325309, 0.44585933755425844, 0.44514190390998243, 0.4466846071037592, 0.44574126951834736, 0.443963965364531, 0.4444645736731735, 0.4437650962203157, 0.4418454444875904, 0.4428044469917522, 0.4419853436011894, 0.44017604869954724], "val_loss": [0.6892217072573575, 0.6554076942530546, 0.6125717975876548, 0.5916948535225608, 0.5805326916954734, 0.5699577873403375, 0.5584290569478815, 0.5464589975096963, 0.529445003379475, 0.5175434784455732, 0.5043727863918651, 0.4998691434209997, 0.49513438073071564, 0.4913845685395328, 0.4881323901089755, 0.4892025644128973, 0.48330786011435767, 0.4842273105274547, 0.4818672619082711, 0.47990740700201556, 0.4834303557872772, 0.4826594482768666, 0.48029561747204175, 0.4804214022376321, 0.47993517192927276, 0.481024059382352, 0.4808080927892165, 0.4808737906542691, 0.47879726778377185, 0.479746322740208, 0.4803576252677224, 0.4804645776748657, 0.4785598841580478, 0.47931295362385834, 0.47993580319664697, 0.47798682071945886, 0.4788950058546933, 0.48024051026864484, 0.4770820736885071, 0.4783991358496926, 0.47940739447420294, 0.4748154418034987, 0.48035999048839917, 0.4782747572118586, 0.4769227044148879, 0.4761337014761838, 0.4773031337694688, 0.47963207960128784, 0.47959264841946686, 0.4768987623128024, 0.4774778458205136, 0.47807789661667566]}