{"best_val": 0.5039509981870651, "train_loss": [0.6558448374271393, 0.6532442106140984, 0.6502463089095222, 0.6472260488404168, 0.6436943180031247, 0.6408457027541267, 0.6367958585421244, 0.6326738562848833, 0.6290980511241488, 0.6241685218281217, 0.6204889681604173, 0.6153884596294827, 0.6101684669653574, 0.6055602563752068, 0.6008202996518877, 0.5947641167375777, 0.5886702107058631, 0.5825000239743127, 0.5771283176210191, 0.5713494651847415, 0.5654182732105255, 0.5610717203882005, 0.554670610361629, 0.5541007419427236, 0.5476776013771693, 0.546315019329389, 0.5423913151025772, 0.5392166707250807, 0.5383520440922843, 0.5372417635387845, 0.533203532298406, 0.5322869966427485, 0.5307174043522941, 0.5294132381677628, 0.5273599558406405, 0.528199036916097, 0.5239162544409434, 0.5245381991068522, 0.5218014220396677, 0.5207685894436307, 0.5194490634732776, 0.5219768252637651, 0.5164430605040656, 0.5172850539286932, 0.5155853960249159, 0.5132645931508806, 0.511515811085701, 0.511673586236106, 0.5086371584071053, 0.5082461635271708, 0.5068664401769638, 0.5043353421820534, 0.5011902732981576, 0.5030193974574407, 0.49911850194136304, 0.5005602704154121, 0.4999403870768017, 0.49916352331638336, 0.49838850895563763, 0.493273741669125, 0.49674563441011643, 0.49148840374416775, 0.49354417125384015, 0.49106354514757794, 0.4914885875251558, 0.4880106730593575, 0.4914097885290782, 0.493150081899431, 0.49074653950002456, 0.49116456177499557, 0.4874248223172294, 0.48798444535997176, 0.48928776383399963, 0.4893477608760198, 0.4872414734628465, 0.4880724168486065, 0.48645434114668107, 0.4848019364807341, 0.48682693309254116, 0.4863671196831597], "val_loss": [0.6575253754854202, 0.6547712683677673, 0.6525341272354126, 0.6488086432218552, 0.6470447480678558, 0.6436070650815964, 0.639973446726799, 0.6365139484405518, 0.632820263504982, 0.6285839676856995, 0.6234513074159622, 0.6170878559350967, 0.6127023547887802, 0.6127973198890686, 0.6068050563335419, 0.6015100926160812, 0.5962396413087845, 0.5916258543729782, 0.5842267870903015, 0.5770828425884247, 0.5764442980289459, 0.5748956948518753, 0.5702545493841171, 0.5673239529132843, 0.5622486025094986, 0.562513142824173, 0.5529339015483856, 0.55721215903759, 0.5530096739530563, 0.5570532381534576, 0.5553065240383148, 0.5464693531394005, 0.5519398748874664, 0.5438909977674484, 0.5461034327745438, 0.5446173548698425, 0.543992429971695, 0.5414424985647202, 0.5439310371875763, 0.5408259779214859, 0.5401577949523926, 0.5394725799560547, 0.5379751026630402, 0.5316400676965714, 0.5342219918966293, 0.5352141708135605, 0.5311286002397537, 0.5270839333534241, 0.5265561491250992, 0.5308734327554703, 0.5304795131087303, 0.5337568372488022, 0.5271463394165039, 0.5209225937724113, 0.5196550637483597, 0.5233785212039948, 0.5205530673265457, 0.5195459797978401, 0.5273762494325638, 0.5172015801072121, 0.5220358520746231, 0.5193240344524384, 0.5220191702246666, 0.5192407891154289, 0.5130758807063103, 0.5142338275909424, 0.5160877332091331, 0.5135499089956284, 0.516822412610054, 0.5039509981870651, 0.5109165906906128, 0.5089111626148224, 0.5139688923954964, 0.5111244320869446, 0.5073379501700401, 0.5041051656007767, 0.5092489719390869, 0.5052256882190704, 0.5100102573633194, 0.5079503208398819]}