{"best_val": 0.4829046055674553, "train_loss": [0.7055551674630907, 0.6846191253927019, 0.6680262817276849, 0.6512455741564432, 0.6325523555278778, 0.6123688585228391, 0.5959020190768771, 0.5778397023677826, 0.5606273379590776, 0.5478906051980125, 0.537908555732833, 0.5281521876653036, 0.5224758138259252, 0.5160917093356451, 0.5097297645277448, 0.5070611404048072, 0.5043422910902235, 0.5051912135548062, 0.5015611317422655, 0.4973543965154224, 0.4959411770105362, 0.49608810908264583, 0.496260780427191, 0.4900896946589152, 0.4891045060422685, 0.4885667363802592, 0.4843457258409924, 0.4847540242804421, 0.4817897611194187, 0.4839751554860009, 0.48449115951855976, 0.482483877076043, 0.4820532947778702, 0.4796049627992842, 0.47558890448676217, 0.4756837901141908, 0.474790280063947, 0.47575878434711033, 0.47078148192829555, 0.47755298184023964, 0.47169449428717297, 0.47230830126338536, 0.4723854396078322, 0.4734950926568773, 0.4706717183192571, 0.4732101807991664, 0.46977027919557357, 0.46903667681747013, 0.4722908354467816, 0.4711048934194777, 0.46938374307420516, 0.46817177368534935, 0.47137274344762164, 0.47078485952483284, 0.46810252633359695, 0.4708460188574261, 0.4718590560886595, 0.4682372560103734, 0.46719668640030754, 0.46534384621514213, 0.4665832751327091, 0.47074691785706413, 0.46984000504016876, 0.4682810323105918, 0.4656343575980928, 0.46635005209181046, 0.4657023118601905, 0.46707407467895085, 0.464526547325982, 0.46797916458712685, 0.46691957943969303, 0.46594225698047215, 0.46405546698305344, 0.4663817452059852, 0.4668277750412623], "val_loss": [0.6713459640741348, 0.6582992672920227, 0.6443769484758377, 0.6327973306179047, 0.6146127283573151, 0.597736194729805, 0.5787156820297241, 0.5646480321884155, 0.5460079610347748, 0.5363046824932098, 0.5270657911896706, 0.5227695032954216, 0.5146175473928452, 0.5130533277988434, 0.5169912800192833, 0.5100224688649178, 0.5135622918605804, 0.5121264383196831, 0.5011991485953331, 0.5057914704084396, 0.5046772435307503, 0.5019122883677483, 0.5024081468582153, 0.5009596347808838, 0.49916772544384, 0.505542553961277, 0.4991261288523674, 0.4972244203090668, 0.4984564334154129, 0.503529965877533, 0.4933440312743187, 0.4978073015809059, 0.4951034262776375, 0.49376195669174194, 0.49784889817237854, 0.49727754294872284, 0.48825427144765854, 0.49618830531835556, 0.49176305532455444, 0.4931609183549881, 0.4868847206234932, 0.4945201203227043, 0.4867016524076462, 0.49026623368263245, 0.49118614941835403, 0.49092499166727066, 0.48962055891752243, 0.4850800558924675, 0.48747580498456955, 0.4926762580871582, 0.48617958277463913, 0.48621758073568344, 0.49041488766670227, 0.4889224097132683, 0.48361650109291077, 0.4862819164991379, 0.49143439531326294, 0.49149782955646515, 0.4877835512161255, 0.49515949189662933, 0.48920881748199463, 0.48789338767528534, 0.4938129410147667, 0.49298056960105896, 0.4829046055674553, 0.4902134835720062, 0.4850049763917923, 0.4894907996058464, 0.49183057993650436, 0.48678528517484665, 0.49067528545856476, 0.4970579147338867, 0.487536296248436, 0.49372050911188126, 0.4885391891002655]}