{"best_val": 0.47469475865364075, "train_loss": [0.6349047190613217, 0.6084018846352895, 0.5898417399989234, 0.5739693641662598, 0.5633160107665591, 0.5511474476920234, 0.5421775529781977, 0.5266425410906473, 0.5136414468288422, 0.5065431031915877, 0.5005854931142595, 0.49607475598653156, 0.4948035445478227, 0.4878748489750756, 0.48346513675318825, 0.4826154328054852, 0.4791467272573047, 0.4773992978864246, 0.4738746186097463, 0.4742768456538518, 0.4707498202721278, 0.46814818183581036, 0.46743856701585984, 0.46693331334326005, 0.4662511530849669, 0.4672029780017005, 0.4645603878630532, 0.4606968429353502, 0.46198874049716526, 0.46214570767349666, 0.46066324909528095, 0.4617808361848195, 0.4587455193201701, 0.45875442193614113, 0.45920955306953853, 0.45801686743895215, 0.45999374985694885, 0.4583517826265759, 0.4588579270574782, 0.45636837846703, 0.4578591088453929, 0.45794448918766445, 0.4563819186555015, 0.4558858192629284, 0.456782556242413, 0.45706456568506026, 0.4564557257625792, 0.45625686314370895, 0.45467005835639107, 0.45422964957025314, 0.45579804811212754, 0.45763982832431793, 0.4549271828598446, 0.45299054351117873, 0.45227141347196365], "val_loss": [0.6304071098566055, 0.6089117676019669, 0.594002366065979, 0.5903194695711136, 0.5781449973583221, 0.572942778468132, 0.5601592063903809, 0.5539914816617966, 0.546937420964241, 0.5434003174304962, 0.5390354916453362, 0.5317197665572166, 0.529695987701416, 0.5269150584936142, 0.52449981123209, 0.5191597193479538, 0.521344743669033, 0.5074850097298622, 0.5116483941674232, 0.5077781975269318, 0.4990999326109886, 0.5054247453808784, 0.4973478242754936, 0.5049583166837692, 0.5008060708642006, 0.4903143495321274, 0.4931364730000496, 0.48760463297367096, 0.49522871524095535, 0.49316301941871643, 0.48616036027669907, 0.49400992691516876, 0.4867592975497246, 0.49170179665088654, 0.480017751455307, 0.476308710873127, 0.48170705884695053, 0.4806821271777153, 0.48166219145059586, 0.4807208403944969, 0.4771750420331955, 0.48364436626434326, 0.48298897594213486, 0.48122552037239075, 0.47469475865364075, 0.48604338616132736, 0.47817079722881317, 0.4828781709074974, 0.48291655629873276, 0.4772118926048279, 0.4807460084557533, 0.4812200665473938, 0.4821987897157669, 0.4805048108100891, 0.48151449114084244]}