{"best_val": 0.5164899155497551, "train_loss": [0.7780308061175876, 0.7430213789145151, 0.7084633343749576, 0.672497401634852, 0.631114704741372, 0.5871861908170912, 0.550150129530165, 0.528653535577986, 0.5191307812929153, 0.5175389167335298, 0.511343432797326, 0.5095981177356508, 0.5079437146584193, 0.5070151322417789, 0.5054396722051833, 0.5075620346599155, 0.5032556669579612, 0.5050037486685647, 0.5009714315334955, 0.5014552374680837, 0.5002892265717188, 0.49964351455370587, 0.4977648788028293, 0.5017759386036131, 0.4971637808614307, 0.4927065720160802, 0.49325650764836204, 0.4912133779790666, 0.49281756911012864, 0.49204353988170624, 0.4904779973957274, 0.48884613315264386, 0.48748528791798484, 0.48715414934688145, 0.48929887016614276, 0.4829644776052899, 0.4829233040412267, 0.4821224825249778, 0.47881438169214463, 0.4829351272847917, 0.4804049763414595, 0.47802137666278416], "val_loss": [0.7494217157363892, 0.718573808670044, 0.6880922615528107, 0.6542474180459976, 0.6195111125707626, 0.5864520519971848, 0.5604868680238724, 0.5546431317925453, 0.5482898056507111, 0.5489005520939827, 0.5429252907633781, 0.5368328467011452, 0.5454670563340187, 0.540917158126831, 0.5381479561328888, 0.5385432541370392, 0.5335819572210312, 0.5348761081695557, 0.5311504080891609, 0.5266430601477623, 0.5404157415032387, 0.5346651002764702, 0.5350158363580704, 0.5291247740387917, 0.520217090845108, 0.5315191671252251, 0.5283272489905357, 0.5266669765114784, 0.5220899656414986, 0.5270034298300743, 0.524943120777607, 0.5164899155497551, 0.5245435833930969, 0.5188398361206055, 0.5217627957463264, 0.5187760144472122, 0.52101930975914, 0.5250213220715523, 0.5277969092130661, 0.5231950730085373, 0.5211165398359299, 0.5219467431306839]}