{"best_val": 0.46620465137741784, "train_loss": [0.6858587837686726, 0.6275876678672492, 0.5983189250908646, 0.5760921847586539, 0.5576870827113881, 0.5347557249022465, 0.5145523349444071, 0.49664749818689685, 0.4858880861132753, 0.47878462660546395, 0.4750246820496578, 0.472775141398112, 0.472640431394764, 0.4709400178170672, 0.47059933344523114, 0.4703470947695713, 0.4690413989272772, 0.4697037906038995, 0.4682024898482304, 0.46929645129278597, 0.4671954763870613, 0.4665449033765232, 0.4655049653614269, 0.46445344826754403, 0.46503669432565276, 0.4644406817707361, 0.46432261899405836, 0.46430344090742226, 0.4636451444205116, 0.46360278129577637, 0.4623772916840572, 0.4632568540526371, 0.46159236805111753, 0.4605857887688805, 0.46054719593010696, 0.45928582023171816, 0.46011657282417895, 0.4581288514184017, 0.45915542689024236], "val_loss": [0.6273007988929749, 0.6002738204869357, 0.5813352248885415, 0.5653912045738914, 0.5439646406607195, 0.5190902650356293, 0.5020572461865165, 0.4879512272097848, 0.47868323055180634, 0.4758664911443537, 0.47317934849045495, 0.4743460714817047, 0.4726112647490068, 0.471298792145469, 0.469642620195042, 0.4693384251811288, 0.4691806841980327, 0.4704660285602916, 0.4688506532799114, 0.470050112767653, 0.47026377374475653, 0.46791943365877325, 0.46887697956778784, 0.46790425885807385, 0.4679636982354251, 0.4671461582183838, 0.4695905555378307, 0.46806108951568604, 0.46620465137741784, 0.46731224385174835, 0.46688409826972266, 0.46710372783920984, 0.46741576357321307, 0.46786305579272186, 0.4668499637733806, 0.4695260308005593, 0.4665303745053031, 0.4683743119239807, 0.46802217039194977]}