{"best_val": 0.43589299646290863, "train_loss": [0.6793342431386312, 0.6168493020768259, 0.5838626517969019, 0.564049680443371, 0.5371556474882013, 0.5040420656110726, 0.47811077564370397, 0.46397405570628597, 0.4553423348595114, 0.44955054100822, 0.44767095995884315, 0.44544075166477876, 0.4434799557807399, 0.4417366122498232, 0.44216883065653784, 0.4396429640405318, 0.43488189870235966, 0.4363104888037139, 0.43439503861408607, 0.43360724110229343, 0.43169519655844746, 0.4293208244968863, 0.4275505466788423, 0.42770235737164813, 0.42591480472508597, 0.4231414789078282, 0.42149366759786416, 0.42005931512982236, 0.4213434469466116, 0.417731654994628, 0.41579904801705303, 0.4145718561668022, 0.4139150322652331, 0.4118875434585646, 0.4102625502090828, 0.40773963928222656, 0.4064064814763911, 0.40639028654379006, 0.40385817371162713, 0.40290289416032676, 0.3994458195041208], "val_loss": [0.6429760672829368, 0.5822549137202176, 0.5640416253696788, 0.541578471660614, 0.511219550262798, 0.47823156822811475, 0.4603461135517467, 0.4475499012253501, 0.4414684068072926, 0.4417801255529577, 0.4389560656114058, 0.4385557635263963, 0.4373409937728535, 0.43702439828352496, 0.4364675445990129, 0.4425714232704856, 0.4409492015838623, 0.4361175163225694, 0.44122504646127875, 0.43683884902433917, 0.43612569299611176, 0.4369954656470906, 0.4381128657947887, 0.43829568407752295, 0.43595765937458386, 0.4398013082417575, 0.4394083619117737, 0.43837627497586334, 0.4371315132487904, 0.4378924857486378, 0.43589299646290863, 0.43950964645905927, 0.4383899623697454, 0.436263688585975, 0.43728969313881616, 0.4385591447353363, 0.4392502822659232, 0.44129047881473193, 0.43837814168496564, 0.4382493035359816, 0.4374383796345104]}