{"best_val": 0.5265532955527306, "train_loss": [0.8547549810674455, 0.8244147896766663, 0.7958221932252248, 0.7690909736686282, 0.7419436573982239, 0.7111877501010895, 0.6810009645091163, 0.6507634652985467, 0.6247277425395118, 0.5986535946528116, 0.5753214193714989, 0.5545825378762351, 0.5388839940230051, 0.5325361175669564, 0.5249552047914929, 0.5234482536713282, 0.5159204088979297, 0.5153625706831614, 0.5129837161964841, 0.5086880955431197, 0.5078940788904825, 0.5064675261576971, 0.5043135964208179, 0.5012808806366391, 0.4989471816354328, 0.5006923940446641, 0.4968913611438539, 0.4934013916386498, 0.492796927690506, 0.4923604428768158, 0.48782505260573494, 0.48489444620079464, 0.4846127364370558, 0.4857841233412425, 0.48097458812925553, 0.4833642111884223, 0.48235396378570133, 0.48297880093256634, 0.4801460752884547, 0.47958812448713517, 0.4761812736590703, 0.4797221041387982, 0.47884001831213635, 0.4764850702550676, 0.4760719488064448, 0.4717026154200236, 0.47345054977469975, 0.47397439844078487, 0.47302907208601636, 0.473420681224929, 0.46905964944097733, 0.4743301421403885], "val_loss": [0.7700640559196472, 0.7472650408744812, 0.7210868448019028, 0.6993208527565002, 0.676044836640358, 0.6524701416492462, 0.6273486763238907, 0.6039062291383743, 0.5852735191583633, 0.5765717178583145, 0.5677676200866699, 0.5668108612298965, 0.5601955056190491, 0.5565301924943924, 0.5612677559256554, 0.5585728734731674, 0.5579596608877182, 0.5553506761789322, 0.5534996539354324, 0.5476656854152679, 0.5523623824119568, 0.5517723485827446, 0.5495602414011955, 0.5427745878696442, 0.5444939583539963, 0.5376695916056633, 0.5407868027687073, 0.5376823991537094, 0.5441268235445023, 0.5402606129646301, 0.541522741317749, 0.5352250561118126, 0.5366413667798042, 0.5432242974638939, 0.5372998863458633, 0.5347270742058754, 0.5290447846055031, 0.533754825592041, 0.5380119308829308, 0.5288189873099327, 0.5358861461281776, 0.5265532955527306, 0.5331768542528152, 0.5307325124740601, 0.5335092395544052, 0.5313516557216644, 0.5298334136605263, 0.5315644815564156, 0.5302180349826813, 0.5289885774254799, 0.5310648083686829, 0.5323891639709473]}