{"best_val": 0.4898699000477791, "train_loss": [0.736017945739958, 0.7041279508007897, 0.6751306984159682, 0.6413583424356248, 0.6028189063072205, 0.5619251363807254, 0.5301259573962953, 0.5166352523697747, 0.5069486084911559, 0.5041250106361177, 0.4981339093711641, 0.4945850090848075, 0.4918761882517073, 0.4888930171728134, 0.4855264325936635, 0.4811701128880183, 0.4831216318739785, 0.4799393018086751, 0.4788711766401927, 0.4791557904746797, 0.47270556290944415, 0.47648674580785966, 0.47582339578204685, 0.4765804989470376, 0.4760127481487062, 0.4732057733668221, 0.4757612877421909, 0.4719073209497664, 0.4749225344922807, 0.46889273325602215, 0.47612012260489994, 0.47614086667696637, 0.47076278924942017, 0.4726206064224243, 0.47313764525784385, 0.4735068927208583, 0.473409977224138, 0.4705910070074929, 0.4712241076760822], "val_loss": [0.7173681706190109, 0.6894323825836182, 0.6603640019893646, 0.6263198554515839, 0.5841086357831955, 0.5553109645843506, 0.5391987860202789, 0.533356249332428, 0.5214235931634903, 0.5260238349437714, 0.5138771086931229, 0.5163981541991234, 0.5138096213340759, 0.5103695243597031, 0.5087148696184158, 0.5075559914112091, 0.5026518329977989, 0.5013514384627342, 0.5060415789484978, 0.4993075206875801, 0.4974927306175232, 0.49687936902046204, 0.49545104801654816, 0.4978910908102989, 0.49688271433115005, 0.4922327250242233, 0.5032275915145874, 0.4992396757006645, 0.4898699000477791, 0.49200037866830826, 0.49495139718055725, 0.49107626080513, 0.4924653694033623, 0.49612005800008774, 0.4918920025229454, 0.49782853573560715, 0.4928315803408623, 0.49679434299468994, 0.4941418319940567]}