{"best_val": 0.4998095631599426, "train_loss": [0.7263983388741811, 0.6956382526291741, 0.6693228615654839, 0.6412590708997514, 0.6106574866506789, 0.5838678313626183, 0.5603818595409393, 0.5442752920918994, 0.5355079670747122, 0.5298101736439599, 0.5264992184109158, 0.5205144253042009, 0.5197217331992255, 0.5205325583616892, 0.5165445357561111, 0.5155489212936826, 0.5140363540914323, 0.5146468546655443, 0.5098101248343786, 0.5097829418049918, 0.5116835600799985, 0.5099289980199602, 0.5076325618558459, 0.5074981831841998, 0.5045569489399592, 0.5040558493799634, 0.502641369899114, 0.5012942105531693, 0.5019027060932584, 0.5009269515673319, 0.5009492139021555, 0.49731938044230145, 0.4987867789136039, 0.49634209275245667, 0.49448104699452716, 0.49694952699873185, 0.49681084520286983, 0.49187644322713214, 0.4937335054079692, 0.49248113400406307, 0.4943263398276435, 0.49198320673571694, 0.4913964569568634, 0.49280881881713867, 0.493737217452791, 0.4915047536293666, 0.4915132390128242, 0.4912410146660275, 0.4903368734651142, 0.49153173797660404, 0.48822274969683754, 0.490005965034167, 0.4875992602772183, 0.48814552691247726, 0.4886668688721127, 0.48791895972357857, 0.49003509018156266, 0.48953334656026626, 0.48979589011934066], "val_loss": [0.7165905237197876, 0.6902584284543991, 0.6644251942634583, 0.6363959610462189, 0.60940882563591, 0.5834037661552429, 0.5645784288644791, 0.5519537925720215, 0.5452979356050491, 0.5432707220315933, 0.5349727272987366, 0.533777691423893, 0.5323095321655273, 0.5312553644180298, 0.5260066911578178, 0.5273573473095894, 0.5200858116149902, 0.5270283818244934, 0.5170908644795418, 0.5205156207084656, 0.5249263569712639, 0.5206124037504196, 0.5167814716696739, 0.5108861401677132, 0.5142537876963615, 0.5120484754443169, 0.5149387419223785, 0.5116274580359459, 0.5133030563592911, 0.5117746591567993, 0.5124600902199745, 0.5080388188362122, 0.5035259053111076, 0.5089077949523926, 0.5154679045081139, 0.5061123892664909, 0.5034830719232559, 0.5033564120531082, 0.51028623431921, 0.506072498857975, 0.5084998160600662, 0.5047882795333862, 0.5051608979701996, 0.5020527318120003, 0.5109068676829338, 0.5071432888507843, 0.5032902434468269, 0.5094588920474052, 0.4998095631599426, 0.5089768022298813, 0.505176231265068, 0.5084408968687057, 0.503427192568779, 0.5033276900649071, 0.50264111161232, 0.5156787484884262, 0.506070464849472, 0.5040935724973679, 0.5057109445333481]}