{"best_val": 0.6327810436487198, "train_loss": [0.6441586116949717, 0.6436482336786058, 0.6411938501728905, 0.6407293246852027, 0.6391320758395724], "val_loss": [0.6385376155376434, 0.6367013305425644, 0.6349617838859558, 0.6327838897705078, 0.6327810436487198]}