{"best_val": 0.43996738574721594, "train_loss": [0.6426094197759441, 0.5813040920332366, 0.5397155384222666, 0.49784136169097004, 0.47298285423540604, 0.4620392696530211, 0.45820696272102057, 0.45557521955639707, 0.45040474569096284, 0.44893087475907567, 0.447738123290679, 0.44430088529399797, 0.44320794706251104, 0.4427700831609614, 0.44061004005226434, 0.4381209781356886, 0.43763241580888335, 0.43429844578107196, 0.4343850028281118, 0.4330764068107979, 0.42888952762472865, 0.42771466923694984, 0.42727257691177667, 0.42410701045802995, 0.4233216415433323, 0.42203913482965205, 0.4190433820088704, 0.4183741831311993, 0.41658807443637474, 0.41527951815549063, 0.4127957984512928, 0.41016211346083997, 0.4089638526533164, 0.4072715599162906, 0.40649037735134946, 0.40369909768011053, 0.40107736517401305, 0.39998091085284365, 0.3978659148309745, 0.39547015112989087, 0.3960200174182069, 0.39509817139775144, 0.39047468000767277, 0.38905415581721886, 0.38797102313415677, 0.3859240763327655, 0.38348199865397287, 0.3835533331422245, 0.3805964472247105, 0.380543520637587, 0.3777879710290946, 0.37559886247503993, 0.37543238494910447, 0.3724925792684742, 0.37092532071412776], "val_loss": [0.5973803942853754, 0.5565997172485698, 0.5115006430582567, 0.4853811345317147, 0.4686432453719052, 0.4662390107458288, 0.4632322842424566, 0.4650813205675645, 0.46138719807971607, 0.46102045340971515, 0.45862017978321423, 0.4592855085026134, 0.45909179611639545, 0.4549009745771235, 0.45687869733030145, 0.4549514895135706, 0.45648177645423194, 0.45225468277931213, 0.449283551086079, 0.4528043188832023, 0.45229763334447687, 0.4506653601473028, 0.4525764421983199, 0.4526372931220315, 0.450251814993945, 0.4503590302033858, 0.450008443810723, 0.44981732964515686, 0.44912461801008746, 0.4510874477299777, 0.4456647661599246, 0.4470183253288269, 0.44739231738177215, 0.446437575600364, 0.44603151082992554, 0.4452797824686224, 0.4470128200270913, 0.4450173242525621, 0.4442959861321883, 0.4434108246456493, 0.4442333308133212, 0.44623377377336676, 0.44586264274337073, 0.4435477744449269, 0.43996738574721594, 0.4421602785587311, 0.444572470404885, 0.4436280673200434, 0.44542784040624445, 0.44098996032368054, 0.44250777092846955, 0.44140858541835437, 0.4410095892169259, 0.4421455616300756, 0.4416924742135135]}