{"best_val": 0.4616852328181267, "train_loss": [0.6651785473028818, 0.6291205419434441, 0.5864406757884555, 0.5449160006311204, 0.5239525354570813, 0.510873544547293, 0.5014860779047012, 0.4972775098350313, 0.4960104674100876, 0.4943431599272622, 0.490822015537156, 0.4896416929033067, 0.4873337596654892, 0.48359681169192, 0.4837237712409761, 0.47970514992872876, 0.48171401355001664, 0.4796029378970464, 0.4791608668035931, 0.47681279480457306, 0.47748639351791805, 0.4734560367133882, 0.4727829313940472, 0.4728926420211792, 0.47183095912138623, 0.4721734540330039, 0.4720512363645766, 0.4732446190383699, 0.4680093394385444, 0.4712015241384506, 0.46887431376510197, 0.469874769449234, 0.46920013096597457, 0.46794240176677704, 0.4719463404681947, 0.46933243340916103, 0.46966413491302067, 0.4655866755379571, 0.46828441156281364, 0.46611430247624713, 0.46706730624039966, 0.4653184811274211, 0.46697146528297, 0.46484285096327466, 0.46655599607361686, 0.4646145933204227, 0.46563991407553357, 0.46526985698276097, 0.464643066128095, 0.46143732302718693], "val_loss": [0.6488215178251266, 0.610785648226738, 0.5686857402324677, 0.5413366258144379, 0.524084247648716, 0.5075171515345573, 0.5024166628718376, 0.4861746206879616, 0.488344706594944, 0.485554575920105, 0.48604390025138855, 0.480593740940094, 0.4850894585251808, 0.4749813452363014, 0.48000146448612213, 0.47844113409519196, 0.47960083931684494, 0.47499899566173553, 0.4729856997728348, 0.47710658609867096, 0.47380921244621277, 0.475668340921402, 0.4749869108200073, 0.4801853224635124, 0.4745234400033951, 0.4738984629511833, 0.4731534346938133, 0.47575564682483673, 0.47281597554683685, 0.47263237088918686, 0.47034238278865814, 0.4693797826766968, 0.46891551464796066, 0.4729068651795387, 0.46841084212064743, 0.4662860557436943, 0.472982220351696, 0.4692021980881691, 0.46767306327819824, 0.4616852328181267, 0.46588923782110214, 0.4680589437484741, 0.46902818232774734, 0.4638325572013855, 0.46695125102996826, 0.4624003991484642, 0.47017451375722885, 0.4637920558452606, 0.46954043209552765, 0.464802511036396]}