{"best_val": 0.4387998878955841, "train_loss": [0.6490166818394381, 0.5874587414311427, 0.5510090431746315, 0.5104780354920555, 0.4815836525430866, 0.46809108233919333, 0.4619877046229793, 0.45894108215967816, 0.4548266611847223, 0.45311199742205005, 0.4512037962090735, 0.44758114218711853, 0.44631890923369166, 0.4459385439461353, 0.4428477497661815, 0.44102794633192177, 0.4388935788005006, 0.43653830593707516, 0.43532930519066604, 0.4334414829226101, 0.43129364649454754, 0.4297390445774677, 0.4288520193567463, 0.4286429099008149, 0.42308520452648984, 0.42137381843492094, 0.42006473097146724, 0.4186323401974697, 0.41835180392452315, 0.41543538839209315, 0.4140937199779585, 0.412255631942375, 0.4105545042776594, 0.4082414320870942, 0.4065043388628492, 0.4048637034846287, 0.4022076550651999, 0.40155581983865474, 0.39935068756926295, 0.39791003863016766, 0.39569538364223406, 0.39382633274676754, 0.39206940695351244, 0.3914692635629691, 0.3888017827389287, 0.38651302456855774, 0.38460732324450625, 0.38297071293288587, 0.38146980954151527, 0.3794292380996779, 0.3784241980197383, 0.37694060802459717, 0.3745992008377524, 0.37336235420376646, 0.3712862899490431, 0.37134258887347055, 0.36833273780112175, 0.3664676231496474, 0.36536213930915384, 0.3626585620291093, 0.36112525766971065, 0.36088138059073804, 0.3591836474689783, 0.3568182979144302, 0.3571216037460402, 0.35498406314382364, 0.3517252399640925, 0.3512018264508715, 0.34998421633944793, 0.34759943567070306, 0.3458399503838782, 0.34438497938361823, 0.3435223038290061, 0.3422594713229759, 0.34024210186565623, 0.3378221158887826, 0.33813101228545694, 0.3351024915190304, 0.3350890720007466, 0.33471133077845855], "val_loss": [0.6076894402503967, 0.5751922347328879, 0.5360408967191522, 0.4982375827702609, 0.4793860831043937, 0.46974470669573004, 0.4660330279306932, 0.4657463079149073, 0.46655900099060754, 0.46056802435354754, 0.4614720209078355, 0.4579916840249842, 0.45879160274158826, 0.454684086821296, 0.4604709961197593, 0.4593104069883173, 0.45370320840315387, 0.4553764977238395, 0.45167542045766657, 0.4508627680214969, 0.4560375159437006, 0.450721645897085, 0.45306381583213806, 0.45317430658773944, 0.4490863193165172, 0.4508667669513009, 0.4521063972603191, 0.45453108982606366, 0.45016927881674335, 0.4508348351175135, 0.4511366405270316, 0.45292855121872644, 0.44574695554646576, 0.4480374130335721, 0.44939665360884234, 0.4492705328897996, 0.4518823840401389, 0.44707944447344, 0.4469852637160908, 0.4478477754376151, 0.4448300166563554, 0.45146165923638776, 0.4518911567601291, 0.4505933631550182, 0.44740438732233917, 0.4487593173980713, 0.45018666169860144, 0.4433022222735665, 0.446167222478173, 0.44226662679152057, 0.44242311878637836, 0.44230818206613715, 0.4490109113129703, 0.4432174861431122, 0.4444084113294428, 0.44181436842138117, 0.4429882954467427, 0.4424324171109633, 0.443214012817903, 0.44159636985171924, 0.44893299449573865, 0.4431322325359691, 0.44197334484620526, 0.4432897215539759, 0.4432622221383182, 0.44426484541459516, 0.44029202515428717, 0.44172492081468756, 0.4438525682145899, 0.4387998878955841, 0.43973266265609046, 0.4409665925936265, 0.4407506558028134, 0.4427652277729728, 0.44669690457257355, 0.44130778312683105, 0.44019805030389264, 0.4411876716397025, 0.4435292428190058, 0.44131347807970916]}