{"best_val": 0.4341585094278509, "train_loss": [0.6943205057405958, 0.6146380807839188, 0.5693399549699297, 0.5283281657041288, 0.4986515991828021, 0.48014404025732305, 0.47393687040198085, 0.47028130292892456, 0.467927953191832, 0.4655265001689686, 0.46353572431732626, 0.4643171751031689, 0.4603705067260593, 0.4604287702663272, 0.4596199182903065, 0.4583198282064176, 0.45831991819774404, 0.45612843831380206, 0.45513323066281336, 0.45460308533088833, 0.4524333196527818, 0.4521950974183924, 0.45084282872723597, 0.44953832147168177, 0.4484347163462171, 0.44820070558903263, 0.4463922492429322, 0.44635434770116617, 0.4436898056198569, 0.4416078124560562, 0.4417181821430431, 0.4409310852780062, 0.43923041166043747, 0.43938947249861326, 0.43648175164765, 0.4363597473677467, 0.43506940205891925, 0.43226729304182765, 0.431781156390321, 0.43177418498431935, 0.43081263642685086, 0.42893556110999165, 0.4275873630654578, 0.4269990360035616, 0.4263608893927406, 0.425108449716194, 0.42336709242241055, 0.42337308970152165, 0.42238176219603596, 0.41980164308173984, 0.4179050244537054, 0.4162321377034281, 0.41651829668119844, 0.4148324500111973, 0.41426220711539774, 0.41349195849661735, 0.41048584440175223, 0.4103618743372898, 0.4089103165794821, 0.406860607511857, 0.4061920923345229, 0.4052777968200983, 0.4026166989522822, 0.4021566177115721, 0.4008943923548156, 0.39995766679445904, 0.39682889218423884, 0.3977161645889282, 0.3952822971577738, 0.3972017811793907, 0.39245212954633374, 0.3932967758646198], "val_loss": [0.6220260804349725, 0.5767793547023427, 0.5360420454632152, 0.502011014656587, 0.4758006605235013, 0.46384797312996606, 0.4619583352045579, 0.45978404175151477, 0.459583580493927, 0.4602316374128515, 0.45940830490805884, 0.4581318606029857, 0.4564524563876065, 0.45584857192906464, 0.45656626332889905, 0.45483055168932135, 0.45412432605570013, 0.4540280049497431, 0.4532861086455258, 0.4525386962023648, 0.4540585387836803, 0.4519161581993103, 0.4525611319325187, 0.4493333561853929, 0.4509814002297141, 0.45102355967868457, 0.4496711709282615, 0.4496146765622226, 0.44920325550166046, 0.4510683498599313, 0.44824305176734924, 0.4465124932202426, 0.4484735077077692, 0.4454898102716966, 0.44565941528840497, 0.4468148702924902, 0.44325236027890985, 0.4461821805347096, 0.44604896957224066, 0.44490867853164673, 0.441134130412882, 0.4428548352284865, 0.4432633166963404, 0.4418465224179355, 0.44567752426320856, 0.4411283054135062, 0.4436516111547297, 0.43850625915960834, 0.4385461075739427, 0.4405696554617448, 0.43654107776555146, 0.4369111955165863, 0.43968636881221423, 0.44021786884828046, 0.4424689032814719, 0.43668964776125824, 0.4369299791075967, 0.43772602623159235, 0.4392380145463077, 0.4370508166876706, 0.4354521388357336, 0.4341585094278509, 0.43755070729689166, 0.4362330517985604, 0.43694295395504346, 0.4350055754184723, 0.43452891978350555, 0.436573708599264, 0.43855081363157794, 0.4385930462317033, 0.4365586530078541, 0.4346385950391943]}