{"best_val": 0.42033367265354504, "train_loss": [0.6573465711930219, 0.5911384972871518, 0.5540722193671208, 0.5190957054203632, 0.4902752778109382, 0.4698451669777141, 0.4619106118585549, 0.4549207225734112, 0.45177699362530427, 0.4502072521284515, 0.4467114940577862, 0.44477037004396025, 0.4452800294932197, 0.44138624621372596, 0.44091933147580015, 0.43724831704999884, 0.4374716498103796, 0.43544871842159943, 0.4327286090336594, 0.43239783597927467, 0.4316590404977985, 0.4293110545943765, 0.4271295906281939, 0.4244602445293875, 0.42379888599994137, 0.42097869047931596, 0.4208719923215754, 0.4189649148314607, 0.4167371818832323, 0.41452861007522135, 0.4131811337143767, 0.41205886707586403, 0.4102056090738259, 0.41035936392989814, 0.40713874732746796, 0.40569934248924255, 0.4040796984644497, 0.4026258546932071, 0.4008435741359112, 0.39996472117947596, 0.3971819404293509, 0.39662740744796454, 0.39351489029678643, 0.3930571961636637, 0.38964883427993924, 0.38798282719125937, 0.38625990643220787, 0.38561001945944395, 0.3831394706286636, 0.38084659798472537, 0.37942386374754067, 0.37783680417958426, 0.3757482509987027, 0.3751049024217269, 0.3736041129804125, 0.3696181762452219, 0.36875690256848054, 0.3674524923165639, 0.3655840427267785, 0.36425286180832805, 0.3632384088693881, 0.36076754857512083, 0.35871876337948966, 0.35740939308615294, 0.3552146735144596, 0.3550291487983629, 0.3527382057087094, 0.35134471047158333], "val_loss": [0.607674008066004, 0.5672802816737782, 0.5315111360766671, 0.4960512302138589, 0.4717091051014987, 0.4595783434130929, 0.4503415118564259, 0.44892168045043945, 0.45138118212873285, 0.44812319495461206, 0.4439005364071239, 0.44487734545360913, 0.4439239664511247, 0.44351439855315467, 0.4404269267212261, 0.44139128110625525, 0.4413140497424386, 0.43634000420570374, 0.43827528845180164, 0.44090058315883984, 0.4379284138029272, 0.4375798864798112, 0.4359364699233662, 0.43428240580992267, 0.4354863329367204, 0.43604479052803735, 0.43294843489473517, 0.4333581897345456, 0.43219237706877967, 0.43137779290025885, 0.4358767975460399, 0.4322233254259283, 0.43319503285668115, 0.4363634315404025, 0.4306154630400918, 0.43119263648986816, 0.4302760416811163, 0.4286605309356343, 0.4292500615119934, 0.42888996275988495, 0.4272518130865964, 0.4263023408976468, 0.42567059668627655, 0.42672155932946637, 0.42495518922805786, 0.42456102913076227, 0.42806927182457666, 0.4271675267002799, 0.4279493310234763, 0.4273882128975608, 0.42970642718401825, 0.42227764292196796, 0.4237080297686837, 0.42328895222056995, 0.42086975141005084, 0.4204160950400613, 0.4246052286841653, 0.42033367265354504, 0.42433018576015125, 0.42368204214356164, 0.4238537739623677, 0.42480426213958045, 0.42157670042731543, 0.42411674423651263, 0.42541302605108783, 0.42527457800778473, 0.42245082421736285, 0.421955100514672]}