{"best_val": 0.48581673204898834, "train_loss": [0.6296171380413903, 0.6084443032741547, 0.5898358921209971, 0.569582055012385, 0.5512000719706217, 0.5311569521824518, 0.5201041069295671, 0.5120915737417009, 0.5053546379009882, 0.5002379053168826, 0.4955015728871028, 0.4916793604691823, 0.49218767053551143, 0.4893627597226037, 0.4915145585934321, 0.48646621737215257, 0.4811559253268772, 0.4813648478852378, 0.4760587099525664, 0.47471942007541656, 0.471808554397689, 0.47111916210916305, 0.46799347963598037, 0.4698895778920915, 0.46546032196945614, 0.46457597447766197, 0.4625299705399407, 0.45965952840116286, 0.460998523566458, 0.4577527062760459, 0.4586978985203637, 0.45806898838943905, 0.46097398300965625, 0.45858779715167153, 0.45852820740805733, 0.45760573115613723, 0.45441275503900314, 0.4562084310584598, 0.45694492426183486, 0.4552105532752143, 0.4564061876800325, 0.460456187526385, 0.45501141746838886, 0.4526836590634452, 0.4534533503982756, 0.45360614856084186, 0.45511165095700157, 0.4569895135031806, 0.45548076430956524, 0.456772569153044, 0.45365428924560547, 0.45324743953016067, 0.45023729569382137], "val_loss": [0.6213174611330032, 0.6074538677930832, 0.5862496644258499, 0.5672229081392288, 0.5492357760667801, 0.5413388088345528, 0.5349392890930176, 0.5265279114246368, 0.5205725207924843, 0.5234357267618179, 0.5188528075814247, 0.5174444988369942, 0.5100407376885414, 0.5136709734797478, 0.5144300982356071, 0.5117810666561127, 0.5045685470104218, 0.5044780969619751, 0.505284994840622, 0.4998911917209625, 0.5062178671360016, 0.49324118345975876, 0.497761994600296, 0.4956340938806534, 0.4981519803404808, 0.4920871704816818, 0.4976454973220825, 0.5011878088116646, 0.4936497360467911, 0.49249304831027985, 0.4932844862341881, 0.5000441521406174, 0.49164143204689026, 0.5001766085624695, 0.49538274109363556, 0.48991337418556213, 0.4890393242239952, 0.49675288051366806, 0.489222414791584, 0.491066537797451, 0.4931628257036209, 0.4949197769165039, 0.48581673204898834, 0.4915025010704994, 0.4874362051486969, 0.49404457211494446, 0.48891161382198334, 0.49113576859235764, 0.4902808293700218, 0.4924137741327286, 0.49143052101135254, 0.48666418343782425, 0.49544646590948105]}