{"best_val": 0.49459364265203476, "train_loss": [0.692984852525923, 0.6897928747865889, 0.6864379147688547, 0.682839509513643, 0.6791890462239584, 0.6751463645034366, 0.671004980802536, 0.6664421127902137, 0.6614317927095625, 0.6560042235586379, 0.6498762468496958, 0.6437705920802222, 0.636515736579895, 0.6294482913282182, 0.6211031178633372, 0.6116263402832879, 0.6018345687124464, 0.592215875784556, 0.5815759102503458, 0.5731160740057627, 0.5645625160800086, 0.5582340856393179, 0.5527968191438251, 0.5454597307576073, 0.5427279654476378, 0.5379531747765012, 0.5339324772357941, 0.5297889841927422, 0.5262464682261149, 0.5241925799184375, 0.5220764031012853, 0.5217463539706336, 0.5156243642171224, 0.5135681066248152, 0.5105568319559097, 0.5053688436746597, 0.5027801576587889, 0.501953489250607, 0.497707756029235, 0.4991709341605504, 0.49837323029836017, 0.4917908592356576, 0.49191390971342724, 0.4897724820507897, 0.4892397009664112, 0.48587237464057076, 0.4838434060414632, 0.4784681664572822, 0.4821350160572264, 0.48112378683355117, 0.4784785161415736, 0.47571194999747807, 0.47669853104485405, 0.47443439728683895, 0.4764019217756059, 0.4754777169889874, 0.47397520475917393, 0.47395765284697217, 0.47111180424690247, 0.4738103697697322, 0.46844592359330917, 0.47105591495831806, 0.46894649498992497, 0.4692003130912781, 0.46923480265670353, 0.46868810885482365, 0.468724701139662, 0.4653635736968782, 0.4702131152153015, 0.4653838343090481, 0.46606851120789844, 0.46662382781505585, 0.4646463990211487, 0.46449455122152966, 0.462898098760181], "val_loss": [0.6914553642272949, 0.6884252578020096, 0.6852311193943024, 0.6815893799066544, 0.6783236265182495, 0.6742921024560928, 0.6703677922487259, 0.6660345941781998, 0.6610991358757019, 0.6550533324480057, 0.6503006964921951, 0.6440486460924149, 0.6372678130865097, 0.6294707655906677, 0.6216174066066742, 0.611454963684082, 0.6021025478839874, 0.5936116874217987, 0.5874284654855728, 0.5803570449352264, 0.5741019248962402, 0.5709467083215714, 0.564644530415535, 0.5563704073429108, 0.5568844228982925, 0.5566494166851044, 0.5582214072346687, 0.5441993698477745, 0.551545687019825, 0.5426411405205727, 0.5408261120319366, 0.5394786596298218, 0.5341059565544128, 0.5295579507946968, 0.5254363790154457, 0.5252975896000862, 0.5286514833569527, 0.5225804299116135, 0.5173305496573448, 0.5238520726561546, 0.5250496566295624, 0.5171812623739243, 0.5245982557535172, 0.5128125548362732, 0.5198571607470512, 0.5143825262784958, 0.5135760307312012, 0.5142281278967857, 0.509001836180687, 0.5122945755720139, 0.5164475291967392, 0.5147705748677254, 0.5119393020868301, 0.5107963308691978, 0.5115262418985367, 0.5057311877608299, 0.5069864317774773, 0.5128421485424042, 0.5135376900434494, 0.5088778361678123, 0.5115683600306511, 0.5019150152802467, 0.5149196237325668, 0.5060922876000404, 0.49459364265203476, 0.5025560855865479, 0.5117950215935707, 0.5077548027038574, 0.5147271454334259, 0.5116571485996246, 0.5041642934083939, 0.5041894242167473, 0.5012430772185326, 0.5058819055557251, 0.5003509148955345]}