{"best_val": 0.4798980876803398, "train_loss": [0.7257025142510732, 0.6989742053879632, 0.6764025621944003, 0.658473766512341, 0.6428862313429514, 0.6277104053232405, 0.6134820845392015, 0.59580154882537, 0.5853075385093689, 0.5772683454884423, 0.5694777071475983, 0.5657786362700992, 0.5622316367096372, 0.5588594774405161, 0.5553824537330203, 0.5526210798157586, 0.5512964377800623, 0.5531057549847497, 0.5466278112596936, 0.5487059089872572, 0.5442583858966827, 0.5461058666308721, 0.5427157531181971, 0.5420987986856036, 0.5421622594197592, 0.5394875754912695, 0.5392546322610643, 0.537185549736023, 0.5351241462760501, 0.5343079136477576, 0.5352849513292313, 0.5308893769979477, 0.532949310210016, 0.5317180520958371, 0.530513248509831, 0.532972494761149, 0.5286070803801218, 0.5338543338908089, 0.5275043845176697, 0.5292024728324678, 0.5274402913120058, 0.5263605846299065, 0.5251843134562174, 0.5246098736921946, 0.5253242320484586, 0.5238504393233193, 0.5238452835215462, 0.519466499487559, 0.5227751168939803, 0.5176272574398253, 0.5237315744161606, 0.5178208516703712, 0.5187466541926066, 0.51753597954909, 0.5141702112224367, 0.5155591550800536, 0.5190476328134537, 0.516699289282163, 0.5139109277062945, 0.5146582590209113], "val_loss": [0.6433092057704926, 0.6281047314405441, 0.6167322099208832, 0.6034355908632278, 0.5952513962984085, 0.5850485116243362, 0.57125623524189, 0.5574111789464951, 0.5504574030637741, 0.5455153807997704, 0.5385447889566422, 0.5321956127882004, 0.5275890603661537, 0.5262339189648628, 0.5201142057776451, 0.5156484395265579, 0.5190654844045639, 0.5131088942289352, 0.5141396075487137, 0.5189806446433067, 0.5133355259895325, 0.5140097737312317, 0.5114612355828285, 0.5021310374140739, 0.5090795084834099, 0.5061826184391975, 0.5051009804010391, 0.5053491815924644, 0.5102981701493263, 0.5006517842411995, 0.49978187680244446, 0.5013098493218422, 0.49845633655786514, 0.5006236135959625, 0.4972626268863678, 0.49850450456142426, 0.4960419684648514, 0.4961489886045456, 0.505965955555439, 0.49048861116170883, 0.48908262699842453, 0.4965255856513977, 0.49544692039489746, 0.4997270628809929, 0.49020718038082123, 0.4931163936853409, 0.49381404370069504, 0.4914800077676773, 0.4902791678905487, 0.4798980876803398, 0.4874536693096161, 0.48732955753803253, 0.4918034300208092, 0.48449189960956573, 0.48156144469976425, 0.4857211410999298, 0.48963000625371933, 0.4853321686387062, 0.48202597349882126, 0.48328761011362076]}