{"best_val": 0.43531687422232196, "train_loss": [0.7061119512015698, 0.644685333850337, 0.596533432895062, 0.575889999959983, 0.5613383399505242, 0.5478497334555084, 0.5332860409044752, 0.519228925891951, 0.5050429485592187, 0.49189027150472003, 0.4812823779442731, 0.4745957214458316, 0.46872756586355324, 0.46550117345417247, 0.4624836450698329, 0.4602734084222831, 0.45900338128501295, 0.45931288658403885, 0.45734356256092296, 0.45602094133694965, 0.45614950855573017, 0.45452315725532233, 0.45549549775965076, 0.454933330708859, 0.4540412636364208, 0.45326337276720535, 0.45258989696409185, 0.45291232361513023, 0.4515387795719446, 0.4515363433781792, 0.45241982270689574, 0.4510539261733784, 0.4514429201098049, 0.4507143801333858, 0.4501338577737995, 0.45006488351260915, 0.45026617131981195, 0.4500250535852769, 0.44992628927324335, 0.4489436319061354, 0.4483004954515719, 0.4474501714986913, 0.44898808645267113, 0.44792484711198244, 0.446857469923356, 0.4478507824972564, 0.44739962325376625, 0.44742143154144287, 0.4467243815169615, 0.445859376706329, 0.4462277205551372, 0.4444831300015543, 0.4448971041277343, 0.44546498738083184, 0.4441758131279665], "val_loss": [0.6636354435573925, 0.6006068424745039, 0.5658109079707753, 0.5524783730506897, 0.5391042828559875, 0.5245413238351996, 0.5121326852928508, 0.49762381477789447, 0.48245769197290594, 0.4700191779570146, 0.46261580965735694, 0.45376927744258533, 0.44938182018019934, 0.44519148902459577, 0.445437108928507, 0.44256170229478314, 0.4417184049432928, 0.44129672104662115, 0.4406178214333274, 0.4404924593188546, 0.44121193614873017, 0.440109057859941, 0.440705424005335, 0.43912829052318225, 0.4409883293238553, 0.4404719824140722, 0.43991929292678833, 0.43865523825992236, 0.4381288127465682, 0.43688321113586426, 0.4365728118202903, 0.43674332716248254, 0.43865174326029693, 0.4389440498568795, 0.43862336061217566, 0.43845242261886597, 0.43695827505805274, 0.4380998367613012, 0.44062961502508685, 0.4385194074023854, 0.43640471588481555, 0.4380281459201466, 0.437915793874047, 0.4366010671312159, 0.43531687422232196, 0.4390206309882077, 0.43710952455347235, 0.4365931668064811, 0.43750347874381323, 0.4373884986747395, 0.4376672994006764, 0.43875706737691705, 0.43801634961908514, 0.43596355481581256, 0.4365540769967166]}