{"best_val": 0.4789142906665802, "train_loss": [0.7149439685874515, 0.6965649127960205, 0.6759300397502052, 0.649999565548367, 0.6215723388724856, 0.5906152725219727, 0.5623934749099944, 0.5452317777607176, 0.5337044166194068, 0.5235119114319483, 0.5200361741913689, 0.5165486219856474, 0.5142228421237733, 0.5150113917059369, 0.5123221427202225, 0.5082079569498698, 0.5055461310678058, 0.505419812268681, 0.5025193509128358, 0.5042129688792758, 0.49779635336663985, 0.5000202457110087, 0.49935512741406757, 0.49908237987094456, 0.4963815708955129, 0.49610956841044956, 0.4928148471646839, 0.49253685275713605, 0.49425450298521256, 0.49373957018057507, 0.49284439120027757, 0.4906240122185813, 0.4917807910177443, 0.49019526441891986, 0.48803237411710954, 0.48963339295652175, 0.4879719333516227, 0.48402805626392365, 0.48943089776568943, 0.4828054540687137, 0.48244768546687233, 0.4875625918308894, 0.4807072612974379, 0.48406945831245846, 0.4817714707718955, 0.48503585490915513, 0.48007429473929936, 0.4797088983986113, 0.4791037258174684, 0.47793133391274345, 0.4777941240204705, 0.477006733417511, 0.4777442001634174, 0.48022764258914524, 0.47743188672595555, 0.47755715250968933, 0.4766891582144631, 0.4750647362735536, 0.4769478821092182, 0.4766807191901737, 0.4752840879890654, 0.47227782176600563, 0.4742245260212157, 0.47085853417714435, 0.47479601866669124, 0.47462356587251026, 0.4726835870080524, 0.4719078458017773, 0.47062455614407855, 0.4727674027283986], "val_loss": [0.6900388300418854, 0.672672227025032, 0.6525631844997406, 0.6270615458488464, 0.598282977938652, 0.5732048153877258, 0.5530023276805878, 0.5466300398111343, 0.5346015989780426, 0.5270421132445335, 0.5301411226391792, 0.5186375007033348, 0.5150319263339043, 0.5074081495404243, 0.5147813931107521, 0.5090909749269485, 0.5045477747917175, 0.5038458928465843, 0.5014359056949615, 0.5054306983947754, 0.5052632838487625, 0.5033442229032516, 0.49889133125543594, 0.505435436964035, 0.49606411904096603, 0.49817055463790894, 0.49308741837739944, 0.49953842908143997, 0.491851769387722, 0.49521883577108383, 0.49473321437835693, 0.49564187973737717, 0.49301017820835114, 0.49165254086256027, 0.4859893023967743, 0.49546051770448685, 0.49150464683771133, 0.49060097336769104, 0.48973415046930313, 0.48676247894763947, 0.49108370393514633, 0.4838820993900299, 0.48887092620134354, 0.48451293259859085, 0.48755577206611633, 0.48875346779823303, 0.4849179685115814, 0.48649032413959503, 0.4845731407403946, 0.48728711158037186, 0.4860016629099846, 0.4812275096774101, 0.4812225177884102, 0.48693474382162094, 0.48654771596193314, 0.4848853126168251, 0.487363763153553, 0.49301886558532715, 0.4874573051929474, 0.4789142906665802, 0.490109458565712, 0.4948282688856125, 0.485270731151104, 0.48999545723199844, 0.48610201478004456, 0.4919626861810684, 0.4917617291212082, 0.48755893856287, 0.4846462458372116, 0.49043770134449005]}