{"best_val": 0.48823368549346924, "train_loss": [0.8074472116099464, 0.7778023183345795, 0.750215083360672, 0.7233577072620392, 0.6947334243191613, 0.6620023912853665, 0.6288706792725457, 0.598636140426, 0.5683727131949531, 0.549328163266182, 0.5371639215283923, 0.5234457966354158, 0.5165062331491046, 0.5117871363957723, 0.5069866213533614, 0.5007083714008331, 0.49517713156011367, 0.48768709268834853, 0.4868058529165056, 0.4828798721234004, 0.48024899429745144, 0.4771424349811342, 0.47282371256086564, 0.4733274132013321, 0.47330353326267666, 0.4696749630901549, 0.47240899834367966, 0.4674660513798396, 0.46640251245763564, 0.46452536351150936, 0.46329179406166077, 0.46508539385265774, 0.46319639186064404, 0.46021664804882473, 0.46125881373882294, 0.4585733132229911, 0.46145989497502643, 0.45846934119860333, 0.4559912035862605, 0.46092251936594647, 0.4562106678883235, 0.45434527264700997, 0.4561732742521498, 0.45368850065602195, 0.4544566488928265, 0.4556497467888726, 0.45469877620538074, 0.4515209413237042, 0.4525132113032871, 0.4540090925163693, 0.45165488289462197, 0.450444585747189, 0.45477764639589524, 0.45307910442352295], "val_loss": [0.7837186455726624, 0.7552257627248764, 0.7312886416912079, 0.7058370113372803, 0.6764650493860245, 0.6445653885602951, 0.6141792088747025, 0.5861139446496964, 0.568092867732048, 0.553164079785347, 0.5415733158588409, 0.5413579344749451, 0.5330258011817932, 0.5315592065453529, 0.5266708135604858, 0.5261046066880226, 0.5157866775989532, 0.5115617588162422, 0.5166149586439133, 0.5064695999026299, 0.5113961845636368, 0.5115806460380554, 0.49893420189619064, 0.5138579457998276, 0.5032820329070091, 0.5071014165878296, 0.5042930170893669, 0.5053525120019913, 0.5045559480786324, 0.5013196840882301, 0.49713265150785446, 0.5019218102097511, 0.5012307912111282, 0.5000964775681496, 0.4975883662700653, 0.5005388706922531, 0.49843406677246094, 0.4975280240178108, 0.4936821013689041, 0.49529314786195755, 0.4905533567070961, 0.49564727395772934, 0.49832502752542496, 0.48823368549346924, 0.4929872304201126, 0.4947084113955498, 0.4939340353012085, 0.4992293566465378, 0.49275635182857513, 0.49043718725442886, 0.49404827505350113, 0.49705930054187775, 0.48908115178346634, 0.4887870252132416]}