{"best_val": 0.47236235304312274, "train_loss": [0.7148054534313726, 0.6353948864282346, 0.591123244341682, 0.5691384614682665, 0.5449218855184668, 0.5170145408779967, 0.4942426173125996, 0.47804006817294104, 0.46855471473114163, 0.46452485580070346, 0.46132668794370163, 0.4610335896996891, 0.45823999947192623, 0.45816125121771123, 0.4583551094812505, 0.4567682491798027, 0.4572903689216165, 0.4558045484271704, 0.45459456420412253, 0.45384861324347703, 0.45224514019255546, 0.45163048482408713, 0.451419439385919, 0.45067863137114283, 0.4497581919034322, 0.44753381317737057, 0.44808865294736977, 0.44705688369040397, 0.44590183683470186, 0.4454119871644413, 0.445766793162215, 0.44313981135686237, 0.44352353495710034, 0.44193663199742633, 0.4415690501530965, 0.43960149673854604, 0.4378090974162607, 0.43939345140083164, 0.4373056841831581, 0.43586471852134256, 0.43550625501894485, 0.434474648213854, 0.4335090097259073, 0.433755765358607, 0.43264904735135096, 0.43125343790241316, 0.43209704464557125, 0.43023163489266936, 0.42991923759965334, 0.42894523693066017, 0.4280315327878092, 0.42673216906248357], "val_loss": [0.6587981364943765, 0.6034262017770247, 0.5824805389751088, 0.5640664154833014, 0.5409266488118605, 0.5199608586051248, 0.5019046447493813, 0.4921641024676236, 0.48790461366826837, 0.4847154969518835, 0.48248273405161773, 0.48443960872563446, 0.4860020794651725, 0.48319715532389557, 0.48251703110608185, 0.4815813113342632, 0.48260244727134705, 0.48173857548020105, 0.48145839842883026, 0.4803407246416265, 0.48369972814213147, 0.482624351978302, 0.48070779171856964, 0.48045863888480445, 0.4780523885380138, 0.4846178645437414, 0.4822728688066656, 0.48036817799914966, 0.478604720397429, 0.4781292839483781, 0.4801784970543601, 0.47715222564610565, 0.4798535325310447, 0.4847275804389607, 0.4765640144998377, 0.4761634712869471, 0.4771777255968614, 0.4779535044323314, 0.47968770969997754, 0.47539031776514923, 0.47546310316432605, 0.47236235304312274, 0.4770740568637848, 0.47414258935234765, 0.47456029599363153, 0.4743893363259055, 0.475557340817018, 0.477244035764174, 0.4728863808241757, 0.47388033162463794, 0.47525348446585913, 0.47368874874981964]}