{"best_val": 0.46849983117797156, "train_loss": [0.6599299082389245, 0.6081123971022092, 0.5844599873973773, 0.5683160086090748, 0.5500034821721224, 0.5255382657051086, 0.5034612738169156, 0.4863813605446082, 0.4751077810159096, 0.46896654539383376, 0.465604804456234, 0.46424649483882463, 0.4606596924937688, 0.46267108676525265, 0.4607064299858533, 0.46086084899994045, 0.45879912548340285, 0.4566935289364595, 0.4577069855653323, 0.4575882875002347, 0.4584469743646108, 0.4587136088655545, 0.4564538569404529], "val_loss": [0.6216588562185114, 0.5884869423779574, 0.5727700049226935, 0.5556493157690222, 0.5369062559171156, 0.5149403024803508, 0.49749328060583636, 0.4826020164923234, 0.4732240248810161, 0.4758490811694752, 0.47396943785927514, 0.46953946352005005, 0.46849983117797156, 0.4713879173452204, 0.4710349711504849, 0.47092276540669525, 0.4709380269050598, 0.4695335464044051, 0.4690482887354764, 0.46898043155670166, 0.47260448607531463, 0.4696114252914082, 0.4715881591493433]}