{"best_val": 0.4755619242787361, "train_loss": [0.614030636019177, 0.592902680238088, 0.5679249101214938, 0.5512421511941485, 0.5338118341233995, 0.5249580062097974, 0.5216337343056997, 0.5132056905163659, 0.5082415458228853, 0.5060107972886827, 0.5031874544090695, 0.4993406269285414, 0.5009566181235843, 0.4991825670003891, 0.4953604009416368, 0.4925841341416041, 0.4907723102304671, 0.48611932661798263, 0.4888274073600769, 0.486640022860633, 0.4855568508307139, 0.4855044302013185, 0.4868747095266978, 0.48727026250627303, 0.4859982397821214, 0.4855218645599153, 0.4893261690934499, 0.4801999032497406, 0.48280235628287, 0.4798443913459778, 0.4825177275472217, 0.479885059926245, 0.47609534362951916, 0.47980516652266186, 0.47922481927606797, 0.48020877771907383, 0.4794170558452606], "val_loss": [0.6016097217798233, 0.5780740082263947, 0.5423155426979065, 0.5330141633749008, 0.5231151282787323, 0.515431135892868, 0.5105376169085503, 0.5104342475533485, 0.5039514824748039, 0.5029293820261955, 0.499286949634552, 0.4949818253517151, 0.4961704835295677, 0.49085673689842224, 0.4895668774843216, 0.4889383167028427, 0.4875608757138252, 0.4923112466931343, 0.4817057177424431, 0.4872859790921211, 0.48238013684749603, 0.4779893681406975, 0.4874306544661522, 0.4802328497171402, 0.48259615898132324, 0.4803224578499794, 0.4755619242787361, 0.4903964623808861, 0.4816949591040611, 0.488945834338665, 0.4830453097820282, 0.4832526743412018, 0.4799092561006546, 0.48689766228199005, 0.48657190054655075, 0.48063939064741135, 0.47651851177215576]}