{"best_val": 0.4822125658392906, "train_loss": [0.7077437043190002, 0.6949199835459391, 0.6832013262642754, 0.6726159155368805, 0.6618418925338321, 0.6510886384381188, 0.6410334474510617, 0.6334330207771726, 0.6275711953639984, 0.6228583289517297, 0.6167834566699134, 0.6105974515279134, 0.6067084504498376, 0.5998549593819512, 0.593488934967253, 0.5900956061151292, 0.585613340139389, 0.5773483680354224, 0.5718178417947557, 0.5678598086039225, 0.5602910485532548, 0.5551012224621243, 0.5503197312355042, 0.5466676321294572, 0.5406447582774692, 0.5358037054538727, 0.5321719315316942, 0.5280291769239638, 0.5257751163509157, 0.5213225765360726, 0.5156671123372184, 0.5135160386562347, 0.512648794386122, 0.512580480840471, 0.5087040828333961, 0.5091469900475608, 0.5103908826907476, 0.5064899639950858, 0.5041693382793002, 0.5054610156350665, 0.5039920442634158, 0.5016983383231692, 0.4981762021780014, 0.49994965891043347, 0.4989306479692459, 0.49447358316845363, 0.49993790520562065, 0.4945942163467407, 0.4984300053781933, 0.4979970090919071, 0.4993551903300815, 0.4974808113442527, 0.49568841854731244, 0.49759174552228713, 0.4942670563856761, 0.4919784582323498, 0.4971388810210758, 0.4965897533628676, 0.4959263652563095, 0.4941421581639184, 0.4934449676010344, 0.4922369023164113, 0.49016571707195705, 0.48985689712895286], "val_loss": [0.6512824296951294, 0.6451127976179123, 0.6403734683990479, 0.6341227740049362, 0.6284176260232925, 0.6234476417303085, 0.6187702417373657, 0.6138989180326462, 0.6108789443969727, 0.606564462184906, 0.5996892303228378, 0.5936620980501175, 0.5894584208726883, 0.5826001316308975, 0.5766302049160004, 0.569488525390625, 0.5605736374855042, 0.5576091706752777, 0.5517362505197525, 0.5488933771848679, 0.5474613308906555, 0.5401978343725204, 0.5295169278979301, 0.5315667986869812, 0.5203345194458961, 0.5195248797535896, 0.5155246704816818, 0.5182439759373665, 0.5106317773461342, 0.5088754743337631, 0.5041797384619713, 0.505344845354557, 0.505733884871006, 0.49545807391405106, 0.5027501210570335, 0.4982832297682762, 0.4976009875535965, 0.49760475754737854, 0.48901479691267014, 0.4936178848147392, 0.49160074442625046, 0.4922289103269577, 0.4880375638604164, 0.4917922243475914, 0.4914272874593735, 0.4906524568796158, 0.4979373514652252, 0.49570246785879135, 0.4951208010315895, 0.48599932342767715, 0.48603587597608566, 0.48315174877643585, 0.4914441928267479, 0.4822125658392906, 0.48444540798664093, 0.4956096336245537, 0.48292431980371475, 0.48510102927684784, 0.48352743685245514, 0.48339635133743286, 0.482731893658638, 0.4858516976237297, 0.4887413904070854, 0.48488951474428177]}