{"best_val": 0.442719584161585, "train_loss": [0.6979909176919975, 0.6286532797065436, 0.5937271340220582, 0.5721265036685794, 0.5474138890995699, 0.5096873500767876, 0.4825497567653656, 0.4688050741074132, 0.4651391605536143, 0.4632711065750496, 0.46258431614614, 0.46112346766041773, 0.4589573419561573, 0.4589030596555448, 0.459718502035328, 0.4562932393130134, 0.45599593134487376, 0.45532269980393203, 0.45537310604955633, 0.45434025806539197, 0.45254356896176057, 0.45268889385111194, 0.4518476198701298, 0.4514397511295244, 0.44895418075954213, 0.44895147868231233, 0.44817259264927284, 0.44705471922369566, 0.44652154048283893, 0.44601737576372485, 0.4435099877563177, 0.4424708865436853], "val_loss": [0.6494714021682739, 0.5844765197147023, 0.5626108646392822, 0.5429043173789978, 0.5108093294230375, 0.4720170660452409, 0.45226634361527185, 0.4468565854159268, 0.4463446655056693, 0.44428912888873706, 0.4451323720541867, 0.44577929919416254, 0.44391094825484534, 0.4439783042127436, 0.44380210746418347, 0.44437453150749207, 0.44478614221919666, 0.4432049474932931, 0.44431578571146185, 0.4431097155267542, 0.4431942782618783, 0.442719584161585, 0.4432702768932689, 0.4449121085080234, 0.44501217386939307, 0.4455632133917375, 0.44432544708251953, 0.4444492757320404, 0.4463875943964178, 0.44481466846032575, 0.44333111427047034, 0.44602085785432294]}