{"best_val": 0.5422617673873902, "train_loss": [0.7002650363878771, 0.6977315247058868, 0.6954514899037101, 0.6931173584677957, 0.6904532530091025, 0.6869969801469282, 0.6821863786740736, 0.6763104200363159, 0.6686621552163904, 0.6595308916135267, 0.6492484889247201, 0.6384098448536613, 0.6275008700110696, 0.6166541684757579, 0.6061239594762976, 0.596356139941649, 0.5874751941724257, 0.5792198452082548, 0.5723211711103265, 0.5661925836042925, 0.560899409380826, 0.5569677352905273, 0.553877594796094, 0.5521082796833732, 0.5498537800528787, 0.5485114292664961, 0.5470326353203167, 0.5468655662103132, 0.5462095154957338, 0.5452194864099676, 0.5452246205373243, 0.544887361201373, 0.5451058040965687, 0.5445284680886702, 0.5442719161510468, 0.5437805327502164, 0.5434212982654572, 0.5436362407424233, 0.5436690991575067, 0.5438475879755887, 0.5435369312763214, 0.5436357503587549, 0.5430728684772145, 0.5429853851144965, 0.5430812618949197, 0.5427897464145314, 0.54297797517343, 0.5428968816995621, 0.54306206649, 0.542640669779344, 0.5424689122221686, 0.5426268062808297, 0.5426525283943523, 0.5425925877961245, 0.5426635999571193, 0.5430199083956805, 0.5425200245597146, 0.542462174188007, 0.5421549867499958, 0.5424066565253518, 0.5423723824999549, 0.5423877916552804, 0.5424873774701898, 0.5426663268696178, 0.5423698723316193, 0.5425536713816903, 0.5422158783132379], "val_loss": [0.7025096178054809, 0.6995518922805786, 0.6972980856895447, 0.6941691517829895, 0.6906349897384644, 0.68645099401474, 0.681562077999115, 0.6746807932853699, 0.666477906703949, 0.6560393929481506, 0.6464196443557739, 0.6337276697158813, 0.6243193984031677, 0.6124322056770325, 0.6037911415100098, 0.5947385191917419, 0.5846128106117249, 0.5768989562988281, 0.5703527212142945, 0.5650277256965637, 0.5601415872573853, 0.5595184206962586, 0.5551478862762451, 0.551779842376709, 0.5491952538490296, 0.5509678959846497, 0.5499122262001037, 0.5492867588996887, 0.5497004389762878, 0.5475702047348022, 0.5465393185615539, 0.5454818129539489, 0.5495051383972168, 0.545800757408142, 0.5453909277915955, 0.5444641590118409, 0.5460506796836853, 0.5430570483207703, 0.546826159954071, 0.5434101462364197, 0.5442969322204589, 0.5451524019241333, 0.5428899765014649, 0.5436683297157288, 0.5458140969276428, 0.5437235355377197, 0.5456957697868348, 0.542393708229065, 0.5447394251823425, 0.5444990754127502, 0.5464564323425293, 0.5450245261192321, 0.5471757888793946, 0.5436323285102844, 0.5437196135520935, 0.5443225622177124, 0.5422617673873902, 0.5449311256408691, 0.5444399952888489, 0.5424094915390014, 0.5441033601760864, 0.5457074642181396, 0.5460463047027588, 0.5449794888496399, 0.5431711196899414, 0.5453683972358704, 0.5435922145843506]}