{"best_val": 0.4715324714779854, "train_loss": [0.6868835323386722, 0.682148708237542, 0.6775360272990333, 0.6730992131763034, 0.6678390999635061, 0.6625221802128686, 0.6566520664427016, 0.6503244539101919, 0.6427534686194526, 0.6336900591850281, 0.6247558262613084, 0.6136018865638309, 0.6024215618769327, 0.5898905926280551, 0.5793836779064603, 0.5689132842752669, 0.5608577794498868, 0.5534272028340234, 0.548372757103708, 0.5448139641020033, 0.5376032359070249, 0.534546340505282, 0.5278625107473798, 0.5249225546916326, 0.5203831328286065, 0.5168303019470639, 0.5121536701917648, 0.5078377574682236, 0.5032390074597465, 0.5031738877296448, 0.5007059839036729, 0.49588582250807023, 0.4942250996828079, 0.4908541821771198, 0.48901136219501495, 0.4885495636198256, 0.4853155314922333, 0.48233774138821495, 0.47897714707586503, 0.4801078786452611, 0.4774676130877601, 0.4777999454074436, 0.47721955014599693, 0.4763299971818924, 0.4781481987900204, 0.4726351814137565, 0.4759288446770774, 0.4736449718475342, 0.46994901531272465, 0.46982132063971627, 0.47218554549747044, 0.4689435015122096, 0.4710564480887519, 0.4685194558567471, 0.4687635964817471, 0.46862413816981846, 0.46711745195918614, 0.4647025681204266, 0.46393657227357227, 0.4637826234102249, 0.46543721192412907, 0.46410177648067474, 0.4613689465655221, 0.4642927232715819, 0.466107373436292, 0.4609687825043996, 0.4606226947572496, 0.4659908215204875, 0.4628042976061503, 0.4626833697160085, 0.45908665822611916, 0.45878243777487016, 0.4599059108230803, 0.4620838016271591, 0.4602171679337819, 0.4586069915029738, 0.4554247210423152, 0.45838570098082226, 0.4582798530658086, 0.46235502925184035, 0.45918605393833584, 0.4575166255235672, 0.4561779499053955, 0.4586443569925096, 0.4558560732338164, 0.4559932351112366, 0.4580541816022661, 0.45706508060296375], "val_loss": [0.685994490981102, 0.6820022761821747, 0.6777571588754654, 0.6741016358137131, 0.6692719012498856, 0.6647865176200867, 0.6593551784753799, 0.6545700430870056, 0.6477541923522949, 0.6404926776885986, 0.6333387941122055, 0.6256196796894073, 0.6154694110155106, 0.6081601530313492, 0.6075962781906128, 0.5986941456794739, 0.5908531695604324, 0.5896881222724915, 0.5862210690975189, 0.5872164517641068, 0.581671953201294, 0.571564108133316, 0.5695800632238388, 0.5637901127338409, 0.562865138053894, 0.5637825131416321, 0.5554262846708298, 0.5534449070692062, 0.5535241439938545, 0.5387373715639114, 0.5438216924667358, 0.5347905457019806, 0.5344943702220917, 0.530678778886795, 0.5259151756763458, 0.5237214490771294, 0.520672395825386, 0.515349343419075, 0.5203029364347458, 0.5212911367416382, 0.5067604258656502, 0.5130587667226791, 0.511557973921299, 0.5061053484678268, 0.5020918771624565, 0.5023892596364021, 0.507937915623188, 0.5065883919596672, 0.4998529553413391, 0.5013833194971085, 0.502712607383728, 0.4998263418674469, 0.4972281977534294, 0.4950760379433632, 0.4941607266664505, 0.4994295686483383, 0.4920749142765999, 0.5010229423642159, 0.48922883719205856, 0.48919159173965454, 0.49056771397590637, 0.4921483248472214, 0.4916185066103935, 0.4887454956769943, 0.4845983311533928, 0.4922148287296295, 0.4789418652653694, 0.4855522960424423, 0.48343612998723984, 0.4818982183933258, 0.484096996486187, 0.48790498822927475, 0.4782893657684326, 0.47653529047966003, 0.4820626601576805, 0.481278158724308, 0.48381419479846954, 0.4715324714779854, 0.47592680156230927, 0.4763406440615654, 0.47736652940511703, 0.47660326957702637, 0.47554338723421097, 0.48297999799251556, 0.4747045636177063, 0.4743596613407135, 0.47778482735157013, 0.47733621299266815]}