{"best_val": 0.5125662460923195, "train_loss": [0.680831081337399, 0.6443159977595011, 0.6022629042466482, 0.5581313222646713, 0.5399086309803857, 0.5236913876401054, 0.5131699724329842, 0.5089110549953249, 0.5055684397617976, 0.5021260844336616, 0.5006375643942091, 0.5003031144539515, 0.49916139410601723, 0.4958602140347163, 0.4945685929722256, 0.4908463888698154, 0.4946162799994151, 0.49039651950200397, 0.489927707446946, 0.4884687562783559, 0.49180761807494694, 0.4891381909449895, 0.49089593026373124, 0.4870108581251568, 0.49034494161605835, 0.4880397601260079, 0.4865866121318605, 0.4893524679872725, 0.48910076253943974, 0.4870169427659776, 0.4886809637149175, 0.48687494960096145, 0.4825366652674145, 0.4865001440048218, 0.48416779273086125, 0.4861663712395562], "val_loss": [0.6665338575839996, 0.6320391297340393, 0.5945165455341339, 0.5640497803688049, 0.5561882704496384, 0.5449869111180305, 0.5390938892960548, 0.5377433896064758, 0.5276423171162605, 0.5326947197318077, 0.5236381441354752, 0.5313614308834076, 0.5272775515913963, 0.5217341482639313, 0.5230003446340561, 0.5213418155908585, 0.520017996430397, 0.5302414372563362, 0.5225318893790245, 0.5180071443319321, 0.5219190642237663, 0.5224163681268692, 0.5210412293672562, 0.52308389544487, 0.524764746427536, 0.5125662460923195, 0.5178007408976555, 0.5200111418962479, 0.5216739475727081, 0.5169562101364136, 0.518463596701622, 0.5174147710204124, 0.5151892676949501, 0.5149453580379486, 0.5191360116004944, 0.5215225294232368]}