{"best_val": 0.4692844938148152, "train_loss": [0.757102813206467, 0.7087712778764612, 0.6576819034183726, 0.6125263817170087, 0.5923110632335439, 0.5788700755904702, 0.5632355844273287, 0.5472960179927302, 0.5318839912321053, 0.5165126212671691, 0.5026204515905941, 0.49183790707120706, 0.4820149780488482, 0.47574785643932865, 0.46956181175568523, 0.46598286605348777, 0.4628959461754444, 0.462472085274902, 0.46054164860762803, 0.45968906727491643, 0.45888585553449746, 0.45843907197316486, 0.45623836914698285, 0.4567950391301922, 0.45585496051638735, 0.4559593773355671, 0.4547855328111088, 0.4537137390351763, 0.45389749372706695, 0.45286816183258505, 0.4533194753469205, 0.4518934172742507, 0.4523968836840461, 0.4507822108034994, 0.4506129803610783, 0.4510655712847616, 0.45166926465782464, 0.45062632186740054, 0.44959550453167335, 0.44982585661551533, 0.44897925444677766, 0.4493486156650618, 0.4482974661331551, 0.4480186665759367, 0.44886158319080577, 0.4475553643469717, 0.44718483265708475, 0.4474671412916744, 0.44652849844857756, 0.4465283909264733, 0.4468344905797173, 0.4460034189270992, 0.4457813927940294, 0.44589536213407327, 0.4460128908063851, 0.44460879996711133, 0.4461108130567214, 0.4454675690800536, 0.44561053257362515, 0.44492772046257467, 0.44418686219290193, 0.4435766824320251, 0.44272515411470453, 0.44351857900619507, 0.4426663804288004, 0.44290411822936115, 0.4432886733728297, 0.4413275981650633, 0.44173741808124617], "val_loss": [0.7173424471508373, 0.6755145571448586, 0.6283033435994928, 0.6013771729035811, 0.5875639536164023, 0.5767132639884949, 0.5602409243583679, 0.5466789711605419, 0.5312088538299907, 0.518850180235776, 0.50928349386562, 0.4990780976685611, 0.49346180937506934, 0.4882868501273068, 0.4840279682116075, 0.48285597833720123, 0.48059189861471, 0.4807021780447526, 0.4798497422174974, 0.47643822702494537, 0.47885838692838495, 0.4792569794438102, 0.4785787246444009, 0.48044329610737885, 0.47767972404306586, 0.478569122877988, 0.47680077769539575, 0.4789981516924771, 0.476360177451914, 0.47547660632566974, 0.47579852559349756, 0.47570265152237634, 0.4745528345758265, 0.47635142369703815, 0.4748723561113531, 0.4760144840587269, 0.4757918254895644, 0.4736846956339749, 0.474937303499742, 0.4746446826241233, 0.4739355607466264, 0.4765879674391313, 0.47338020259683783, 0.47436838529326697, 0.47378972985527734, 0.4743662286888469, 0.47137265042825177, 0.4716403972018849, 0.47365160150961444, 0.47214980829845776, 0.4725552905689586, 0.47452021728862415, 0.4735341044989499, 0.4718639281663028, 0.4723984409462322, 0.47149111465974286, 0.4708974469791759, 0.4745578007264571, 0.4692844938148152, 0.4705990959297527, 0.47050331939350476, 0.47185512022538617, 0.472242610021071, 0.47008746591481293, 0.47139216553081165, 0.471923828125, 0.47155294906009326, 0.47061149640516803, 0.47009376233274286]}