{"best_val": 0.4367780197750438, "train_loss": [0.7325975205384049, 0.7028709346172857, 0.6694960956479988, 0.6312887645235249, 0.6035515712756737, 0.5877195859656614, 0.5777886930633994, 0.5678654681233799, 0.5599306406928044, 0.5489478970275206, 0.5388639335538826, 0.5283767329711541, 0.5149370729923248, 0.5046021079315859, 0.4968222572523005, 0.4893396280559839, 0.4824868230258717, 0.477304874681959, 0.4742806787584342, 0.4708191553751628, 0.4673249341693579, 0.465022801768546, 0.4645630086169523, 0.46190935723921833, 0.46057115758166595, 0.45944097053770927, 0.4594300102953817, 0.45791956782341003, 0.45859767759547515, 0.4570966923938078, 0.45594589733609964, 0.4555767137630313, 0.4557548323098351, 0.4554325511642531, 0.45414407755814346, 0.45247875358544143, 0.45369590789664027, 0.45271244177631303, 0.4524828324130937, 0.4519575068763658, 0.45188142213166926, 0.45080261779766456, 0.4520961700701246], "val_loss": [0.7072627598589117, 0.6802397695454684, 0.6419147903268988, 0.6048276424407959, 0.5805922584100203, 0.5652640570293773, 0.5560900027101691, 0.5464970388195731, 0.5380751111290671, 0.5265871963717721, 0.5148542848500338, 0.5011428594589233, 0.48939599232240155, 0.47994738004424353, 0.47064908797090704, 0.46392852338877594, 0.4577710032463074, 0.45404908061027527, 0.4498877308585427, 0.447713627056642, 0.4473571235483343, 0.44332980567758734, 0.4418802965771068, 0.44212559949267993, 0.4402468746358698, 0.44201807271350513, 0.4410929463126443, 0.4397316575050354, 0.4404397661035711, 0.438644214109941, 0.43855860287492926, 0.4390128823843869, 0.4367780197750438, 0.4394614967432889, 0.43915355476466095, 0.43743010542609473, 0.437315279787237, 0.43850134719501843, 0.43726983395489777, 0.43792771751230414, 0.437011255459352, 0.43874705650589685, 0.43857202204790985]}