{"best_val": 0.4684062193740498, "train_loss": [0.6670109372512967, 0.627278181852079, 0.6012724088687523, 0.5864910121057548, 0.5739793648906782, 0.5629169496835447, 0.5515666650790795, 0.5381265072261586, 0.5186909928041346, 0.5019243014793769, 0.48686420450023576, 0.4760969789589153, 0.4710494455169229, 0.467317813167385, 0.4649253955074385, 0.4637609416363286, 0.46153996329681546, 0.4592912407482372, 0.4588080498517728, 0.4582069650584576, 0.4574151810477762, 0.45718297479199427, 0.4561835913097157, 0.4567430288183923, 0.4565400545503579, 0.45473487704407933, 0.45425724632599773, 0.45436807531936496, 0.4539629928037232, 0.4523630936940511, 0.45391275543792575, 0.4520861635021135], "val_loss": [0.642144029790705, 0.6114356842907992, 0.5969097668474371, 0.5896023891188882, 0.5814231471581892, 0.5720754319971258, 0.5601349743929777, 0.5428377281535756, 0.5244263871149584, 0.5043685354969718, 0.49133833430030127, 0.4828223911198703, 0.47765158252282575, 0.4742580570957877, 0.4745865816419775, 0.4723966798999093, 0.4705646742473949, 0.4707942713390697, 0.4716868590224873, 0.470375808802518, 0.4700805301016027, 0.4684062193740498, 0.4710337817668915, 0.4723024070262909, 0.47151644934307446, 0.47067838636311615, 0.4705180688337846, 0.4717617224563252, 0.4704628180373799, 0.47195195068012585, 0.4700296168977564, 0.46922682361169293]}