{"best_val": 0.4643407301469283, "train_loss": [0.6743913556520755, 0.6405618053216201, 0.609804175221003, 0.5884900975685853, 0.5757528176674476, 0.5684125778766779, 0.5540895433380053, 0.5407499046279833, 0.5269554509566381, 0.5125478334151782, 0.49955819375239885, 0.49173199098843795, 0.48011245750463927, 0.47394718401707137, 0.4691052981294118, 0.4629258679655882, 0.46314002057680714, 0.4634450043623264, 0.46095092651935726, 0.45760099647136837, 0.4573473437474324, 0.45607010848247087, 0.45398639199825436, 0.45646084959690386, 0.4586535319685936, 0.4538622395350383, 0.45424942901501286, 0.45768964233306736, 0.45284962482177293, 0.4511276517923062, 0.45449387626006055, 0.4547496506801018, 0.4497528374195099, 0.45231683494953007, 0.45056338608264923, 0.45220715208695483, 0.45101482650408375, 0.4515953642817644, 0.4538877342755978, 0.45081149213589156, 0.45007721105447185, 0.45261271125995195, 0.45032345388944334, 0.4491325725729649, 0.45077102516706175, 0.45181972820025224, 0.45251036148804885], "val_loss": [0.6544496633789756, 0.6221527511423285, 0.5975816249847412, 0.5845378637313843, 0.5783458243716847, 0.5685790939764543, 0.5581740249286998, 0.5444718545133417, 0.533303128047423, 0.5150741121985696, 0.5056925714015961, 0.49248257550326263, 0.4857070175084201, 0.4844553904099898, 0.4778509736061096, 0.47122270139780914, 0.47105706279928033, 0.47089396010745654, 0.4701249518177726, 0.46888114647431806, 0.4679082523692738, 0.4668648866089908, 0.46931409023024817, 0.46949965303594415, 0.46866894310170953, 0.46992737325755035, 0.46547280929305335, 0.4653887152671814, 0.4679719101298939, 0.4689022085883401, 0.46946790543469513, 0.4678497178988023, 0.4674509248950265, 0.46837738156318665, 0.4682533713904294, 0.4672165973619981, 0.4643407301469283, 0.4677645428614183, 0.4660513130101291, 0.46852395751259546, 0.46754185448993335, 0.4683194702321833, 0.4708806493065574, 0.4658846286210147, 0.46952806548638776, 0.46726173704320734, 0.46470020846887067]}