{"best_val": 0.4695236953822049, "train_loss": [0.6431326636901269, 0.5977420050364274, 0.5803782550188211, 0.5642336647097881, 0.5442288477833455, 0.5206746928966962, 0.4974977270914958, 0.48286815961966145, 0.4694659589574887, 0.46470630684724223, 0.4596191759292896, 0.45707352975240123, 0.45340505013099086, 0.4532125683931204, 0.4534149639881574, 0.45168464286969257, 0.45030953677800983, 0.45071905622115505, 0.4491862626029895, 0.45071130016675365, 0.4488252435739224], "val_loss": [0.6154487566514448, 0.5883130160245028, 0.5710410692475059, 0.5580554062669928, 0.5395519164475527, 0.515508462082256, 0.4986216588453813, 0.48549306663599884, 0.4801399491050027, 0.47347756678407843, 0.4695236953822049, 0.47252030264247546, 0.47430154410275543, 0.4708306816491214, 0.47280471433292737, 0.4714424257928675, 0.47417069294235925, 0.47418301755731757, 0.47421760992570355, 0.47032937949354, 0.47113577073270624]}