{"best_val": 0.46237317472696304, "train_loss": [0.7205396956867642, 0.6972039639949799, 0.6714523467752669, 0.6460045807891421, 0.6171956227885352, 0.593689845667945, 0.5815983464320501, 0.5693817238012949, 0.5570675200886197, 0.5520014564196268, 0.5449371420674853, 0.5405025912655724, 0.5370826539066103, 0.5314809497859743, 0.5311133546961678, 0.5299652020136515, 0.5251162085268233, 0.5272407101260291, 0.5243291291925642, 0.5213181790378358, 0.5178261581394408, 0.5197808345158895, 0.5178748816251755, 0.5140821619166268, 0.5150937471124861, 0.5107757813400693, 0.5098235309123993, 0.5121275981267294, 0.509594761663013, 0.5092749413516786, 0.5072021136681238, 0.5037227289544212, 0.5089602768421173, 0.5085480295949512, 0.5055436342954636, 0.5019258807102839, 0.504499625828531, 0.505343582895067, 0.5014441526598401, 0.5016805546151267, 0.5049232327275806, 0.5023254421022203, 0.5006545798646079, 0.5010665506124496, 0.5008366107940674, 0.5014584759871165, 0.5017004178629981, 0.5000144723388884, 0.49802743560738033, 0.4997977167367935, 0.4965161316924625, 0.49687377280659145, 0.49768410954210496, 0.4965910067160924], "val_loss": [0.7126978933811188, 0.6842111200094223, 0.6537807881832123, 0.6193317621946335, 0.5873581916093826, 0.5610208064317703, 0.5415666401386261, 0.5290122032165527, 0.5187929943203926, 0.5103040337562561, 0.4954518973827362, 0.5031756088137627, 0.4965805336833, 0.4940945953130722, 0.48620273917913437, 0.48611263930797577, 0.4820998087525368, 0.4860524535179138, 0.4834481328725815, 0.4806896150112152, 0.47674812376499176, 0.4764137342572212, 0.47754576057195663, 0.4713383913040161, 0.4772069454193115, 0.47334232181310654, 0.4748075604438782, 0.4809356555342674, 0.46733229607343674, 0.4757276773452759, 0.4696575105190277, 0.47189102321863174, 0.46906662732362747, 0.47219066321849823, 0.4662863239645958, 0.4706237241625786, 0.4680049866437912, 0.4676755741238594, 0.4667055085301399, 0.47072434425354004, 0.47158365696668625, 0.46721457690000534, 0.4716215133666992, 0.46237317472696304, 0.46552111953496933, 0.46546123921871185, 0.46657413989305496, 0.4670780152082443, 0.4692136347293854, 0.4628756195306778, 0.4710248112678528, 0.4637601301074028, 0.46257857978343964, 0.46873097121715546]}