{"best_val": 0.4642767174677415, "train_loss": [0.7123343142179343, 0.6586588976474909, 0.6105445634860259, 0.5883545841162021, 0.5726919220044062, 0.5582751706242561, 0.5370378345251083, 0.5167783366946074, 0.4928309189585539, 0.47793559156931364, 0.4661855989923844, 0.4613683516016373, 0.4591773742666611, 0.454925044797934, 0.45634258538484573, 0.4552834326258072, 0.45049075982891595, 0.45402360822145754, 0.4528949742133801, 0.4544183789537503, 0.4528160605293054, 0.4507790465767567, 0.4509300423356203, 0.4486388409366974, 0.45208949194504666, 0.4489411511100255, 0.45130102451031023, 0.4490787856853925, 0.4486853996148476, 0.4485558386032398, 0.4472235825199347, 0.4484462245152547, 0.4445567171160991, 0.4426683032741913], "val_loss": [0.6883166378194635, 0.6285268718546088, 0.6010229154066606, 0.5869630141691728, 0.571818164803765, 0.5552705255421725, 0.5369953702796589, 0.5126366290179166, 0.4967814196239818, 0.4797891757704995, 0.473528501662341, 0.471312631260265, 0.47244618968530133, 0.47065992788835004, 0.4660148458047347, 0.4667892510240728, 0.4664262722839009, 0.46801180189306085, 0.4674693698232824, 0.46848576448180457, 0.46484884890643036, 0.4679263396696611, 0.46905029903758655, 0.4642767174677415, 0.465893645178188, 0.4649675434285944, 0.4665650264783339, 0.4681929106062109, 0.4698722091588107, 0.46716720949519763, 0.4697362021966414, 0.46673709695989435, 0.4672850560058247, 0.46599386496977374]}