{"best_val": 0.4241327805952592, "train_loss": [0.660356997274885, 0.6366318172099543, 0.6102933112312766, 0.5899879301295561, 0.5790736301272523, 0.5707203810121498, 0.5619284329461116, 0.5522254296377593, 0.5415012778020373, 0.5324399839429295, 0.5210061388857224, 0.5084622198460149, 0.4956909640162599, 0.4868034866510653, 0.4771547451907513, 0.4677609076686934, 0.46111398467830583, 0.4560883331532572, 0.45108196256207483, 0.4487452133029115, 0.44550761229851665, 0.44279591476216035, 0.43999861619051767, 0.43827789846588583, 0.4361608034255458, 0.4364903469880422, 0.43494703255447686, 0.4336744137838775, 0.43288824955622357, 0.43419652183850604, 0.4311657290832669, 0.43175264199574787, 0.4311052975701351, 0.430739199998332, 0.4279836632457434, 0.4300373050512052, 0.42749325025315377, 0.42863689801272226, 0.42778564843476985, 0.42875083112249185, 0.4273780403183956, 0.4274721379373588, 0.4255901615993649, 0.42614931978431403, 0.4250946430598988, 0.42489198376150694, 0.4240177367247787, 0.422444422455395, 0.4230433568066242, 0.42292969659263013, 0.4225582901169272, 0.42117858225224064, 0.4225289517757939, 0.4215211412485908, 0.42160848659627576, 0.4205030898253123, 0.4198635255589205, 0.4197734652781019, 0.4195222445562774, 0.41879456884720745, 0.4178701954729417, 0.41797320690809514, 0.4179268315726635, 0.418595340906405, 0.4173593632146424, 0.4153764540073918, 0.41599123442874236, 0.41686679393637416, 0.41496429665415896, 0.4147827520089991, 0.4141601148773642, 0.4131804301458247, 0.41345271175982906, 0.4142296191524057, 0.41298292138997245, 0.4119478592685625, 0.4128668284883686, 0.411498578155742, 0.4120195151544085, 0.41068236968096566, 0.41108838541834963, 0.4113132158915202, 0.40999400206640657, 0.40939900863404366, 0.40844307226293225], "val_loss": [0.6502073244615034, 0.6263801943172108, 0.6017880277200178, 0.5897818370298906, 0.5801217176697471, 0.570197961547158, 0.5610264810648832, 0.5509646832942963, 0.5406887585466559, 0.5304455648769032, 0.5166257376020605, 0.504832384261218, 0.4932693459770896, 0.48340416767380456, 0.4723559997298501, 0.46635826338421216, 0.46064253828742285, 0.4541634131561626, 0.4496115120974454, 0.4473837939175693, 0.44480790062384173, 0.4463417421687733, 0.4427673654122786, 0.43980955535715277, 0.4390567107634111, 0.4394545473835685, 0.4386432414705103, 0.43902736089446326, 0.4362414099953391, 0.4366973584348505, 0.43682554635134613, 0.43541246381672943, 0.4340891485864466, 0.4348965747789903, 0.4351490465077487, 0.4331881512295116, 0.4342323433269154, 0.43374770879745483, 0.4329745417291468, 0.43299042907628144, 0.43327298760414124, 0.4330011850053614, 0.4319721487435428, 0.43343153866854583, 0.43059966509992426, 0.43284144455736334, 0.43227335810661316, 0.4323649677363309, 0.43258611993356183, 0.4311540722846985, 0.42852851206606085, 0.43055754087188025, 0.4295263100754131, 0.43053896589712665, 0.4296963946385817, 0.4288688898086548, 0.428564342585477, 0.42913643609393726, 0.42846446416594763, 0.42737241224809125, 0.42839066006920556, 0.42834616791118274, 0.42899931831793353, 0.4273400171236558, 0.42917233434590424, 0.4289405914870175, 0.4275954988869754, 0.42612218314951117, 0.42717838287353516, 0.4266207055612044, 0.42528323151848535, 0.4254355105486783, 0.4263375022194602, 0.4274881725961512, 0.4241327805952592, 0.42457964745434845, 0.42718030376867816, 0.4254863126711412, 0.42428625984625384, 0.4259846969084306, 0.42579793388193304, 0.42662610520016064, 0.42461837421764026, 0.4246599159457467, 0.4257045767524026]}