{"best_val": 0.5428497076034546, "train_loss": [0.6944829415191304, 0.6920722316611897, 0.689254947684028, 0.6848697635260496, 0.6762804172255776, 0.6629834960807454, 0.6470203237100081, 0.6302470917051489, 0.6134209741245616, 0.5971522385423834, 0.5821640518578616, 0.5696051337502219, 0.5613350136713549, 0.5551558164033022, 0.5510775717821988, 0.5482978441498496, 0.5468420521779493, 0.546950257637284, 0.5457422895865007, 0.545271174474196, 0.5446221774274652, 0.5446777113459327, 0.5441043241457506, 0.5444981591268019, 0.5435844307596033, 0.5436888526786458, 0.5437658916820179, 0.5436263924295252, 0.5441942783919248, 0.5429372516545382, 0.5433151369745081, 0.54297675056891, 0.5432815578850833, 0.5428271727128462, 0.5426018644462932, 0.5427739349278536, 0.5424496341835369, 0.5428624098951166, 0.5426560586149042], "val_loss": [0.6951709151268005, 0.6921661257743835, 0.6886589169502259, 0.6823117733001709, 0.6723275184631348, 0.6578157305717468, 0.6413837313652039, 0.6242582559585571, 0.6073774695396423, 0.5922196269035339, 0.5773177027702332, 0.5697014451026916, 0.5616794228553772, 0.5539979577064514, 0.5516867160797119, 0.5484969258308411, 0.5498509049415589, 0.5492383718490601, 0.5478519558906555, 0.5448397636413574, 0.5482452273368835, 0.5463220357894898, 0.5469390511512756, 0.5482918500900269, 0.5473715186119079, 0.5475868344306946, 0.5450826168060303, 0.5448265910148621, 0.5428497076034546, 0.5468575477600097, 0.5454623460769653, 0.5462818026542664, 0.5440228819847107, 0.5458139300346374, 0.5446906685829163, 0.5454284429550171, 0.5434072613716125, 0.5430901527404786, 0.5471401929855346]}