{"best_val": 0.4498431005261161, "train_loss": [0.689217143199023, 0.6570669926849066, 0.620904498240527, 0.597204814938938, 0.5840030534594667, 0.575819178539164, 0.5676498845511792, 0.5598244976763632, 0.5496337793621362, 0.5405575264902676, 0.5285322064278173, 0.5173526955585853, 0.5047861168197557, 0.49577460160442427, 0.48802070407306447, 0.48192154484636646, 0.4772578659010868, 0.4735235291368821, 0.46837807987250535, 0.46647245451515795, 0.46357309175472633, 0.46135764612871055, 0.45939020140498293, 0.4586111581793018, 0.45648641270749707, 0.45669375622973724, 0.4545251294678333, 0.45383671510453316, 0.45243281184458267, 0.4526232288164251, 0.45144583197201, 0.44948560583825203, 0.4483153399299173, 0.4485243979622336, 0.4487145093141818, 0.44802259054838445, 0.4472103563009524, 0.44620007451842814, 0.44540808013841215, 0.44538388240571114, 0.44538341959317523, 0.44434701227674295, 0.4440331242832483, 0.4442390729399288, 0.4439474215694502, 0.4426364425350638, 0.443372017028285, 0.44067176825859966, 0.44147952280792535, 0.44244441623781244, 0.44136887613464804, 0.4410473102448033, 0.4396996568231022, 0.439259550150703, 0.4385037042346655, 0.43848664795651154, 0.4375225761357476, 0.4370268951444065, 0.43877531383551804, 0.4374643938214171, 0.4370352333667232, 0.43620218365800145, 0.436254164167479, 0.43601353378856883, 0.4347689286166546, 0.43398937290790035, 0.43381502640013603], "val_loss": [0.6693720600821755, 0.6338063857772134, 0.6000019637021151, 0.5829376903447238, 0.573084145784378, 0.5645108710635792, 0.5587192448702726, 0.5494494383985346, 0.5416563586755232, 0.5294752500273965, 0.5196213180368597, 0.5057418210939928, 0.49736014821312646, 0.48861281980167737, 0.4833694506775249, 0.4779534339904785, 0.47565448013218964, 0.4713696458122947, 0.46847013993696734, 0.465217034925114, 0.46203960342840716, 0.4624436849897558, 0.4614032669500871, 0.46104962717403064, 0.459743930534883, 0.45817184719172394, 0.4583319940350272, 0.4611295353282582, 0.4580750438300046, 0.4571405757557262, 0.457475716417486, 0.4565307823094455, 0.4574290053410964, 0.45670953392982483, 0.45606401562690735, 0.4555787146091461, 0.4552140533924103, 0.4548398337580941, 0.45526939359578217, 0.4555649621920152, 0.4525191512974826, 0.4557910615747625, 0.45509122718464246, 0.4527635330503637, 0.4538544606078755, 0.4544927342371507, 0.4533010423183441, 0.453892474824732, 0.453332164070823, 0.4551429071209647, 0.45179601961916144, 0.4535613791509108, 0.4512995779514313, 0.45258096673271875, 0.4526178538799286, 0.4518986019221219, 0.4498431005261161, 0.45348407463593915, 0.4525858190926639, 0.45183559168468823, 0.4518204358491031, 0.4525043612176722, 0.45171831954609265, 0.45209980281916534, 0.4518400945446708, 0.4516881433400241, 0.451290333812887]}