{"best_val": 0.4472320919687098, "train_loss": [0.6631886538337258, 0.5789452878867879, 0.5407861132247775, 0.5025875287897447, 0.47464222008106755, 0.45561985233250785, 0.44596745979552177, 0.44191206904018626, 0.43948286245850954, 0.4388336235401677, 0.4353027110006295, 0.43302705124312757, 0.4305248272185232, 0.4280320686452529, 0.4269147065340304, 0.4255041544343911, 0.42498213520237044, 0.4211140292532304, 0.41896938342674106, 0.41957096434107016, 0.4160180050952762, 0.41491033049190745, 0.41329055790807684, 0.4113345707164091, 0.4095732382699555, 0.40820906209010704, 0.40670804357996176, 0.4037289093522465, 0.40380990738962214, 0.4027110174590466, 0.3983770492030125, 0.3975745550557679, 0.397012087059956, 0.39476795290030686, 0.3940044436969009, 0.39220867612782645, 0.39112241595399144, 0.3896435356023265, 0.3882291194270639], "val_loss": [0.6163221814415671, 0.5774277665398337, 0.5433252426710996, 0.5080233703960072, 0.4854420938275077, 0.4719832729209553, 0.4633340266617862, 0.460139968178489, 0.46326084299521014, 0.4583608182993802, 0.4560097347606312, 0.4529975408857519, 0.4536962184039029, 0.45433564348654315, 0.45141893896189605, 0.4569103013385426, 0.45460499958558515, 0.4519367786971005, 0.45233339884064416, 0.4530975032936443, 0.4531728679483587, 0.4481070041656494, 0.45092875036326324, 0.44901336323131213, 0.44831743565472687, 0.4488261504606767, 0.4498694295232946, 0.4494646733457392, 0.4472320919687098, 0.44727740775455127, 0.44879343021999707, 0.4489426992156289, 0.4485482221299952, 0.4476855017922141, 0.4505548991940238, 0.44873238422653894, 0.44749475067312067, 0.4498888037421487, 0.45007736574519763]}