{"best_val": 0.4771018773317337, "train_loss": [0.6010970804426405, 0.5869618157545725, 0.5726760394043393, 0.5600318080849118, 0.5433662152952619, 0.5335471696323819, 0.5242184003194174, 0.5185549888345931, 0.5137578265534507, 0.5105955650409063, 0.5110657297902637, 0.5049897001849281, 0.503286158045133, 0.49954954120847916, 0.5002857678466373, 0.4960121396515105, 0.49116150703695083, 0.48916853798760307, 0.4918146679798762, 0.4896314607726203, 0.48544390830728745, 0.48570941554175484, 0.48548653721809387, 0.4838777134815852, 0.480538934469223, 0.48354799383216435, 0.478850856423378, 0.47784875830014545, 0.48021897342469955, 0.4778827577829361, 0.47311534815364414, 0.4721769657399919, 0.4721444563733207, 0.4732378423213959, 0.4781609856420093, 0.47448038227028316, 0.47309837076399064, 0.47194938030507827, 0.4729597998989953, 0.4719083656867345, 0.47224514186382294, 0.47200391524367863, 0.46721502145131427, 0.47121699154376984, 0.46813341312938267, 0.4662442339791192, 0.4675544947385788, 0.47073956330617267, 0.46842313309510547, 0.4684709989362293, 0.4671525177028444, 0.4701554261975818, 0.46714717149734497, 0.46819036536746556], "val_loss": [0.5979741960763931, 0.5831349939107895, 0.5665117800235748, 0.552433043718338, 0.539076641201973, 0.5289638862013817, 0.5237951576709747, 0.5221050828695297, 0.5142211243510246, 0.516363836824894, 0.5120298489928246, 0.5025928616523743, 0.503980003297329, 0.5071727558970451, 0.49860501289367676, 0.5037077218294144, 0.49674955010414124, 0.5031127780675888, 0.5015492141246796, 0.4957183077931404, 0.4986831396818161, 0.49997439980506897, 0.5000597760081291, 0.49581439048051834, 0.49504463374614716, 0.49790312349796295, 0.5029704794287682, 0.49230026453733444, 0.4942326694726944, 0.48583391308784485, 0.4926386773586273, 0.49156152456998825, 0.4881390631198883, 0.48793014138936996, 0.4980601891875267, 0.49405302107334137, 0.4851875305175781, 0.4935561567544937, 0.48288997262716293, 0.4830208718776703, 0.4851277247071266, 0.4877868741750717, 0.4825436994433403, 0.4771018773317337, 0.4875926822423935, 0.4869670122861862, 0.4814988225698471, 0.49076446145772934, 0.4881857931613922, 0.4873519390821457, 0.4844959080219269, 0.4808115139603615, 0.48487597703933716, 0.48949138075113297]}