{"best_val": 0.5110085681080818, "train_loss": [0.665109697315428, 0.6329024136066437, 0.5939963625537025, 0.555275935265753, 0.5365196814139684, 0.525521339641677, 0.517748647265964, 0.5106122261948056, 0.5041086872418722, 0.5021089083618588, 0.5041879382398393, 0.4968654712041219, 0.49920767545700073, 0.4932058271434572, 0.49103783898883396, 0.49284840789106155, 0.4915613945987489, 0.48829283316930133, 0.48798396190007526, 0.4860455360677507, 0.487583726644516, 0.4878077308336894, 0.48662844631407, 0.48931824829843307, 0.4841979692379634, 0.481628879904747, 0.4820777177810669, 0.4838739004400041, 0.4830682509475284, 0.48515958587328595, 0.4832358724541134, 0.4808729721440209, 0.4817312111457189, 0.48138898776637185, 0.4833131730556488, 0.48029065794414944, 0.47777963678042096, 0.4780504388941659, 0.4782346702284283], "val_loss": [0.6522854119539261, 0.6216745525598526, 0.5871827900409698, 0.5745436996221542, 0.5614050328731537, 0.5533855631947517, 0.5480027198791504, 0.5397559553384781, 0.533043883740902, 0.5368405133485794, 0.5359506085515022, 0.5289668589830399, 0.527489073574543, 0.5375195518136024, 0.5346328765153885, 0.5267758965492249, 0.5269555076956749, 0.5263261571526527, 0.5231252387166023, 0.5269922986626625, 0.5232707560062408, 0.5286034122109413, 0.519272118806839, 0.5231447368860245, 0.5229958519339561, 0.5179874673485756, 0.5161215960979462, 0.5201179161667824, 0.5110085681080818, 0.5176295712590218, 0.5135727524757385, 0.5197164863348007, 0.5216799303889275, 0.5159538984298706, 0.5191171914339066, 0.5165785923600197, 0.5177176371216774, 0.5188079476356506, 0.5212970674037933]}