{"best_val": 0.4503916725516319, "train_loss": [0.6917841335137686, 0.6814320981502533, 0.6705412169297537, 0.6583497391806709, 0.6451227168242136, 0.630779998170005, 0.6167061759365929, 0.6021344363689423, 0.5882663263214959, 0.5777205394374, 0.5706641144222684, 0.5616562879747815, 0.5531038228008482, 0.5485347939862145, 0.5452130205101438, 0.5383632547325559, 0.5340034133858151, 0.5310689012209574, 0.5269828157292472, 0.5238790760437647, 0.5247162597046958, 0.5191626283857558, 0.5156649467017915, 0.5134899947378371, 0.5098203387525346, 0.5071387456523048, 0.5064570142163171, 0.5040908820099301, 0.5021080242262946, 0.4998364730013741, 0.49839449756675297, 0.5003160999880897, 0.49642913043498993, 0.49561166266600293, 0.49307071169217426, 0.49128028750419617, 0.4919418858157264, 0.4903862178325653, 0.4898737023274104, 0.491822780834304, 0.488378632399771, 0.4932958781719208, 0.4891699668433931, 0.48874849412176347, 0.485947804318534, 0.48836806913216907, 0.4869460811217626, 0.4864930758873622, 0.487969297501776, 0.48499202562703025, 0.48594341344303554, 0.4839561796850628, 0.48462309771113926, 0.48399996591938865, 0.4828864137331645, 0.4820936901701821, 0.4851580444309447, 0.4852005938688914, 0.4825064076317681, 0.4833573318190045, 0.4844563917981254, 0.48157945772012073, 0.4818577816088994, 0.4810286859671275, 0.48160744541221195, 0.4806284722354677, 0.4818260686265098, 0.4800301558441586, 0.4793138454357783, 0.48210133115450543, 0.4811866051620907, 0.47994451721509296, 0.48317458397812313, 0.477516104777654, 0.47991431256135303, 0.48039212657345665], "val_loss": [0.6866155117750168, 0.6764877289533615, 0.664995864033699, 0.6530857235193253, 0.6410950273275375, 0.6278350055217743, 0.6111789792776108, 0.6002987176179886, 0.5892707705497742, 0.5770661532878876, 0.5694929957389832, 0.5646892786026001, 0.5523939728736877, 0.5492047965526581, 0.5453684329986572, 0.5288439691066742, 0.5294502228498459, 0.5251755714416504, 0.5280561000108719, 0.5162135511636734, 0.5157901868224144, 0.5111058577895164, 0.5088647603988647, 0.510728657245636, 0.5077604874968529, 0.4971935376524925, 0.49547331780195236, 0.4921010807156563, 0.4951888918876648, 0.4862728863954544, 0.4829822853207588, 0.47780315577983856, 0.48268283158540726, 0.48018573224544525, 0.4752643033862114, 0.4808112010359764, 0.46852732449769974, 0.47214337438344955, 0.46830645203590393, 0.4688461869955063, 0.46975822001695633, 0.46241988986730576, 0.4646229222416878, 0.46426139026880264, 0.46426622569561005, 0.4630075693130493, 0.4646479859948158, 0.4598480090498924, 0.4641007035970688, 0.4556383863091469, 0.45837221294641495, 0.4560547024011612, 0.45754192769527435, 0.457561731338501, 0.45868298411369324, 0.4601290449500084, 0.4518086165189743, 0.4584243521094322, 0.4583526626229286, 0.4585627317428589, 0.45659806579351425, 0.45397186279296875, 0.4517722353339195, 0.45595211535692215, 0.4528036192059517, 0.4503916725516319, 0.4549272358417511, 0.45640718191862106, 0.45152173191308975, 0.45358099043369293, 0.45227039605379105, 0.45106104761362076, 0.45289918035268784, 0.4505094885826111, 0.45082365721464157, 0.4522675424814224]}