{"best_val": 0.4945458695292473, "train_loss": [0.6341265439987183, 0.614829334947798, 0.5971344047122531, 0.5787698725859324, 0.5633933908409543, 0.5487540298038058, 0.5401862445804808, 0.5347923652993308, 0.5275939090384377, 0.5269566824038824, 0.5236255990134345, 0.5183414883083768, 0.5182601428694196, 0.5142821040418413, 0.5139315260781182, 0.512371172507604, 0.5142212178972032, 0.5090587950415082, 0.5070549647013346, 0.506367521153556, 0.5031501981947157, 0.5061304486460156, 0.5032637086179521, 0.5045088297790952, 0.5014950583378474, 0.498409284485711, 0.5007927136288749, 0.5006964405377706, 0.5022967060407003, 0.4990058441956838, 0.4966939124796126, 0.4971035288439857, 0.4954280025429196, 0.4978013088305791, 0.49411654637919533, 0.49545184274514514, 0.4925823426908917, 0.4941023621294234, 0.4949304031001197, 0.49225014448165894, 0.4949647519323561, 0.4914291534158919, 0.49183306760258144, 0.4902297804752986, 0.49361644354131484, 0.4919446325964398, 0.4907754825221168, 0.4896319442325168, 0.488963794377115, 0.48834870258967084, 0.48911216689480674, 0.4838676088386112, 0.48695517414146, 0.49024923973613316, 0.4877130041519801, 0.4862979104121526], "val_loss": [0.6276238262653351, 0.610693946480751, 0.5913779735565186, 0.5757723897695541, 0.5556497573852539, 0.5438037291169167, 0.541045531630516, 0.5354436337947845, 0.5345520675182343, 0.5345384478569031, 0.5338644087314606, 0.5270890966057777, 0.5261981636285782, 0.5272367373108864, 0.5150440409779549, 0.5145564079284668, 0.5215765982866287, 0.5174563974142075, 0.510535717010498, 0.5172373950481415, 0.5151314362883568, 0.514392800629139, 0.5082563906908035, 0.5111331567168236, 0.5043380483984947, 0.5067425444722176, 0.5111352577805519, 0.5042299851775169, 0.509148359298706, 0.5044308230280876, 0.5025666952133179, 0.503522977232933, 0.5011291652917862, 0.5025791898369789, 0.5069698989391327, 0.500308945775032, 0.5036877915263176, 0.501923069357872, 0.5022726207971573, 0.49849022179841995, 0.49472476541996, 0.5008565932512283, 0.506077416241169, 0.4984273314476013, 0.5030589401721954, 0.4945458695292473, 0.5005547553300858, 0.49924417585134506, 0.49911435693502426, 0.5011499747633934, 0.5010267272591591, 0.500925600528717, 0.5010175332427025, 0.5032627955079079, 0.5020831227302551, 0.49618197977542877]}