{"best_val": 0.4667415916919708, "train_loss": [0.7035778386920106, 0.6254136153295928, 0.5859918781355316, 0.5595594989318474, 0.5295096384543999, 0.5013423865916682, 0.4815319805752997, 0.46765291398646786, 0.46088822098339305, 0.4557008042055018, 0.45176756498860376, 0.4491342832060421, 0.4488903126295875, 0.4474480146286534, 0.44467013256222593, 0.44420654925645564, 0.44346925382520636, 0.44294972630108104, 0.44246986040882036, 0.441240142957837, 0.4414906852385577, 0.44011612791641086, 0.43793929032250944, 0.43717684173116494, 0.4368243305122151, 0.4354879996355842, 0.43544618288675946, 0.434904042412253, 0.4344410031449561, 0.43313338768248466, 0.4320298211247313, 0.43175172162990944, 0.4307776479160084, 0.4309126384118024, 0.4296700790816662, 0.42843546995929643, 0.4263937578481786, 0.4266924402293037, 0.4262164392892052, 0.42451950849271286, 0.4247880244956297, 0.42363522742308823, 0.42328006730360146, 0.4235699445593591, 0.4222446054804559, 0.4208967674012278, 0.42087289632535446, 0.41951072683521345, 0.4188403072310429, 0.4183373720038171, 0.41739729222129374, 0.4168924385426091, 0.4164985278073479, 0.41573573444403855, 0.4155157261035022, 0.4146856712360008, 0.4135824284132789, 0.4133532351138545, 0.41270196087220135, 0.4122695356023078, 0.4124634745074253], "val_loss": [0.6648237921974876, 0.6047393787990917, 0.582268546928059, 0.5581148239699277, 0.5316599742932753, 0.5099975195798007, 0.49756066636605695, 0.48809152299707587, 0.4840541725808924, 0.4812698553908955, 0.4797534969719974, 0.4811988527124578, 0.47923639145764435, 0.47774090008302167, 0.4748400422659787, 0.4776283258741552, 0.4768378057263114, 0.47488321228460834, 0.47532206773757935, 0.4731594378297979, 0.4739798659628088, 0.47255050323226233, 0.4728337255391208, 0.4728698459538547, 0.47123420238494873, 0.4743048575791446, 0.46999656883153046, 0.4717897149649533, 0.47175243496894836, 0.46887777881188825, 0.47061155330051074, 0.4706400551579215, 0.46954435110092163, 0.47164503010836517, 0.4709267724644054, 0.4697293449531902, 0.46921825408935547, 0.4714831736954776, 0.4690264029936357, 0.46768716790459375, 0.4689286107366735, 0.468378102237528, 0.4685585688460957, 0.4681318619034507, 0.4688341346654025, 0.4697982289574363, 0.46754259683869104, 0.4695707911794836, 0.4681188545443795, 0.4701058647849343, 0.4667415916919708, 0.4674526425925168, 0.4693288207054138, 0.46741936152631586, 0.46823652495037427, 0.4698477739637548, 0.46793549169193616, 0.46674730560996314, 0.4692766016179865, 0.46738187833265826, 0.46675456112081354]}