{"best_val": 0.4446560740470886, "train_loss": [0.704769091278899, 0.643282462568844, 0.6034823282092225, 0.5828502178192139, 0.5606617635371638, 0.533961200246624, 0.5054221387002983, 0.4833344799630782, 0.4697161048066382, 0.46335767764671176, 0.45895631289949607, 0.4582216178669649, 0.4565771403265934, 0.45584990989928154, 0.45471317744722556, 0.454253146461412, 0.45230980012931077, 0.4513520499070485, 0.4500459245606965, 0.4504336749806124, 0.4488517583585253, 0.44878977654027, 0.4476557818113589, 0.4471729082219741, 0.4467166077856924, 0.44661924885768517, 0.4456051196537766, 0.4467536567472944, 0.4452944205087774, 0.44526443937245536, 0.44439641693059134, 0.44363721328623157, 0.44241228349068584, 0.44282590583258985], "val_loss": [0.6682145541364496, 0.6138598647984591, 0.5884379852901805, 0.5709433989091353, 0.5456113029610027, 0.5148087089711969, 0.4847053451971574, 0.46721353314139624, 0.45816692980852997, 0.4534866674379869, 0.4516500505534085, 0.44898143681612884, 0.4500070945783095, 0.4472638260234486, 0.4498823176730763, 0.4485776045105674, 0.4460786851969632, 0.4502391056580977, 0.44685040278868243, 0.4471524032679471, 0.44639711488376965, 0.4460975907065652, 0.4458723610097712, 0.4446560740470886, 0.44747897440736945, 0.4473819949410178, 0.4457278847694397, 0.4468203078616749, 0.4456948258660056, 0.44768214225769043, 0.4477288912643086, 0.44617466493086383, 0.4460787068713795, 0.4458067444237796]}