{"best_val": 0.44556324048475787, "train_loss": [0.7117704188122469, 0.6993886290812025, 0.6870825547798007, 0.6743855897118064, 0.6609811724400988, 0.6470771525420395, 0.6326577932226891, 0.6184222768334782, 0.6053013275651371, 0.5941654981351366, 0.5855244012439952, 0.57836532943389, 0.5726703814431733, 0.5681448134721494, 0.5647545451042699, 0.5611502177575055, 0.5579164676806506, 0.5549634735958249, 0.5516219390373603, 0.5489465068368351, 0.5467783802864599, 0.5428992866301069, 0.5392147372750675, 0.5370014993583455, 0.5324517652100208, 0.5305686698240393, 0.526941696802775, 0.5233761837669447, 0.5199344105580274, 0.5167679640592313, 0.5125878990865221, 0.5089878206159554, 0.5060204577212241, 0.5008196345731324, 0.49775541471500023, 0.4943112070653953, 0.49040724541626723, 0.48653942638752506, 0.48378558544551625, 0.4802234353972416, 0.4769219329544142, 0.474220099402409, 0.47201039919666216, 0.4687675465555752, 0.4661712517925337, 0.46393351286065343, 0.46166109220654356, 0.4597502742327896, 0.4593153151811338, 0.4557057104858698, 0.45454780786645177, 0.4525348444779714, 0.451696245693693, 0.4496312620593052, 0.44963837078973357, 0.4491780341840258, 0.44573281208674115, 0.4461709068101995, 0.44521213980282054, 0.4451036914890888, 0.44418302003075094, 0.4436074208979513, 0.4436405336155611, 0.4432344430801915, 0.44431081881710127, 0.4430844047490288, 0.44174301858041803, 0.44222542701982986, 0.4398172474374958, 0.4410817149807425, 0.442034243368635, 0.4402538082178901, 0.4409933271361332, 0.44065675080991257, 0.43944103226942177, 0.43987491376259746, 0.4390902846467261, 0.4395843265103359, 0.4393940795870388, 0.4387017862469542, 0.4391901019741507, 0.4377521142071369, 0.4377306693909215, 0.4370170142136368, 0.43750299133506476, 0.43802934709717245, 0.43683667919215036, 0.4370342709270178, 0.436460930927127, 0.43630391008713665, 0.4366317502423829, 0.4372343093741174, 0.436791038980671, 0.4369242243907031, 0.4359294777991725, 0.43634603304021496, 0.43537327062849907, 0.43547236451915666, 0.43497900460280625, 0.435939676621381, 0.43490588957188175, 0.4357380516388837, 0.4352702521810345, 0.43545248520140556, 0.4337605722979003, 0.43472186665908963, 0.4350166905160044, 0.4338618096183328, 0.4339425049576105, 0.4335172749033161, 0.43200156267951517, 0.4343928285673553, 0.4331902084397335, 0.4327788300373975, 0.43252862960684535, 0.43247104626075894, 0.43197962758587855, 0.43304749855808183, 0.4317547287426743, 0.4311283967074226, 0.43306318100760965, 0.4317009191887051], "val_loss": [0.7031815322962675, 0.6919546073133295, 0.6805146932601929, 0.6687441251494668, 0.656235852024772, 0.6435110243884, 0.6304597529498014, 0.6183358051560142, 0.6084730083292181, 0.5998604243451898, 0.5935550982301886, 0.587644717910073, 0.5832814140753313, 0.5812969207763672, 0.5782313726165078, 0.5739451511339708, 0.5726787502115424, 0.5686059729619459, 0.5661888501860879, 0.5628012093630704, 0.5585280548442494, 0.55586008050225, 0.5532276657494631, 0.5488407422195781, 0.5453974875536832, 0.5428646396506916, 0.5392870063131506, 0.5354523035612974, 0.5308756747029044, 0.5291314883665605, 0.5257056653499603, 0.5209841213443063, 0.5160437768155878, 0.5131571590900421, 0.5084193619814786, 0.5074273754249919, 0.500721587376161, 0.4975899728861722, 0.49284451929005707, 0.48987166448072955, 0.4870781329545108, 0.4837163442915136, 0.48077883503653784, 0.47760357098145917, 0.4745716154575348, 0.4728165783665397, 0.4709066992456263, 0.46776044368743896, 0.46663000637834723, 0.46481081572445954, 0.462920373136347, 0.46300348368558014, 0.4592362723567269, 0.45979980718005786, 0.45902041413567285, 0.45687865127216687, 0.45696874369274487, 0.45603191310709174, 0.45601418343457306, 0.4535677026618611, 0.4530041976408525, 0.45364819873463025, 0.4535662531852722, 0.4541675854812969, 0.4527796642346816, 0.4516956426880576, 0.45084299824454566, 0.4523591317913749, 0.4530793455514041, 0.4508195465261286, 0.4501951661976901, 0.45277975364164874, 0.4510228010741147, 0.45083948969841003, 0.45063250444152136, 0.44917928088795056, 0.45097788897427643, 0.4529517022046176, 0.4492828466675498, 0.4501477696678855, 0.45048911463130603, 0.4501736435023221, 0.4488950696858493, 0.44918964125893335, 0.4489362185651606, 0.44972834532911127, 0.4486921944401481, 0.44886089996858075, 0.4501642015847293, 0.449221134185791, 0.449194843118841, 0.4490684135393663, 0.44813011451201007, 0.44855866648934106, 0.44749207117340783, 0.44850687276233325, 0.4473653923381459, 0.44704866680231964, 0.44751411947337066, 0.4487748389894312, 0.4469534619288011, 0.44864111867817963, 0.4480309215458957, 0.44797868078405206, 0.4467375468124043, 0.4479566514492035, 0.4481969584118236, 0.4480779062617909, 0.4471930102868514, 0.4464371746236628, 0.44735447385094385, 0.44556324048475787, 0.44749108769676904, 0.44672042673284357, 0.44626781615343963, 0.4474888037551533, 0.4469716955314983, 0.44666460156440735, 0.4465667334469882, 0.44890865683555603, 0.4455725008791143, 0.4463893933729692]}