{"best_val": 0.4601827697320418, "train_loss": [0.6816419234462813, 0.6280471869543487, 0.5964598795946907, 0.5812768112210667, 0.5712070757267522, 0.5650846549108917, 0.556840288288453, 0.5475678566624137, 0.5361969178798152, 0.5252586871969933, 0.5154338058303384, 0.5050555613695407, 0.49581088739282947, 0.4897397855917613, 0.4835341321487053, 0.47650910417238873, 0.4727116682950188, 0.4688011840278027, 0.4645117287542306, 0.46189381269847646, 0.4599498586327422, 0.4594983131277795, 0.4566717358196483, 0.45494356108646766, 0.4554629279117958, 0.4535633448292227, 0.4533329816425548, 0.4521324307310815, 0.45108118361117794, 0.45156412557059644, 0.45058761858472635, 0.45007533127186344, 0.4501815163621716, 0.4479427670731264, 0.45045336029108834, 0.4481810839737163, 0.4489070860778584, 0.4481911589117611, 0.4481873816134883, 0.447159994466632, 0.44590549609240365, 0.4461905424501382, 0.44588544789482565, 0.445561010463565, 0.4457187331190296, 0.4460396264113632, 0.4440195519550174, 0.44422827631819484, 0.4425186345390245, 0.4426521565399918, 0.4427206814289093, 0.4422926774211958, 0.44356973849090875, 0.441497310703876, 0.44154322322677164, 0.44074388461954456, 0.440833904579574, 0.4411798551970837, 0.4414498700815089, 0.4399264016572167, 0.43947266714245664, 0.44099637515404644, 0.43909773522732304, 0.43994901519195706, 0.4388253180419697, 0.43927768924657035, 0.4379637743912491, 0.4385649310607536, 0.4368578528656679, 0.4378001029584922, 0.43743576781422483, 0.43770383093871323, 0.4357135032906252, 0.4358757062285554], "val_loss": [0.6588482423262163, 0.6220958449623801, 0.6027962402863936, 0.5954675566066395, 0.58700092272325, 0.5812226371331648, 0.5715983293273232, 0.560689010403373, 0.5496457056565718, 0.5378841920332476, 0.5267567472024397, 0.5161377083171498, 0.5111001242290844, 0.5007079162380912, 0.49483445557681, 0.4909189424731515, 0.4857074184851213, 0.47899942235513165, 0.47573545846072113, 0.4727987051010132, 0.4714020517739383, 0.4700585088946603, 0.46965671398422937, 0.46869058500636707, 0.46593971956859936, 0.46701115098866547, 0.46661344170570374, 0.46621843630617316, 0.46741951595653186, 0.46728155287829315, 0.46569458733905444, 0.4660788015885787, 0.465189437974583, 0.46561460332436994, 0.4659731821580367, 0.46557358178225433, 0.4647444405338981, 0.4677828414873643, 0.4639685370705344, 0.4645242311737754, 0.46535503322427924, 0.4637790999629281, 0.4637918065894734, 0.4656805992126465, 0.4645248001272028, 0.4652181294831363, 0.4653591215610504, 0.4635060185735876, 0.4631377323107286, 0.46385714411735535, 0.46366515213792975, 0.4632435061714866, 0.4646729745648124, 0.4627271700989116, 0.4630292708223516, 0.46247525106776843, 0.46219718185338104, 0.4636591943827542, 0.46536207740957086, 0.46238810365850275, 0.4619608467275446, 0.46194200082258746, 0.46163505044850434, 0.4601827697320418, 0.46146923303604126, 0.460275953466242, 0.4616676785729148, 0.4609240645712072, 0.46097414601932873, 0.46042234789241443, 0.46300355141813104, 0.46162327311255713, 0.46315223520452325, 0.46199025078253314]}