{"best_val": 0.47840772569179535, "train_loss": [0.6973801188998752, 0.6290794081158109, 0.5652245895730125, 0.5192872501081891, 0.5100829783413146, 0.501513981156879, 0.4969421691364712, 0.49572737514972687, 0.4928843528032303, 0.4903558873467975, 0.4853555742237303, 0.4820172389348348, 0.4791016893254386, 0.4782979339361191, 0.482835794488589, 0.4788771933979458, 0.478326184882058, 0.47641777164406246, 0.4799779968129264, 0.4754472573598226, 0.4777561260594262, 0.4755818380249871, 0.4720725168784459, 0.47671400507291156, 0.47310684124628705, 0.47374900182088214, 0.47292652395036483, 0.47223349412282306, 0.47134195930427975, 0.4713957839541965, 0.47145965033107334, 0.4683680517805947, 0.4707687497138977, 0.4709209981891844, 0.47105929089917076, 0.46710598634348977, 0.4693143864472707, 0.4718794309430652, 0.46961503393120235, 0.4686916586425569, 0.46898502939277226, 0.4689812941683663, 0.46881282660696244, 0.46703742775652146, 0.46559374862247044, 0.46704697774516213, 0.4689258121781879, 0.46402814818753135, 0.4660685145192676, 0.46599794096416897, 0.46998966071340775, 0.464472985929913, 0.46476346088780296, 0.46694137818283504, 0.46566831900013816, 0.46608033279577893, 0.467358754740821, 0.4661054131057527, 0.4678050114048852, 0.46911447909143233, 0.4615477505657408, 0.46472304231590694], "val_loss": [0.6647176593542099, 0.605230063199997, 0.5554946139454842, 0.5391826927661896, 0.5377418845891953, 0.5364709571003914, 0.5324467122554779, 0.5212046280503273, 0.5191135480999947, 0.5202868059277534, 0.5104710161685944, 0.5055378675460815, 0.5059055909514427, 0.5025306195020676, 0.5036763623356819, 0.49968770146369934, 0.4976317957043648, 0.49299173057079315, 0.49071812629699707, 0.49190571159124374, 0.4945634827017784, 0.49529338628053665, 0.49273379892110825, 0.48714579641819, 0.4883064776659012, 0.4906958267092705, 0.4879988208413124, 0.4977978691458702, 0.49189695715904236, 0.4889759197831154, 0.48886748403310776, 0.4859638512134552, 0.49081864953041077, 0.4892299845814705, 0.4863990470767021, 0.48738893866539, 0.48372067511081696, 0.49953493475914, 0.4833495393395424, 0.4865872859954834, 0.48357510566711426, 0.4888971149921417, 0.4847731292247772, 0.4828824922442436, 0.4852617308497429, 0.48982635885477066, 0.48361679166555405, 0.4855223223567009, 0.4886728748679161, 0.4871869757771492, 0.48473024368286133, 0.47840772569179535, 0.48467323929071426, 0.4811624214053154, 0.48600751906633377, 0.4874144643545151, 0.4825618788599968, 0.48970212787389755, 0.49087143689393997, 0.48668885231018066, 0.4810863137245178, 0.484268955886364]}