{"best_val": 0.5045069605112076, "train_loss": [0.6553498241636488, 0.6169151994917128, 0.5761877728833092, 0.5404434187544717, 0.5218736115429137, 0.5099944356415007, 0.5036359942621655, 0.4923417071501414, 0.4928065554963218, 0.48981759945551556, 0.4863585846291648, 0.4839882420168983, 0.47874515420860714, 0.4779292858309216, 0.48202892310089535, 0.47620926631821525, 0.476808766523997, 0.4754498451948166, 0.4743227826224433, 0.471154757671886, 0.4712249156501558, 0.46963053445021313, 0.4681185351477729, 0.4689103745751911, 0.4658733838134342, 0.4666847652859158, 0.4658149696058697, 0.4657491594552994, 0.46087731586562264, 0.4621347106165356, 0.4618825200531218, 0.4609515087472068, 0.4614952686760161, 0.4638511621289783, 0.4594287160370085, 0.4621309886376063, 0.4618135409222709, 0.45550904009077287, 0.45854730076260036, 0.45737510588434005, 0.45399846136569977, 0.4577603836854299, 0.456760146551662], "val_loss": [0.6409850567579269, 0.6073419600725174, 0.5701377242803574, 0.5546893775463104, 0.5516869947314262, 0.5382154062390327, 0.5340416505932808, 0.5275606140494347, 0.5277504101395607, 0.5167805254459381, 0.5246881693601608, 0.5271346420049667, 0.525250643491745, 0.5264562144875526, 0.5146193578839302, 0.5141536667943001, 0.5162614956498146, 0.5147689953446388, 0.5144455656409264, 0.5175557285547256, 0.514299601316452, 0.5111523419618607, 0.5152103304862976, 0.5161773562431335, 0.5166708901524544, 0.5136749893426895, 0.5116839781403542, 0.5273515209555626, 0.5203583985567093, 0.5179728493094444, 0.5110479444265366, 0.5210173726081848, 0.5045069605112076, 0.5171338692307472, 0.5183061212301254, 0.5153361037373543, 0.5214246958494186, 0.5134711489081383, 0.5202082246541977, 0.506385512650013, 0.5199840664863586, 0.5180521458387375, 0.5241974517703056]}