{"best_val": 0.4578889581290158, "train_loss": [0.6716727789710549, 0.6495372898438397, 0.6284520041708853, 0.6107238531112671, 0.5985422625261194, 0.5870823988727495, 0.5798772339727364, 0.5724674533395206, 0.5611200805972604, 0.5494117853688258, 0.5347489551001904, 0.5193865497907003, 0.5027503260210449, 0.4901149179421219, 0.4793864173047683, 0.4723048151708117, 0.4677390245830311, 0.4635971276199116, 0.46141988155888575, 0.4603275662543727, 0.45810313142982184, 0.4568364141034145, 0.45679862592734544, 0.4554874447046542, 0.4555772899412641, 0.45489883364415634, 0.45344960864852457, 0.4538395171071969, 0.45269347698080775, 0.45364834105267243, 0.4532179581184013, 0.45194397428456473, 0.4515813705967922, 0.45117313370985146, 0.44947827096078913, 0.450304262193979, 0.4505266436174804, 0.4492633290150586, 0.4486129850733514, 0.448997814281314, 0.449670425232719, 0.4481163252802456, 0.44885220948387594, 0.4475012269674563, 0.4470891040914199, 0.44760939829489765, 0.4469764343663758, 0.44634849066827814, 0.4461105062681086, 0.4455306535842372, 0.4445941699486153, 0.44532769684698065, 0.4446147440695295, 0.4444826502425998, 0.44459377492175384, 0.4441620409488678, 0.4446726599160363, 0.44251200556755066, 0.44286353447858023, 0.4421890372154759, 0.44294753378512813], "val_loss": [0.6595249013467268, 0.6390325427055359, 0.6221778826280073, 0.6086189801042731, 0.5966781919652765, 0.5881260741840709, 0.5830135643482208, 0.5733961950648915, 0.5635500712828203, 0.5506717535582456, 0.5365089503201571, 0.5195634067058563, 0.5049577165733684, 0.4901537542993372, 0.48334973779591645, 0.4763744446364316, 0.47285779226909985, 0.47018190405585547, 0.46594763885844837, 0.4665949669751254, 0.46549939838322724, 0.465684021061117, 0.4629402458667755, 0.46200296824628656, 0.46364439075643366, 0.46305425600572064, 0.4624864242293618, 0.4638348303057931, 0.4605467752976851, 0.4622470573945479, 0.46270961924032733, 0.460211225531318, 0.4612353498285467, 0.4627949297428131, 0.4615391194820404, 0.46260993859984656, 0.46089512380686676, 0.4607534246011214, 0.461069871078838, 0.4595245529304851, 0.4598053612492301, 0.46000841530886566, 0.45967966318130493, 0.4593689631332051, 0.45932763002135535, 0.45888814059170807, 0.4584074020385742, 0.46118158914826135, 0.4597052904692563, 0.45845725590532477, 0.4578889581290158, 0.4602452516555786, 0.4579863087697463, 0.45934629982168024, 0.4603924805467779, 0.458893513137644, 0.45899882641705597, 0.4602724557573145, 0.4595917192372409, 0.45875636555931787, 0.4608427475799214]}