{"best_val": 0.46675064347007056, "train_loss": [0.6778153456174411, 0.6420803838051282, 0.610965772317006, 0.5906635007032981, 0.5766344586243997, 0.5629305432622249, 0.5510894845311458, 0.5367661743209913, 0.521819304388303, 0.5062006024213938, 0.493300447670313, 0.48077779521162695, 0.47739400370762897, 0.4729088894449748, 0.46997707852950465, 0.46498126020798314, 0.46689585596323013, 0.46237480812347853, 0.46383113299424833, 0.4635718149634508, 0.45870254589961124, 0.46234598010778427, 0.46180432862960374, 0.46203301216547304, 0.4601074806772746, 0.4582178036753948, 0.46021497880037016, 0.46122589592750257, 0.4579917330008287, 0.45817749144939274, 0.4560194451075334, 0.45890421305711454, 0.4579081111229383, 0.4572484395824946, 0.4578500928787085, 0.4606054780574945, 0.4587470224270454, 0.45626223201935107, 0.4552011661804639, 0.4570354452499977, 0.45571638586429447, 0.45591313907733333, 0.45435999448482806, 0.45634012153515446, 0.4555328322144655, 0.4557279222286664, 0.45638171354165447, 0.45801781060603947, 0.45658761664078784, 0.4555005832360341, 0.45699029587782347, 0.4546746531358132, 0.45348489857636964, 0.45567981096414417, 0.4529635441990999, 0.4553905971921407, 0.4548123966042812, 0.45368105803544706], "val_loss": [0.648083437572826, 0.6190677393566478, 0.5958722017028115, 0.5796275355599143, 0.5666749260642312, 0.5540158152580261, 0.5422186363827098, 0.5294831828637556, 0.5116055797446858, 0.5019108029929075, 0.49389404329386627, 0.485040775754235, 0.4788498959758065, 0.4740485874089328, 0.47479690475897357, 0.47203237360174005, 0.4727398021654649, 0.4726094224236228, 0.4728052887049588, 0.47018406066027557, 0.4701632830229672, 0.46988591822710907, 0.46888993003151636, 0.47122875126925384, 0.4716832312670621, 0.4719901437109167, 0.4698118811303919, 0.4683376984162764, 0.4696801629933444, 0.47044717452742835, 0.4725529226389798, 0.46990017186511646, 0.46806120059706946, 0.4709904600273479, 0.4707065766507929, 0.4691303616220301, 0.4682569341226058, 0.468118971044367, 0.4675088199702176, 0.47066010670228436, 0.4722600362517617, 0.4675805785439231, 0.4702642830935391, 0.46920001777735626, 0.46699496832760895, 0.4717312888665633, 0.47167791561646893, 0.46675064347007056, 0.469020507552407, 0.4689013199372725, 0.46855061704462225, 0.4686425707556985, 0.4682864817706021, 0.468903124332428, 0.4687636467543515, 0.4699804593216289, 0.4671496505087072, 0.4668905166062442]}