{"best_val": 0.5080563798546791, "train_loss": [0.6857574747668372, 0.6272074811988406, 0.5676250027285682, 0.5306632071733475, 0.5179753253857294, 0.5113695098294152, 0.5080050163798862, 0.49973517656326294, 0.4989032745361328, 0.49824851585759056, 0.49509505099720424, 0.4922576563225852, 0.48937124345037675, 0.48564248118135667, 0.4831196831332313, 0.4799542857540978, 0.48188786539766526, 0.47432157231701744, 0.47338611880938214, 0.47468147840764785, 0.4723263714048598, 0.47132667567994857, 0.4720155696074168], "val_loss": [0.6557489186525345, 0.5991315394639969, 0.5553610175848007, 0.537505254149437, 0.5305013507604599, 0.5283144414424896, 0.5209435448050499, 0.5296013951301575, 0.5191139727830887, 0.5195636600255966, 0.5213842019438744, 0.5187750309705734, 0.5080563798546791, 0.5124212056398392, 0.5199505016207695, 0.5164446979761124, 0.5106317102909088, 0.5173013508319855, 0.5182615295052528, 0.521163322031498, 0.5265199095010757, 0.5214514508843422, 0.526118278503418]}