{"best_val": 0.4338705973191695, "train_loss": [0.670379641009312, 0.6293544465420293, 0.5983849658685572, 0.583239845201081, 0.569385323454352, 0.5489366335027358, 0.5216594876027575, 0.49696393164933894, 0.48002353076841314, 0.46870801261827055, 0.4632263616019604, 0.46080512626498354, 0.45805122864012626, 0.45719319114498064, 0.4554993445966758, 0.4537219609699997, 0.4529665270272423, 0.4522114045479718, 0.451540316436805, 0.45117398921181173, 0.45000485520736844, 0.44983090138902854, 0.4495894832938325, 0.44998904770495846, 0.4490038962925182, 0.4475845788039413, 0.4457638100081799, 0.446157762817308, 0.4446415369417153, 0.44470211337594423, 0.4441957175731659, 0.4449919035621718, 0.4435962888540006, 0.44325131119466293, 0.4429651323486777, 0.44099801661921484, 0.4413767188203101, 0.44042281835686925, 0.4387882614836973, 0.4383600967771867, 0.438830376255746, 0.4374778761583216, 0.43863267115518156, 0.4364912422264324, 0.4364130432699241, 0.43549659556033565, 0.43465395710047555, 0.43402884345428616, 0.43381981230249594, 0.43351489889855477, 0.43175390362739563, 0.4320347759069181, 0.4308324748394536, 0.4305454282199635, 0.42982616962171066, 0.4279888821583168, 0.4287697497536154, 0.42686207154217887, 0.42659301383822573, 0.4247633031770295, 0.4242979761432199, 0.42562707206782174, 0.4228423424795562, 0.4239647528704475, 0.42271046778734994, 0.4230770112252703, 0.4214046381267847, 0.4206821526966843, 0.419616127131032, 0.419325766025805, 0.41874129924119685, 0.4201621296359043, 0.4182374062491398, 0.41733868040290534, 0.41727981321951924, 0.4161922183691287, 0.41490942648812834], "val_loss": [0.6478245800191705, 0.6061711473898455, 0.5860285271297802, 0.5747790932655334, 0.557332309809598, 0.5316110172054984, 0.5017092769796198, 0.47882701592011884, 0.46519766070626, 0.45800113677978516, 0.45586934414776886, 0.4516771571202712, 0.4524488720026883, 0.449462354183197, 0.45015664534135297, 0.44826587492769415, 0.44964886524460534, 0.44983130422505463, 0.44958966970443726, 0.44680786674672907, 0.44864432378248736, 0.44555556232279, 0.447183527729728, 0.44546489823948254, 0.4459044635295868, 0.4448453973640095, 0.44495459578254004, 0.446901565248316, 0.44519181143153796, 0.44693132964047516, 0.44368441809307446, 0.44551498510620813, 0.4430332590233196, 0.4444435211745175, 0.44357872822067956, 0.4431935332038186, 0.44616667248985986, 0.4428400559858842, 0.4414644078774886, 0.44282473759217694, 0.4408125877380371, 0.4424329643899744, 0.44126729531721637, 0.4403916218064048, 0.4406240555373105, 0.44080177491361444, 0.4393092448061163, 0.438863835551522, 0.4393814368681474, 0.44056055491620844, 0.43855380741032685, 0.43977655334906146, 0.4387826133858074, 0.4384715204889124, 0.43915637785738165, 0.44371199336918915, 0.4381895769726146, 0.437108958309347, 0.43690990859811957, 0.4354340136051178, 0.4376461397517811, 0.4365790296684612, 0.43660167130556976, 0.4375413954257965, 0.4380036511204459, 0.435858125036413, 0.4338705973191695, 0.4354243143038316, 0.4353134144436229, 0.435758195140145, 0.43510532921010797, 0.43475766615434125, 0.4391811354593797, 0.4345180934125727, 0.4345767091621052, 0.43486538529396057, 0.4341862851923162]}