{"best_val": 0.5019530653953552, "train_loss": [0.660472591718038, 0.6483872301048703, 0.6376205285390218, 0.6241868303881751, 0.6099949247307248, 0.5945743024349213, 0.5762512120935652, 0.5606896960073047, 0.5433943801456027, 0.5316047420104345, 0.5212455027633243, 0.5157387968566682, 0.5113690197467804, 0.5119109137190713, 0.5117117547326617, 0.5046877811352412, 0.5015863494740592, 0.5005811800559362, 0.4983134518067042, 0.49637381732463837, 0.4979814390341441, 0.4913226217031479, 0.48799941274854874, 0.49110613763332367, 0.48823344707489014, 0.48828376332918805, 0.488404361738099, 0.4861922363440196, 0.485395363635487, 0.48270834154552883, 0.48249684770901996, 0.4809681243366665, 0.48158079385757446, 0.47786913481023574, 0.47759078277481926, 0.47736769252353245, 0.4755342966980404, 0.4752497656477822, 0.4731965164343516, 0.47370190421740216, 0.4722066455417209, 0.4735954884025786, 0.46975957685046726, 0.46828105714586044, 0.47150037189324695, 0.4720405124955707, 0.46931734184424084, 0.4706248376104567, 0.470464363694191, 0.4688633547888862, 0.4678688446680705, 0.4669167117940055, 0.4675559914774365, 0.4710431810882356, 0.46877405047416687, 0.4693159643146727, 0.4646161314513948, 0.46606402430269456, 0.46607240041097003, 0.4662768592437108], "val_loss": [0.6656965762376785, 0.6547025740146637, 0.6444235891103745, 0.6327127516269684, 0.6218049228191376, 0.605292946100235, 0.5891607701778412, 0.5775806456804276, 0.5616039484739304, 0.5627178102731705, 0.556216299533844, 0.5552206337451935, 0.5562131851911545, 0.5530684664845467, 0.5464944168925285, 0.5463148057460785, 0.5448115691542625, 0.548037514090538, 0.5432267710566521, 0.5380529016256332, 0.5326058268547058, 0.5361410826444626, 0.5432092696428299, 0.5359386056661606, 0.5295165479183197, 0.534337505698204, 0.5289910286664963, 0.5298985838890076, 0.529285728931427, 0.5286398455500603, 0.5331747606396675, 0.522059828042984, 0.5239967778325081, 0.5229403004050255, 0.5278747379779816, 0.5232373401522636, 0.5217073410749435, 0.5186387002468109, 0.5187289118766785, 0.5176372826099396, 0.5187883079051971, 0.5136592984199524, 0.5176401659846306, 0.5165143385529518, 0.5166599974036217, 0.5136213228106499, 0.5093924775719643, 0.5122494027018547, 0.5065564811229706, 0.5019530653953552, 0.5105953365564346, 0.5109099969267845, 0.5177858918905258, 0.5089291334152222, 0.5118771269917488, 0.5114386528730392, 0.5048743113875389, 0.5075827017426491, 0.5071572065353394, 0.5105525776743889]}