{"best_val": 0.5115824341773987, "train_loss": [0.6905009978347354, 0.6656559275256263, 0.6408156090312533, 0.61661582854059, 0.591907497909334, 0.5708039634757571, 0.554037782880995, 0.5466173589229584, 0.5424740976757474, 0.5412719464964337, 0.5334955735339059, 0.5280652360783683, 0.5284040437804328, 0.5308164755503336, 0.5265047268735038, 0.5260302142964469, 0.5243359721369214, 0.5233936905860901, 0.5223852843046188, 0.5216268814272351, 0.5220568709903293, 0.5195112476746241, 0.5190312597486708, 0.5180595599942737, 0.5193530205223296, 0.5192410151163737, 0.5148854768938489, 0.5136542154683007, 0.5162639915943146, 0.5152542889118195, 0.5131537980503507, 0.5128353767924838, 0.5095081296232011, 0.5077519400252236, 0.508969353304969, 0.5091137190659841, 0.5076064831680722, 0.5064069115453296, 0.5056880795293384, 0.5092353175083796, 0.5060544030533897], "val_loss": [0.670281395316124, 0.6472143679857254, 0.6215829849243164, 0.5961389541625977, 0.5718258768320084, 0.5579164028167725, 0.5532785207033157, 0.5474921390414238, 0.5414969623088837, 0.5384385138750076, 0.5354016423225403, 0.538733646273613, 0.5384314507246017, 0.5354263782501221, 0.5313486531376839, 0.5266546085476875, 0.5273564010858536, 0.5253806784749031, 0.5241949483752251, 0.5234265625476837, 0.5223365351557732, 0.5192518755793571, 0.5198147520422935, 0.5208960399031639, 0.5213702097535133, 0.5199530944228172, 0.5194149166345596, 0.5219205319881439, 0.5178752318024635, 0.5247552022337914, 0.5115824341773987, 0.5177068412303925, 0.516906775534153, 0.5153367519378662, 0.5189828723669052, 0.515705831348896, 0.5136275663971901, 0.5127784982323647, 0.5117266625165939, 0.5191124975681305, 0.5155399739742279]}