{"best_val": 0.48644962906837463, "train_loss": [0.7119625508785248, 0.6880933046340942, 0.6670304834842682, 0.6469349993599786, 0.6285490857230293, 0.6117801732487149, 0.5957541068394979, 0.5810047951009538, 0.569402684768041, 0.5575393305884467, 0.5533108181423612, 0.5450199974907769, 0.5443417181571325, 0.5431183692481782, 0.5394637634356817, 0.5356394747893015, 0.5342642300658755, 0.5324599362081952, 0.5334050208330154, 0.5339082214567397, 0.5306125548150804, 0.526270877983835, 0.5263774974478616, 0.5245111733675003, 0.528098401096132, 0.5228457202514013, 0.5231288737720914, 0.5267522616518868, 0.5254577679766549, 0.520799974600474, 0.521824061870575, 0.5220828304688135, 0.5189289798339208, 0.5170583128929138, 0.5207102249066035, 0.5140879137648476, 0.5173632800579071, 0.5171796215905083, 0.5155373728937573, 0.5136319349209467, 0.514260490735372, 0.5111908680862851, 0.5124205350875854, 0.5101687626706229, 0.5070268776681688, 0.5087178316381242, 0.5090954618321525, 0.5087375574641757, 0.5067940668927299, 0.5059600787030326, 0.5050506459342109, 0.5042240454090966, 0.5008892532851961, 0.5016916940609614, 0.5028675132327609, 0.5017751124170091, 0.5005989985333549, 0.4988107979297638, 0.4981769853168064, 0.49703967405690086, 0.497403997513983, 0.4980823000272115, 0.4958306865559684, 0.4963483512401581, 0.49577020439836716, 0.49333327180809444, 0.49580904179149204, 0.49422291583485073, 0.4982951266898049, 0.49496834642357296, 0.49378542602062225, 0.49519368012746173, 0.493233773443434, 0.49367278317610425, 0.4931916842857997, 0.4957211133506563, 0.49645494752460056, 0.4944164835744434, 0.4918183518780602, 0.4890266988012526, 0.4928451296355989, 0.49083059032758075, 0.4917747875054677, 0.4917288174231847, 0.49351603786150616], "val_loss": [0.6918937414884567, 0.6674772351980209, 0.6481379419565201, 0.6293519735336304, 0.6095802187919617, 0.5922914147377014, 0.5767651498317719, 0.5611647963523865, 0.5511846095323563, 0.5443179607391357, 0.5345737040042877, 0.5331849306821823, 0.5308408066630363, 0.5305078998208046, 0.52489023655653, 0.526499904692173, 0.5266412273049355, 0.518776036798954, 0.5278146117925644, 0.5155619531869888, 0.5185289084911346, 0.5167399570345879, 0.5159055441617966, 0.5163180455565453, 0.5148769840598106, 0.516382984817028, 0.5124437287449837, 0.5129579678177834, 0.5051130577921867, 0.509335108101368, 0.5093320608139038, 0.5041673630475998, 0.5045440047979355, 0.5083637163043022, 0.5059632584452629, 0.5058568492531776, 0.5140592753887177, 0.49848075956106186, 0.5099303647875786, 0.5026237219572067, 0.5021538138389587, 0.5024598762392998, 0.5008847415447235, 0.5012229010462761, 0.4951964169740677, 0.5011368840932846, 0.4958117827773094, 0.4986027702689171, 0.5017802715301514, 0.4965033456683159, 0.49342652410268784, 0.49802325665950775, 0.4939323738217354, 0.4928446337580681, 0.49237964302301407, 0.49100054055452347, 0.4934329614043236, 0.49138016998767853, 0.49567265808582306, 0.49806806445121765, 0.4959281235933304, 0.49010085314512253, 0.492080457508564, 0.49981314688920975, 0.4887358173727989, 0.49950460344552994, 0.49413643032312393, 0.4999764412641525, 0.4974994733929634, 0.4930223077535629, 0.49547210335731506, 0.4915924519300461, 0.4944335073232651, 0.4952898919582367, 0.48644962906837463, 0.4906434863805771, 0.49485141783952713, 0.49550746381282806, 0.49738869816064835, 0.4927119016647339, 0.49371636658906937, 0.49626190960407257, 0.492156945168972, 0.4920279532670975, 0.4954369440674782]}