{"best_val": 0.5107913240790367, "train_loss": [0.6698774231804742, 0.5938630302747091, 0.5370246287849214, 0.5089718318647809, 0.4946368684371312, 0.491696212026808, 0.48708991871939766, 0.4791684084468418, 0.478795039984915, 0.4737781468364928, 0.470348553525077, 0.4681877675983641, 0.4690040432744556, 0.4686044818825192, 0.4634324659903844, 0.46236753463745117, 0.46112619671556687, 0.45810885892974007, 0.45934303601582843, 0.4569261885351605, 0.45167288018597496, 0.45108194318082595, 0.45372414257791305, 0.4495073225763109], "val_loss": [0.6324095875024796, 0.5709904879331589, 0.5489420145750046, 0.5346662551164627, 0.5228650122880936, 0.5346724539995193, 0.5239248275756836, 0.5248291417956352, 0.5283452495932579, 0.5168641582131386, 0.5221585184335709, 0.5162329152226448, 0.5152729153633118, 0.5107913240790367, 0.5184801518917084, 0.5108006447553635, 0.5172700434923172, 0.5190736055374146, 0.5123045146465302, 0.5164364874362946, 0.5137409195303917, 0.5227381810545921, 0.5138798356056213, 0.5119907557964325]}