{"best_val": 0.46180551973256195, "train_loss": [0.6929388665685466, 0.6600563631338232, 0.6312821484079548, 0.6095768505451726, 0.5963366358887916, 0.5876706996384788, 0.5809636384833092, 0.5734968541883955, 0.5649786527250328, 0.5547928301727071, 0.5417109593456867, 0.5231522514539606, 0.5052420216448167, 0.4897134689723744, 0.47798806078293743, 0.4699680559775409, 0.4647284547487895, 0.46203430435236764, 0.4607085608968548, 0.4591440178600012, 0.4578602413336436, 0.4556641923446281, 0.45632391642121706, 0.45515209728596256, 0.4539179585727991, 0.4525289728361018, 0.453581982383541, 0.4512751301129659, 0.45148777844859106, 0.4506935506474738, 0.45032598399648477, 0.4512949346327314, 0.44960250807743446, 0.4502190339799021, 0.45013684326527165, 0.4478888383098677, 0.4478288035766751, 0.44701194880055445, 0.44727560001261096, 0.44650820949498343, 0.4461396365773444, 0.4459494521804884, 0.44503793178820145, 0.4451988783537173, 0.44529470158558265, 0.44354933091238435, 0.4432606673708149, 0.4435194999563928, 0.4441670623480105, 0.4422012935666477], "val_loss": [0.6728771437298168, 0.6426488106900995, 0.6188338994979858, 0.602018719369715, 0.5954892418601296, 0.5900003422390331, 0.5822904868559404, 0.5780291936614297, 0.5688607719811526, 0.5591907907616008, 0.54574838551608, 0.5291068906133826, 0.5110063065182079, 0.49513100764968176, 0.4848048145120794, 0.47789903391491284, 0.47363879734819586, 0.4716235886920582, 0.4676893651485443, 0.4688593420115384, 0.4695792414925315, 0.4673317074775696, 0.4665056683800437, 0.46778271956877276, 0.46655286713079974, 0.4663411758162759, 0.4654419015754353, 0.4658068797805093, 0.4659985330971805, 0.46528561277823016, 0.46623988585038617, 0.46531364592638885, 0.46225043589418585, 0.46397975899956445, 0.4645605114373294, 0.4642610820856961, 0.46496781977740204, 0.4642902097918771, 0.4636294516650113, 0.46180551973256195, 0.46415413509715686, 0.46373516050252045, 0.4649713770909743, 0.464200805534016, 0.46555867249315436, 0.463069658387791, 0.4632306153124029, 0.4636453010819175, 0.4644578045064753, 0.46258823438124225]}