{"best_val": 0.43948961117050866, "train_loss": [0.6705034784242219, 0.6419212689586714, 0.6177917566953921, 0.5994402088370978, 0.5873683772835077, 0.5780679057626164, 0.5672608613967896, 0.553821020266589, 0.5400467637707206, 0.5241455891553093, 0.5094138115060096, 0.4980045083691092, 0.48746026380389346, 0.48013430892252457, 0.4731844938268848, 0.46926622472557367, 0.46584907933777453, 0.4621223900832382, 0.46028124234255624, 0.45802578855963316, 0.4579730326054143, 0.45703806129156377, 0.45569708300571815, 0.4548467742461784, 0.45437319080034894, 0.4544592552325305, 0.45289041540201974, 0.45330990062040444, 0.4525168257601121, 0.45193079464575825, 0.45249808711164136, 0.4514739151094474, 0.4509892352655822, 0.45045624819456365, 0.4499100540198532, 0.45075857931492375, 0.44916071552856296, 0.4492252439844842, 0.44868558937428044, 0.44872144741170544, 0.4481799532385433, 0.44712730073461343, 0.4488520370978935, 0.4475134371542463, 0.44722812491304736, 0.4469892850109175, 0.4465138818703446, 0.44571322787041756, 0.4443862771286684, 0.4454631863855848, 0.4448949197928111, 0.4450655339979658, 0.4451122517679252, 0.44452259704178454, 0.44384891963472556, 0.4441477936856887, 0.4429984940033333, 0.44291619751967637, 0.4422231287348504, 0.44206992025468866, 0.4415089575683369, 0.44186628507632836, 0.4408363477856505, 0.441366549800424, 0.44011012596242566, 0.4407338745453778, 0.4399087674477521, 0.43993156096514535, 0.4395035458546059, 0.43843290618821684, 0.4389658541071649, 0.43992702224675345, 0.43883733480584386, 0.43872722282129173, 0.4382524338423037, 0.43765517426472084, 0.43679292587672963, 0.4371127503759721, 0.4383033882169163, 0.4360818740199594, 0.43525007717749653, 0.4366007242716995, 0.4358058565971898, 0.4354695788785523, 0.4348389144037284, 0.4355529237027262, 0.43493377811768474, 0.4332939450647317, 0.4333118188614939, 0.4329456523352978, 0.43317311417822746, 0.43359873458450915, 0.43229639647053736, 0.4321433919317582, 0.4310224874346864, 0.43117114609363033, 0.4319211525075576, 0.4315061522465126, 0.43160945878309365, 0.4298419607620613, 0.43083127105937286, 0.43001043036872266], "val_loss": [0.6533945798873901, 0.6255588423122059, 0.6026381145824086, 0.5874746604399248, 0.5776234377514232, 0.5682821869850159, 0.5559517090970819, 0.5409665216099132, 0.5251108462160284, 0.5108110227368095, 0.49709279157898645, 0.48708418824455957, 0.4792304662140933, 0.47270638021555816, 0.4676197360862385, 0.46234858306971466, 0.459324682300741, 0.45905560525980865, 0.4569160315123471, 0.4528179304166274, 0.4539037834514271, 0.4543861611322923, 0.453991174697876, 0.45430369810624555, 0.4506093588742343, 0.4528620324351571, 0.45061143419959326, 0.45040723410519684, 0.4516513022509488, 0.44979406757788226, 0.4511965052648024, 0.4499006623571569, 0.45012404972856696, 0.44860568100755865, 0.44827396219426935, 0.4471567679535259, 0.4490149969404394, 0.44892512397332623, 0.4488589248873971, 0.44578093561259186, 0.44722874598069623, 0.4475944150577892, 0.44682827591896057, 0.4463888108730316, 0.4474573352120139, 0.44738154248757794, 0.4439931836995212, 0.44760634953325446, 0.44629006494175305, 0.4453745728189295, 0.44429019364443695, 0.44500786607915704, 0.44614615494554694, 0.4448187567970969, 0.4430402165109461, 0.4461690133268183, 0.44351034543730994, 0.4449955739758231, 0.44441727887500415, 0.4436248540878296, 0.44462948495691473, 0.4452633966099132, 0.44329874352975324, 0.4426044821739197, 0.4417797597971829, 0.4435924372889779, 0.44398768923499365, 0.4420881786129691, 0.4420266801660711, 0.44276594844731415, 0.4417311359535564, 0.4437566778876565, 0.4423415118997747, 0.44537184726108203, 0.4439730942249298, 0.4423766948960044, 0.4430796368555589, 0.44273546609011566, 0.441068787466396, 0.44050180641087616, 0.4423471553759141, 0.4417698383331299, 0.4427087903022766, 0.4422409480268305, 0.4409131028435447, 0.44033750891685486, 0.4417988955974579, 0.4419873302633112, 0.442608890208331, 0.44191657413135876, 0.440937800840898, 0.43948961117050866, 0.44132398746230384, 0.4419247697700154, 0.4400673075155778, 0.44179106842387805, 0.43979872085831384, 0.44053005359389563, 0.4415847496552901, 0.44106521660631354, 0.442274036732587, 0.44071355733004486]}