{"best_val": 0.45333093946630304, "train_loss": [0.6668168715402192, 0.6274461512472115, 0.5977812841826794, 0.5783095944161508, 0.5577847431687748, 0.5344671139530107, 0.512048690926795, 0.4917572771801668, 0.47799647847811383, 0.4685303118883395, 0.4628695670296164, 0.46025146573197606, 0.45882316021358266, 0.4576786733141132, 0.45612795329561423, 0.4554321631497028, 0.45399980100930903, 0.4525706230425367, 0.4507540487775616, 0.4502401077279858, 0.449779889162849, 0.44946933201715056, 0.4484961120521321, 0.4482213504174176, 0.4464806084539376, 0.44617173250983744, 0.4454926614667855, 0.4447098871072133, 0.44309605979451944, 0.4431341459938124, 0.44310897822473566, 0.4434475343601376, 0.4404724608449375, 0.44094954518710866, 0.43973641302071365, 0.4385685984994851, 0.43695048958647487, 0.43715453907555224, 0.4364762837980308, 0.4350720965394787, 0.4346662537724364, 0.4347565331879784, 0.4327462905762242, 0.4313957492510478, 0.43216458664220925, 0.431111942319309, 0.4294712695420957, 0.4299642759210923, 0.42840179450371685, 0.42782168002689586, 0.42636365458077075, 0.4283642646144418, 0.42579244690782886, 0.42479165979460176, 0.4246014748133865], "val_loss": [0.6506827690384605, 0.6104703870686617, 0.5910037485035983, 0.5740746368061412, 0.5526970435272563, 0.530341010202061, 0.5072133595293219, 0.49175206097689544, 0.47684813087636774, 0.4698595025322654, 0.46831747076728125, 0.4632649665529078, 0.46302150325341657, 0.4611360186880285, 0.46149448644031177, 0.4622278023849834, 0.461191402240233, 0.4609537666494196, 0.45884340459650214, 0.4598155536434867, 0.45966132933443243, 0.4632142890583385, 0.4586842574856498, 0.4579933990131725, 0.45817857438867743, 0.4607803523540497, 0.4581356861374595, 0.459145497192036, 0.4579996033148332, 0.46007553013888275, 0.4577589549801566, 0.4567765078761361, 0.457926327531988, 0.4566086530685425, 0.45764025233008643, 0.45646302808414807, 0.45514160123738373, 0.4572657644748688, 0.455914323980158, 0.45608969168229535, 0.4556939574805173, 0.4553162455558777, 0.4560083963654258, 0.45790803161534394, 0.45333093946630304, 0.45616773854602466, 0.45607222752137616, 0.4546689038926905, 0.45449223572557623, 0.45649501952258026, 0.4567972042343833, 0.4546682970090346, 0.45563217997550964, 0.45662722804329614, 0.454955285245722]}