{"best_val": 0.43503130024129694, "train_loss": [0.6599628142282075, 0.6158856749534607, 0.590794255920485, 0.5719943514057234, 0.5496845625194848, 0.5216027959889057, 0.495161023794436, 0.47626881272185084, 0.46577688116653293, 0.46165823235231285, 0.45758190342024263, 0.4558417715278326, 0.45484086578967525, 0.45411112904548645, 0.4520500635399538, 0.45177148603925515, 0.44914692172817156, 0.45059311273051245, 0.4496837281713299, 0.44855357092969556, 0.44744498940075145, 0.4454590438627729, 0.4464837891214034, 0.4440164227111667, 0.44321584350922527, 0.4441351843815224, 0.44302338186432333, 0.44173506311341826, 0.44361916125989426, 0.4410664509324467, 0.4400024349782981, 0.4388770840915979, 0.44003112351193147, 0.4384126674895193, 0.43687794196839425, 0.43579200143907587, 0.4380904845162934, 0.4363176098056868, 0.4362414654563455, 0.4331538916802874, 0.4345984166743709, 0.4320594218431735, 0.4336678788942449, 0.43170515696207684, 0.4311673518489389, 0.431924944414812, 0.43106251545980867, 0.43050553401311237, 0.4303591631206812, 0.4288589656352997, 0.42648369424483357, 0.4264700401063059, 0.4278606439338011, 0.4255676252000472, 0.4242721474638172, 0.4234597203778286, 0.4230971663605933, 0.42354344036064895, 0.42178699023583355, 0.4222128689289093, 0.4207216606420629, 0.4197472906580158, 0.41934547354193297, 0.41917263701850294, 0.41946415281763266, 0.4183672269185384, 0.4171048046327105, 0.4187263063355988, 0.4163483942256254, 0.4156813679956922, 0.41440633406826094, 0.4151996409191805, 0.4133276986140831, 0.4132346540105109, 0.4133028878885157, 0.4131748179594676, 0.411496358759263, 0.41182458634470026, 0.40961790727634056], "val_loss": [0.6324615532701666, 0.5961631265553561, 0.5745716365900907, 0.5589286414059725, 0.5320008993148804, 0.5045218847014687, 0.478958398103714, 0.46913664449344983, 0.45891074429858814, 0.45590525323694403, 0.452327777038921, 0.4507849758321589, 0.45072701573371887, 0.4513485756787387, 0.4509035592729395, 0.44905812631953845, 0.4485106522386724, 0.44844043254852295, 0.4491924128749154, 0.447765894911506, 0.4469528983939778, 0.44537380066784943, 0.44626085595651105, 0.44603275710886175, 0.4441622387279164, 0.4460627626289021, 0.44585255601189355, 0.4443880482153459, 0.44604710015383636, 0.44329031760042364, 0.4435555095022375, 0.4437391757965088, 0.44280367547815497, 0.44262744079936633, 0.44344745169986377, 0.4423163424838673, 0.44402324069630017, 0.4436377937143499, 0.44299581105058844, 0.4427118111740459, 0.4415889951315793, 0.4423514089801095, 0.44017347964373504, 0.4402712014588443, 0.43990405852144415, 0.4399709159677679, 0.4415014792572368, 0.4413592517375946, 0.4389623213898052, 0.4400794126770713, 0.4386989745226773, 0.44202052463184704, 0.4394724016839808, 0.4405699616128748, 0.4398583011193709, 0.43945519490675494, 0.4402780695395036, 0.44005299427292566, 0.4417864111336795, 0.4382407854903828, 0.4391279003836892, 0.4373200291937048, 0.4373930882323872, 0.4386482672257857, 0.4382468407804316, 0.4372403215278279, 0.4388041171160611, 0.4362866905602542, 0.43503130024129694, 0.43597491762854834, 0.43662643974477594, 0.43706911531361664, 0.43622246384620667, 0.4385204179720445, 0.43870544162663544, 0.4359852427786047, 0.43617830222303217, 0.4382877593690699, 0.43878398700193927]}