{"best_val": 0.48911260813474655, "train_loss": [0.7071520553694831, 0.6562049951818254, 0.6325942410363091, 0.6144912011093564, 0.5948903991116418, 0.5757826368014017, 0.5577094091309441, 0.5478335155381097, 0.5406270639763938, 0.5349002712302737, 0.5306359728177389, 0.5281087060769399, 0.5271665503581365, 0.525459822681215, 0.5239265975024965, 0.5197560439507166, 0.5204175627893872, 0.5129803435670005, 0.5126253962516785, 0.509251692228847, 0.509166858262486, 0.5080624537335502, 0.5067534032795165, 0.501348035203086, 0.5034009135431714, 0.49929995006985134, 0.5015355348587036, 0.4981236226028866, 0.4981209685405095, 0.4995915955967373, 0.4968308342827691, 0.49351000951396096, 0.4966864105727937, 0.4935435685846541, 0.4948232074578603, 0.49270734853214687, 0.49553485049141777, 0.49281222290462917, 0.4918044176366594, 0.4928269005484051, 0.49297735426161027], "val_loss": [0.6494797319173813, 0.6176993697881699, 0.6071878969669342, 0.5909717381000519, 0.5713338702917099, 0.5544692128896713, 0.5478056371212006, 0.5363452136516571, 0.5343323200941086, 0.5336305275559425, 0.5188094675540924, 0.5253701135516167, 0.5211236029863358, 0.5182764604687691, 0.5191239565610886, 0.5191981494426727, 0.5171543806791306, 0.517084464430809, 0.5118431076407433, 0.5053733140230179, 0.5036943852901459, 0.5130847468972206, 0.5040347129106522, 0.508777879178524, 0.4994892030954361, 0.49464815109968185, 0.5034385770559311, 0.4989978224039078, 0.5018567368388176, 0.4908720552921295, 0.48911260813474655, 0.496797613799572, 0.4938322678208351, 0.49813062697649, 0.49374964088201523, 0.4985792338848114, 0.49760523438453674, 0.49121181666851044, 0.501587525010109, 0.49561622738838196, 0.4960828796029091]}