{"best_val": 0.4691789746284485, "train_loss": [0.6260293225447336, 0.6126409504148695, 0.5967069268226624, 0.5786953667799631, 0.5641893612013923, 0.5509641021490097, 0.5431365470091502, 0.5337190164460076, 0.526604026556015, 0.5263946139150195, 0.5199535588423411, 0.518954132994016, 0.5150630358192656, 0.5128437214427524, 0.5077984382708868, 0.5092704561021593, 0.5053611480527453, 0.5042166958252589, 0.5003511557976404, 0.5005929503175948, 0.5020511729849709, 0.49582599931293064, 0.4980463749832577, 0.4969998018609153, 0.4958122604423099, 0.49442849225468105, 0.4942828979757097, 0.49077754550509983, 0.4927316490146849, 0.4914211266570621, 0.4893520441320207, 0.48877134588029647, 0.49095605976051754, 0.4880215956105126, 0.4851308200094435, 0.4871102389362123, 0.485967250333892, 0.48640234271685284, 0.48756870958540177, 0.4829182012213601, 0.4826071593496535, 0.4866745256715351, 0.48690799209806657, 0.48374848895602757, 0.4827074524429109, 0.48490384055508506, 0.48120028442806667, 0.4826762643125322, 0.4818587518400616, 0.48195352653662366, 0.48243263529406655, 0.4794454591141807, 0.4808204405837589, 0.4783245325088501, 0.4801885998911328, 0.4792189763651954, 0.48088086975945366, 0.47792957226435345, 0.47808827294243705, 0.47648213307062787, 0.4759865022367901, 0.47916314171420205, 0.47619882391558754, 0.4777083959844377, 0.47500063975652057, 0.4768690698676639, 0.4768271628353331, 0.4773882014883889, 0.47661757469177246, 0.47203751239511704, 0.4763836661974589, 0.47621888750129276, 0.4732341484891044, 0.4752708077430725, 0.47383128934436375, 0.4736196845769882, 0.47523332635561627, 0.47314097318384385, 0.47445699241426254, 0.4732220619916916, 0.47570986383491093, 0.4732695006661945, 0.47293972472349805, 0.472448006272316, 0.4734700322151184, 0.4729736910925971, 0.46973520186212325, 0.4734307411644194, 0.4713524861468209, 0.4718536138534546, 0.47084308829572463], "val_loss": [0.6151483654975891, 0.5999192446470261, 0.5815906971693039, 0.5639587044715881, 0.5462565869092941, 0.5358312427997589, 0.5310237556695938, 0.5228283554315567, 0.5190403833985329, 0.5170259028673172, 0.508791409432888, 0.5150025263428688, 0.5077800825238228, 0.5033851712942123, 0.5052768066525459, 0.5014989525079727, 0.4980086386203766, 0.5075014978647232, 0.4998278170824051, 0.49302832782268524, 0.49521806836128235, 0.5031112059950829, 0.4953994005918503, 0.4881892204284668, 0.4981451779603958, 0.49091046303510666, 0.48934804648160934, 0.48616378754377365, 0.494735985994339, 0.49093014746904373, 0.48838334530591965, 0.4901878610253334, 0.49013129621744156, 0.48303159326314926, 0.4835174009203911, 0.4872932881116867, 0.48404619097709656, 0.48185615986585617, 0.4866923913359642, 0.483050674200058, 0.48300202190876007, 0.4843269810080528, 0.484857015311718, 0.4882447123527527, 0.4883071333169937, 0.486608050763607, 0.47961021214723587, 0.4780876785516739, 0.48401810228824615, 0.4808146506547928, 0.48165949434041977, 0.4790969640016556, 0.47877296805381775, 0.4800654947757721, 0.4861060157418251, 0.47656776010990143, 0.4742649272084236, 0.477440282702446, 0.4801457077264786, 0.4792073220014572, 0.48328953981399536, 0.4777292162179947, 0.47889093309640884, 0.4741162806749344, 0.47788184881210327, 0.47681760787963867, 0.47106876224279404, 0.4795449897646904, 0.48001766949892044, 0.47401439398527145, 0.47754544019699097, 0.47887177765369415, 0.47020909935235977, 0.4736645221710205, 0.4757615551352501, 0.47490255534648895, 0.4758058115839958, 0.47873812913894653, 0.4768480509519577, 0.47533635050058365, 0.4691789746284485, 0.47581450641155243, 0.4752129763364792, 0.47367220371961594, 0.47870879620313644, 0.4760937839746475, 0.4753570556640625, 0.47951357066631317, 0.4819665253162384, 0.47000137716531754, 0.4811689481139183]}