{"best_val": 0.45818483558568085, "train_loss": [0.6645939618933434, 0.6524118430474225, 0.6389480443561778, 0.6222831723736781, 0.6069277910625234, 0.595423511430329, 0.5891211219862396, 0.5857803751440609, 0.5812761935533262, 0.5776868637870339, 0.5725682389502432, 0.5685841143131256, 0.5632433686770645, 0.5604410761711645, 0.5559823442907894, 0.5513874391714731, 0.5460982445408317, 0.5401639038441228, 0.5355340178106346, 0.529928935509102, 0.5244293078487995, 0.5175801889569152, 0.5109670886806413, 0.5073084650086421, 0.5001777270260979, 0.4928818596344368, 0.48835769880051705, 0.4836687667697084, 0.4794200734764922, 0.47494050743533117, 0.47023219337650374, 0.4659289162532956, 0.4625231349000744, 0.4588031909045051, 0.4570109329971613, 0.4532146751880646, 0.45102368441282537, 0.4493602151964225, 0.44792427034939036, 0.44669701246654286, 0.4455230002309762, 0.4422629200944714, 0.4416600512523277, 0.4410420527645186, 0.44012879507214414, 0.4388192558989805, 0.43808635835554083, 0.43755631820828306, 0.4364983001176049, 0.4355942472523334, 0.43558233158261167, 0.43588333912924226, 0.435125016114291, 0.43455086560810313, 0.43383613520977543, 0.43349527436144214, 0.43382738092366385, 0.43359079138905393, 0.4324331131635928, 0.4324539286248824, 0.43216684635947733, 0.43215103242911546, 0.43160102063534306, 0.4314597517836328, 0.43147943008179757, 0.43026647848241467, 0.4307072127566618, 0.42997102059570014, 0.4304201117917603, 0.4300898903725194, 0.430151104927063, 0.42906321965011895, 0.428966903219036, 0.4290631027782665, 0.4277699011213639, 0.4282117602871914, 0.42875317732493085, 0.42785882248597984, 0.4274306145368838, 0.42794523461192263, 0.4267294640634574, 0.42666397550526786, 0.42585375028498035, 0.42639179089490103, 0.425132130875307], "val_loss": [0.6616134697740729, 0.6496337923136625, 0.635371289469979, 0.6206478043036028, 0.6081359494816173, 0.6011769717389887, 0.5972282019528475, 0.5931280634619973, 0.5908286679874767, 0.5872066725384105, 0.5817752859809182, 0.578535876490853, 0.5742915652014993, 0.5708056742494757, 0.5666631351817738, 0.5613797307014465, 0.5570438206195831, 0.5505883693695068, 0.5476468422196128, 0.5404504510489377, 0.5352310998873278, 0.5295033129778776, 0.5236776010556654, 0.5184657113118605, 0.5123868015679446, 0.5066514882174405, 0.5030203515833075, 0.4984506070613861, 0.4936613982374018, 0.4900751330635764, 0.48657974058931525, 0.4831056974150918, 0.48124528473073785, 0.47915989702398126, 0.47692500190301373, 0.47413361885330896, 0.47181700576435437, 0.47103986414996063, 0.46986991979859094, 0.4667402370409532, 0.46814508871598676, 0.4666445417837663, 0.46395542133938183, 0.4645451578226956, 0.46583031524311413, 0.46468736366792157, 0.4641701741652055, 0.4662524461746216, 0.4627689204432748, 0.461548003283414, 0.4630090973593972, 0.4631410376592116, 0.4627167961814187, 0.4621632153337652, 0.46164375814524566, 0.4629867429083044, 0.46197723800485785, 0.4610853466120633, 0.46078181808645075, 0.4633220000700517, 0.461513335054571, 0.4627025317062031, 0.4606507257981734, 0.4628768102689223, 0.4612234966321425, 0.46075051752003754, 0.46152661605314776, 0.46219212358648126, 0.4605510776693171, 0.4602275490760803, 0.46120412241328845, 0.4611495516516946, 0.46035051345825195, 0.46065740151838824, 0.4593913121656938, 0.45898597890680487, 0.46018843759189954, 0.46045774492350494, 0.45959268645806745, 0.4582779272036119, 0.4610793400894512, 0.45818557793443854, 0.4587747427550229, 0.45950786633925006, 0.45818483558568085]}