{"best_val": 0.5006185099482536, "train_loss": [0.7609937522146437, 0.7306839923063914, 0.6971985002358755, 0.6631945768992106, 0.6374577581882477, 0.6196886897087097, 0.6006008982658386, 0.5794561836454604, 0.5592827863163419, 0.5411298043198056, 0.529986709356308, 0.520500467883216, 0.51417518986596, 0.5109734684228897, 0.5040582203202777, 0.5029838300413556, 0.49885716372066075, 0.4943622383806441, 0.4920612987544801, 0.4907979104253981, 0.48877201312118107, 0.4869564821322759, 0.48179834253258175, 0.48315004176563686, 0.47617049680815804, 0.4802612645758523, 0.4763030128346549, 0.4735131594869826, 0.4772866302066379, 0.4749514311552048, 0.4736894617478053, 0.46963358918825787, 0.4712347967757119, 0.47001516156726414, 0.4698879619439443, 0.4675636804766125, 0.46881579690509373, 0.46789466175768113, 0.4671260449621413, 0.46723497410615283], "val_loss": [0.7084839791059494, 0.6830395311117172, 0.6567553728818893, 0.6269005239009857, 0.6030701994895935, 0.5938019454479218, 0.5783061236143112, 0.5664240568876266, 0.5568352043628693, 0.5454535111784935, 0.5461705327033997, 0.5401605144143105, 0.5387242808938026, 0.5318942815065384, 0.5381446406245232, 0.5302950739860535, 0.5284492149949074, 0.5268953964114189, 0.5236124992370605, 0.5271234661340714, 0.5194201767444611, 0.5251393765211105, 0.5199211910367012, 0.5148817896842957, 0.5168766677379608, 0.5133959203958511, 0.5132623091340065, 0.5176723375916481, 0.5099937692284584, 0.5006185099482536, 0.5048556625843048, 0.5104525685310364, 0.5019951239228249, 0.5097352489829063, 0.5115262195467949, 0.5019374117255211, 0.5034351423382759, 0.5071392208337784, 0.5083227828145027, 0.5097350627183914]}