{"best_val": 0.45358382300897077, "train_loss": [0.6822861731052399, 0.6773692140212426, 0.6720800044444891, 0.6672878448779767, 0.6616504880098196, 0.6572404263111261, 0.6509736157380618, 0.6439841401118499, 0.6365965570394809, 0.628959752046145, 0.620510085270955, 0.61287988951573, 0.6048703548999933, 0.5968524057131547, 0.5885687625178924, 0.5856573209166527, 0.5836765674444345, 0.5812534856108519, 0.5780506134033203, 0.5748874098062515, 0.5751940378775964, 0.5710823060228274, 0.5704330085561826, 0.568136259340323, 0.5674975055914658, 0.5622955887363508, 0.5609840068679589, 0.5596148744225502, 0.5561571763111994, 0.5503727816618406, 0.5516551836178853, 0.5507559065635388, 0.5465944839211611, 0.5426712786922088, 0.5372938880553613, 0.5356042883717097, 0.5323531931409469, 0.5278886424807402, 0.5239247295718926, 0.5184232093966924, 0.5139175831125333, 0.5118789793207095, 0.5099726307850617, 0.5042034989366164, 0.49935404841716474, 0.4942026189886607, 0.49341666297270703, 0.48761557386471677, 0.483165385058293, 0.4809653397936087, 0.479065124805157, 0.4728729805121055, 0.47591787519363254, 0.4689413205935405, 0.46959590396055806, 0.46385835397701997, 0.46314769008984935, 0.46191499210320985, 0.4563780455635144, 0.4573514490173413, 0.45538384180802566, 0.45202668698934406, 0.45290613690247905, 0.4539884586746876, 0.44715592150504774, 0.4494736555677194, 0.44929078966379166, 0.44665536685631824, 0.4474945314801656, 0.44702019599767834, 0.4463475627394823, 0.4452066048979759, 0.4464390128850937, 0.44434010352079684, 0.4433980406476901, 0.44523618714167523, 0.44167917451033223, 0.4398806198285176, 0.4423554247388473, 0.44043889068640196, 0.43960804033737916, 0.43939696653531146, 0.4396466171512237, 0.4415094577349149, 0.4384785271607913, 0.4374632548827391, 0.4370729923248291, 0.44113072466391784, 0.43902686352913195, 0.4379000050517229, 0.4384203301026271, 0.43951720343186307, 0.43908112897322726, 0.43348425454818285, 0.4346297773031088, 0.43783821910619736, 0.4370132925418707, 0.43237751005933833, 0.4349212824152066, 0.43414544142209566, 0.4349109817009706, 0.4345689771267084, 0.4374523271734898, 0.43587887860261476, 0.43420011034378636, 0.4347845447751192, 0.4338896417847046, 0.4335543014682256, 0.4334036369736378, 0.43514695305090684, 0.4336527012861692, 0.434639264184695], "val_loss": [0.6799053603952582, 0.6747934005477212, 0.6696557348424738, 0.6643205068328164, 0.6588397838852622, 0.6536262902346525, 0.6470854715867476, 0.640738227150657, 0.6321013569831848, 0.6238893703980879, 0.6154885996471752, 0.607560699636286, 0.6002504554661837, 0.5949838811700995, 0.5918613889000632, 0.5906823223287408, 0.5882841782136397, 0.5851917537775907, 0.582741769877347, 0.5814271623438055, 0.5780224204063416, 0.5753489488905127, 0.5752573175863787, 0.5728670954704285, 0.5710110447623513, 0.5670989480885592, 0.5671593655239452, 0.5662337406115099, 0.5619969638911161, 0.5600884854793549, 0.557170033454895, 0.5529150800271467, 0.5532605458389629, 0.5501972924579274, 0.546258116310293, 0.5406602431427349, 0.5360293198715557, 0.5333249921148474, 0.5295064828612588, 0.5274277979677374, 0.5253493081439625, 0.5216865187341516, 0.5156033933162689, 0.512774410572919, 0.5091659860177473, 0.5066086514429613, 0.5015705282037909, 0.4999184825203635, 0.4960020563819192, 0.4926103190942244, 0.4918758977543224, 0.4885119172659787, 0.4846068810332905, 0.4821375445886092, 0.48155163634907117, 0.4789694872769443, 0.48015138506889343, 0.47498383305289527, 0.4722911444577304, 0.4733420393683694, 0.47199486873366614, 0.4730798520825126, 0.4693215543573553, 0.4682804318991574, 0.46904909339818085, 0.46501323038881476, 0.46851409023458307, 0.4664340208877217, 0.463565777648579, 0.46900807185606525, 0.4680479521101171, 0.4637779214165427, 0.46506832946430554, 0.46263300288807263, 0.4644235480915416, 0.4608862941915339, 0.4612113670869307, 0.46291314742781897, 0.4608608971942555, 0.4605772549455816, 0.4615017229860479, 0.45952267809347674, 0.4600202332843434, 0.46405796571211383, 0.4590032263235612, 0.4590337005528537, 0.4589495198293166, 0.45851371505043725, 0.45813063328916376, 0.45977467569437896, 0.45904449170286005, 0.4598431641405279, 0.45875262130390515, 0.4584957686337558, 0.4591439393433658, 0.4568993232466958, 0.4567272554744374, 0.4583977325396104, 0.45743367075920105, 0.45784077048301697, 0.4602867473255504, 0.45358382300897077, 0.4562532522461631, 0.4575967246835882, 0.4554672593420202, 0.45540160753510217, 0.45472741397944366, 0.45633866028352216, 0.4597365449775349, 0.4559212191538377, 0.45396713235161523, 0.4538597112352198]}