{"best_val": 0.4580230489373207, "train_loss": [0.6605358984735277, 0.6533561812506782, 0.646198206477695, 0.6394678619172838, 0.6328507893615298, 0.6250925759474436, 0.6185172465112474, 0.6109816431999207, 0.6034137871530321, 0.5947886606057485, 0.586887260278066, 0.5802658465173509, 0.5724776850806342, 0.5654464860757192, 0.5588935265938441, 0.554063136378924, 0.5486787541045083, 0.5437175846762128, 0.5390095164378484, 0.5354406767421298, 0.5318891273604499, 0.5280047638548745, 0.5277347167332967, 0.523498879538642, 0.5214327391650941, 0.5191536231173409, 0.5160573538806703, 0.5142487817340426, 0.5145374668969048, 0.5133005927006403, 0.510948884818289, 0.5087788932853274, 0.506906529267629, 0.5049642125765482, 0.5055702030658722, 0.5028778745068444, 0.5047269314527512, 0.5036713613404168, 0.49824919799963635, 0.4969871656762229, 0.49614263077576953, 0.49717028935750324, 0.49529995189772713, 0.493550686372651, 0.49337446689605713, 0.49478979408741, 0.4962136000394821, 0.49388589296076035, 0.48859067923492855, 0.4866183052460353, 0.48762119975354934, 0.4884296788109673, 0.4870066311624315, 0.4850502726104524, 0.48466528786553276, 0.48553911182615495, 0.4826736764775382, 0.48125721679793465, 0.4811612450414234, 0.4817478375302421, 0.48007604976495105, 0.4803789671924379, 0.47714202602704364, 0.47702234983444214, 0.4802258362372716, 0.4762652317682902, 0.47863152457608116, 0.4729693399535285, 0.47885311312145656, 0.4755902952618069, 0.4743457982937495, 0.47843008902337814, 0.47270091209146714, 0.47520990669727325, 0.4731886138518651, 0.47184370623694527, 0.4728326615360048, 0.4714767502413856, 0.47458846867084503, 0.473154882589976, 0.47191350327597725, 0.46770471500025856, 0.4696149428685506, 0.46969567239284515, 0.47009830673535663, 0.4680439912610584, 0.4693085700273514, 0.4683174755838182, 0.4710649682415856, 0.47056788868374294, 0.4677247835530175, 0.4692435579167472, 0.47047696510950726, 0.4675917857223087, 0.4668968899382485, 0.4647180305586921, 0.46869329777028823, 0.4686499834060669], "val_loss": [0.6562100499868393, 0.6497333943843842, 0.6425822228193283, 0.6351864784955978, 0.6283051818609238, 0.6212496608495712, 0.6152288764715195, 0.6081847697496414, 0.5986288487911224, 0.5904408842325211, 0.5833406895399094, 0.5756722390651703, 0.5713142305612564, 0.5607437342405319, 0.5574288368225098, 0.5486295819282532, 0.543875053524971, 0.5417989492416382, 0.5380344688892365, 0.5323712080717087, 0.5304946675896645, 0.5280135571956635, 0.5238229930400848, 0.5210400521755219, 0.5214609503746033, 0.519354484975338, 0.5118544176220894, 0.5135562419891357, 0.5125424489378929, 0.5049239471554756, 0.5062697902321815, 0.49930674582719803, 0.5063212513923645, 0.4990353658795357, 0.4987817853689194, 0.4940117746591568, 0.49949970096349716, 0.4991260841488838, 0.4935141056776047, 0.4925363063812256, 0.48838896304368973, 0.4882201477885246, 0.4812891483306885, 0.4910454899072647, 0.4875553548336029, 0.4859371557831764, 0.48211781680583954, 0.4865921810269356, 0.4829079806804657, 0.4808695614337921, 0.4779203310608864, 0.48175279051065445, 0.4811180382966995, 0.4793443903326988, 0.48180271685123444, 0.47535640001296997, 0.4787277579307556, 0.4738733842968941, 0.476667582988739, 0.47252173721790314, 0.4775822311639786, 0.46959833800792694, 0.477853424847126, 0.4754258021712303, 0.47528287023305893, 0.4708007797598839, 0.4654921442270279, 0.46936599910259247, 0.4716101363301277, 0.4706343859434128, 0.47140758484601974, 0.4696718826889992, 0.46801672130823135, 0.470863401889801, 0.46312132477760315, 0.47293782979249954, 0.4676611125469208, 0.4653324857354164, 0.4737699255347252, 0.4650370702147484, 0.4599687457084656, 0.4619176313281059, 0.4594142958521843, 0.4718461409211159, 0.46852221339941025, 0.4664028286933899, 0.464999757707119, 0.4580230489373207, 0.46437445282936096, 0.46731291711330414, 0.4681254029273987, 0.4642859399318695, 0.46608974784612656, 0.46655722707509995, 0.4676727205514908, 0.4712984412908554, 0.4630516394972801, 0.4676501601934433]}