{"best_val": 0.4390088238499381, "train_loss": [0.6587055839744269, 0.5928117913358352, 0.5570974320757622, 0.5120788076344658, 0.47854509131581174, 0.4629567481723486, 0.4556456611436956, 0.4522648523835575, 0.44763148473758324, 0.446597826831481, 0.4477727851446937, 0.44342728397425485, 0.4417538450044744, 0.44089076390453413, 0.4388912401947321, 0.437089716686922, 0.4360593370362824, 0.43341009055866914, 0.4320371694424573, 0.43271326200634824, 0.43154217624196817, 0.4271721372417375, 0.42628414256899966, 0.4257536214940688, 0.42267948564361124, 0.4218188272971733, 0.4205961922804515, 0.4176590302411248, 0.414833992135291, 0.4143711135667913, 0.41175978557736265, 0.41072701823477653, 0.4088955623846428, 0.40691254594746756, 0.4072020585630454, 0.4032333563355839, 0.40220612871880623, 0.39982177930719714, 0.39791613700343115, 0.39548394551464155, 0.39438803114143073, 0.39258669287550685, 0.39275791948916866, 0.3888896843966316, 0.3877583438274907, 0.3862439510869045, 0.3846171743729535, 0.38300575169862483, 0.38034871804947945, 0.3800609918201671, 0.376847296368842, 0.3768084978356081, 0.37448497847014783, 0.3747989494426578, 0.3714491356821621, 0.3699458843352748, 0.3686994805055506, 0.36587631234935686, 0.3649318457818499, 0.36314255349776325, 0.36313825611974676, 0.3596963368210138, 0.3580917780305825, 0.35717928409576416, 0.35622932747298597, 0.35391200815930085, 0.35298021985035316, 0.350897152634228, 0.34901590674531224, 0.34896158353955137, 0.34715284144177155, 0.3460732645848218, 0.3440784297737421, 0.34316254012724934, 0.3415793805730109, 0.3403680236900554, 0.33897873350218233, 0.3371478453570721, 0.3367137347950655, 0.3359938766442093, 0.3338881999838586, 0.3348614018337399, 0.3311621786332598, 0.33060411495320935, 0.32855939163881187], "val_loss": [0.6137424978342924, 0.5719550035216592, 0.5371679392727938, 0.4995690584182739, 0.48098924485119904, 0.4715909145095132, 0.4673578684980219, 0.46663894165645947, 0.4649581719528545, 0.46562842347405176, 0.46304267103021796, 0.4624043486335061, 0.45744558356025, 0.4630757245150479, 0.4596415026621385, 0.46126786416227167, 0.459278789433566, 0.4563260349360379, 0.45777332240884955, 0.45587130839174445, 0.45446254448457196, 0.455174291675741, 0.4531557803804224, 0.4556430388580669, 0.4519945708188144, 0.4580152468247847, 0.4526201080192219, 0.45188173109834845, 0.45220540870319714, 0.4502240744504062, 0.44951320778239856, 0.45124338973652234, 0.449051171541214, 0.45093229142102326, 0.45223513787442987, 0.4527043185450814, 0.4519300975582816, 0.4473597840829329, 0.44589332017031585, 0.4453313702886755, 0.4482149535959417, 0.44802283157001843, 0.44679243998094037, 0.44494967027144, 0.44837107170711865, 0.4444683952765031, 0.4478634785522114, 0.4435340572487224, 0.4425608651204543, 0.44223500110886316, 0.4428979618982835, 0.4468625838106329, 0.44426221468231897, 0.44485887614163483, 0.4450549998066642, 0.44636920907280664, 0.44114933772520587, 0.44380186904560437, 0.4503768465735696, 0.4459397521885959, 0.44226351109418, 0.4431174018166282, 0.44767144322395325, 0.44651775468479504, 0.44181307879361237, 0.4393047609112479, 0.44515486738898535, 0.4432720027186654, 0.44412236592986365, 0.44099759784611786, 0.4452766234224493, 0.44379315593025903, 0.448582188649611, 0.44294958222996106, 0.4390088238499381, 0.44282657449895685, 0.4451842660253698, 0.44355669075792487, 0.4422908913005482, 0.44632228125225415, 0.44392881068316375, 0.44722417809746484, 0.441021355715665, 0.44531711123206397, 0.4441989470611919]}