{"best_val": 0.4576086862520738, "train_loss": [0.6660840674942615, 0.5948040789248896, 0.5716693185123742, 0.5551480306129829, 0.529853074574003, 0.49789246624591305, 0.4725760642219992, 0.4562869393358044, 0.45033785233310625, 0.44750902874797, 0.44548793692214816, 0.44289738699501635, 0.44215644165581347, 0.4412876408474118, 0.43895582883965734, 0.4388844096193127, 0.4371255519343357, 0.43723412471659046, 0.434879764622333, 0.43307764506807517, 0.4337172543301302, 0.43102160622091856, 0.42965348620040744, 0.429389367500941, 0.42758805436246533, 0.42466533856064664], "val_loss": [0.6267285238612782, 0.5864453613758087, 0.5755800442262129, 0.5573325590653853, 0.5258059176531705, 0.49551237984137103, 0.4734877347946167, 0.4676442065022208, 0.4666707163507288, 0.4616986973719163, 0.46335194598544727, 0.46090123328295624, 0.46262751384214923, 0.46109061349521985, 0.4604211828925393, 0.4576086862520738, 0.4615238742394881, 0.45939171043309296, 0.4606999863277782, 0.4605683277953755, 0.459745081988248, 0.46322034976699134, 0.4604822478511117, 0.4596994844349948, 0.4582147571173581, 0.4643081724643707]}