{"best_val": 0.46698083118958905, "train_loss": [0.8554048561582378, 0.7710269116887859, 0.688120988069796, 0.6270192627813301, 0.6031379804891699, 0.5900547282368529, 0.5782891897594228, 0.5695621727728376, 0.5603581468264262, 0.5509159681843776, 0.5410176901256337, 0.5308511824000115, 0.5200996433987337, 0.5096844761979347, 0.5004014694223217, 0.4936540448198132, 0.48779089310589957, 0.4836954451074787, 0.48074063249662813, 0.47764889983569875, 0.47523829516242533, 0.47489091637087805, 0.47334063695926293, 0.4719750092310064, 0.47164249946089354, 0.47106343274023016, 0.4727696291371888, 0.4703087771640104, 0.4701549480943119, 0.4708361561391868, 0.47025661608752084, 0.46928748722169916, 0.46808770240521896, 0.46799834043371913, 0.46859239304766936, 0.4680984820805344, 0.46745461985176684, 0.4676414804131377, 0.46683341673776213, 0.46859295461692063, 0.46716618946954314, 0.4671994348367055, 0.4660429136425841, 0.4664560106455111, 0.4656816943019044, 0.4663930354165096, 0.4665040665981816, 0.46588630010099974, 0.46591803548382776, 0.4651760710220711, 0.4662030064592175], "val_loss": [0.7315590110692111, 0.6819053454832598, 0.6278598633679476, 0.6049315875226801, 0.5932662107727744, 0.5836768312887712, 0.575397792187604, 0.5665368221022866, 0.5585606856779619, 0.5465806018222462, 0.5368232103911313, 0.5242336338216608, 0.5143147354776209, 0.5031416361982172, 0.49557643316008826, 0.48753572323105554, 0.4825424768707969, 0.4786671183326028, 0.47843720425258984, 0.47451943159103394, 0.47427903522144665, 0.4734848737716675, 0.47217786041173065, 0.47216795791279187, 0.47032664580778644, 0.4714306782592427, 0.47027589787136426, 0.46998667175119574, 0.4695370143110102, 0.4714406837116588, 0.4704176837747747, 0.4706487140872262, 0.4708541604605588, 0.4709931639107791, 0.47087959267876367, 0.47029416398568585, 0.4694932157343084, 0.4689242216673764, 0.4695735655047677, 0.4682443277402358, 0.46698083118958905, 0.4675404700365933, 0.4693895768035542, 0.4684071107344194, 0.4673699682409113, 0.4673401577906175, 0.46857852827418933, 0.46895221959460864, 0.4690796732902527, 0.46799731796438043, 0.46862014857205475]}