{"best_val": 0.470689827745611, "train_loss": [0.6653234082109788, 0.618082300120709, 0.5866683686480803, 0.5634012046982261, 0.5370210531879874, 0.505935071145787, 0.481213486662098, 0.46473366723341103, 0.45547960552514766, 0.45012956273322013, 0.4483156589900746, 0.44665076043091567, 0.4444337224259096, 0.4426551017106748, 0.440844360519858, 0.4400563935438792, 0.4394875496041541, 0.4367193912758547, 0.4361957451876472, 0.43460459335177554, 0.4323575134370841, 0.43252432463215845, 0.42935188552912545, 0.4273749619138007, 0.4269155328180276, 0.42546119467884885, 0.42261351148287457, 0.4217827501250248, 0.4216207260010289, 0.42102745175361633, 0.4180769832695232, 0.41642508319779936, 0.41518153863794666, 0.41552553807987885], "val_loss": [0.6445883187380704, 0.5995984131639654, 0.5804582996801897, 0.5560617203062231, 0.5321730808778242, 0.506364332004027, 0.49060487205331976, 0.48159552162343805, 0.47542941299351776, 0.47843598235737195, 0.4737161506306041, 0.4749982438304208, 0.4728206423195926, 0.47795403545553033, 0.4759471741589633, 0.4745037474415519, 0.4738501120697368, 0.47761276635256683, 0.4762284457683563, 0.47340751777995715, 0.4725318063389171, 0.4727421592582356, 0.4715416133403778, 0.470689827745611, 0.47328161922368134, 0.47283319993452594, 0.4711159738627347, 0.4744970310818065, 0.47539919885722076, 0.47284784642132843, 0.4715475087816065, 0.4734066697684201, 0.4721360504627228, 0.4736846522851424]}