{"best_val": 0.4478826739571311, "train_loss": [0.6513916148858911, 0.6026186802807976, 0.5806448482999614, 0.561461060070524, 0.5354643101785698, 0.5039428139434141, 0.4797554939400916, 0.4686704131902433, 0.4625615471718358, 0.4587505728590722, 0.4551618543325686, 0.45506876940820734, 0.45345408776227164, 0.4518330120572857, 0.45149046416376154, 0.4508451381150414, 0.44942396937632095, 0.44961824837852926, 0.44782351512534946, 0.44584939468140694, 0.44433263119529276, 0.44249000502567665, 0.44390293196135877, 0.4414171249258752, 0.4392758204656489, 0.4389108857687782, 0.43638573323979096, 0.4356706551477021, 0.43687402091774286, 0.43278740667829324, 0.43311389754800234, 0.43101777048671946, 0.43142732393507865, 0.4298781933737736, 0.427774308943281, 0.4262780921131957, 0.4262248131574369, 0.42430932206266064, 0.4223047489044713, 0.42109118255914424, 0.4201804656608432, 0.41997917785364036, 0.41643401337604896, 0.4164445978753707, 0.4163185848909266, 0.4144802578524047, 0.41331466564945146, 0.4100160312418844, 0.40925175477476683, 0.407552231760586, 0.40674354457387735, 0.4067423688430412, 0.40437208904939537, 0.40307807396439943], "val_loss": [0.617939911105416, 0.5784025300632823, 0.5666815638542175, 0.5494538003748114, 0.5191971659660339, 0.49497407945719635, 0.4787360294298692, 0.47180814905600116, 0.46603028882633557, 0.4637347161769867, 0.46644393693317066, 0.4613779999993064, 0.46073366837068036, 0.46423666314645246, 0.46111811020157556, 0.4602381180633198, 0.459678899158131, 0.4581594331697984, 0.4586737481030551, 0.45756231383843854, 0.4581195386973294, 0.4600663564421914, 0.4564164199612357, 0.4586376601999456, 0.45789939165115356, 0.45532035014846106, 0.4555121118372137, 0.4573412158272483, 0.4552026851610704, 0.4547019140286879, 0.45323519002307544, 0.4556464905088598, 0.45166973634199664, 0.4543813250281594, 0.4522034905173562, 0.4594622091813521, 0.4530771428888494, 0.45053727518428455, 0.45479602163488214, 0.454635045745156, 0.4514925642447038, 0.4518616497516632, 0.45164820551872253, 0.4478826739571311, 0.4523555175824599, 0.4507251408967105, 0.4514241570776159, 0.45417939532886853, 0.4510144184936177, 0.45071104710752313, 0.45550836758180097, 0.45159234783866187, 0.4479897835037925, 0.4506013908169486]}