{"best_val": 0.45086197419600055, "train_loss": [0.6663433874354643, 0.6141374999401616, 0.5843639911389819, 0.5654178816898197, 0.5449016883092768, 0.5214082277288624, 0.4975492726354038, 0.4771975296385148, 0.466227381252775, 0.45995479296235475, 0.4553953666313022, 0.45380650957425434, 0.451720198579863, 0.45007292780221675, 0.4491213863971187, 0.4482639694915098, 0.4476071607832815, 0.44610578172347126, 0.4458712993883619, 0.4453364692482294, 0.4447142633737302, 0.4429502937139249, 0.44280581205498937, 0.44284435405450706, 0.44098209049187453, 0.441678245862325, 0.44037488511964384, 0.4409128807339014, 0.4399210413297017, 0.4380399315964942, 0.43895281822073695, 0.43874235538875356, 0.43726426129247625, 0.43631591165767, 0.4357161948493883, 0.43603532805162315, 0.43562839837635264, 0.43617451658435896, 0.4354304554415684, 0.43269387997832953, 0.4326217840699589, 0.43213946211571785, 0.4326164669850293, 0.43144755386838723, 0.4319292949695213, 0.43038326910897795, 0.4299679532939312, 0.42880214312497306, 0.42780207652671665, 0.4289935827255249, 0.4272541357021706, 0.42718469220049243, 0.4260048252694747, 0.42656806578823164, 0.4256482714531468, 0.42482586701711017, 0.4243311922924191, 0.42430586616198224, 0.42451687011064265, 0.42317455831696005, 0.42354516422047334, 0.4221588530961205, 0.4202933428334255, 0.4205436315022263, 0.4192844442292756, 0.41944539839146183, 0.4190896030734567, 0.41872718638064815, 0.4185987138280682, 0.4171450827635971, 0.4175913889034122, 0.41684837142626446, 0.4149045868247163, 0.41423818352175695, 0.41559745868047077, 0.41559645533561707, 0.41270804054596844, 0.4123079122281542], "val_loss": [0.6373195810751482, 0.595299243927002, 0.5781956694342874, 0.5613329302180897, 0.5411270531741056, 0.5157117355953563, 0.4930626153945923, 0.4799503900788047, 0.4697333872318268, 0.4667758210138841, 0.4639709537679499, 0.4607396803118966, 0.4607591385191137, 0.46059161695567047, 0.459205535325137, 0.45915898138826544, 0.45901030031117523, 0.4600685076280074, 0.4604533910751343, 0.4576862400228327, 0.45807940580628137, 0.45936536518010224, 0.4581280838359486, 0.45797002586451446, 0.4566391272978349, 0.45707733793692157, 0.45810583233833313, 0.4573156914927743, 0.4572042362256484, 0.4562339647249742, 0.4577245360071009, 0.45599120313471014, 0.45694006844000384, 0.45774815299294214, 0.45686313239010895, 0.4555337564511733, 0.4541921480135484, 0.45607034997506574, 0.4540659378875386, 0.4541833454912359, 0.4568058604543859, 0.45525223829529504, 0.4557365422899073, 0.45733239433982154, 0.45523192394863476, 0.4533171166073192, 0.4538676521994851, 0.45504342967813666, 0.4527019235220822, 0.4544483775442297, 0.45555332844907587, 0.45533979480916803, 0.4561111195520921, 0.4550602842460979, 0.45360678705302154, 0.45336553725329315, 0.45385620810768823, 0.45570999112996186, 0.4521633142774755, 0.45373839139938354, 0.4549181488427249, 0.4532384466041218, 0.4531709876927463, 0.45357161218469794, 0.453066812320189, 0.4509214027361436, 0.4537926587191495, 0.45086197419600055, 0.45471701567823236, 0.45383213324980304, 0.4557291811162775, 0.4534621834754944, 0.4538506838408383, 0.4531409604982896, 0.45649137551134283, 0.4542241638356989, 0.45269677584821527, 0.4513956172899766]}