{"best_val": 0.49222132563591003, "train_loss": [0.721855405304167, 0.7017428411377801, 0.6815830171108246, 0.6608717342217764, 0.6405848794513278, 0.6185798578792148, 0.5956727597448561, 0.5770673718717363, 0.5583402382002937, 0.5474218047327466, 0.536812831958135, 0.5300951732529534, 0.5275618847873476, 0.5220729990137948, 0.5185948759317398, 0.5158716241518656, 0.5114817735221651, 0.5093742095761828, 0.5086030066013336, 0.5086894714170032, 0.5062411841419008, 0.5064814736445745, 0.5026934130324258, 0.5020486364761988, 0.49914174278577167, 0.5003361271487342, 0.49898123575581443, 0.49810099601745605, 0.4931601021024916, 0.4941002262963189, 0.4974796291854646, 0.4918735706143909, 0.49373969270123375, 0.4941003835863537, 0.4926091730594635, 0.4895433038473129, 0.49041911628511214, 0.49242371486292946, 0.4896572099791633, 0.4926030851072735, 0.490718811750412, 0.4893409295214547, 0.48832665714952683, 0.487105593085289, 0.487554657790396, 0.4871410098340776, 0.4841787169377009, 0.48734740912914276, 0.4863241778479682, 0.48238391511970097, 0.4840397718879912, 0.48541927337646484, 0.4856962627834744, 0.48500028914875454, 0.4855354345507092, 0.48388390574190354, 0.48215992748737335, 0.48629071480698055, 0.48239123158984715, 0.4826728817489412, 0.4827260325352351, 0.47993066906929016, 0.48034222424030304, 0.4822365476025475, 0.48238307072056663, 0.4811934481064479, 0.4768609371450212, 0.47787801755799186, 0.4792611185047362, 0.47731572058465743], "val_loss": [0.7080664038658142, 0.6902853548526764, 0.6736662238836288, 0.6560636013746262, 0.6383939981460571, 0.6187231838703156, 0.6028970032930374, 0.5835810005664825, 0.5793568193912506, 0.5679474174976349, 0.5716570019721985, 0.5642353445291519, 0.5569692105054855, 0.5555218458175659, 0.5492748245596886, 0.5475655198097229, 0.5426818802952766, 0.5420883074402809, 0.537569209933281, 0.5269379988312721, 0.5300375446677208, 0.5260458216071129, 0.5250928476452827, 0.5192491784691811, 0.5216229930520058, 0.5235293805599213, 0.513121984899044, 0.5152007639408112, 0.510559044778347, 0.5089701414108276, 0.5066118314862251, 0.5098826736211777, 0.5135206654667854, 0.511929988861084, 0.505312941968441, 0.5112594291567802, 0.5094012096524239, 0.5080615058541298, 0.5078493803739548, 0.5087545588612556, 0.50825634598732, 0.5035393461585045, 0.5053949803113937, 0.5023195594549179, 0.5033155605196953, 0.5005417168140411, 0.5012232065200806, 0.5012817680835724, 0.5014966055750847, 0.5007559210062027, 0.5043980106711388, 0.5040748417377472, 0.4925762116909027, 0.4955354854464531, 0.49890123307704926, 0.49422212690114975, 0.49682800471782684, 0.49744658917188644, 0.50018510222435, 0.49222132563591003, 0.4973665475845337, 0.49389495700597763, 0.4943098947405815, 0.4963628351688385, 0.5011238381266594, 0.49781544506549835, 0.496796578168869, 0.4953593537211418, 0.50083277374506, 0.4957563355565071]}