{"best_val": 0.46432486176490784, "train_loss": [0.7764467298984528, 0.754979219701555, 0.734029491742452, 0.7139258417818282, 0.6949720482031504, 0.675574736462699, 0.6536560091707442, 0.6315377420849271, 0.6104757686456045, 0.5923264920711517, 0.5804002417458428, 0.5691240562333001, 0.5593704995181825, 0.5554881890614828, 0.5515284587939581, 0.5481019930707084, 0.5420462207661735, 0.5388113988770379, 0.5335034529368082, 0.532963537507587, 0.5289387984408273, 0.5282275312476687, 0.523320734500885, 0.5227396107382245, 0.5186935249302123, 0.5201923300822576, 0.5194389505518807, 0.5173299709955851, 0.5161783231629266, 0.5156889541281594, 0.514122466246287, 0.5124134057097964, 0.5121202286746767, 0.5110154698292414, 0.5098318258921305, 0.5077912426657147, 0.5072441630893283, 0.5040895326269997, 0.5060570935408274, 0.5064523071050644, 0.5038842029041715, 0.5049233734607697, 0.5037196046776242, 0.5037703861792883, 0.5010345280170441, 0.5044166660971112, 0.5025341262420019, 0.5028457707828946, 0.5042734195788702, 0.5028979629278183, 0.503116743432151, 0.5018126948012246], "val_loss": [0.7746004462242126, 0.7517547905445099, 0.7274899780750275, 0.7062901556491852, 0.6848658472299576, 0.6610191911458969, 0.6356258243322372, 0.6079753637313843, 0.5815303325653076, 0.5603654980659485, 0.5518101900815964, 0.5375513583421707, 0.531604140996933, 0.5210344046354294, 0.5168337970972061, 0.5139108225703239, 0.511013075709343, 0.5019953176379204, 0.49661964178085327, 0.4976440295577049, 0.4907824993133545, 0.488323874771595, 0.48880385607481003, 0.48087917268276215, 0.4796128422021866, 0.4773663952946663, 0.48242519050836563, 0.4757595583796501, 0.47793589532375336, 0.4772770032286644, 0.4698324576020241, 0.47375938296318054, 0.4756961241364479, 0.471321664750576, 0.4694720357656479, 0.47112856060266495, 0.4693729877471924, 0.46724702417850494, 0.46779652684926987, 0.47035813331604004, 0.4697674438357353, 0.46432486176490784, 0.47142353653907776, 0.4709647670388222, 0.4688180834054947, 0.47820640355348587, 0.46938228607177734, 0.46713366359472275, 0.47312266379594803, 0.47150495648384094, 0.4680304527282715, 0.4665147438645363]}