{"best_val": 0.5083524212241173, "train_loss": [0.7112719482845731, 0.6805224617322286, 0.6585730844073825, 0.6396000617080264, 0.6185059348742167, 0.5943885445594788, 0.5721160537666745, 0.5591019110547172, 0.5482992877562841, 0.5434116919835409, 0.5368204944663577, 0.5320405711730322, 0.5327683505084779, 0.526899399028884, 0.5255236211750243, 0.5262389696306653, 0.5229056908024682, 0.522211104631424, 0.5195676585038503, 0.5209334658251868, 0.5160908947388331, 0.5143645637565188, 0.5141393525732888, 0.5131000015470717, 0.512796046005355, 0.5122892657915751, 0.5104111813836627, 0.510484183828036, 0.5095387432310317, 0.510224719842275, 0.5079350935088264, 0.5093842397133509, 0.5030162516567442, 0.5049639791250229, 0.5062652130921682, 0.5035061885913213, 0.505688221918212, 0.502387649483151, 0.504501106010543, 0.5021180063486099, 0.5038876069916619, 0.5021830830309126, 0.502264506287045, 0.4999471538596683, 0.5015344901217355, 0.5028508139981164, 0.5009618914789624], "val_loss": [0.6755586415529251, 0.6576718986034393, 0.6398499011993408, 0.6225621700286865, 0.6017586588859558, 0.5879038125276566, 0.5702025145292282, 0.5563163459300995, 0.5542430728673935, 0.5388850048184395, 0.5431502088904381, 0.5386441946029663, 0.5356863141059875, 0.5350477546453476, 0.5281190574169159, 0.5281896516680717, 0.5331974700093269, 0.5280658677220345, 0.5288765877485275, 0.5245506837964058, 0.5208410546183586, 0.51652842015028, 0.516806535422802, 0.5189765244722366, 0.5137414634227753, 0.5192609280347824, 0.5151564404368401, 0.5142662450671196, 0.5235324874520302, 0.5195927768945694, 0.5196182355284691, 0.5155163928866386, 0.50926174223423, 0.5185165777802467, 0.5124749466776848, 0.51209606975317, 0.5083524212241173, 0.5141687169671059, 0.5112569555640221, 0.5143891125917435, 0.5133554115891457, 0.5113918334245682, 0.5094494521617889, 0.5122316256165504, 0.5148024931550026, 0.5138771757483482, 0.5130224153399467]}