{"best_val": 0.5104390904307365, "train_loss": [0.728109104765786, 0.7142467002073923, 0.6971212095684476, 0.6793726649549272, 0.6629228062099881, 0.6454889112048678, 0.6294418772061666, 0.6130292647414737, 0.5975761181778378, 0.585947357945972, 0.5717787312136756, 0.562847450375557, 0.5531943357653089, 0.5441359678904215, 0.5383257733450996, 0.5383553471830156, 0.5330248243278928, 0.5322592374351289, 0.530966321627299, 0.5263862460851669, 0.5230236185921563, 0.5213165548112657, 0.5223794082800547, 0.5215665698051453, 0.5206348018513786, 0.5193950235843658, 0.5178666147920821, 0.5163520094421175, 0.5143463015556335, 0.5140254580312305, 0.5107994112703536, 0.5125206957260767, 0.5121246145831214, 0.5092977268828286, 0.5068825665447447, 0.5075479795535406, 0.5098962204323875, 0.5077990194161733, 0.5112085193395615, 0.506177082657814, 0.5064960883723365, 0.5043542004293866, 0.5040607733858956, 0.5031488918595843, 0.5055241137742996, 0.5023457292053435, 0.5041168597009447, 0.5008665637837516, 0.5039296497901281, 0.5009199447102017, 0.49947096904118854, 0.4994842873679267, 0.4962535384628508, 0.5001780920558505, 0.49909596476289964, 0.49906736777888405, 0.49915030433071983, 0.4947492877642314, 0.49942369096808964, 0.4978584448496501, 0.49889425271087223, 0.49885304603311753, 0.49638040198220146, 0.49714772403240204, 0.499415334728029, 0.49742552638053894, 0.4985686242580414, 0.4959225174453523, 0.4979403581884172, 0.4977218608061473, 0.49564266204833984, 0.4980761922068066, 0.49641530712445575, 0.4939641472366121, 0.493216077486674, 0.49932923416296643, 0.49522100389003754, 0.4972551051113341, 0.49288997219668496, 0.4927697843975491, 0.49298662940661114, 0.49435245990753174, 0.4926340927680333, 0.4932158639033635, 0.4925494326485528, 0.4941364874442418], "val_loss": [0.6368104815483093, 0.6298315674066544, 0.6207906752824783, 0.6107826977968216, 0.6048756092786789, 0.59701868891716, 0.5889892876148224, 0.5863980054855347, 0.5789708644151688, 0.5706962496042252, 0.565787136554718, 0.5583080500364304, 0.5544824749231339, 0.5530882477760315, 0.5518011450767517, 0.5523914843797684, 0.5488023459911346, 0.5474496632814407, 0.5487737134099007, 0.5481681227684021, 0.5472553223371506, 0.5423504784703255, 0.5487281903624535, 0.5460197776556015, 0.5438919812440872, 0.5456646680831909, 0.5418298169970512, 0.5358574166893959, 0.5370333641767502, 0.5449535250663757, 0.5325558185577393, 0.5454303920269012, 0.5306571200489998, 0.5392003953456879, 0.5333204790949821, 0.536245584487915, 0.54041488468647, 0.5284096375107765, 0.5293536260724068, 0.5299123227596283, 0.5299859642982483, 0.5347032323479652, 0.5337534844875336, 0.5270620733499527, 0.5324698388576508, 0.5226340144872665, 0.5211877375841141, 0.5256725922226906, 0.526115819811821, 0.5210750699043274, 0.5273216664791107, 0.5254710391163826, 0.5327873304486275, 0.5250119492411613, 0.5245645046234131, 0.5315278917551041, 0.5174108594655991, 0.5263139680027962, 0.5251424610614777, 0.5293413251638412, 0.5245833545923233, 0.5246927663683891, 0.5247328653931618, 0.5238993540406227, 0.5259881690144539, 0.517236664891243, 0.5191681832075119, 0.5221047922968864, 0.5240905731916428, 0.527281254529953, 0.513700932264328, 0.5189811959862709, 0.5165237709879875, 0.5201407000422478, 0.5187633112072945, 0.5104390904307365, 0.5179845318198204, 0.5182863473892212, 0.5169748812913895, 0.517454631626606, 0.5128710865974426, 0.5204744264483452, 0.5190230011940002, 0.516595222055912, 0.5112290903925896, 0.5161054953932762]}