{"best_val": 0.4389298585328189, "train_loss": [0.6889385721262764, 0.6088519563861922, 0.5770397536894855, 0.5492516265195959, 0.5147099728677788, 0.489205013887555, 0.4770527207383923, 0.4694863230574365, 0.46549708644549054, 0.4639238481428109, 0.46201418427860036, 0.46259454068015604, 0.4615807661823198, 0.4589986882957758, 0.4587543115896337, 0.4561542588121751, 0.4562201295413223, 0.45704536286054875, 0.452920840067022, 0.4530833281722723, 0.45245372197207284, 0.4505639853430729, 0.44929854191985785, 0.4489692326854257, 0.4487250546614329, 0.4458138767410727, 0.4456828926123825, 0.4446274644019557, 0.4425152353211945, 0.44136371390492307, 0.44044024687187344, 0.43895800908406574, 0.4402179437525132, 0.4383247050584531, 0.43650013792748543, 0.43469103352696287, 0.4336310590014738, 0.4334086793310502, 0.430554529615477, 0.43000607338606145, 0.42867013461449566, 0.42763333811479454, 0.4251626338444504, 0.4239820049089544, 0.42301154487273274, 0.4205254661101921, 0.4185030255831924], "val_loss": [0.611807032064958, 0.5710327516902577, 0.5426831949840892, 0.5123508843508634, 0.48182839155197144, 0.4618357067758387, 0.4488384181802923, 0.4485905332998796, 0.44663136113773694, 0.44618353518572723, 0.44665926694869995, 0.4455033622004769, 0.4452532800761136, 0.4452526731924577, 0.4469197934324091, 0.44248303229158575, 0.443591372533278, 0.4435342252254486, 0.4434582428498702, 0.4427050379189578, 0.44251547076485376, 0.44376218860799616, 0.44316599585793237, 0.44027387824925507, 0.44084982167590747, 0.4414225898005746, 0.4432669146494432, 0.4421639252792705, 0.4412468536333604, 0.4401323036714034, 0.4414604116569866, 0.4397793791510842, 0.4403699826110493, 0.4398281113667922, 0.44043105840682983, 0.44227579777890985, 0.4389298585328189, 0.43946566635912115, 0.4405750632286072, 0.4394152516668493, 0.440544147383083, 0.4428034939549186, 0.4403494271365079, 0.44301611997864465, 0.44157253341241315, 0.4406557895920493, 0.44237581166354095]}