{"best_val": 0.4944746866822243, "train_loss": [0.7046948870023092, 0.6700228883160485, 0.632131255335278, 0.5891848007837931, 0.5656320270564821, 0.5438562482595444, 0.5345216906732984, 0.5250827454858356, 0.5215127633677589, 0.5177878969245486, 0.5167889710929658, 0.5144128451744715, 0.5109206769201491, 0.5128028872940276, 0.5110134134689966, 0.5086700601710213, 0.5072020391623179, 0.508123184243838, 0.5039948804510964, 0.5016761521498362, 0.5043596939908134, 0.502460703253746, 0.5016403877072864, 0.49694542090098065, 0.5005449089739058, 0.49957117603884804, 0.49998802774482304, 0.4983406845066283, 0.49581803381443024, 0.49500807457500035, 0.49661972456508213, 0.49685116443369126, 0.493522509932518, 0.4934738046593136, 0.49407072365283966, 0.4897557066546546, 0.48934337662325966, 0.4922008663415909, 0.48953038619624245, 0.4908943606747521, 0.4901814642879698, 0.49013302889135146, 0.4862632205088933, 0.4859630713860194, 0.48688944843080306, 0.4855372839503818, 0.48454313311311936, 0.48464591635598075, 0.48332376446988845, 0.48433175020747715, 0.48488334980275893, 0.48603904909557766, 0.48283551633358, 0.4826904700862037, 0.4847174220614963, 0.4798815217283037, 0.47851606872346664, 0.4804357969098621, 0.47972307602564496], "val_loss": [0.6853442043066025, 0.6509731411933899, 0.610202968120575, 0.5795478075742722, 0.560458593070507, 0.5434509962797165, 0.5378344133496284, 0.530205525457859, 0.5317714139819145, 0.5269089937210083, 0.5183055773377419, 0.5159825682640076, 0.5208908244967461, 0.5116571336984634, 0.5123935043811798, 0.5100453794002533, 0.5187842175364494, 0.5098233744502068, 0.5117878466844559, 0.51187414675951, 0.5042957663536072, 0.502943828701973, 0.5048487856984138, 0.5058350190520287, 0.507937379181385, 0.5034310668706894, 0.5043746829032898, 0.5061136409640312, 0.5025723651051521, 0.5054213553667068, 0.5021357759833336, 0.4977441132068634, 0.5006830990314484, 0.505611278116703, 0.5054589286446571, 0.5055205896496773, 0.4999750778079033, 0.4989531859755516, 0.5027613118290901, 0.4998445138335228, 0.5016882717609406, 0.4962901920080185, 0.5017067268490791, 0.5096166580915451, 0.5097746178507805, 0.5032564848661423, 0.49750474840402603, 0.5034473240375519, 0.4944746866822243, 0.5035870149731636, 0.5004487782716751, 0.5016258656978607, 0.5054624676704407, 0.5076243206858635, 0.5075352862477303, 0.5007537826895714, 0.5018369853496552, 0.505275696516037, 0.4974481835961342]}