{"best_val": 0.4856708347797394, "train_loss": [0.6758470833301544, 0.6543477276961008, 0.6309464938110776, 0.60721112953292, 0.5727097557650672, 0.5482723149988387, 0.5281202362643348, 0.519266073902448, 0.5116166952583525, 0.5033472743299272, 0.49929046134154004, 0.4963647077480952, 0.4917457385195626, 0.49027642442120445, 0.48506761259502834, 0.4842571367820104, 0.48067249523268807, 0.4775906536314223, 0.47357987695270115, 0.4729549702670839, 0.47285789416895974, 0.4698731948932012, 0.4690046227640576, 0.46713030172718895, 0.46496498750315773, 0.46453480256928337, 0.46469419201215106, 0.4655294285880195, 0.4622967259751426, 0.45941609475347733, 0.4612183819214503, 0.4589814030461841, 0.45795513192812604, 0.46004919211069745, 0.4578571716944377, 0.4588661293188731, 0.45617931584517163, 0.46026381850242615, 0.45773183637195164, 0.4594501339726978, 0.4633682254287932, 0.4593985113832686, 0.45498679247167373, 0.4529358893632889, 0.45458847946590847, 0.45758424864874947, 0.45483344462182784, 0.4528641021913952, 0.45526106158892315, 0.4539332373274697, 0.45171534683969283, 0.4548884365293715, 0.45514048139254254, 0.4524974425633748, 0.4559163914786445], "val_loss": [0.6671396642923355, 0.6457612961530685, 0.6230824887752533, 0.5980688184499741, 0.5666009932756424, 0.5470452308654785, 0.5337725877761841, 0.5330313891172409, 0.5289232134819031, 0.5257980078458786, 0.5183699131011963, 0.5232122391462326, 0.5141344666481018, 0.5089585557579994, 0.5117393732070923, 0.5094836428761482, 0.5104438662528992, 0.5076597034931183, 0.5093817487359047, 0.5091240257024765, 0.5002005621790886, 0.5077355280518532, 0.49428196996450424, 0.5001599490642548, 0.49582639336586, 0.49398747086524963, 0.4926794767379761, 0.494538813829422, 0.49635089188814163, 0.49084484577178955, 0.4899817034602165, 0.4893100708723068, 0.5047324970364571, 0.49350688606500626, 0.4887017384171486, 0.49520207941532135, 0.49073928594589233, 0.49693530052900314, 0.4940045177936554, 0.48871058970689774, 0.49788058549165726, 0.49771852791309357, 0.4926576763391495, 0.49221380800008774, 0.4856708347797394, 0.4905949532985687, 0.48757027834653854, 0.49317945539951324, 0.49026813358068466, 0.4927409216761589, 0.49037741869688034, 0.4860358089208603, 0.48656347393989563, 0.48806533217430115, 0.4924014061689377]}