{"best_val": 0.4880448207259178, "train_loss": [0.6027812196148766, 0.585788283083174, 0.5676843027273814, 0.5510119613673952, 0.53143719666534, 0.5121862557199266, 0.504360255267885, 0.5005703022082647, 0.4952760885159175, 0.4888077974319458, 0.48699048161506653, 0.4905093510945638, 0.4831996974017885, 0.481582244237264, 0.48212818304697674, 0.48059898283746505, 0.4757832321855757, 0.4733249578211043, 0.4732919500933753, 0.4721553209755156, 0.4707292202446196, 0.47010839813285404, 0.467266986767451, 0.46499042709668476, 0.4630337970124351, 0.46280883583757615, 0.46163025829527116, 0.4623975025282966, 0.459857745303048, 0.46236447327666813, 0.4582287023464839, 0.4572036564350128, 0.45740925272305805, 0.454787928197119, 0.4544034931394789, 0.45387877855035996, 0.45636072589291465, 0.454813399248653, 0.45318302677737343, 0.4509212639596727, 0.45337410767873126, 0.45285043285952675, 0.4512048330571916, 0.4531282252735562, 0.4513712045219209, 0.4505519171555837, 0.449976803527938, 0.45052195423179203, 0.4519586314757665], "val_loss": [0.6034743785858154, 0.588041216135025, 0.5673357099294662, 0.5518519133329391, 0.5415804758667946, 0.535163164138794, 0.5279248654842377, 0.5234472751617432, 0.5239863991737366, 0.5195516422390938, 0.5174660235643387, 0.5113712623715401, 0.5246777981519699, 0.5178175866603851, 0.5134259164333344, 0.5131905004382133, 0.5199723094701767, 0.5077860653400421, 0.517894946038723, 0.5040604174137115, 0.507573276758194, 0.5032735839486122, 0.4938807263970375, 0.5059951543807983, 0.4979502409696579, 0.5007060021162033, 0.5004119277000427, 0.49962621182203293, 0.4992285743355751, 0.4896432012319565, 0.4964354783296585, 0.4982474520802498, 0.4969187080860138, 0.49936850368976593, 0.4982084408402443, 0.49448806792497635, 0.49361850321292877, 0.4978610426187515, 0.4880448207259178, 0.4959822967648506, 0.49940119683742523, 0.49166563898324966, 0.48912864923477173, 0.49366898834705353, 0.4900161251425743, 0.4945434629917145, 0.4897257760167122, 0.4943440109491348, 0.4881039038300514]}