{"best_val": 0.4699520915746689, "train_loss": [0.8242993387911055, 0.7848111093044281, 0.7445751196808286, 0.7149710158507029, 0.6985338727633158, 0.6847120324770609, 0.6716967092620002, 0.6555132104290856, 0.6383660038312277, 0.6199728912777371, 0.6029602222972446, 0.5866720775763193, 0.5716311931610107, 0.5665688034560945, 0.5572710600164201, 0.5529347591929965, 0.5474754439459907, 0.5419576350185606, 0.539248428410954, 0.5379048221641116, 0.5354036026530795, 0.5324463943640391, 0.5305737604697546, 0.5283041497071584, 0.5283436642752753, 0.5202754719389809, 0.5203084299961726, 0.5213842408524619, 0.5227036360237334, 0.5220974071158303, 0.5194249831967883, 0.5187298142247729, 0.5166899230745103, 0.5169184853633245, 0.516900305946668, 0.515926781627867, 0.5143488612439897, 0.5146760841210684, 0.5131325738297569, 0.5131447298659219, 0.5104729483524958, 0.5147806704044342, 0.51459372540315, 0.509171712729666, 0.5123869793282615, 0.5117692665921317, 0.5118387192487717, 0.5127141094870038, 0.5111781176593568, 0.5072077727980084, 0.5109442505571578, 0.5105535702572929, 0.5092294762531916, 0.5079332060284085, 0.5101905481682883, 0.5093514074881872, 0.5116510308451123, 0.5107991860972511, 0.5073094086514579, 0.5097886655065749, 0.5117303497261472, 0.5093917879793379, 0.5107594165537093, 0.5071939213408364, 0.5076585610707601, 0.5071807172563341, 0.5107342087560229, 0.5090021789073944, 0.5106521778636508, 0.5072572512759103, 0.5058722611930635, 0.5094200058115853, 0.5067556947469711], "val_loss": [0.7691373527050018, 0.7414156794548035, 0.7138302326202393, 0.6880035549402237, 0.6715917587280273, 0.657026007771492, 0.6393470764160156, 0.618664413690567, 0.596427395939827, 0.5788587033748627, 0.5652491003274918, 0.5491154044866562, 0.532938227057457, 0.520955041050911, 0.5108764469623566, 0.5097929239273071, 0.502866841852665, 0.4964017942547798, 0.4977198615670204, 0.49190590530633926, 0.49800440669059753, 0.494839683175087, 0.4922558590769768, 0.48086220026016235, 0.4894235283136368, 0.4908619523048401, 0.48380348086357117, 0.48202504217624664, 0.4836770296096802, 0.47949133068323135, 0.47873355448246, 0.48366107791662216, 0.4778943881392479, 0.48174095898866653, 0.4834892079234123, 0.47904781252145767, 0.4750383719801903, 0.47678951919078827, 0.47446252405643463, 0.47872450202703476, 0.4756699725985527, 0.4784081131219864, 0.4756220355629921, 0.47618483752012253, 0.4732239246368408, 0.47441377490758896, 0.47650277614593506, 0.4737861678004265, 0.4723818525671959, 0.47614164650440216, 0.4752991646528244, 0.4786596894264221, 0.47797347605228424, 0.4726435989141464, 0.47353506833314896, 0.4719487354159355, 0.47846049070358276, 0.4772771969437599, 0.47327231615781784, 0.475789874792099, 0.4787914454936981, 0.4771433249115944, 0.4699520915746689, 0.4717244654893875, 0.4764893278479576, 0.48013198375701904, 0.48062802851200104, 0.48003510385751724, 0.47191351652145386, 0.4762853533029556, 0.48120639473199844, 0.47605764865875244, 0.48170042783021927]}