{"best_val": 0.4944642335176468, "train_loss": [0.756919158829583, 0.7159044146537781, 0.6775255766179826, 0.6378442711300321, 0.6006910602251688, 0.5649520887268914, 0.541686064667172, 0.5270859864022996, 0.5114870369434357, 0.5035346862342622, 0.49683444533083176, 0.49341417186790043, 0.48857737415366703, 0.4856645150317086, 0.4837929954131444, 0.4788838674624761, 0.4809582829475403, 0.47669270800219643, 0.4764626953336928, 0.4766017099221547, 0.4712015787760417, 0.46944573521614075, 0.4695022470421261, 0.4662837502029207, 0.46436945100625354, 0.462721339530415, 0.46515998244285583, 0.4634840620888604, 0.46412083009878796, 0.4622027675310771, 0.4594368123345905, 0.4621988187233607, 0.4567365629805459, 0.45878683196173775, 0.4566178901327981, 0.4564339220523834, 0.45766011873881024, 0.4531748377614551, 0.45445231596628827, 0.45307769378026325, 0.45305996305412716], "val_loss": [0.7350500077009201, 0.698261633515358, 0.6613157689571381, 0.624964028596878, 0.5937610119581223, 0.5619959831237793, 0.5420155674219131, 0.5417023077607155, 0.5248289480805397, 0.5240753144025803, 0.5213810205459595, 0.5172039642930031, 0.5205884128808975, 0.5167914032936096, 0.514761358499527, 0.5138221830129623, 0.5111120566725731, 0.5138677358627319, 0.5158036053180695, 0.5120361372828484, 0.5074567794799805, 0.5097611248493195, 0.5089706555008888, 0.5149193480610847, 0.5054471269249916, 0.5044905170798302, 0.5004836842417717, 0.5041959062218666, 0.5019046664237976, 0.505812980234623, 0.4944642335176468, 0.49743591248989105, 0.49955616146326065, 0.5080372020602226, 0.5027299672365189, 0.5011221021413803, 0.5014666020870209, 0.4984871745109558, 0.5012407079339027, 0.49992023408412933, 0.5010217055678368]}