{"best_val": 0.4428868591785431, "train_loss": [0.7079249655499178, 0.6452361567347658, 0.6127101919230293, 0.5903821657685673, 0.5754249621840084, 0.560018357108621, 0.5409263600321377, 0.5191550658029669, 0.4993470229354559, 0.48345555861790973, 0.47438449427193286, 0.4686811443637399, 0.46542318603571725, 0.4648092459229862, 0.4631219570543252, 0.4618460214605518, 0.4619176516345903, 0.46184969649595375, 0.4607748804139156, 0.459907146061168, 0.4600530763467153, 0.46047672512484533, 0.460194960528729, 0.457979654564577, 0.45697343232584936, 0.45788418954493953, 0.4568454325199127, 0.45647460981911303, 0.4558339826032227, 0.454645189000111, 0.4552331724587609, 0.4548253259238075, 0.45401474366001054, 0.45306606678401723, 0.4535987289512859], "val_loss": [0.6414745179089633, 0.6088010181080211, 0.580413742498918, 0.5629714158448306, 0.5510460463437167, 0.5307814831083472, 0.5097132270986383, 0.4892066039822318, 0.4719741154800762, 0.45920696312730963, 0.4513723850250244, 0.4482987116683613, 0.44681796160611237, 0.445617293769663, 0.44692314754832874, 0.4482597329399802, 0.4462232454256578, 0.44484712860801, 0.4444707361134616, 0.44530515237288043, 0.44480969418178906, 0.4451269236477939, 0.4431710812178525, 0.44416545737873425, 0.4428868591785431, 0.4456728534264998, 0.4452438977631656, 0.4447242455048995, 0.4435518411072818, 0.44436744397336786, 0.4429795200174505, 0.44317229227586225, 0.44510713761503046, 0.4447277107022025, 0.44551958550106396]}