{"best_val": 0.47174637019634247, "train_loss": [0.7170852820078532, 0.668856703572803, 0.6141323513454862, 0.5612509929471545, 0.5303934630420473, 0.5140560501151614, 0.503903317782614, 0.49419547617435455, 0.4908681793345345, 0.48852116697364384, 0.48538926906055874, 0.48053152362505597, 0.48069653246137833, 0.4778225173552831, 0.4796142942375607, 0.47749259571234387, 0.4757562776406606, 0.47359169357352787, 0.47040506369537777, 0.4744879686170154, 0.4695982618464364, 0.47127561933464474, 0.46880682971742416, 0.46872691810131073, 0.46683867937988704, 0.46871495578024125, 0.4688122140036689, 0.46703437798553044, 0.4654689133167267, 0.4641604142056571, 0.4609872152407964, 0.4607002122534646, 0.4615843892097473, 0.46094807651307845, 0.46852319770389134, 0.4604622357421451, 0.45939701464441085, 0.4587621854411231, 0.45813900066746605, 0.4579828431208928, 0.4574352817402946, 0.4600027683708403, 0.45641766985257465, 0.4548577815294266, 0.4580708642800649, 0.4556870129373338, 0.45366546842787003], "val_loss": [0.6955839395523071, 0.6434027999639511, 0.5829208791255951, 0.5444906204938889, 0.5235199630260468, 0.510828971862793, 0.50550676882267, 0.5021235942840576, 0.5013723820447922, 0.5025996789336205, 0.5010620132088661, 0.507485568523407, 0.49306410551071167, 0.4898346960544586, 0.4945777356624603, 0.4916198402643204, 0.485674686729908, 0.4876783713698387, 0.48291414231061935, 0.48415278643369675, 0.485917329788208, 0.4892413392663002, 0.4853602200746536, 0.481499619781971, 0.4789504185318947, 0.47617414593696594, 0.4749573767185211, 0.4784165471792221, 0.47779010981321335, 0.4869610220193863, 0.47938016057014465, 0.4758339375257492, 0.4795028790831566, 0.4759012311697006, 0.4746733754873276, 0.4786631390452385, 0.47174637019634247, 0.4832831621170044, 0.4758475124835968, 0.4766369163990021, 0.47375156730413437, 0.4750298634171486, 0.47666458040475845, 0.47226862609386444, 0.478215292096138, 0.4728286489844322, 0.4734477698802948]}