{"best_val": 0.4187358861619776, "train_loss": [0.6993115778062858, 0.6732384492369259, 0.6359579925443611, 0.6071111092380449, 0.5926632887008143, 0.5832189742256614, 0.5726010752659217, 0.5626758711010802, 0.5540046738643273, 0.5432051782514534, 0.5337256187317418, 0.5216998411159889, 0.5088086128234863, 0.49708902076178907, 0.48536280440349205, 0.4751039264248867, 0.46660248672260957, 0.45838816259421555, 0.45474032970035777, 0.45029355322613435, 0.44775382794585883, 0.44541338378307865, 0.4439195306862102, 0.44262541918193593, 0.44146621870059594, 0.44002895203291204, 0.4394898969753116, 0.438756151526582, 0.43674813532361795, 0.4368602960717444, 0.4354946654216916, 0.43553293861594855, 0.4354778417185241, 0.4329216351696089, 0.4345730069805594, 0.4325878579242557, 0.4323996702829997, 0.4317903781638426, 0.4326661801805683, 0.43066373584317225, 0.43021507707296636, 0.4282834377943301, 0.4288029618122998, 0.4281046145102557, 0.4280479509456485, 0.42734568259295297, 0.42738964452463035, 0.4265243954518262, 0.4262914149200215, 0.42606895636109743, 0.42524801808245044, 0.4249708407065448, 0.4243943288045771, 0.4236186228546442, 0.42443837429962905, 0.42371030882293104, 0.4239872793356578, 0.4229409174591887, 0.4227243620975345, 0.4223730049881281, 0.4212550269622429, 0.41970476625012415, 0.42092548339974645, 0.42051798455855427, 0.4193795183125664, 0.41956602533658344, 0.41903164398436454, 0.4182138343652089, 0.4177747479840821, 0.4183202678082036, 0.41763152737243503, 0.4170386434770098, 0.4167701105276744, 0.4152899419560152, 0.41626233505267723, 0.415992653837391, 0.41574566913586036, 0.4159686951076283, 0.4157889006184597, 0.4151401841172985, 0.4139276205324659, 0.4145475240314708, 0.4130684967134513], "val_loss": [0.6875724738294428, 0.6558737483891574, 0.6146791523153131, 0.5962309620597146, 0.5839376666329124, 0.5732302178036083, 0.5636217837983911, 0.5541575767777183, 0.5440187887711958, 0.5347858044234189, 0.5231500999494032, 0.5125018927184019, 0.49848348986018787, 0.48855251886627893, 0.47584899176250806, 0.46665227955037897, 0.4573701403357766, 0.4532038623636419, 0.4478894363750111, 0.44482408328489825, 0.4423107559030706, 0.44037510319189593, 0.43870550935918634, 0.43705514615232294, 0.43705863844264636, 0.4358619288964705, 0.4348754584789276, 0.43526537039063196, 0.4355972869829698, 0.4333526383746754, 0.4318169761787761, 0.43349420753392304, 0.4332785227081992, 0.43022827397693286, 0.4290266741405834, 0.4302432428706776, 0.430447670546445, 0.4315437809987502, 0.42731043154543097, 0.4274734610860998, 0.42688624425367877, 0.42805109240792016, 0.42696422880346124, 0.42679416320540686, 0.4273216886953874, 0.42597480524669995, 0.42669932408766315, 0.42425952445377, 0.425691463730552, 0.42409713159907947, 0.42705381458455866, 0.4248593476685611, 0.42478303746743634, 0.42471902749755164, 0.4241602204062722, 0.42468002438545227, 0.42367626049301843, 0.4240604476495223, 0.4232436608184468, 0.42308117042888294, 0.4235736917365681, 0.42260832407257776, 0.42182921821420843, 0.42269834876060486, 0.42160304297100415, 0.4223439259962602, 0.42077052322300995, 0.4204414134675806, 0.4216423576528376, 0.4210443144494837, 0.41965612227266486, 0.4189334972338243, 0.42175616188482806, 0.4202853576703505, 0.41987833922559564, 0.42150363055142487, 0.42039779912341724, 0.42010500214316626, 0.4192661643028259, 0.418738300150091, 0.42026987129991705, 0.4188511750914834, 0.4187358861619776]}