{"best_val": 0.46503816409544513, "train_loss": [0.7201471153427573, 0.6663371382975111, 0.6133180669709748, 0.5881903300098345, 0.5740592707605923, 0.5592779949599621, 0.5412054856618246, 0.5194926606673821, 0.49908675516352935, 0.47924909638423546, 0.46716974003642214, 0.4603406903790493, 0.45792760919122133, 0.45489829720235336, 0.4523841580923866, 0.4517633102688135, 0.45017319683935125, 0.44939009114807726, 0.44776277565488626, 0.44527489823453564, 0.4459324858936609, 0.44731880227724713, 0.44352055355614306, 0.4431158111375921, 0.4422760337006812, 0.4425275986101113], "val_loss": [0.6930785829370673, 0.6457894173535433, 0.6127881407737732, 0.5993786779316989, 0.5884862379594282, 0.5710132067853754, 0.551246778531508, 0.5253937596624548, 0.504166305065155, 0.4885925325480374, 0.4801780093799938, 0.4734019013968381, 0.4717090211131356, 0.47055958346887067, 0.47091547467491846, 0.46503816409544513, 0.46849929744547064, 0.46722175587307324, 0.4670704196799885, 0.46858042207631195, 0.46955281496047974, 0.46896800127896393, 0.4694310887293382, 0.473772103136236, 0.4669714082371105, 0.4672972288998691]}