{"best_val": 0.4652992947535081, "train_loss": [0.7065211335817972, 0.6320252278271843, 0.5909020199495203, 0.5669929034569684, 0.5379204954586777, 0.5045614733415491, 0.4794371303390054, 0.4624391402684006, 0.4533178081699446, 0.4503169667487051, 0.4487798494451186, 0.4453527576783124, 0.44302915416511834, 0.4415986952828426, 0.43949219642900955, 0.43875763813654584, 0.43717386792687807, 0.43614455531625185, 0.4346853062218311, 0.43185142909779267, 0.43087635846698985, 0.42996325212366443, 0.42968227874998954, 0.4277046381258497, 0.4252459734093909, 0.4243357958746891, 0.4239322882072598, 0.4220643394133624, 0.4209018086685854, 0.41943101380385606, 0.4162832498550415, 0.41546279075098974, 0.4144821050120335, 0.41351493141230417, 0.4109981737884821, 0.41219643576472415, 0.40837517731329975, 0.4070698981191598, 0.40566450123693426, 0.40553396122128355, 0.40290028441186043, 0.4008730153242747, 0.39901912913602944, 0.39799483558710885, 0.3964683150543886, 0.39662597985828624, 0.394737382145489, 0.39342881885229375, 0.39083948088627235, 0.3890061168109669, 0.38889553558592704, 0.3868020866431442, 0.3848946503564423, 0.3824232699824314, 0.3817193280248081, 0.3814464071217705, 0.38018451484979365, 0.3788276729630489, 0.3776208489548926], "val_loss": [0.6716262643987482, 0.6073188402435996, 0.5866558389230208, 0.5629180290482261, 0.5342213023792614, 0.5081565921956842, 0.48798680305480957, 0.48283489725806494, 0.4774584445086392, 0.47654379226944665, 0.4754593047228726, 0.4736592850901864, 0.4775228364901109, 0.4771269830790433, 0.4721555086699399, 0.4733455018563704, 0.4731000932780179, 0.47867382114583795, 0.4753819080916318, 0.47329687530344183, 0.47147779302163556, 0.4712318344549699, 0.4725801023569974, 0.4709926057945598, 0.4707318490201777, 0.4718949632211165, 0.4735889597372575, 0.4709243178367615, 0.47171069004318933, 0.47225143963640387, 0.47270447557622736, 0.4728430076078935, 0.4723532416603782, 0.46856224265965546, 0.46969679539853876, 0.4695471606471322, 0.4758424054492604, 0.4712773182175376, 0.4708092917095531, 0.4710793982852589, 0.47034083984114905, 0.4675960053097118, 0.467381244355982, 0.46902667121453717, 0.4698230028152466, 0.4693019227548079, 0.466418518261476, 0.4727474261413921, 0.4652992947535081, 0.47213874621824786, 0.4694863882931796, 0.4694933430715041, 0.46666066213087604, 0.4754573702812195, 0.4698088683865287, 0.4681012738834728, 0.4700294922698628, 0.4739586792208932, 0.47107840939001605]}