{"best_val": 0.4448398405855352, "train_loss": [0.6771421315623265, 0.6111249993829166, 0.5720330435855716, 0.545480307410745, 0.5210944133646348, 0.4947643110565111, 0.47543925689715966, 0.46092506132873834, 0.45365960399309796, 0.4507555675272848, 0.44729120182056054, 0.44573167083310145, 0.4435698641281502, 0.44266757953400704, 0.44147056341171265, 0.4414328699018441, 0.43876585189033956, 0.4398152828216553, 0.43868932186388504, 0.437169856300541, 0.4367772673859316, 0.43486587966189666, 0.4335171486817154, 0.43355483167311726, 0.43262365927883223, 0.4317028317965713, 0.4303558106515922, 0.43212164032693, 0.43151551894113127, 0.42956474306536657, 0.4303426876956341, 0.4288232793994978, 0.42830607178164465, 0.42827043171022455, 0.4270687798659007, 0.42594178517659503, 0.4248972482541028, 0.42518921400986465, 0.42411261037284254, 0.42494558645229713, 0.423364600130156, 0.42295993426266837, 0.42132754360928254, 0.4220258172820596, 0.42061719415234583, 0.4195849544861737, 0.4181189583797081, 0.41819332686125066, 0.4187953331891228, 0.41684263710882147, 0.4156913880039664, 0.416059485837525, 0.4160991427945156, 0.4148455314776477, 0.4141979573988447, 0.41356342212826597, 0.412676509104523, 0.41183799972721175, 0.41340282910010395, 0.41107229567041587, 0.41009746637998845, 0.41036952067823973, 0.4093670570382885, 0.4103819938266979, 0.4084770416512209, 0.40741698239363877, 0.40706828295015823, 0.4067604050916784, 0.40614446705462887, 0.406982408434737, 0.4052385629392138, 0.4046434386103761, 0.4041159620472029, 0.40378547532885684, 0.402995963306988, 0.4014326123630299, 0.4020748979905072, 0.4019274770044813, 0.3996148769762002, 0.3997708243482253, 0.398779315107009, 0.40024913876664403, 0.3993028945782605, 0.39843568030525656, 0.39679741567256405, 0.39709805331978143, 0.39581161562134237, 0.39577295382817584, 0.3953475239230137], "val_loss": [0.6528697068041022, 0.6042789329182018, 0.5763248150998895, 0.5535960522564974, 0.5268445854837244, 0.5019524774768136, 0.4847586750984192, 0.47403636845675384, 0.4694694903763858, 0.4645112238147042, 0.4648001356558366, 0.46265606717629865, 0.46079696037552575, 0.45900247584689746, 0.4582692899487235, 0.4575850340453061, 0.45737162232398987, 0.4562395350499587, 0.45818284966728906, 0.4572532122785395, 0.45680050687356427, 0.45598274198445404, 0.45706073533404956, 0.45422146808017383, 0.4555396329272877, 0.4544813199476762, 0.4539099091833288, 0.45261718468232587, 0.452891542152925, 0.45419011332771997, 0.4523563899777152, 0.451656311750412, 0.4549070352857763, 0.4531725455414165, 0.45428500934080646, 0.4517354369163513, 0.45460036396980286, 0.4513557390733199, 0.45359542965888977, 0.4511715796860782, 0.45289268818768585, 0.452942663973028, 0.45246799425645307, 0.4521089412949302, 0.4506059776652943, 0.45111359520391986, 0.45088616555387323, 0.45203534310514276, 0.45008932189507916, 0.4489878876642747, 0.45200145786458795, 0.4506448128006675, 0.4516624239358035, 0.4518376209519126, 0.4509451253847642, 0.45154995268041437, 0.4500951414758509, 0.4524867046963085, 0.44860186089168896, 0.44818131219257007, 0.44909553907134314, 0.448582876812328, 0.44928792931816797, 0.45006290078163147, 0.44771723584695294, 0.44846627658063715, 0.44997420094229956, 0.44819721850481903, 0.448212358084592, 0.4483661570332267, 0.44684685089371423, 0.4469351822679693, 0.44809264757416467, 0.4477833157235926, 0.44498866254633124, 0.4469890757040544, 0.4463385289365595, 0.4470838362520391, 0.4448398405855352, 0.44644247130914166, 0.4459315700964494, 0.4455594528805126, 0.4461309720169414, 0.4455693174492229, 0.4456868415529078, 0.44567701491442596, 0.44897492094473407, 0.4466055523265492, 0.44516259702769195]}