{"best_val": 0.4313510466705669, "train_loss": [0.6688562023873422, 0.6614240665061801, 0.654068720106985, 0.6459606324925142, 0.637329967582927, 0.6290620343357909, 0.6202374790229049, 0.6138898145918753, 0.6083553772346646, 0.6044391194979349, 0.600892137078678, 0.5974530811403312, 0.593884714678222, 0.5912021153113421, 0.5881171062880871, 0.5855710342818615, 0.5826545907001869, 0.5783844064263737, 0.5757489625145408, 0.5729874074459076, 0.5700565728486753, 0.567075769106547, 0.5629111978353238, 0.5584261423232508, 0.5558834987528184, 0.5530000358235603, 0.548589943670759, 0.5443609952926636, 0.5402093506326863, 0.5367935089504018, 0.5327460970364365, 0.5291363152803159, 0.5243450333090389, 0.5205474735475054, 0.5160228592507979, 0.5127738258417915, 0.5085800821874656, 0.5040505236270381, 0.5003903654276156, 0.4965521944504158, 0.49383963323106955, 0.490066529489031, 0.48758428412325244, 0.48423229654630023, 0.4819435150015588, 0.4783313496440065, 0.4772726554496616, 0.47459129317134036, 0.4725794628554699, 0.4695315793448803, 0.46753352471426424, 0.4659109892798405, 0.46436718632193175, 0.46139588426141176, 0.46016144694066513, 0.4587637291235082, 0.457083394130071, 0.4561180863894668, 0.4545604405449886, 0.45305660659191654, 0.4527694413474962, 0.45179741873460655, 0.45083453666930107, 0.45029103989694635, 0.4494968243673736, 0.4487454417873831, 0.4484448093993991, 0.4487856836879955, 0.4472753902276357, 0.44713638985858245, 0.44526100158691406, 0.44582387337497636, 0.44543445168756973, 0.446062866379233, 0.4452839522969489, 0.44446031603158687, 0.4454798534804699, 0.4442274044541752, 0.44377561819319633, 0.4442068811725168, 0.44334948764127846, 0.44336481421601537, 0.44481654903467965, 0.44215060858165517, 0.4422435070954117, 0.4428505611185934, 0.44277319428967493, 0.4423554586429222, 0.4411352259271285, 0.44169453896728217, 0.44177597468974544, 0.4426419360964906, 0.4422232099607879, 0.44151782054527133, 0.44071143281226066, 0.4409126651053335, 0.4408075382896498, 0.44087009511741937, 0.44255342203028064, 0.4401682621123744, 0.44075290245168347, 0.44100818797653796, 0.44113722794196186, 0.44102643751630594, 0.4391324017562118, 0.4403684384682599, 0.440282451171501, 0.44008369597734187, 0.4393399854501088, 0.4399141131662855, 0.43960898939300985, 0.4385041296482086, 0.43928466415872763, 0.43876959237397883, 0.4385476340265835, 0.4397910535335541, 0.44012321444118724, 0.4390336964644638, 0.43841130534807843, 0.4394244323758518, 0.4372144043445587, 0.43896718177140925, 0.4373871386051178, 0.43788176833414566, 0.43905195301654293, 0.4382876683683956, 0.4383341518102908], "val_loss": [0.6640808311375704, 0.6564555222337897, 0.6479609717022289, 0.6398725401271473, 0.6304525191133673, 0.6213503696701743, 0.6137428879737854, 0.6064170707355846, 0.6014078476212241, 0.5973417813127692, 0.593899818983945, 0.5890568440610712, 0.586347601630471, 0.5836862542412498, 0.5809844298796221, 0.5781900882720947, 0.5739839293740012, 0.5718005082824014, 0.5674604123288934, 0.5644853169267828, 0.5617611516605724, 0.5590954097834501, 0.553983211517334, 0.5524433553218842, 0.5473021973263134, 0.5425682040778074, 0.5389569455927069, 0.535679120909084, 0.5315416888757185, 0.528013673695651, 0.5249922221357172, 0.5205389776013114, 0.5161605721170252, 0.5120839286934246, 0.5078060491518541, 0.50266064026139, 0.4987632659348575, 0.49550275910984387, 0.49007749557495117, 0.488783134655519, 0.485606694763357, 0.48295861753550445, 0.4791502627459439, 0.47689972953362897, 0.47531629692424426, 0.4710665372284976, 0.4695023162798448, 0.4668523235754533, 0.4649088843302293, 0.4608054296536879, 0.4598729773001237, 0.4585754166949879, 0.4564835049889304, 0.4532843692736192, 0.4525004191832109, 0.4509642584757371, 0.4495996670289473, 0.44957023046233435, 0.4468851631337946, 0.44656281579624524, 0.4444456777789376, 0.4437869353727861, 0.44524884494868194, 0.44127559661865234, 0.4426311119036241, 0.44227823886004364, 0.44096179712902417, 0.4404808255759152, 0.43928062373941595, 0.43935995481230994, 0.43960343436761334, 0.43876080350442365, 0.4391402412544597, 0.43840648369355634, 0.4380370866168629, 0.4376008293845437, 0.4377410493113778, 0.437463023445823, 0.4369138397953727, 0.4378130408850583, 0.43628212538632477, 0.4358793551271612, 0.43828543749722565, 0.4366075179793618, 0.43559097972783173, 0.4379871812733737, 0.43669027902863244, 0.43609483404593036, 0.4365754317153584, 0.4362718869339336, 0.4355625808238983, 0.4363447400656613, 0.43542215769941156, 0.4350096718831496, 0.4353158257224343, 0.43581623109904205, 0.4346176738088781, 0.43512025475502014, 0.4351760582490401, 0.4351020970127799, 0.43598208915103565, 0.43365918777205725, 0.4347394813190807, 0.4337938048622825, 0.43339482762596826, 0.4337331246245991, 0.43506288528442383, 0.4336103715679862, 0.43335882100191986, 0.43331434509970923, 0.43376595594666223, 0.433918067000129, 0.4335659932006489, 0.43227829987352545, 0.43303430622274225, 0.4333959005095742, 0.4313510466705669, 0.43420856378295203, 0.4333928281610662, 0.4337378577752547, 0.433498507196253, 0.4335536848415028, 0.4341500401496887, 0.4326153803955425, 0.43233729763464496, 0.43396010994911194, 0.43148534948175604]}