{"best_val": 0.4118381982499903, "train_loss": [0.6451076853509042, 0.5883092506259096, 0.5586201431704503, 0.5207497430782692, 0.4854562346841775, 0.45649822319255157, 0.44398195895494197, 0.43911926185383515, 0.4321314371099659, 0.4305065946251738, 0.42711610069461897, 0.4273391225758721, 0.42305097509832945, 0.42265134290152906, 0.4229422392798405, 0.42026413305133, 0.41897498451027215, 0.418502049703224, 0.41558874354642983, 0.41482968540752635, 0.41339142591345546, 0.413605624554204, 0.41162464197944193, 0.40942098813898425, 0.4084754673873677, 0.4068703254063924, 0.4057014157959059, 0.40441762933544084, 0.4029875853482415, 0.4008311611764571, 0.4020911595400642, 0.3983442497019674, 0.39628802502856536, 0.39528951983825833, 0.39331865485976725, 0.39315979095066295, 0.39291265665316116, 0.39109546296736775, 0.39077044176120385, 0.3881869473878075, 0.38724903849994435, 0.38739149944455015, 0.38490400711695355, 0.3823646593327616, 0.3805067340532939, 0.381125491623785, 0.3785342825394051], "val_loss": [0.6133361838080666, 0.5746216340498491, 0.5388883081349459, 0.4971659915013747, 0.45977799188007007, 0.43840572237968445, 0.43255465951832855, 0.43104228377342224, 0.42698400670831854, 0.4235521744598042, 0.4205837737430226, 0.42127659104087134, 0.42060538855465973, 0.4210363870317286, 0.42048354853283276, 0.4177805347876115, 0.41910273920405994, 0.4187414212660356, 0.4184106913479892, 0.4215575781735507, 0.4197957082228227, 0.4178712638941678, 0.4168093773451718, 0.4184662482955239, 0.41542248834263196, 0.4155497198755091, 0.4144931814887307, 0.4148639874024825, 0.41699826446446503, 0.41711678288199683, 0.41475158658894623, 0.41419937393882056, 0.4143382094123147, 0.4140846620906483, 0.41280036893757904, 0.41384321451187134, 0.4118381982499903, 0.4152654084292325, 0.4133921048857949, 0.4140004136345603, 0.4141883606260473, 0.41682767326181586, 0.4132643369111148, 0.4130750461058183, 0.41238856315612793, 0.4125316549431194, 0.41359940442171966]}