{"best_val": 0.518116757273674, "train_loss": [0.7630657454331716, 0.7282850245634714, 0.6940256125397153, 0.6589951316515604, 0.6311186717616187, 0.6080827282534705, 0.5882062945100996, 0.5728119115034739, 0.5503828045394685, 0.5383355584409502, 0.530231300327513, 0.5229364650117027, 0.5202529629071554, 0.5144964224762387, 0.508898052904341, 0.5079744176732169, 0.5080110977093378, 0.5064903613593843, 0.5018595473633872, 0.5001945032013787, 0.49990611109468674, 0.496661975979805, 0.49654967917336357, 0.4947913918230269, 0.48901281423038906, 0.48895549443033004, 0.4875975085629357, 0.4840526299344169, 0.4854943487379286, 0.48163779079914093, 0.480708521273401, 0.48029837177859414, 0.4793301638629701, 0.4795607212516997, 0.4778174128797319, 0.475102757414182, 0.47529885007275474, 0.47240564227104187, 0.4745926575528251, 0.47596848507722217, 0.4739732990662257, 0.474257489045461, 0.47145121296246845, 0.4696648634142346], "val_loss": [0.7102525681257248, 0.6887204647064209, 0.6646168380975723, 0.6367019414901733, 0.6178647726774216, 0.600739598274231, 0.5909757316112518, 0.5789071619510651, 0.5698114037513733, 0.56621915102005, 0.5587435364723206, 0.557013526558876, 0.553393766283989, 0.5538593381643295, 0.5560421943664551, 0.5503772795200348, 0.5559281781315804, 0.5463853180408478, 0.544135756790638, 0.546331375837326, 0.5501141473650932, 0.5449843630194664, 0.5388359501957893, 0.5380889326334, 0.5341202467679977, 0.5313696265220642, 0.5367699787020683, 0.5416803061962128, 0.5311494916677475, 0.5296981930732727, 0.5263404250144958, 0.5304126963019371, 0.526386022567749, 0.518116757273674, 0.5309405326843262, 0.5276276096701622, 0.5226589515805244, 0.5289736613631248, 0.5223296582698822, 0.5244569629430771, 0.5345600992441177, 0.5280637890100479, 0.5359340906143188, 0.5291318744421005]}