{"best_val": 0.48533543944358826, "train_loss": [0.7002239558431838, 0.6562961803542243, 0.6036752065022787, 0.5629763570096757, 0.5387607912222544, 0.5245718012253443, 0.512741400135888, 0.5071965439452065, 0.5044757674137751, 0.5028184966908561, 0.5007293588585324, 0.49824967980384827, 0.49634967413213515, 0.4918529788653056, 0.4884179217947854, 0.4889165030585395, 0.48860060175259906, 0.48290344576040906, 0.48076163397894967, 0.4800962060689926, 0.47778108053737217, 0.47501664857069653, 0.4758823845121596, 0.4768754144509633, 0.4733966837326686, 0.47313405242231155, 0.47170355750454795, 0.4696772032313877, 0.46924134095509845, 0.4706673108869129, 0.4676385323206584, 0.4683888587686751, 0.46663250856929356, 0.4657830446958542, 0.4669065492020713, 0.4664800812800725, 0.46441405680444503, 0.4656343675322003, 0.46233808994293213, 0.461533655722936, 0.4643239114019606, 0.46405834125147927, 0.4634784592522515, 0.46359392835034263, 0.4594308055109448, 0.46488262547387016, 0.4614913976854748, 0.46390631629361045, 0.4590394331349267, 0.4618448515733083, 0.4623442275656594], "val_loss": [0.6710414588451385, 0.6231668889522552, 0.5745904594659805, 0.5468330532312393, 0.5361464247107506, 0.5265633016824722, 0.5192328244447708, 0.5193107724189758, 0.5154136270284653, 0.517175056040287, 0.5129841566085815, 0.5061858892440796, 0.5118834003806114, 0.5089651793241501, 0.5098482072353363, 0.5110622122883797, 0.49589890241622925, 0.5009706914424896, 0.496664859354496, 0.5053740590810776, 0.4998451843857765, 0.49821220338344574, 0.5011410489678383, 0.503008097410202, 0.5017658695578575, 0.4958726018667221, 0.4961608722805977, 0.4891602545976639, 0.5036355629563332, 0.49679481238126755, 0.49527325481176376, 0.499176450073719, 0.48800382763147354, 0.505824089050293, 0.49412815272808075, 0.4932683855295181, 0.49351823329925537, 0.4895215258002281, 0.4922942668199539, 0.49566178768873215, 0.48533543944358826, 0.49461357295513153, 0.4960816949605942, 0.4967442527413368, 0.4887656942009926, 0.4972778633236885, 0.49033428728580475, 0.49183715134859085, 0.5067528858780861, 0.4943820759654045, 0.49123477935791016]}