{"best_val": 0.4696190899068659, "train_loss": [0.7430694825374163, 0.6999748509663802, 0.6660675211594655, 0.6172617582174448, 0.5833892644597933, 0.5684741385854207, 0.5513096996224843, 0.5315465990167397, 0.5187539802147791, 0.5056408357161742, 0.4949698390868994, 0.48200322315096855, 0.4772835889687905, 0.4716579530101556, 0.46989431461462605, 0.46520322733200514, 0.4645615260188396, 0.4648595532545677, 0.46133265185814637, 0.46468169070207155, 0.46368655734337294, 0.4628131343768193, 0.4616751814117798, 0.46212238245285475, 0.46486744915063566, 0.46243711331715953, 0.46217959775374484, 0.46033340234022874, 0.45806822238060146, 0.4620753669968018, 0.4612115357930844, 0.4584724788482373], "val_loss": [0.6936979456381365, 0.6701801148327914, 0.632973768494346, 0.5896824273196134, 0.5758017464117571, 0.5611462105404247, 0.5499618405645544, 0.5303241475061937, 0.5152969279072501, 0.5056152939796448, 0.4946979148821397, 0.4853147837248715, 0.4861878319220109, 0.4767625711180947, 0.4751386425711892, 0.4722315343943509, 0.47564279762181366, 0.47284878113053064, 0.4774204167452725, 0.47494276003404096, 0.4715788174759258, 0.4696190899068659, 0.4744405285878615, 0.47378142042593524, 0.47312913699583575, 0.47588489001447504, 0.47396362911571155, 0.4751240448518233, 0.4737686812877655, 0.47516176104545593, 0.4753282232718034, 0.4728843298825351]}