{"best_val": 0.44939364899288525, "train_loss": [0.6848427232574014, 0.6397195820714913, 0.5979900547102386, 0.5771193317338532, 0.5643105214717341, 0.5529532900043562, 0.5351200039480247, 0.5163133267094108, 0.49643871246599686, 0.48074300090471905, 0.46959227732583586, 0.4605729837043613, 0.45414677437613993, 0.4491010658881244, 0.4465312110442741, 0.444102733742957, 0.44365616873198865, 0.4420953778659596, 0.4407595623941982, 0.4393615938869177, 0.43883878810732974, 0.4381849479441549, 0.43652980935339836, 0.4360435967351876, 0.4345284881545048, 0.43345919835801217, 0.4321357309818268, 0.4325999938974194, 0.4307456881392236, 0.42941833302086474, 0.42885429543607373, 0.4282468569044973, 0.4278609916275623, 0.42533663908640545, 0.42657341384420205, 0.42476006173620035, 0.4232780834039052, 0.42302803315368354, 0.42286663020358367, 0.42194554735632506, 0.42221975852461424, 0.42061352846669214, 0.4191131661919987, 0.41953540082071344, 0.4186203427174512, 0.41640768974435094, 0.4154155032307494, 0.41479386769089044, 0.41448869307835895, 0.4126974472812578, 0.4112014326394773, 0.41152942998736514, 0.41077284544121984, 0.4094300883657792, 0.4083513810354121, 0.4082954911624684, 0.40823961180799145, 0.40671809397491754, 0.40677918347657893, 0.4051484448068282, 0.4043787449013953, 0.40366388126915576, 0.40364230380338784, 0.4029154099670111, 0.40123127254785274, 0.4011178010819005, 0.3991488323492162], "val_loss": [0.6660119728608564, 0.6270319711078297, 0.6030262925408103, 0.5923837369138544, 0.582046546719291, 0.5703385336832567, 0.5540043223987926, 0.5336795151233673, 0.5154544954950159, 0.5017912008545615, 0.48845742507414386, 0.4797378832643682, 0.4737625311721455, 0.4694244997067885, 0.46799602291800757, 0.46534482728351245, 0.46390915458852594, 0.4628499041904103, 0.46122797510840674, 0.46180993047627533, 0.4612988152287223, 0.4595754661343314, 0.4618443629958413, 0.45750588178634644, 0.4581120420585979, 0.45727806470610877, 0.4583475237542933, 0.45720954645763745, 0.45676708221435547, 0.4579628760164434, 0.4570896164937453, 0.4574579813263633, 0.45531597462567414, 0.45975532314994116, 0.45690804719924927, 0.4539896466515281, 0.4544411870566281, 0.45670208063992584, 0.45396022363142535, 0.4527403956109827, 0.4530731981450861, 0.4527452696453441, 0.45216572826558893, 0.45251539620486175, 0.45683182640509173, 0.45104359496723523, 0.4530398114161058, 0.4500693814320998, 0.4540196548808705, 0.4498258016326211, 0.4528171826492656, 0.4494284716519443, 0.451172798871994, 0.4498677199537104, 0.45198187773877924, 0.44943219694224273, 0.44939364899288525, 0.4504363401369615, 0.4497620002789931, 0.4508842798796567, 0.4515908089551059, 0.45069640603932465, 0.45107225396416406, 0.45030366290699353, 0.4524359811436046, 0.4505757039243525, 0.45019806786016986]}