{"best_val": 0.4015390520746058, "train_loss": [0.6511538344271043, 0.5958461329048755, 0.5515538243686452, 0.5070514234842038, 0.48163200009102913, 0.46874379352027296, 0.4631466070810954, 0.4601323078660404, 0.4578746568922903, 0.4570948113413418, 0.45522891423281503, 0.4542093440598133, 0.45305142624705447, 0.4505908506758073, 0.449526904260411, 0.44843753529529945, 0.4475773806665458, 0.4453501444236905, 0.44441383375841026, 0.4419637357487398, 0.44143998622894287, 0.440081679353527, 0.43928807447938356, 0.4373614490032196, 0.4359225753475638, 0.43428250212295383, 0.43369681519620557, 0.4328324748020546, 0.42933054706629586, 0.4289793372154236, 0.42768360645163295, 0.4264390234853707, 0.42473946716271194, 0.4240383681129007, 0.4223161129390492, 0.4209286570549011, 0.4187180218743343, 0.4180801452374926, 0.41548824894661995, 0.4144553209052366, 0.4123404078623828, 0.41042915746277453, 0.4109254280726115, 0.40953899306409497, 0.4077221511625776, 0.4037923888832915, 0.40389199642574086, 0.4016183941972022, 0.3996490123225193, 0.39923202991485596, 0.3990657206843881, 0.39838213312859627, 0.39579911909851373, 0.3942029499540142, 0.39163937288172107, 0.39122047260695814, 0.3897242435053283, 0.3885812876271267, 0.38674454829272104, 0.38518733487409706, 0.3835170304074007, 0.3823068229591145, 0.3801436809932484, 0.3814810847534853, 0.37875063395967673, 0.37677689101181777, 0.37533503011161207, 0.37499288016674565, 0.37324368895268906, 0.37044782907355067, 0.3708014552499734, 0.3705064917311949, 0.3679656736990985, 0.36635272409401687, 0.3653976759489845, 0.3637085124558094, 0.36315271725841597, 0.3607074407970204, 0.359769707216936, 0.3602137904541165, 0.3579638337387758, 0.35802440257633433, 0.3560860630343942, 0.3546883259333816, 0.3546688878068737, 0.3531390218173756, 0.3505287883328457, 0.3514637321818109, 0.3496014031709409, 0.3473873471512514, 0.34626955670468945, 0.34497541831988915, 0.3461003262622684, 0.34359897001116885, 0.34415030420995224, 0.34151633405217935, 0.3408917521729189, 0.34042539841988506, 0.3382739337051616, 0.3380870176296608], "val_loss": [0.601864836432717, 0.5642600980671969, 0.5189229331233285, 0.4814722104506059, 0.46588620814410125, 0.4556681595065377, 0.45491894537752325, 0.4524306898767298, 0.4478880600495772, 0.4476677287708629, 0.44745160232890735, 0.44656376947056164, 0.4476796334440058, 0.44910007444295014, 0.44508497552438214, 0.44576326554471796, 0.440665293823589, 0.4417521059513092, 0.43919738043438306, 0.44095461747863074, 0.43798733028498565, 0.43940787694670935, 0.437908411026001, 0.4370632496747104, 0.438316900621761, 0.43500362743030896, 0.43503152240406384, 0.4349016655575145, 0.432821124792099, 0.43153663115067914, 0.43400045416571875, 0.4321471804922277, 0.43161110986362805, 0.4299762086434798, 0.43026502294973895, 0.4280529564077204, 0.4282638051293113, 0.42497996308586816, 0.42639194293455646, 0.42422284321351483, 0.4233270558443936, 0.421976853500713, 0.42358487302606757, 0.4215665405446833, 0.4210686683654785, 0.4200603094967929, 0.4177480638027191, 0.4195079342885451, 0.41677621548826044, 0.4169724637811834, 0.417035157030279, 0.41394936496561224, 0.41523987596685236, 0.4176562482660467, 0.4157512296329845, 0.4139951332048936, 0.4148872142488306, 0.4136324010112069, 0.4130486114458604, 0.41314487836577674, 0.41228250481865625, 0.4119183123111725, 0.4104244654828852, 0.4123879318887537, 0.4091665880246596, 0.40977862206372345, 0.40772681073708966, 0.40896384011615405, 0.41109209981831635, 0.40686265446923, 0.40580666878006677, 0.4065060480074449, 0.41001652858474036, 0.408599162643606, 0.4088131406090476, 0.4070123650810935, 0.40817937525835907, 0.4052661386403171, 0.40658548745242035, 0.4082969752225009, 0.4049714045091109, 0.4061544618823312, 0.40662948380817066, 0.40521106123924255, 0.40815943479537964, 0.405934062871066, 0.40625225684859534, 0.409552045843818, 0.4059931392019445, 0.4015390520746058, 0.4043561572378332, 0.4069872796535492, 0.40466549721631134, 0.40721896290779114, 0.404860336672176, 0.40384073149074207, 0.4086186723275618, 0.40568904172290454, 0.4043685333295302, 0.4021320939064026]}