{"best_val": 0.4521890499375083, "train_loss": [0.7377858886531755, 0.6967366068970924, 0.6611154056062886, 0.6285061240196228, 0.6029597228648615, 0.5867217510354286, 0.5733669096348333, 0.5619428391550102, 0.5491923216511222, 0.5336031680013619, 0.5169817717636332, 0.5018101907243916, 0.49163805503471225, 0.4804634235653223, 0.47437555883444993, 0.46900348336088893, 0.46412696850066093, 0.4611397642715305, 0.4576740755754359, 0.454587132323022, 0.4534318166620591, 0.4525769259415421, 0.4519059097065645, 0.4500552871648003, 0.45125337792377845, 0.449968428588381, 0.4498826095870897, 0.4502207420620264, 0.4483761670542698, 0.44858476870200215, 0.44797319407556574, 0.44890735371440066, 0.4473855770101734, 0.44681411455659303, 0.44684437034176844, 0.44615910742797105, 0.44707160019407083, 0.4454681779824051, 0.44605135917663574, 0.4445979320535473, 0.4451829370330362, 0.4439515155904433, 0.4442847809370826, 0.444270579253926, 0.4445808185081856, 0.4432581084616044, 0.4435797719394459, 0.4432135084096123, 0.4423467984386519, 0.44307133321668585, 0.44186829059731725, 0.4423903221008824, 0.4422570548805536, 0.44164278285176145, 0.44127075461780324, 0.44156191162034575, 0.44254260261853534, 0.43951326842401545, 0.4395790690300511, 0.43967527969210757, 0.44044434498338136, 0.43977401069566313, 0.4397345629392886, 0.4386936502129424, 0.43899623669830024, 0.43866269027485566, 0.43789084109605525, 0.43871621583022324, 0.43833890323545416, 0.43786124914300206, 0.43708623098392113, 0.4383929944505878, 0.4366687057065029, 0.4370504419008891, 0.4368481203621509, 0.4356750132990818, 0.4370272691343345, 0.43656136475357354, 0.4357117402787302], "val_loss": [0.7106238332661715, 0.6766975955529646, 0.646020688793876, 0.6208002513105219, 0.6032608801668341, 0.5911625894633207, 0.5820590203458612, 0.5684916160323403, 0.5554332895712419, 0.5381271161816337, 0.5187979719855569, 0.5062936490232294, 0.49724408984184265, 0.4874870316548781, 0.4824333732778376, 0.47656554796478967, 0.4725660871375691, 0.4686898643320257, 0.4665537747469815, 0.46554179083217273, 0.46324254165996204, 0.46201522783799603, 0.4616730511188507, 0.4626318839463321, 0.46145532077009027, 0.4608029533516277, 0.46007104353471234, 0.45950945669954474, 0.4603986550461162, 0.46038764173334296, 0.45770969174124976, 0.4598541557788849, 0.4584030210971832, 0.4592564051801508, 0.45789858156984503, 0.4581043151291934, 0.4584878764369271, 0.45803829756650055, 0.4582773609594865, 0.4577948369763114, 0.4571284678849307, 0.4588888558474454, 0.457968226887963, 0.45633210377259686, 0.45718945969234814, 0.4580861357125369, 0.4581644209948453, 0.4564129357988184, 0.4559214304793965, 0.4565186094154011, 0.4551223028789867, 0.45603733171116223, 0.45606838302178815, 0.45507975870912726, 0.4541726491668008, 0.45663781599564984, 0.457028711383993, 0.4567294852300124, 0.45397618412971497, 0.4573531205003912, 0.4562699550932104, 0.4561785161495209, 0.4547594027085738, 0.4528282447294755, 0.454392977736213, 0.4553225446831096, 0.45523783564567566, 0.453880865465511, 0.4521890499375083, 0.4553145468235016, 0.4539501667022705, 0.4539569616317749, 0.45559723539785907, 0.45291805267333984, 0.45563898574222217, 0.45491658828475257, 0.4564451548186215, 0.4539503671906211, 0.45409784533760766]}