{"best_val": 0.45847305384549225, "train_loss": [0.7205597255744186, 0.6633380265796885, 0.6334031516430425, 0.6146292990329218, 0.59762510248259, 0.5828087914223764, 0.5670165033901439, 0.5506182762922025, 0.5318475260454065, 0.5146394336924833, 0.4994320039655648, 0.48874395267636167, 0.4818543388563044, 0.4771367381600773, 0.4747620172360364, 0.47340066351142585, 0.47331060848984063, 0.47097890108239415, 0.4712279468190436, 0.470675528049469, 0.4697377465519251, 0.4695535570967431, 0.46817385741308626, 0.4689757853162055, 0.468768890581879, 0.46724558519382103, 0.4677479366461436, 0.4674722184153164, 0.46636227532929064, 0.46518634230482814, 0.46405814383544175, 0.46465084716385485], "val_loss": [0.6440312266349792, 0.6220687519420277, 0.6103634184057062, 0.5964308760382913, 0.5822373628616333, 0.5668190473859961, 0.5498548773202029, 0.5328853916038166, 0.5154599195176904, 0.4989569268443368, 0.48497943444685504, 0.4743682660839774, 0.4694385962052779, 0.46590023961934174, 0.463521653955633, 0.4624152129346674, 0.46170380169695074, 0.46191149950027466, 0.4615488621321591, 0.4594625776464289, 0.46088502081957733, 0.45847305384549225, 0.46065546707673505, 0.4605740092017434, 0.45907374132763257, 0.45975234833630646, 0.4596709338101474, 0.45890333435752173, 0.45933034203269263, 0.45982309904965485, 0.45867823741652747, 0.4593411115082828]}