{"best_val": 0.4594575816934759, "train_loss": [0.7081771305963105, 0.6617386715084899, 0.6270450470494289, 0.5974689558440563, 0.5805260094941831, 0.5628531177838644, 0.540804782334496, 0.519857669577879, 0.5007206394391901, 0.4852980918744031, 0.47690578243311715, 0.4710626158059812, 0.4700937282805349, 0.467545723213869, 0.46746142997461204, 0.46635840102738024, 0.4666580779879701, 0.4645734522856918, 0.46383121901867436, 0.4650018267771777, 0.4628591595911512, 0.46266478709146086, 0.4617038199714586, 0.46243543835247264, 0.4620443009862713, 0.46091341738607366, 0.45974284176732977, 0.4609458084199943, 0.45952406584047806, 0.45958609791362987, 0.45652715598835664, 0.4563697155784158, 0.4576455331316181, 0.45551541506075394, 0.4560643031316645, 0.45430682336582856, 0.45483456055323285, 0.4552966514054467, 0.4536912534751144, 0.45447587616303387, 0.4522157749708961, 0.45252278330279333, 0.45114947475639045, 0.45076436564034106, 0.45206281192162456, 0.45171310504277545, 0.45028097956788304, 0.4495871820870568, 0.4481816543083565, 0.4484166251678093, 0.44775598540025596, 0.4481734896407408, 0.44774650183378484, 0.4470258810940911, 0.4462699650549421, 0.44654831933040245, 0.4458296783998901, 0.4450038835114124, 0.4447767576750587, 0.44456065110131804, 0.4438472103838827, 0.4440801646195206, 0.442857799576778, 0.4417774805835649, 0.4419328319091423, 0.4430208340579388, 0.4404214246600282, 0.4398305305078918, 0.4410938264108172, 0.43911706174121184, 0.4397910237312317, 0.4391680827327803, 0.43877343687356685, 0.43792663836011697, 0.4377587309070662, 0.43693116541002314], "val_loss": [0.6691650477322665, 0.6333354061300104, 0.5953287048773332, 0.5763576843521812, 0.5599582845514471, 0.5409111218018965, 0.5193032378500159, 0.5020981105891141, 0.48466933044520294, 0.474532888694243, 0.47113432667472144, 0.4679842239076441, 0.4684214266863736, 0.4669400995427912, 0.46647110852328216, 0.46653039347041736, 0.4652390480041504, 0.4674584486267783, 0.4667609686201269, 0.46584873307834973, 0.4649328724904494, 0.464122319763357, 0.4663834517652338, 0.4664882746609775, 0.46557557582855225, 0.4651343551549045, 0.4661781571128152, 0.46590183539824054, 0.46282269196076825, 0.46544759381901135, 0.4649795239621943, 0.4646126925945282, 0.46398036046461627, 0.46471368724649603, 0.46293884244832123, 0.46353283524513245, 0.46328953179446136, 0.46255147186192597, 0.46363990957086737, 0.4629154313694347, 0.46367109363729303, 0.4644706357609142, 0.4639211053198034, 0.4645014080134305, 0.4645007415251298, 0.46451583775607025, 0.4627151164141568, 0.4624443325129422, 0.4622288969430057, 0.46193395961414685, 0.4641971696506847, 0.46306881308555603, 0.4611694568937475, 0.4633137041872198, 0.46257704767313873, 0.460914516990835, 0.46404743736440485, 0.46216181733391504, 0.4623113978992809, 0.46279004216194153, 0.46344405141743744, 0.4609949832612818, 0.46047464554960077, 0.4632152264768427, 0.459897669878873, 0.4594575816934759, 0.4607478678226471, 0.4601848748597232, 0.461108229377053, 0.4611994380300695, 0.4604025158015164, 0.46066785942424426, 0.46138844706795434, 0.46160267428918317, 0.4604613076556813, 0.4623856788331812]}