{"best_val": 0.4512519971890883, "train_loss": [0.6752743560534257, 0.6429910350304383, 0.6114090669613618, 0.5873733862088277, 0.5741700988549453, 0.5660202720990548, 0.5580049449434648, 0.5505304605914996, 0.5416955122580895, 0.5307072280691221, 0.5265306274478252, 0.5150806296330231, 0.5023744283960416, 0.49137902374450976, 0.4839021557798752, 0.471207184287218, 0.4651682537335616, 0.45924217712420684, 0.4532895924953314, 0.44836774525734097, 0.4456491625079742, 0.4417060390114784, 0.44606007578281254, 0.4383173332764552, 0.43846636838637865, 0.436997879583102, 0.4357422928397472, 0.43660342349455905, 0.4365693422464224, 0.434113099024846, 0.4298865594542943, 0.4346267861815599, 0.4306090944088422, 0.4308868342867264, 0.4312303215265274, 0.4319948273209425, 0.4316338678965202], "val_loss": [0.6587668548930775, 0.6265216415578668, 0.5979172479022633, 0.5842341401360251, 0.5751550576903603, 0.5666221298954703, 0.5599392652511597, 0.5521555109457537, 0.5468580180948431, 0.5397390398112211, 0.5279932970350439, 0.5193554298444227, 0.5095472091978247, 0.5005564093589783, 0.48781765591014514, 0.483606219291687, 0.4776106422597712, 0.4699765389615839, 0.46711934967474505, 0.4598476968028329, 0.4603081941604614, 0.45824704657901416, 0.4593443518335169, 0.4592603553425182, 0.453678079626777, 0.4544339288364757, 0.4512519971890883, 0.4555348672650077, 0.45395951108499005, 0.45511937683278864, 0.4562515833161094, 0.45484637130390515, 0.4529139833016829, 0.4540124779397791, 0.4562011659145355, 0.45343412594361737, 0.4559498131275177]}