{"best_val": 0.4122231358831579, "train_loss": [0.6969562511818082, 0.6653267250341528, 0.6292139630691678, 0.6028368858730092, 0.5917678931180168, 0.5813318093617758, 0.5709391791446536, 0.5624857883827359, 0.5522067669559928, 0.539037796796537, 0.5274594209942163, 0.5151379505793253, 0.5025740429466846, 0.491331300314735, 0.48086415085138057, 0.473048388373618, 0.4656914776446773, 0.46118442275944876, 0.4559655645314385, 0.4516729841045305, 0.44974176205840766, 0.4458291104026869, 0.44395102414430354, 0.44165126599517524, 0.4404895130325766, 0.43906115959672365, 0.43820955355962116, 0.4381047557382023, 0.43651603133070704, 0.43579577172503753, 0.43551964093657103, 0.434004124473123, 0.43292462650467367, 0.4325487245531643, 0.4317863869900797, 0.4319646381864361, 0.4310366166572945, 0.43108633861822243, 0.42925622591785356, 0.4287420148942985, 0.42840589904317666, 0.42637653678071263, 0.4266518255074819, 0.42740582426389057, 0.42524411222513986, 0.42508268940682503, 0.42485476592007804, 0.4244203123391843, 0.42366282671105626, 0.42322151041498374, 0.42282625156290393, 0.42133917118988784, 0.4215588417707705, 0.4209656861482882, 0.4205854722097808, 0.41895610561557844, 0.4182346562544505, 0.4179229607769087, 0.4186551337148629, 0.41840533415476483, 0.41896796226501465, 0.41640473931443456, 0.41633028025720636, 0.4169160916524775, 0.41475003256517295, 0.4151967857398239, 0.4153781632582347, 0.4142617817018546, 0.4136049373477113, 0.4134326816773882, 0.41289173972372917, 0.41252094390345556, 0.4118741312447716, 0.41183260316942255, 0.4118526338362226, 0.4112912153496462, 0.41054928711816374], "val_loss": [0.681403940374201, 0.6481310291723772, 0.6118977936831388, 0.593533071604642, 0.5849419723857533, 0.5751278129490939, 0.566513026302511, 0.5544452369213104, 0.5427358042110096, 0.5299129540270026, 0.5171945474364541, 0.5029230090704832, 0.4905880039388483, 0.480164649811658, 0.4685789834369313, 0.46093694459308276, 0.45544297044927423, 0.4462274285880002, 0.4439069926738739, 0.4398861690001054, 0.43788918310945685, 0.4326895610852675, 0.4328216016292572, 0.4292520989071239, 0.4297263026237488, 0.4267300692471591, 0.42659526521509344, 0.42414463379166345, 0.4233402338894931, 0.4236476448449222, 0.42196889357133344, 0.4217297516085885, 0.4218158180063421, 0.42035922408103943, 0.4228041551329873, 0.41967167366634717, 0.42167004401033575, 0.4185386164621873, 0.42023598605936224, 0.41853969476439734, 0.4179268316789107, 0.4173315248706124, 0.4188281080939553, 0.41708164052529767, 0.41859622435136273, 0.4150694717060436, 0.4174896343187852, 0.4160005965016105, 0.4172521071000533, 0.4158972881057046, 0.414893161166798, 0.4141461903398687, 0.4151475348255851, 0.4171154499053955, 0.4165880707177249, 0.41512862931598316, 0.4142288863658905, 0.4142619588158347, 0.4144074429165233, 0.41526612639427185, 0.41390963846986945, 0.41446423530578613, 0.4148074984550476, 0.4128872508352453, 0.41437820954756305, 0.4132060002196919, 0.4122231358831579, 0.41231011802499945, 0.4134055159308694, 0.4140144911679355, 0.41479782082817773, 0.4126242074099454, 0.41530087319287384, 0.4143921434879303, 0.4122692211107774, 0.4145522686568173, 0.41424730691042816]}