{"best_val": 0.47689753770828247, "train_loss": [0.7708228992091285, 0.7302376363012526, 0.6967107752958933, 0.6641925871372223, 0.6432773537105985, 0.6240665945741866, 0.6062564485602908, 0.5895575218730502, 0.5712817046377394, 0.5550793988837136, 0.5420358263783984, 0.5339956416024102, 0.5310128248400159, 0.5237043814526664, 0.5210389494895935, 0.5170761247475942, 0.5144736054870818, 0.5137952682044771, 0.5122217618756824, 0.5103560951020982, 0.5083346913258234, 0.5049693468544219, 0.5003857496711943, 0.5036093725098504, 0.4985242767466439, 0.4969501942396164, 0.4934464345375697, 0.49355074928866494, 0.49244628846645355, 0.4932875749137666, 0.48940060867203605, 0.48649780121114516, 0.48870299094253117, 0.483875561091635, 0.48715574045976, 0.4852345950073666, 0.48367540372742546, 0.4837903463178211, 0.482857808470726, 0.4831719348827998, 0.48424435158570606], "val_loss": [0.7208496034145355, 0.6934367269277573, 0.6650952994823456, 0.635623425245285, 0.6110640317201614, 0.5913340747356415, 0.577339231967926, 0.5638881474733353, 0.5538017600774765, 0.5428144782781601, 0.5389126092195511, 0.5321680009365082, 0.5239629969000816, 0.5171698555350304, 0.5146222487092018, 0.5120668113231659, 0.5043392032384872, 0.5070957094430923, 0.5008937120437622, 0.5046238079667091, 0.4941864311695099, 0.49397197365760803, 0.4888813644647598, 0.4871826395392418, 0.48544592410326004, 0.4834064543247223, 0.49109160155057907, 0.483176127076149, 0.4829547256231308, 0.4915471747517586, 0.47689753770828247, 0.48801930993795395, 0.4793970659375191, 0.4819903001189232, 0.48106665164232254, 0.48139065504074097, 0.47833625972270966, 0.48574940115213394, 0.4831604063510895, 0.4820817932486534, 0.47853803634643555]}