{"best_val": 0.4452087716622786, "train_loss": [0.6945888715631822, 0.6362354837211908, 0.6067141948961744, 0.5868864971048692, 0.5710308288826662, 0.5575077954460593, 0.5425293188469082, 0.5274796801454881, 0.5147044524258259, 0.5030481277727613, 0.492511544157477, 0.48472828432625414, 0.4765833405887379, 0.47162723716567545, 0.4685964444104363, 0.46543776988983154, 0.46345412263683244, 0.46103888282588884, 0.45849889049343034, 0.4590806078677084, 0.4574647686060737, 0.45734724986786934, 0.45568478516503874, 0.45469610889752704, 0.45469625381862416, 0.4546902845887577, 0.4543914409244762, 0.4522356583791621, 0.45273642446480544, 0.4512770170090245, 0.45037421116641924, 0.45067110540820104, 0.45080816336706575, 0.44848037525719286, 0.44883769283107683, 0.4481693500397252, 0.44630173666804446, 0.4471995065025255, 0.4474247547925687, 0.4457890882211573, 0.4455716615798427, 0.4442311314975514, 0.4446984885954389, 0.4445205319161509, 0.44366735979622485, 0.44347786961817276, 0.44253962881424846, 0.44284477713061315, 0.44136058466107236, 0.4420739371402591, 0.44129280190841824], "val_loss": [0.654745492068204, 0.6165183728391473, 0.5957766771316528, 0.578313800421628, 0.5639395388689908, 0.5498026365583594, 0.5355060344392603, 0.5208027417009528, 0.5077695413069292, 0.496415224942294, 0.4867105104706504, 0.47795980355956336, 0.4722065112807534, 0.467660516500473, 0.4657975137233734, 0.4628139409151944, 0.4596985903653232, 0.4580398337407546, 0.4562211334705353, 0.45452561432665045, 0.4552975188602101, 0.4534869898449291, 0.45291444388302887, 0.45137443325736304, 0.4515250325202942, 0.4508704461834647, 0.45034014636820013, 0.45053662766109814, 0.4503287104043094, 0.449610791423104, 0.44866122982718726, 0.44779821146618237, 0.4490625668655742, 0.4469666074622761, 0.446752049706199, 0.4471805691719055, 0.4469239413738251, 0.44645143097097223, 0.4461248137734153, 0.44727029312740674, 0.4452087716622786, 0.44602949781851337, 0.44602562622590497, 0.4466019489548423, 0.44703812219879846, 0.4464214254509319, 0.4460527571764859, 0.4470561905340715, 0.4465550888668407, 0.44632757522843103, 0.44590945135463367]}