{"best_val": 0.43388116359710693, "train_loss": [0.6731868760258544, 0.64116831036175, 0.6076172765563516, 0.5875624757187039, 0.578632583805159, 0.5656300280608383, 0.5528392750842899, 0.5339198094957015, 0.5161228594826717, 0.49665141982190747, 0.47902123191777396, 0.4678882413050708, 0.45840781342749504, 0.45381713322564665, 0.450913293688905, 0.4481145383096209, 0.44745825026549546, 0.44503377524076726, 0.4454661181160048, 0.4424508815886928, 0.4421951174736023, 0.4397047956784566, 0.4410766275490032, 0.4390034605475033, 0.4399741426402447, 0.43848641713460285, 0.4376811157254612, 0.43610818654883143, 0.435980979718414, 0.4340109100528792, 0.43342195188297944, 0.4331307154075772, 0.432529292270249, 0.43108341390011357, 0.4305255471491346, 0.4297224546180052], "val_loss": [0.6535370945930481, 0.6146382581103932, 0.5818992257118225, 0.5690536011349071, 0.557611573826183, 0.5471573797139254, 0.5312855054031719, 0.5150089859962463, 0.4941654991019856, 0.47375584190542047, 0.4590426114472476, 0.4491409876129844, 0.4447198916565288, 0.4412081160328605, 0.43917591734365985, 0.43788413297046314, 0.4388100044293837, 0.43736246770078485, 0.4370291287248785, 0.43583583018996497, 0.43613440882075916, 0.4350994012572549, 0.43676717714829877, 0.435566322370009, 0.43549213897098193, 0.43388116359710693, 0.4358394687825983, 0.43449587713588367, 0.4363669834353707, 0.43436712297526275, 0.4351995885372162, 0.4354258342222734, 0.4363048320466822, 0.43668508529663086, 0.4375726499340751, 0.43612525408918207]}