{"best_val": 0.42764637686989526, "train_loss": [0.6979612018547806, 0.6618563217275283, 0.618981890818652, 0.5830876172757616, 0.5686126947402954, 0.5538437845660191, 0.5383234140919704, 0.5214737104434594, 0.504978105133655, 0.4888108770052592, 0.4766173497134564, 0.46652720255010266, 0.4568185654341006, 0.44911572044970943, 0.4430189173595578, 0.4397671713548548, 0.4365819791952769, 0.43253591656684875, 0.4321736716756634, 0.430678409688613, 0.42810050062104765, 0.42794177578944786, 0.42754141022177305, 0.42678893079944685, 0.42514559977194843, 0.42432144050504644, 0.42353489527515337, 0.4236564975158841, 0.4219632300676084, 0.42125184804785487, 0.4224265206093882, 0.4204796453317006, 0.4205525336312313, 0.4198805403475668, 0.4197658440646003, 0.4196539912738052, 0.4188902956597945, 0.4194681381478029, 0.417766306330176, 0.4179169167490566, 0.41630497399498434, 0.41622068017136815, 0.4154960624143189, 0.4165099315783557, 0.4145577596683128, 0.4157458835957097, 0.41475965053427455, 0.4137234658587213, 0.4140959107408337, 0.4146745491261576, 0.4137228499440586, 0.41360538087639154, 0.41285937031110126, 0.4121088905661714, 0.41231728126020994, 0.41261302665168165, 0.4110679223256953, 0.41082949498120475, 0.4099778433640798, 0.4096051366890178, 0.4094206936219159, 0.4096408129907122, 0.41025642495529324, 0.4076689908317491, 0.40880803617776607, 0.40863317251205444, 0.40753060754607706, 0.40651119456571694, 0.4062991773380953, 0.4061052010339849, 0.40609315797394396, 0.4051579055832882, 0.40519872950572594, 0.4040925158005135], "val_loss": [0.6805037964474071, 0.641576116735285, 0.599954751404849, 0.5802152861248363, 0.5697903741489757, 0.5555300279097124, 0.5406166640194979, 0.5239366563883695, 0.5070480487563394, 0.4912076402794231, 0.47929437864910474, 0.46851785345511004, 0.46053469993851404, 0.45328693227334454, 0.4497124769470908, 0.44709522886709735, 0.442771009423516, 0.4445689997889779, 0.4395955882289193, 0.4422245919704437, 0.43903685970739886, 0.4399211352521723, 0.43710237741470337, 0.43708552555604413, 0.438970457423817, 0.43523752147501166, 0.436307202685963, 0.43652616305784747, 0.43491060354492883, 0.43599797920747235, 0.4352130808613517, 0.43600703098557214, 0.4339756288311698, 0.4317864938215776, 0.43288370966911316, 0.43487471613017, 0.43385986577380786, 0.4316473494876515, 0.4323674169453708, 0.43116726929491217, 0.43139040199193085, 0.43089202317324554, 0.43210526488044043, 0.4294932620091872, 0.43200856718150055, 0.43073936755006964, 0.43082884495908563, 0.43039586598222906, 0.42913958159360016, 0.42958317561583087, 0.43145369670607825, 0.42895011468367145, 0.43199465491554956, 0.4280693395571275, 0.4303055324337699, 0.42789206179705536, 0.4281930787996812, 0.43110946633599023, 0.4318381276997653, 0.42860243266279047, 0.42890342528169806, 0.42999324202537537, 0.429592254486951, 0.42764637686989526, 0.42844692143526947, 0.42892372608184814, 0.42854569445956836, 0.42921956831758673, 0.4279707805676894, 0.4281166602264751, 0.4287165105342865, 0.4279691685329784, 0.4276521449739283, 0.427922633561221]}