{"best_val": 0.47141414135694504, "train_loss": [0.6887030237250857, 0.6513304081228044, 0.6139057146178352, 0.584065490298801, 0.5545050551493963, 0.5335422903299332, 0.5207299821906619, 0.5100277529822456, 0.5042416668600507, 0.5023346477084689, 0.49649590253829956, 0.49289268255233765, 0.49193260570367175, 0.49231696791119045, 0.488786013589965, 0.48396242989434135, 0.4826820327175988, 0.47817378242810565, 0.47859810458289254, 0.4746081994639503, 0.47450289461347794, 0.47502732442484963, 0.47154565983348423, 0.467320023311509, 0.46606530745824176, 0.46623361772961086, 0.4688421107000775, 0.4645732045173645, 0.4664048304160436, 0.46258382002512616, 0.46508436070548165, 0.4639120548963547, 0.4622455636660258, 0.46329068972004783, 0.4616172280576494, 0.45926298863357967, 0.4616102940506405, 0.4598791086011463, 0.45973041984770036, 0.4591401517391205, 0.4584539781014125, 0.4575466132826275, 0.4607829219765133, 0.4589669406414032, 0.4595336980289883, 0.45974605944421554, 0.45757359431849587, 0.4581037130620744, 0.4595854928096135, 0.4563838127586577, 0.45668193366792464, 0.4592702521218194, 0.45527423090404934, 0.4569078998433219, 0.4569439043601354], "val_loss": [0.675506055355072, 0.6443704962730408, 0.6195880025625229, 0.5942377746105194, 0.5811006724834442, 0.5678703933954239, 0.5655941218137741, 0.5576367825269699, 0.5609842538833618, 0.550338514149189, 0.5419132634997368, 0.543142169713974, 0.5293818190693855, 0.5337042808532715, 0.5313068330287933, 0.5274135321378708, 0.531920500099659, 0.5204172432422638, 0.5179823115468025, 0.5142730176448822, 0.5065834447741508, 0.5080369561910629, 0.5008349493145943, 0.5014782324433327, 0.5060905143618584, 0.4950999915599823, 0.495831698179245, 0.48796290159225464, 0.4910465478897095, 0.486624576151371, 0.4823676869273186, 0.48112480342388153, 0.4829695150256157, 0.483286552131176, 0.4808134660124779, 0.48019182682037354, 0.4752628058195114, 0.477193720638752, 0.48469170182943344, 0.4850225895643234, 0.4768383875489235, 0.476421095430851, 0.48114047944545746, 0.47960639744997025, 0.47141414135694504, 0.47485656291246414, 0.4791543334722519, 0.4773864969611168, 0.4724902883172035, 0.4785410612821579, 0.47920408844947815, 0.47546496987342834, 0.47356346994638443, 0.4802004396915436, 0.474356085062027]}