{"best_val": 0.47141403230753814, "train_loss": [0.7723599461948171, 0.7318424079932419, 0.6838905215263367, 0.6241440071779139, 0.5971299351430407, 0.5853792230288187, 0.5752311068422654, 0.5656836231549581, 0.5563709268382951, 0.5462653590183632, 0.5356515529108983, 0.5237066336706573, 0.5122615998866511, 0.50162712616079, 0.4929337922264548, 0.48507214118452635, 0.47951331325605806, 0.4749860839516509, 0.47056322004280837, 0.4673277542871587, 0.46374788120681165, 0.4632409442873562, 0.4605851448049732, 0.4599580075226578, 0.45809947041904225, 0.45682448324035196, 0.45603448327849894, 0.455913971452152, 0.4568204926509483, 0.4555671840321784, 0.4543286830771203, 0.4542100628217061, 0.45235099745731727, 0.4530665892011979, 0.45126061404452605, 0.4523857843642141, 0.45060283822171826, 0.45022766555056853, 0.45065876490929546, 0.4501852013316809, 0.44938353639022977, 0.4495459993680318, 0.4490942803083682, 0.4478628477629493, 0.44799231547935336, 0.4474773044679679, 0.44680896810456816], "val_loss": [0.7489696849476207, 0.7111876552755182, 0.6599892161109231, 0.6209148439494047, 0.6072922565720298, 0.5967084494504061, 0.5885611284862865, 0.5785303766077216, 0.5669981945644725, 0.5567260086536407, 0.5443105264143511, 0.5311059247363697, 0.5220536860552701, 0.51387758417563, 0.5059071020646528, 0.49771063165231183, 0.4931331900033084, 0.4875285706736825, 0.4834420789371837, 0.48130245913158765, 0.47904256799004297, 0.47800188714807684, 0.4769276732748205, 0.4770224852995439, 0.47507150064815173, 0.47554384578358044, 0.47388875213536347, 0.4744616448879242, 0.47457497770136053, 0.4744305231354453, 0.47388956492597406, 0.47338047894564544, 0.472939978946339, 0.47197268496860156, 0.47464159672910516, 0.4732530415058136, 0.47141403230753814, 0.47234764153307135, 0.4735689705068415, 0.4728349663994529, 0.47403010725975037, 0.4722867689349435, 0.4729589142582633, 0.47439591451124713, 0.4754509004679593, 0.4719787538051605, 0.4737898382273587]}