{"best_val": 0.44778875600207935, "train_loss": [0.6935700376828512, 0.6594515197417316, 0.626902487932467, 0.5985648573613634, 0.5797512601403629, 0.5662560094805325, 0.5551554765187058, 0.5413594760146796, 0.5254773707950816, 0.5074747771609063, 0.491393132537019, 0.4789419372876485, 0.46931547335549895, 0.4624595420033324, 0.45610002384466286, 0.45250793824008867, 0.4478487874947342, 0.44560443945959505, 0.4441976471274507, 0.44174619223557265, 0.4408328837039424, 0.44030162283018526, 0.4403276507760964, 0.4379887610089545, 0.4371431954935485, 0.43526891984191596, 0.4360525222385631, 0.43499067776343403, 0.4324350246027404, 0.4319831325727351, 0.43162159592497584, 0.43156298819710226, 0.4304858037069732, 0.4302548462269353, 0.4301772760409935, 0.42815230523838715, 0.4276923326884999, 0.42656590599639743, 0.42505205495684756, 0.4244774357945311, 0.42461760897262424, 0.4258045478194368, 0.4227360276614918, 0.4222002794929579, 0.421192255674624, 0.4200114268882602, 0.4202936811774385, 0.42002022500131647, 0.4192287448574515, 0.4177468138582566, 0.4190271625331804, 0.4181617784733866, 0.41659334360384476, 0.41527146626921263, 0.4152778842869927, 0.41373103214245216, 0.4130079868961783, 0.4129612258836335, 0.4117131092969109, 0.411548175648147, 0.4129324485273922, 0.41165436716640696, 0.4099127515858295, 0.4091647495241726, 0.40715337676160474, 0.40780752663518866, 0.4084199456607594, 0.40790517014615674, 0.4052477367952758, 0.4051094622004266, 0.4055233924996619, 0.40433048968221624, 0.4022918717533934, 0.4035300279364866, 0.4011332047920601, 0.40034188359391454, 0.40058006784495187, 0.4003991361926584, 0.3992658947028366, 0.3987191290247674, 0.3972099429252101, 0.3972891995719835, 0.3955494825746499, 0.3964615838200438, 0.3948003602962868, 0.39429253047587826, 0.39435866066053804, 0.3930376996012295, 0.3926002564383488, 0.39201191885798586, 0.3926267314190958, 0.3902573380984512, 0.389335036277771, 0.3905342098544626, 0.38863097744829517], "val_loss": [0.6797754710370844, 0.6514825279062445, 0.6238816976547241, 0.6011287840929899, 0.591605240648443, 0.582989443432201, 0.5721225684339349, 0.5595608353614807, 0.5454576042565432, 0.5279546054926786, 0.5116847970268943, 0.5038752474568107, 0.4928492876616391, 0.4856667599894784, 0.4786973974921487, 0.47440365769646387, 0.47255299308083276, 0.46624870191920886, 0.4689415395259857, 0.46422377770597284, 0.4614385881207206, 0.460456444458528, 0.46147704124450684, 0.459820495410399, 0.4603110362182964, 0.45832548900084064, 0.46005230329253455, 0.4590913409536535, 0.4576653621413491, 0.45832901380278845, 0.45841900597919116, 0.45694074034690857, 0.45473717830397864, 0.4554250592535192, 0.45617815310304816, 0.45703900131312286, 0.45579230243509467, 0.4551731456409801, 0.45525305379520764, 0.4538905241272666, 0.4541392353448001, 0.45429875633933325, 0.45359148491512646, 0.4570033306425268, 0.45354690876874054, 0.45315084945071826, 0.45330430431799457, 0.4539000771262429, 0.45261520418253814, 0.4554481858556921, 0.45172464034774085, 0.45132933963428845, 0.4518929557366805, 0.4533886286345395, 0.45207564397291705, 0.4538226940415122, 0.4515038647434928, 0.45170852270993317, 0.4527611922134053, 0.45084291425618256, 0.45097367600961163, 0.45175154371695087, 0.45203161239624023, 0.45191241936250165, 0.45280385559255426, 0.45035702802918176, 0.4511785859411413, 0.4500028436834162, 0.45073099569840863, 0.45210451971400867, 0.44991097396070306, 0.4503484070301056, 0.45087204467166553, 0.4491311122070659, 0.4513378956101157, 0.45111437006430194, 0.45099123499610205, 0.449263334274292, 0.4512457630851052, 0.4486663314429196, 0.45258635553446686, 0.44958562471649866, 0.4493537084622817, 0.45241355895996094, 0.44778875600207935, 0.44852679696950043, 0.4499803266742013, 0.4504511871121146, 0.45076512748544867, 0.4507859782739119, 0.4488596672361547, 0.4519979005510157, 0.45102368972518225, 0.4523783949288455, 0.4483122852715579]}