{"best_val": 0.49554819613695145, "train_loss": [0.6625194715129005, 0.6591547297106849, 0.6554307474030389, 0.651065296596951, 0.6468352642324235, 0.642695963382721, 0.6372032827801175, 0.6311784519089593, 0.6247223483191596, 0.6167917052904764, 0.6085772348774804, 0.5987456970744662, 0.5889695121182336, 0.5794963108168708, 0.5707073708375295, 0.5649583323134316, 0.5584623350037469, 0.5543707311153412, 0.5487835274802314, 0.5448364814122518, 0.5417342782020569, 0.5377619299623702, 0.5325139347049925, 0.530575230717659, 0.5273886074622472, 0.5243238541815016, 0.5209662682480283, 0.5217360821035173, 0.5159342437982559, 0.5122106091843711, 0.5106292565663656, 0.50984697871738, 0.5054226534234153, 0.5029927376243803, 0.49791480600833893, 0.49742110073566437, 0.49588945508003235, 0.49465253286891514, 0.49350214501221973, 0.49471183286772835, 0.48880284031232196, 0.4895678526825375, 0.4878413627545039, 0.4889180560906728, 0.48724332948525745, 0.48668761882517075, 0.4898543357849121, 0.4842243045568466, 0.48436927960978615, 0.484398247467147, 0.48521099819077385, 0.48459316458966994, 0.4798838910129335, 0.4803900354438358, 0.4826109856367111, 0.482505245341195, 0.4795251505242454, 0.47914951543013257, 0.4813028209739261, 0.47937872509161633, 0.4777425461345249], "val_loss": [0.6637893319129944, 0.6599496603012085, 0.6569059491157532, 0.6536099016666412, 0.6490852236747742, 0.6449351608753204, 0.6391153186559677, 0.6325384825468063, 0.628261148929596, 0.6173689663410187, 0.6080499142408371, 0.6009299904108047, 0.5910244733095169, 0.5819632411003113, 0.5812800228595734, 0.5717720687389374, 0.5748804360628128, 0.5696079134941101, 0.5644468814134598, 0.558587446808815, 0.5530913323163986, 0.5521652698516846, 0.5505119487643242, 0.5475060045719147, 0.5403954982757568, 0.542554497718811, 0.5361184179782867, 0.5340528935194016, 0.5294698402285576, 0.5324431881308556, 0.5191075354814529, 0.5263755992054939, 0.52089773863554, 0.5208289548754692, 0.51686742156744, 0.5170188248157501, 0.5168485343456268, 0.5118573606014252, 0.5130896344780922, 0.514630950987339, 0.5064144730567932, 0.5094355270266533, 0.5137805417180061, 0.513214722275734, 0.5065436810255051, 0.5075557231903076, 0.5053385198116302, 0.5054783448576927, 0.5007435381412506, 0.5123157650232315, 0.49554819613695145, 0.5086637884378433, 0.5010776817798615, 0.501457080245018, 0.5024645999073982, 0.5024238377809525, 0.508310928940773, 0.5015503987669945, 0.4971968084573746, 0.4980645924806595, 0.49649588018655777]}