{"best_val": 0.4659517779946327, "train_loss": [0.6760621269543966, 0.6731622980700599, 0.6703588631418016, 0.6668394605318705, 0.6634217864937253, 0.6597416069772508, 0.6555955012639364, 0.6506109999285804, 0.6439016792509291, 0.6375905838277605, 0.6298374268743727, 0.6215849253866408, 0.6131675177150302, 0.6052310996585422, 0.5965086784627702, 0.5922345187928941, 0.586924284696579, 0.5805123812622495, 0.5768728620476193, 0.5751292109489441, 0.5715294149186876, 0.5664074156019423, 0.5660143858856626, 0.559043738577101, 0.556440563665496, 0.5543262892299228, 0.5522500160667632, 0.5476136323478487, 0.5438141524791718, 0.5426900072230233, 0.5380110128058327, 0.5386437558465533, 0.5352696627378464, 0.5351488639911016, 0.5332004444466697, 0.5302659670511881, 0.5267547369003296, 0.5281055288182365, 0.5274226930406358, 0.5241703987121582, 0.5241603785090976, 0.5232571264108022, 0.5217647966411378, 0.5219088527891371, 0.5211974299616284, 0.5195610456996493, 0.520856637093756, 0.5191114760107465, 0.5176943623357348, 0.5134811004002889, 0.5164806611008115, 0.516481328341696, 0.5163177483611636, 0.5138685388697518, 0.513785731461313, 0.5156108438968658, 0.5151669780413309, 0.512043308880594, 0.5124484317170249, 0.5095017287466261, 0.5113662795888053, 0.5122887326611413, 0.5096259514490763, 0.5098902699020174, 0.5106511645846896, 0.5106070273452334, 0.5075210697121091, 0.5068781839476691, 0.5067729635371102, 0.5080216344859865, 0.5097148136960136, 0.5079060958491431, 0.5063293940491147, 0.5055617921882205, 0.5054470151662827, 0.5057038631704118], "val_loss": [0.6727413088083267, 0.6694068759679794, 0.6655014306306839, 0.6621303856372833, 0.6585565209388733, 0.6530025750398636, 0.6478894650936127, 0.6414412558078766, 0.6334619671106339, 0.6254699379205704, 0.6172875016927719, 0.6057968288660049, 0.596703439950943, 0.5856114625930786, 0.5762739479541779, 0.5675249248743057, 0.5640404224395752, 0.5567471534013748, 0.5544949173927307, 0.5477990210056305, 0.5506153926253319, 0.5303773805499077, 0.5370677411556244, 0.5308005139231682, 0.5248484909534454, 0.5228874236345291, 0.5228222608566284, 0.5139515399932861, 0.5097725689411163, 0.5105484426021576, 0.5072212070226669, 0.5021739304065704, 0.49705369770526886, 0.4985443651676178, 0.49591124057769775, 0.4985555559396744, 0.4928649291396141, 0.49593980610370636, 0.4942565783858299, 0.48764775693416595, 0.4852675646543503, 0.4816233813762665, 0.481515534222126, 0.47681690752506256, 0.48177267611026764, 0.48106367141008377, 0.4822740778326988, 0.4750283733010292, 0.4816475957632065, 0.47724035382270813, 0.4766201600432396, 0.4748081862926483, 0.4856254458427429, 0.47316256910562515, 0.4751216173171997, 0.4724108353257179, 0.47252777218818665, 0.4810408726334572, 0.47829166054725647, 0.4800896421074867, 0.47636954486370087, 0.47330867499113083, 0.4724755212664604, 0.47558899223804474, 0.4740627035498619, 0.4659517779946327, 0.4709199294447899, 0.4734079837799072, 0.47100066393613815, 0.47330307215452194, 0.47198496758937836, 0.47033239156007767, 0.4716845005750656, 0.47094763815402985, 0.47289522737264633, 0.4679858759045601]}