{"best_val": 0.47200556844472885, "train_loss": [0.6678812536928389, 0.5891909665531583, 0.5297690149810579, 0.5009642988443375, 0.4958975927697288, 0.49046675198607975, 0.4860219541523192, 0.4794735494587157, 0.47543644573953414, 0.4747168968121211, 0.46903253760602737, 0.4698206086953481, 0.4661422355307473, 0.4693618317445119, 0.4637476172712114, 0.4598754710621304, 0.4614829619725545, 0.4637345208062066, 0.46186064183712006, 0.45958764519956374, 0.4623897903495365, 0.46261419190300834, 0.4609486725595262, 0.45878513488504624, 0.4560914884010951, 0.4549960394700368, 0.45852643416987526, 0.45777713590198094, 0.45658232106102836], "val_loss": [0.6319528818130493, 0.5465880334377289, 0.509150817990303, 0.49664832651615143, 0.4967067241668701, 0.49633339792490005, 0.4937448725104332, 0.4871711954474449, 0.4826825112104416, 0.48824889212846756, 0.4886665642261505, 0.4751177653670311, 0.4781968966126442, 0.4817333444952965, 0.48272908478975296, 0.4812880828976631, 0.4802251309156418, 0.47817929089069366, 0.47200556844472885, 0.4735376089811325, 0.47780559211969376, 0.4793948605656624, 0.48033058643341064, 0.4738243818283081, 0.4806239977478981, 0.4808528795838356, 0.47848571091890335, 0.47328270971775055, 0.47684428095817566]}