{"best_val": 0.4988081827759743, "train_loss": [0.6684422062502967, 0.6485930184523264, 0.6293486323621538, 0.6116852660973867, 0.5923245516088274, 0.572230706612269, 0.5570928288830651, 0.5473396314515008, 0.5356746762990952, 0.5314272426896625, 0.5275879816876518, 0.5247185064686669, 0.5182819681035148, 0.5190390199422836, 0.5136818587779999, 0.5110728939374288, 0.5099894768661923, 0.5087325837877061, 0.507733349998792, 0.5084660086366866, 0.5067658060126834, 0.5063019792238871, 0.5053534441524081, 0.5056661152177386, 0.5009812199407153, 0.5045298652516471, 0.5022845069567362, 0.5000619755850898, 0.5002611660295062, 0.4992421136962043, 0.5006158832046721, 0.4956512136591805, 0.49767109917269814, 0.4952159772316615, 0.49778734478685593, 0.4974641303221385, 0.4964471475945579, 0.49490735597080654, 0.49417565431859756, 0.4903612467977736, 0.49280599918630386, 0.49707043336497414, 0.4938785135746002, 0.4916853109995524], "val_loss": [0.6526504158973694, 0.6320309638977051, 0.6150028705596924, 0.5960992872714996, 0.5764055401086807, 0.5609963536262512, 0.5469885617494583, 0.5404837727546692, 0.5367123633623123, 0.535014197230339, 0.5325408056378365, 0.5292524769902229, 0.5294531434774399, 0.5252503305673599, 0.5275616571307182, 0.5259898379445076, 0.524366021156311, 0.5213723853230476, 0.5207537785172462, 0.5174780264496803, 0.5184469819068909, 0.5172646045684814, 0.5141045972704887, 0.5148270577192307, 0.5052304044365883, 0.5094380304217339, 0.5077073127031326, 0.5000684186816216, 0.507606253027916, 0.5053732171654701, 0.5079740211367607, 0.5113658979535103, 0.5088030993938446, 0.4988081827759743, 0.5082150846719742, 0.5054141134023666, 0.5089180767536163, 0.5019327402114868, 0.5034564658999443, 0.5062291920185089, 0.5004680827260017, 0.5019594728946686, 0.504774883389473, 0.49993162602186203]}