{"best_val": 0.46826464208689605, "train_loss": [0.6588560182314652, 0.5941789092925879, 0.5569543913006783, 0.5194117610271161, 0.49165049424538243, 0.47805561755712217, 0.46809804955354106, 0.46872812796097535, 0.46474569176252073, 0.46485680513657057, 0.46251264730325115, 0.46108518082361954, 0.4652702613518788, 0.4641421357026467, 0.4604703119167915, 0.4603041880405866, 0.45886370883538175, 0.46076909681925404, 0.4619016068486067, 0.4586727957312877, 0.4572883414534422, 0.4580393106891559, 0.45269265942848647, 0.4539344711945607, 0.4550647305754515, 0.4557216356580074], "val_loss": [0.6000479839064858, 0.5716592235998674, 0.5347549563104456, 0.501771089705554, 0.481924753297459, 0.47881623018871655, 0.4765140874819322, 0.4739110198887912, 0.4732637649232691, 0.4716719768264077, 0.47014527971094305, 0.47151131250641565, 0.4761406860568307, 0.47226976264606824, 0.4738202122124759, 0.46826464208689605, 0.4733134074644609, 0.46962423758073285, 0.47077922929417004, 0.47405247254805133, 0.47130644050511444, 0.4770801229910417, 0.4730806133963845, 0.47850205410610547, 0.47454204613512213, 0.47054058042439545]}