{"best_val": 0.464770877903158, "train_loss": [0.7778787168801999, 0.6887470051354053, 0.6365620003027075, 0.599851089365342, 0.5791612302555758, 0.5649366974830627, 0.5497201272085601, 0.5337632941264733, 0.5159411997187371, 0.5043971450889811, 0.49163298162759517, 0.4835108179672092, 0.4777841632272683, 0.47307483822691676, 0.4710363798281726, 0.4695945154218113, 0.46906357945180405, 0.4672459498340008, 0.46580519980075313, 0.4649936685375139, 0.4653811898885989, 0.46460942368881375, 0.46364190005788614, 0.46273937178593055, 0.46298907258931327, 0.4627768146056755, 0.4625779308524786, 0.46106658262365, 0.4623177372941784, 0.45993373382325264, 0.4599135033055848, 0.4594459557065777, 0.4602905400827819, 0.45742148044062597, 0.4579940409052606, 0.4579104307819815, 0.4566802925923291, 0.45736749148836325, 0.4547301729520162, 0.4559106178143445, 0.4559577563229729, 0.4536506183007184, 0.45338558449464683, 0.4531322980628294, 0.45289456084662794, 0.45153990329480637, 0.45110176182260703, 0.4523997768467548, 0.4507874548435211, 0.45050059463463576], "val_loss": [0.6842980709942904, 0.6408839550885287, 0.6079906821250916, 0.5898720676248724, 0.577108003876426, 0.5600795583291487, 0.5462946810505607, 0.528253587809476, 0.5158757757056843, 0.5000398348678242, 0.4900266067548232, 0.4825091470371593, 0.4778199656443162, 0.47343992645090277, 0.4716177095066417, 0.47055246071382, 0.4698962054469369, 0.46859995885328815, 0.4700861491940238, 0.4689890010790391, 0.46876446496356616, 0.4671619019725106, 0.4674096947366541, 0.468379792841998, 0.46806495839899237, 0.47091374614021997, 0.46732653271068225, 0.46757297624241223, 0.46770577268166974, 0.46756365353410895, 0.4665593369440599, 0.46705619855360553, 0.4663591195236553, 0.46635194529186597, 0.4654173417524858, 0.46612758799032733, 0.4653734808618372, 0.46478641575033014, 0.4672497348351912, 0.464770877903158, 0.4685252850705927, 0.46597754142501135, 0.46590691804885864, 0.4650940542871302, 0.4653660411184484, 0.4680222977291454, 0.46530044078826904, 0.4653746865012429, 0.46561729366129095, 0.46587659554048017]}