{"best_val": 0.4566648548299616, "train_loss": [0.6720177835109187, 0.5987863751018748, 0.5566408862085903, 0.519504516732459, 0.4926740141475902, 0.47662435209049897, 0.47057172597623337, 0.4669647503132914, 0.46413147800108967, 0.46412355058333454, 0.4636576041287067, 0.46191752599734887, 0.460288149469039, 0.4590288499991099, 0.4578600198614831, 0.45765260504741295, 0.4568084256321776, 0.45533628148191113, 0.45542733400475743, 0.45379407674658534, 0.4535055026119831, 0.45239589670125174, 0.4505419661017025, 0.44913313084957646, 0.44890374938646954, 0.44701777427804235, 0.44727450609207153, 0.44473401997603623, 0.44317509672221017, 0.44226013270078923, 0.4416188626897101, 0.4411265218959135, 0.4401148294701296, 0.43686483245269925, 0.4373066863592933, 0.4364662708020678, 0.43579554382492514, 0.4348650346784031, 0.43211257574605005, 0.4312835540257248, 0.43193278710047406, 0.4297767930171069, 0.42897801890092735, 0.4275754777824177, 0.4264132064931533, 0.4257713135551004, 0.42388249612322043, 0.4230551707978342, 0.42341842896798076, 0.4210897672410105, 0.4195735162379695, 0.4174179604240492, 0.4160951229871488, 0.41636064707064163], "val_loss": [0.6051777817986228, 0.5628699985417452, 0.5282602147622542, 0.5013145939870314, 0.48609484325755725, 0.4766749685460871, 0.47016617113893683, 0.4710946353999051, 0.4697351238944314, 0.4684297036040913, 0.46811065348711883, 0.4690585895018144, 0.46941418810324237, 0.4660494408824227, 0.47099205580624665, 0.46452930298718537, 0.4657811630855907, 0.4664927260442214, 0.46446260809898376, 0.4641201279380105, 0.4621911888772791, 0.46296341581778094, 0.46525475111874665, 0.4639378542249853, 0.4606002623384649, 0.4618720087138089, 0.4639558087695729, 0.46021625670519745, 0.4613207930868322, 0.4610082127831199, 0.45995727994225244, 0.4589273956688968, 0.4609078493985263, 0.4610020626674999, 0.4583907994357022, 0.4586563462560827, 0.4596898772499778, 0.4605722020972859, 0.4593115286393599, 0.4591093090447513, 0.4589660276066173, 0.4582675912163474, 0.45919001644307916, 0.4566648548299616, 0.4598526412790472, 0.45824284987016156, 0.4611534693024375, 0.45868616754358466, 0.45910807902162726, 0.4606859656897458, 0.4591421701691367, 0.45890743895010516, 0.4603240869262002, 0.4586949727751992]}