{"best_val": 0.4766448885202408, "train_loss": [0.7019821239842309, 0.6682349112298753, 0.6355026927259233, 0.6068481703599294, 0.5806829134623209, 0.5605966846148173, 0.5475830369525485, 0.5383458286523819, 0.534952829281489, 0.5251672019561132, 0.5204833613501655, 0.5192270030577978, 0.5203074398967955, 0.515280470252037, 0.5134197837776608, 0.5141612887382507, 0.5079731725984149, 0.5059801770581139, 0.5073966499831941, 0.5066919972499212, 0.5018946131070455, 0.5002047138081657, 0.5014963530831866, 0.5001968112256792, 0.4978775547610389, 0.5010204712549845, 0.49787573019663495, 0.49450984928343034, 0.4952017631795671, 0.4945131656196382, 0.49172722299893695, 0.49271563523345524, 0.4935665362411075, 0.49424908724096084, 0.49295569956302643, 0.4908517367309994, 0.49351714220311904, 0.4910292890336778, 0.48787238862779403, 0.48737743000189465, 0.49020667870839435, 0.4861321830087238, 0.488935445745786, 0.48972882992691463, 0.4863815771208869, 0.4831969026062224, 0.4845409128401015, 0.48449372748533887, 0.4854346348179711], "val_loss": [0.6874901354312897, 0.6526673138141632, 0.617091953754425, 0.5915709435939789, 0.5620647966861725, 0.5464855283498764, 0.5289515778422356, 0.5307763367891312, 0.5230318009853363, 0.5155814588069916, 0.5050739571452141, 0.5071770623326302, 0.5106622725725174, 0.5067391842603683, 0.5063356161117554, 0.49954014271497726, 0.505067951977253, 0.4938843622803688, 0.49796262383461, 0.5030594393610954, 0.5022817701101303, 0.49415212869644165, 0.49589598178863525, 0.48813222348690033, 0.4906255155801773, 0.48778577893972397, 0.48875094950199127, 0.4923073276877403, 0.49484943598508835, 0.4848221018910408, 0.49023977667093277, 0.4823937341570854, 0.4880578964948654, 0.486398421227932, 0.4866093769669533, 0.483957901597023, 0.4826718866825104, 0.4826573356986046, 0.4766448885202408, 0.4798220247030258, 0.4783240780234337, 0.4806445613503456, 0.4790327027440071, 0.48150718212127686, 0.4887634366750717, 0.4817114323377609, 0.4864839166402817, 0.4777120351791382, 0.4819685369729996]}