{"best_val": 0.4381322075020183, "train_loss": [0.7164123666052725, 0.6976994264359567, 0.6774686668433395, 0.653503698461196, 0.6277668464417551, 0.6078001097136853, 0.5962851059203055, 0.5898937179761774, 0.5836916425648857, 0.5778789052776262, 0.5739342307343203, 0.5694621766314787, 0.5639916477250118, 0.5579559651075625, 0.5537735948375627, 0.548285807464637, 0.5422790868609559, 0.5357979208815331, 0.5293113951589546, 0.5227436154496437, 0.5144511245045007, 0.50710388842751, 0.4995827300875795, 0.4921398501770169, 0.48424046764186784, 0.47781578232260313, 0.47089096611621334, 0.4656485897653243, 0.4612327235586503, 0.4566216562308517, 0.45408163058991524, 0.45030294504820134, 0.44749117072890787, 0.4457388105345707, 0.4442493173421598, 0.44241387294787987, 0.44165632713074776, 0.44009994350227655, 0.44059449375844467, 0.4394423219503141, 0.43804884891884, 0.43765005819937763, 0.4374738025899027, 0.43655096082126393, 0.4368325080357346, 0.4354526038263358, 0.4345179533257204, 0.4354206580741733, 0.43555738411697686, 0.43314972812054203, 0.4340849501245162, 0.4340474477001265, 0.43412698600806443, 0.43284813679900824, 0.4315754975758347, 0.432742389978147, 0.4318855837279675, 0.4313051425943188, 0.43114323358909756, 0.4306761634116079, 0.43097304596620445, 0.4303681593315274, 0.4303553028433931, 0.43037202369933036, 0.4294874007795371, 0.42992693185806274, 0.42909129110037114, 0.42892419707541374, 0.4296036613922493, 0.4299493122334574, 0.4283386574071996, 0.42862169707522674, 0.4281756562345168, 0.4281652715860629, 0.42736456031892817, 0.42715195464152916, 0.4280126597367081, 0.4271824079401353, 0.42679229846187666, 0.4274348172486997, 0.425782022522945, 0.4271886652591182, 0.42608922661519516, 0.425570489729152, 0.425196193596896, 0.42500518116296504, 0.4256434645138535, 0.425106054427577, 0.4242221450104433, 0.4244501695913427, 0.4239065711404763, 0.4231555637191324, 0.42423148190273957, 0.4242702371933881, 0.42389028329475253, 0.42391739581145493, 0.424060979310204, 0.4235086382604113, 0.42335015827534245, 0.42383357999371546, 0.42117759935996113, 0.421797747705497, 0.42150837533614216, 0.42164356977331874, 0.4212960963155709, 0.4215398956747616, 0.4211418237171921, 0.42044780885472016, 0.4211121727438534, 0.4200740018311669, 0.420474065285103], "val_loss": [0.7074648250233043, 0.6880135861310092, 0.6655909310687672, 0.6396301713856783, 0.615092933177948, 0.5993810892105103, 0.5895499045198614, 0.5849510485475714, 0.5796293020248413, 0.5748383782126687, 0.5698641430247914, 0.5645849542184309, 0.5591530908237804, 0.5527123050256209, 0.5494826192205603, 0.5429532880132849, 0.5376734733581543, 0.5315525721419941, 0.5257519564845345, 0.5183882279829546, 0.5119568841023878, 0.503882500258359, 0.4986131570555947, 0.49201472239060834, 0.4848292551257394, 0.47846679524941876, 0.47301693937995215, 0.46897452256896277, 0.4642031192779541, 0.46275278654965485, 0.4586871726946397, 0.4564246020533822, 0.4550101540305398, 0.4538393020629883, 0.45165649869225244, 0.4507697143337943, 0.4496524252674796, 0.4493203271519054, 0.44710470871491864, 0.45021368156779895, 0.4483069018884139, 0.44756429303776135, 0.44715767015110364, 0.4457698870788921, 0.4462753615596078, 0.44815118475393817, 0.4484457780014385, 0.4458136097951369, 0.4456821246580644, 0.4455027065493844, 0.44586815346371045, 0.44473108649253845, 0.44547439976172015, 0.4443757642399181, 0.44278404116630554, 0.44437677480957727, 0.4451780319213867, 0.4436850303953344, 0.44253900918093597, 0.44274705106561835, 0.44400920380245557, 0.4430528228933161, 0.4440459283915433, 0.44467813589356164, 0.44311855056069116, 0.4430020749568939, 0.44136768037622626, 0.4423461529341611, 0.4422545080835169, 0.44313235716386273, 0.4427469616586512, 0.4424631812355735, 0.4427728002721613, 0.4420641335574063, 0.4431325982917439, 0.441876698624004, 0.4412055855447596, 0.44240434061397205, 0.44091239029710944, 0.44084896824576636, 0.4413619176907973, 0.44012006575411017, 0.44226631793108856, 0.4429059516299855, 0.4416071555831216, 0.44075568426739087, 0.43992382287979126, 0.4406756379387595, 0.44001700390468945, 0.44023883613673126, 0.43902699513868854, 0.44020048596642236, 0.4391404634172266, 0.4388532719828866, 0.4383436278863387, 0.4389561956579035, 0.4393159422007474, 0.43905145742676477, 0.44017658179456537, 0.44010966745289887, 0.4381322075020183, 0.4398291463201696, 0.43896163322708825, 0.43872887708924035, 0.43850726972926746, 0.44087105989456177, 0.43834886767647485, 0.4382190135392276, 0.43827869675376196, 0.43848366899923846, 0.4385687600482594]}