{"best_val": 0.48612041026353836, "train_loss": [0.6121546460522546, 0.5966952542463938, 0.5839931468168894, 0.5721884866555532, 0.563966711362203, 0.5513648655679491, 0.5401273965835571, 0.5341748081975513, 0.5247740646203359, 0.5189481493499544, 0.5177580234077241, 0.5129551291465759, 0.5116169220871396, 0.5117110047075484, 0.5085571689738168, 0.5051603383488126, 0.5010005434354147, 0.5016006595558591, 0.4985409726699193, 0.49822232292758095, 0.4973147859176, 0.49769077201684314, 0.48999956250190735, 0.4913841336965561, 0.48713986906740403, 0.48390432364410824, 0.4825320972336663, 0.48350578049818677, 0.48383521205849117, 0.4830784946680069, 0.48194169501463574, 0.4774395326773326, 0.47924797899193233, 0.47802404562632245, 0.4750552574793498, 0.47457117007838356, 0.4774615350696776, 0.47547127306461334, 0.47108423544300926, 0.4722945905394024, 0.4712638490729862, 0.47018178138468003, 0.47199883229202694, 0.47048310769928825, 0.4715734190411038, 0.47198063797420925], "val_loss": [0.601018562912941, 0.5883275270462036, 0.5769632309675217, 0.5623530745506287, 0.550526574254036, 0.5498453378677368, 0.5296933501958847, 0.5271549969911575, 0.5230459049344063, 0.5101993530988693, 0.5200027897953987, 0.5214625969529152, 0.5124402567744255, 0.51506058126688, 0.5137981325387955, 0.5152938961982727, 0.5119518637657166, 0.5094643533229828, 0.5075149238109589, 0.5062571987509727, 0.5071116164326668, 0.50649643689394, 0.5070294141769409, 0.4975942373275757, 0.5028120800852776, 0.5005691275000572, 0.5017363131046295, 0.5010858848690987, 0.4954647049307823, 0.49232017993927, 0.4933733120560646, 0.49508780241012573, 0.49150777608156204, 0.4937354549765587, 0.49326036125421524, 0.48612041026353836, 0.4945862516760826, 0.4938720017671585, 0.49465231597423553, 0.49669040739536285, 0.500453345477581, 0.4894334003329277, 0.49905329942703247, 0.4905751496553421, 0.5002133399248123, 0.4925677850842476]}