{"best_val": 0.4849916398525238, "train_loss": [0.676908509598838, 0.6732805205716027, 0.669393390417099, 0.6656546062893338, 0.6625880102316538, 0.658119777838389, 0.655214528242747, 0.6521295706431071, 0.6486621697743734, 0.6452473335795932, 0.641900509595871, 0.6382513840993246, 0.6340846551789178, 0.6305687063270144, 0.6266631086667379, 0.6218368311723074, 0.6196501155694326, 0.6140313214725919, 0.6111859844790565, 0.6063098543220096, 0.6024300687842898, 0.6001644366317325, 0.596299860212538, 0.5906226270728641, 0.5877738098303477, 0.5849576592445374, 0.5809517535898421, 0.5797766480180953, 0.5763387084007263, 0.5749024152755737, 0.5742449329959022, 0.5715839266777039, 0.5695553024609884, 0.5663228101200528, 0.5662025411923727, 0.5639080769485898, 0.5622120449940363, 0.5609337538480759, 0.5604364573955536, 0.5588975350062052, 0.5588372250398, 0.5565617250071632, 0.5554472886853747, 0.5538325077957578, 0.5558101733525594, 0.5521774258878496, 0.5509495735168457, 0.548771964179145, 0.5477498571077982, 0.5473658492167791, 0.5491323951217864, 0.5441823353370031, 0.5425844722323947, 0.541695108016332, 0.543643080525928, 0.5426780233780543, 0.5382496366898218, 0.5423895931906171, 0.539316228694386, 0.5380492922332551, 0.5388142052623961, 0.537011068728235, 0.5372400979200999, 0.5363410777515836, 0.5372950169775221, 0.536271740992864, 0.5382846742868423, 0.5373273624314202, 0.5344983124070697, 0.5353603578276105, 0.5342369394169914, 0.531381305721071, 0.5300548473993937, 0.5331248111195035, 0.5303793052832285, 0.5298301246431139, 0.5298391431570053, 0.531660752163993, 0.530702080991533, 0.5275367034806145, 0.5273223552438948, 0.529009578956498, 0.5294071535269419, 0.5271797246403165, 0.5280267099539439, 0.5246476547585593, 0.5250006947252486, 0.5258030229144626, 0.5252512494723002, 0.5245091766119003, 0.5248359309302436, 0.5233047505219778, 0.5240187959538566, 0.5242690891027451, 0.5254271924495697, 0.5221229592959086, 0.5229435231950548, 0.5229184528191885, 0.5216688099834654], "val_loss": [0.6722885817289352, 0.6684380322694778, 0.6645211726427078, 0.6599834561347961, 0.6560361981391907, 0.6519912630319595, 0.647716835141182, 0.6443077772855759, 0.6406485438346863, 0.6369995027780533, 0.6335683017969131, 0.6276809275150299, 0.6240868866443634, 0.617782399058342, 0.6140884310007095, 0.6102699488401413, 0.6047504395246506, 0.5982208698987961, 0.5956864207983017, 0.5898431837558746, 0.5856886953115463, 0.5820143520832062, 0.5768472999334335, 0.5737896859645844, 0.5667566359043121, 0.5588198602199554, 0.5573594868183136, 0.555964857339859, 0.5488327220082283, 0.5495767146348953, 0.5476457178592682, 0.5460960566997528, 0.5422137081623077, 0.5418538153171539, 0.5408681109547615, 0.5393718034029007, 0.5331214070320129, 0.5300696715712547, 0.5287449806928635, 0.5252775326371193, 0.5326268672943115, 0.5247710943222046, 0.5257428511977196, 0.5248432233929634, 0.5199501290917397, 0.5231578201055527, 0.5164573863148689, 0.5204677656292915, 0.5124508067965508, 0.5162114724516869, 0.5150697976350784, 0.5082851275801659, 0.5150822326540947, 0.5139426290988922, 0.5139631852507591, 0.5042406693100929, 0.5088697895407677, 0.5081727057695389, 0.511557899415493, 0.5064971372485161, 0.5039188712835312, 0.5026012882590294, 0.502982422709465, 0.5000968649983406, 0.5006896629929543, 0.5016764849424362, 0.5037250816822052, 0.49803895503282547, 0.5009405463933945, 0.5009356588125229, 0.501370944082737, 0.5002554729580879, 0.4999900981783867, 0.5009710788726807, 0.49567217379808426, 0.49897564947605133, 0.4921896830201149, 0.49377527087926865, 0.49260997027158737, 0.49440330266952515, 0.495514415204525, 0.49711325019598007, 0.4937800168991089, 0.48894503712654114, 0.493764191865921, 0.4892928749322891, 0.4866429641842842, 0.4954576939344406, 0.4849916398525238, 0.49222883582115173, 0.4868270456790924, 0.4922945946455002, 0.48914334923028946, 0.489465668797493, 0.48851002752780914, 0.4908820241689682, 0.4874421954154968, 0.4855104014277458, 0.49154089391231537]}