{"best_val": 0.4663718715310097, "train_loss": [0.6511797308921814, 0.6407852702670627, 0.6304814351929559, 0.6191584202978346, 0.6076693601078458, 0.5968801081180573, 0.5830671985944113, 0.571440127160814, 0.5568453752332263, 0.5455632772710588, 0.5358817014429305, 0.5258565429184172, 0.5223235405153699, 0.5163838416337967, 0.5108485105964873, 0.5044247011343638, 0.5020802600516213, 0.5005326635307736, 0.493960193461842, 0.49055513905154335, 0.4898437427149879, 0.4864606691731347, 0.48289167549875045, 0.48369835648271775, 0.47699852618906236, 0.4802662316295836, 0.4757354474729962, 0.47334936757882434, 0.4754828131861157, 0.4725910955005222, 0.46824539535575443, 0.46995260152551865, 0.46757591598563725, 0.4678320205873913, 0.4628107829226388, 0.45993069145414567, 0.4587829245461358, 0.4626382340987523, 0.46178145706653595, 0.4571929093864229, 0.4573858165078693, 0.4548097451527913, 0.45720233685440487, 0.4574691454569499, 0.4578370253245036, 0.4589395556184981, 0.4579978436231613, 0.45460914737648433, 0.45353644258446163, 0.4583452840646108, 0.45423729717731476, 0.4530558917257521, 0.4540600362751219, 0.455637342400021, 0.4544044915172789, 0.452884692284796, 0.45012034641371834, 0.4522280759281582, 0.45343850056330365, 0.4539744307597478, 0.4531340267923143, 0.45263539916939205, 0.4541711178090837, 0.4543388502465354, 0.45268220868375564, 0.4524519857433107, 0.45153051449192894, 0.4521273556682799], "val_loss": [0.6522683650255203, 0.6432339549064636, 0.6353858262300491, 0.6257024854421616, 0.6153724044561386, 0.6067520976066589, 0.5982525199651718, 0.5849718600511551, 0.5785683989524841, 0.572262778878212, 0.565022885799408, 0.5611414760351181, 0.556767538189888, 0.5533828586339951, 0.5461393669247627, 0.5451316684484482, 0.5370560884475708, 0.5257656127214432, 0.5213118195533752, 0.5238114222884178, 0.5225638151168823, 0.5206898972392082, 0.5223788470029831, 0.5101487934589386, 0.5149688646197319, 0.5042082518339157, 0.4984476938843727, 0.506150372326374, 0.49462924152612686, 0.4952799528837204, 0.4929488003253937, 0.4940999075770378, 0.49189502000808716, 0.4847937300801277, 0.4810709208250046, 0.4806734323501587, 0.483262300491333, 0.4773637503385544, 0.48607972264289856, 0.4852111339569092, 0.48128532618284225, 0.47940418124198914, 0.47827446460723877, 0.47872692346572876, 0.47636911273002625, 0.4751235395669937, 0.48139113932847977, 0.4722546190023422, 0.47641565650701523, 0.48416615277528763, 0.47590362280607224, 0.4798595756292343, 0.4689824804663658, 0.4703477844595909, 0.4793775603175163, 0.46929145604372025, 0.4682985991239548, 0.4663718715310097, 0.47095442563295364, 0.47694282978773117, 0.46978071331977844, 0.47410161048173904, 0.4677381068468094, 0.470962218940258, 0.4718233570456505, 0.47736968845129013, 0.47394662350416183, 0.4684085249900818]}