{"best_val": 0.47600291804833844, "train_loss": [0.6591053885572097, 0.6347416008219999, 0.6111080786761116, 0.5927878770173765, 0.5818442655544654, 0.5734754216437247, 0.5633908662141538, 0.5523330575110865, 0.5375927394511653, 0.5252270616737067, 0.5156836655794406, 0.507513261308857, 0.5023899954908034, 0.49538395159384785, 0.49052227127785775, 0.48775524076293497, 0.4804341512567857, 0.4760547566647623, 0.47043915706522327, 0.46617455400672614, 0.46212291775965225, 0.460164093503765, 0.4597138920251061, 0.4574284477561128, 0.4570608285127902, 0.45609798209339963, 0.4557146237177007, 0.45456141993111254, 0.4543821209785985, 0.4543266150296903, 0.45363548398017883, 0.4539148211479187, 0.45264433119811265, 0.4518145176709867], "val_loss": [0.6396683021025225, 0.6207780241966248, 0.6028673269531943, 0.5925960378213362, 0.5832929936322299, 0.575133356181058, 0.5658897865902294, 0.5505920052528381, 0.5404153249480508, 0.5317386578429829, 0.5245123532685366, 0.5184363424777985, 0.5115346881476316, 0.5082566494291479, 0.502928308465264, 0.4997637082229961, 0.4962962134317918, 0.4905354949561032, 0.4857631190256639, 0.48220070925625885, 0.4787254414775155, 0.4778232845393094, 0.47903225367719476, 0.47600291804833844, 0.4786032871766524, 0.4781659110025926, 0.4787293753840707, 0.4775191301649267, 0.47923981601541693, 0.47797852754592896, 0.47858728062022815, 0.47858568213202735, 0.4789644317193465, 0.4784585914828561]}