{"best_val": 0.4071036252108487, "train_loss": [0.6568937079579222, 0.5957397958811592, 0.5636847802236968, 0.5277810675256392, 0.4927036604460548, 0.4694555787479176, 0.4594803732984206, 0.4553443970633488, 0.453767411849078, 0.45179430059358183, 0.44866527178708243, 0.44742751705880257, 0.4459176571930156, 0.44260232296644475, 0.4415334597522137, 0.4405987455564387, 0.43872660690662907, 0.43854422195284976, 0.4359002481488621, 0.4335484352766299, 0.43243857166346383, 0.43024665234135645, 0.4280632266811296, 0.4269141934665979, 0.4260983297637865, 0.4247129203057757, 0.42208410770285365, 0.4227994399912217, 0.4198095810179617, 0.4173809400960511, 0.4165748550611384, 0.4176666210679447, 0.4137139706050648, 0.41306104028926177, 0.40993907171137195, 0.40946567000127304, 0.4085151144102508, 0.40686874588330585, 0.4049559510221668, 0.4049728138774049, 0.4030940147007213, 0.40171289677713434, 0.3997131323113161, 0.39962892555723, 0.39685622558874245, 0.3954136435892068, 0.3936148280022191, 0.392444674875222, 0.3925253427496143, 0.3904120945462994, 0.388077237442428, 0.38701335822834687, 0.38696929812431335, 0.3853522194366829, 0.38333294087765263, 0.3820447793193892, 0.3799289815566119, 0.3796915265859342, 0.3787841370292738, 0.3766816159089406, 0.3747278007806516, 0.3744467905923432, 0.37271399708355174, 0.3721219108385198, 0.37127410722713844, 0.36926864525851083, 0.3671141360320297, 0.3681073101127849, 0.3645561495248009, 0.36450472824713764, 0.3621871769428253, 0.36072463439960106, 0.3597707993843976, 0.35807149725801807, 0.35968878397754595, 0.35589779825771556, 0.3545234267618142, 0.3545053069498025, 0.3531910338822533, 0.3532039581560621, 0.3494730013258317, 0.34943924756611094, 0.34783226193166245, 0.3468995287137873, 0.3463566244817248], "val_loss": [0.5925215807828036, 0.5629684952172366, 0.5313962643796747, 0.4920208183201877, 0.4609431705691598, 0.4469387856396762, 0.44124006954106415, 0.4368206668983806, 0.4355018382722681, 0.43803897770968353, 0.4366402490572496, 0.4365940419110385, 0.43291835351423785, 0.43513378500938416, 0.4341145564209331, 0.4337248449975794, 0.43372993035749957, 0.43213597210970794, 0.432862327857451, 0.4312029372562062, 0.43352657014673407, 0.42783258990807965, 0.4308389723300934, 0.4318392195484855, 0.42811798507517035, 0.4291922612623735, 0.43234274604103784, 0.4297670098868283, 0.42887441136620263, 0.4279715581373735, 0.42657290263609454, 0.42639443007382477, 0.4269872930916873, 0.42566390200094745, 0.4261183115569028, 0.42633361437103967, 0.42623938484625384, 0.4226119680838151, 0.423423859206113, 0.4212834889238531, 0.4201530732891776, 0.4222995259545066, 0.4204009906812148, 0.42013528130271216, 0.4184896404092962, 0.42165165597742255, 0.41974914886734704, 0.41838739947839215, 0.41953941908749665, 0.41732176596468146, 0.4198324978351593, 0.41935929926958954, 0.41774290800094604, 0.4191723493012515, 0.422585820609873, 0.41746579246087506, 0.4154051325537942, 0.41807685656981036, 0.41829657554626465, 0.419752451506528, 0.41467834602702747, 0.4138512042435733, 0.4121426858685233, 0.4127118777145039, 0.4147512939843265, 0.4134702845053239, 0.4155485006895932, 0.411781598221172, 0.411627241156318, 0.4092057320204648, 0.4110500324856151, 0.41128622672774573, 0.40940085595304315, 0.41071064363826404, 0.4071036252108487, 0.4079799841750752, 0.40823622183366254, 0.41076836260882293, 0.4107991809194738, 0.4094146490097046, 0.40849707343361596, 0.40790959108959546, 0.4107640412720767, 0.40791601755402307, 0.4071918238293041]}