{"best_val": 0.43231071667237714, "train_loss": [0.675222517228594, 0.6136438729716283, 0.5853540558441013, 0.5652498088630975, 0.5413062128366208, 0.5092077605864581, 0.48138852096071433, 0.46520408637383404, 0.4571408138555639, 0.45124669694433023, 0.44900089443898666, 0.4474097665618448, 0.4451313673281202, 0.44393812908845787, 0.44453036434510174, 0.4422033908320408, 0.43870244774163936, 0.4367492742398206, 0.4356517137265673, 0.43410221092841206, 0.43174634377161664, 0.43222645801656384, 0.4298049451089373, 0.428899568085577, 0.4276335712741403, 0.4253206036838831, 0.42482930129649593, 0.4238276481628418, 0.4224143793769911, 0.41902200147217394, 0.41825663984990585, 0.4162455382300358, 0.4162716140934065, 0.41314956312086065, 0.41231750214801116, 0.4107617613147287, 0.40829335532936395, 0.40607552902371274, 0.4064067537878074, 0.40434900627416726, 0.40235807615167957, 0.3993670881963244, 0.3986776634758594, 0.39713668063575147, 0.39463745612724155, 0.39406637000102623, 0.3913774653977039, 0.3915376318436043, 0.3881283203760783, 0.3868568183160296, 0.38463815988278854, 0.38479936590381697], "val_loss": [0.6357029784809459, 0.5803963487798517, 0.5614833425391804, 0.539176111871546, 0.5130566331473264, 0.4781683954325589, 0.4562482237815857, 0.44758362661708484, 0.4410882836038416, 0.4407948905771429, 0.4395379993048581, 0.43863940238952637, 0.4386802884665402, 0.43804981491782446, 0.4391968006437475, 0.43834854526953265, 0.438045396046205, 0.4368660341609608, 0.4365900727835568, 0.43578977476466785, 0.43781625682657416, 0.43687634576450696, 0.4363180859522386, 0.4356580918485468, 0.4379524426026778, 0.43615705316716974, 0.43645892359993677, 0.43537134473974054, 0.43722178448330273, 0.43606805530461396, 0.4357921941713853, 0.4350452721118927, 0.43718997185880487, 0.4352152808146043, 0.43462384830821643, 0.4349966618147763, 0.4327951019460505, 0.43479431759227405, 0.43306657671928406, 0.4353755875067277, 0.4350023594769565, 0.43231071667237714, 0.4336941594427282, 0.43673830140720715, 0.4376824985850941, 0.43607357144355774, 0.4351178759878332, 0.43590385805476795, 0.43596797097813, 0.434339547699148, 0.43349734490567987, 0.4391777921806682]}