{"best_val": 0.4708572978323156, "train_loss": [0.7262980447095984, 0.6451960159283058, 0.60815008948831, 0.5822338134634728, 0.5572326206693462, 0.5298261665830425, 0.5060037356965682, 0.49188003937403363, 0.4810398051551744, 0.4761258404628903, 0.4723275210343155, 0.4704208660359476, 0.46954462984028983, 0.4681115197200401, 0.46635447413313624, 0.46757728387327757, 0.4661102779940063, 0.4648379069917342, 0.46425606105841843, 0.46597695175339193, 0.463613617069581, 0.4636921175554687, 0.46219824342166677, 0.4624178701756047, 0.46072983098965065, 0.45993393016796486, 0.4592380845079235, 0.4589958465566822, 0.4590001632185543, 0.45947326865850713, 0.45749180983094606, 0.45614110897569093, 0.4568680863754422, 0.45572499492589164, 0.45573103369451035, 0.45583561880915774, 0.4542683941476485, 0.45431914458087846, 0.4538818837380877, 0.4525668083452711, 0.45287779733246447, 0.45155231683861974, 0.4505176707810047, 0.45040934342964023, 0.4507186693303725, 0.4490620043932223, 0.44858705004056293, 0.4503680637069777, 0.44865495024942886, 0.44761403693872337, 0.44747306844767404, 0.4474654928141949, 0.4463589933573031, 0.4460771405229382, 0.44516045556348915, 0.4440223224022809, 0.44522452295995224, 0.44384966001791115, 0.4455069846966687, 0.44423217457883496, 0.4436413295128766, 0.44311204961701933, 0.4423440537031959, 0.44136055252131295, 0.44202325683014065, 0.4406582859216952, 0.4408079654562707, 0.43955550474279065, 0.43982300688238707, 0.43754083853141934], "val_loss": [0.6495300748131492, 0.6136974854902788, 0.5937434001402422, 0.5735633102330294, 0.5492909225550565, 0.5247630964625966, 0.5050828863273967, 0.4924529032273726, 0.4854935217987407, 0.48434312777085736, 0.4822416982867501, 0.484284446998076, 0.48061892119320954, 0.4800595559857108, 0.48374354568394745, 0.479820191860199, 0.4790313189679926, 0.47904313423416833, 0.4775128960609436, 0.48083261197263544, 0.47803315249356354, 0.480446533723311, 0.47554459355094214, 0.4775910350409421, 0.4772954149679704, 0.4757054339755665, 0.47623142870989715, 0.47540153427557513, 0.4738227670842951, 0.47677187757058576, 0.4743016253818165, 0.4771279069510373, 0.4738705185326663, 0.4734525030309504, 0.47635617039420386, 0.47644196586175397, 0.4760076972571286, 0.47324093634432013, 0.4745213145559484, 0.4760335846380754, 0.47478832710873, 0.47305604815483093, 0.4721334495327689, 0.47301244735717773, 0.4731527702374892, 0.47349497946825897, 0.47430711442773993, 0.4750549522313205, 0.47451262311501935, 0.4724703241478313, 0.4718978757208044, 0.474024851213802, 0.4729551510377364, 0.4729615476998416, 0.47119034149430017, 0.47362022508274426, 0.470978552644903, 0.4717653854326768, 0.47313779863444244, 0.4708572978323156, 0.471450998024507, 0.47300475293939764, 0.4716634371063926, 0.47201901945200836, 0.4740310446782546, 0.47424182295799255, 0.47147228771989996, 0.47121540253812616, 0.4719177945093675, 0.47239091992378235]}