{"best_val": 0.4602940488945354, "train_loss": [0.6765103959569744, 0.6338258186976115, 0.5999742197055443, 0.5865381722356758, 0.575093586655224, 0.5615293149854622, 0.5435858818830228, 0.52250595127835, 0.5067221177559272, 0.49209609452415914, 0.48261021106850865, 0.47581394688755857, 0.47182603910857557, 0.46755562635029063, 0.4651375372035831, 0.46367955207824707, 0.46263694061952476, 0.46147600108501957, 0.4615064672395295, 0.46016914762702643, 0.4605449823772206, 0.45728250578338026, 0.45688942776006813, 0.4554709295431773, 0.4559447379673229, 0.4552845651028203, 0.4547171703740662, 0.45371632891542774, 0.4526211823902878, 0.4525444273855172, 0.44938286145528156, 0.4492501341829113, 0.44880908143286613, 0.44847153448591043], "val_loss": [0.6505435488440774, 0.6036845228888772, 0.5777091113003817, 0.5694658376953818, 0.5561392740769819, 0.5439189293167808, 0.5222516845573079, 0.5030508447777141, 0.4879827255552465, 0.4773870814930309, 0.4715282375162298, 0.4678110751238736, 0.4650919762524692, 0.46284201741218567, 0.463705837726593, 0.4624776271256534, 0.4631104794415561, 0.46351421963084827, 0.46239069375124847, 0.4640166840770028, 0.46117760105566546, 0.46135818687352265, 0.4625505967573686, 0.4602940488945354, 0.4627023122527383, 0.4622939499941739, 0.4621248218146237, 0.46289935978976166, 0.46160494739359076, 0.4607133594426242, 0.4638278375972401, 0.4616087187420238, 0.46091658689758996, 0.46315755356441846]}