{"best_val": 0.461272157728672, "train_loss": [0.6640140348010592, 0.6059153709146712, 0.5348591970072852, 0.5123859809504615, 0.4983144998550415, 0.4924680226378971, 0.48757170471880174, 0.4828560021188524, 0.479666574133767, 0.479050917757882, 0.47720812757809955, 0.47381871276431614, 0.47468627989292145, 0.47197584476735854, 0.4698075039519204, 0.46591535045040977, 0.46706535253259873, 0.46645734045240617, 0.4695035037067201, 0.47047727803389233, 0.46394610239399803, 0.4622224768002828, 0.4620289140277439, 0.4621514148182339, 0.46214847763379413, 0.4643675883611043, 0.4600833108027776, 0.4600939734114541, 0.4587899148464203, 0.4608121199740304, 0.46252422200308907, 0.4588373518652386, 0.4606424785322613, 0.4561811255084144, 0.45724985500176746, 0.45835595660739475, 0.45435898502667743, 0.45661704076661, 0.4552587585316764, 0.45731791853904724, 0.4529629151026408, 0.45653114053938126], "val_loss": [0.6389811784029007, 0.5735306143760681, 0.5269579887390137, 0.5049701631069183, 0.49215320497751236, 0.48632554709911346, 0.48391473293304443, 0.4815233126282692, 0.48015011101961136, 0.47320615500211716, 0.4720918759703636, 0.47219661623239517, 0.4718085378408432, 0.4700895994901657, 0.4768116772174835, 0.4753814712166786, 0.46978989988565445, 0.47278396785259247, 0.47135350853204727, 0.4732348471879959, 0.4678947329521179, 0.4787728264927864, 0.47116608917713165, 0.46603159606456757, 0.4708225503563881, 0.4706401377916336, 0.4694173336029053, 0.466295063495636, 0.4706910625100136, 0.46967508643865585, 0.4769911542534828, 0.461272157728672, 0.46398837119340897, 0.46251874417066574, 0.46452007442712784, 0.47220609337091446, 0.4684676378965378, 0.46290918439626694, 0.4625789746642113, 0.462042935192585, 0.4621659144759178, 0.46768422424793243]}