{"best_val": 0.46047480404376984, "train_loss": [0.6282577017943064, 0.6155548791090647, 0.6039228803581662, 0.5924766328599718, 0.5814915928575728, 0.574376513560613, 0.5649887786971198, 0.5575808584690094, 0.552471336391237, 0.5491700768470764, 0.5429899974001778, 0.5361408376031451, 0.5350382344590293, 0.5292285780111948, 0.5286761538849937, 0.5228206697437499, 0.5197842998637093, 0.5173674987422096, 0.516533139679167, 0.5145254582166672, 0.5118571900659137, 0.5091264297564825, 0.5068192498551475, 0.5049326419830322, 0.5036835836039649, 0.5012363145748774, 0.5006710506147809, 0.5035145001278983, 0.49860118495093453, 0.5005011310180029, 0.498118100894822, 0.498186684317059, 0.49656082524193657, 0.4967820346355438, 0.4922875877883699, 0.49294430017471313, 0.49344133337338764, 0.4955410278505749, 0.4950183365080092, 0.4911797046661377, 0.49094149635897744, 0.49047187632984585, 0.49328387445873684, 0.49083586037158966, 0.49100496702724034, 0.4920847846402062, 0.49027448561456466, 0.49482186635335285, 0.49260734021663666, 0.49147236347198486, 0.4944985889726215, 0.4922456194957097, 0.49188482264677685, 0.49283481306499904, 0.48887093199623954], "val_loss": [0.6296883374452591, 0.6174688786268234, 0.6076598167419434, 0.5989612340927124, 0.5825881212949753, 0.5788416266441345, 0.5718853622674942, 0.566863626241684, 0.5641636252403259, 0.5597676783800125, 0.5496174544095993, 0.5406559407711029, 0.5309815853834152, 0.531005784869194, 0.527871236205101, 0.5254033952951431, 0.5185597240924835, 0.5078515484929085, 0.513110376894474, 0.5035437047481537, 0.5058759897947311, 0.5009573698043823, 0.49536818265914917, 0.49646808207035065, 0.492399699985981, 0.48708339035511017, 0.48906415700912476, 0.4844750836491585, 0.48531171679496765, 0.4879153221845627, 0.47095294296741486, 0.4805081933736801, 0.4777565002441406, 0.47237925976514816, 0.4772935286164284, 0.4778278172016144, 0.4691369906067848, 0.47307998687028885, 0.4700079783797264, 0.46659358590841293, 0.46825987100601196, 0.4681079685688019, 0.4717481955885887, 0.47172945737838745, 0.46047480404376984, 0.47232194244861603, 0.46479588747024536, 0.46429443359375, 0.4654770940542221, 0.46622028946876526, 0.46583256870508194, 0.467718243598938, 0.4685002937912941, 0.47449711710214615, 0.4661584347486496]}