{"best_val": 0.49154822528362274, "train_loss": [0.6671434077951643, 0.6498444941308763, 0.6342865659130944, 0.6180594563484192, 0.6028444270292918, 0.588978949520323, 0.5754340357250638, 0.565110057592392, 0.558814470966657, 0.5541316535737779, 0.549659295214547, 0.5437131093608009, 0.5417653802368376, 0.5406878971391254, 0.5369769367906783, 0.5311768568224378, 0.5330888562732272, 0.531172643105189, 0.5283995022376379, 0.5272824515899023, 0.5286654515398873, 0.5249988502926297, 0.5260812722974353, 0.5251314755943086, 0.5214409116241667, 0.522271129820082, 0.5211141606171926, 0.519498712486691, 0.5177814612785975, 0.515786286857393, 0.5166651275422838, 0.5162523951795366, 0.5153927769925859, 0.5148613055547079, 0.5156496730115678, 0.5081076986259885, 0.511852040886879, 0.507386694351832, 0.5100234548250834, 0.5097954173882803, 0.5095214545726776, 0.5088348719808791, 0.5070451034439935, 0.5061916179127164, 0.5099252164363861, 0.5061947156985601, 0.5067189666959975, 0.508759950598081, 0.5049292511410184, 0.49980609118938446, 0.5041100730498632, 0.5015344404511981, 0.5021388249264823, 0.5003023395935694, 0.4988016237815221, 0.4974433614148034, 0.5004254778226217, 0.4999176859855652, 0.49747779965400696, 0.496812383333842, 0.49770959218343097, 0.49553899135854507, 0.497991970843739, 0.5002889384826025, 0.4953213185071945, 0.49543622467252946, 0.493700729476081, 0.49320459531413186, 0.49295689165592194, 0.49512546095583176, 0.4918909039762285, 0.4956843869553672, 0.4923478364944458, 0.49135641091399723, 0.49096940292252433, 0.4939488073190053, 0.4893751276863946, 0.49103160036934745, 0.4906435128715303, 0.4891626420948241, 0.48783036238617367, 0.48689714901977116, 0.4900754706727134, 0.49228200647566056, 0.4889743361208174, 0.4910370972421434, 0.48848482304149204, 0.48819411794344586, 0.48919301397270626, 0.48751689824793076, 0.48677440484364826, 0.4905074073208703, 0.48900730742348564, 0.48616453674104476, 0.48696384496159023, 0.4885188870959812, 0.4852936930126614, 0.48449121912320453, 0.48790915807088214, 0.4822895891136593, 0.4862442761659622, 0.48467544052335954, 0.4844616817103492, 0.48305243253707886, 0.48407312234242755, 0.4844287567668491, 0.4849831776486503, 0.4830543663766649, 0.4840463234318627, 0.48479781051476795, 0.48383041057321763, 0.48500320315361023, 0.4854721890555488, 0.48485979603396523, 0.48237381544378066], "val_loss": [0.6418757885694504, 0.6299464553594589, 0.618555024266243, 0.6054646521806717, 0.5916631072759628, 0.5843843966722488, 0.5699959397315979, 0.563306912779808, 0.5586974769830704, 0.5459256917238235, 0.5477795451879501, 0.5535255745053291, 0.5438696593046188, 0.5460666865110397, 0.5421641394495964, 0.5372441560029984, 0.5415375828742981, 0.5355290323495865, 0.536379300057888, 0.5381093621253967, 0.531887374818325, 0.5357258394360542, 0.5422413945198059, 0.5363505706191063, 0.5326598137617111, 0.5389371886849403, 0.5304746478796005, 0.5370154529809952, 0.5319757908582687, 0.528087854385376, 0.532218910753727, 0.5304394513368607, 0.530742272734642, 0.5355305820703506, 0.5325997993350029, 0.5268378704786301, 0.5267481952905655, 0.5252211317420006, 0.5267588421702385, 0.5303272530436516, 0.5204668566584587, 0.5200444981455803, 0.5227496027946472, 0.5195950567722321, 0.5189401209354401, 0.5157199129462242, 0.5194749981164932, 0.5164806842803955, 0.5180549398064613, 0.5173110887408257, 0.5139361023902893, 0.52021424472332, 0.50803641974926, 0.5138221383094788, 0.5104318335652351, 0.5192611962556839, 0.5184207335114479, 0.512631431221962, 0.5088498294353485, 0.5071897059679031, 0.5108165740966797, 0.505320705473423, 0.5138286054134369, 0.5154733285307884, 0.5083039849996567, 0.5120431408286095, 0.5113179311156273, 0.5094650611281395, 0.5089536234736443, 0.5130991712212563, 0.5078856125473976, 0.5041085779666901, 0.506926104426384, 0.505075141787529, 0.5070364624261856, 0.5060746520757675, 0.5062320530414581, 0.5071455165743828, 0.5045925155282021, 0.5072966665029526, 0.513925313949585, 0.5009734854102135, 0.5024798437952995, 0.5074777752161026, 0.5045271515846252, 0.5095502361655235, 0.4995099753141403, 0.5032229349017143, 0.5008156597614288, 0.5028621330857277, 0.5037253722548485, 0.5036818608641624, 0.49960511177778244, 0.502996101975441, 0.5016669631004333, 0.507637120783329, 0.4963947907090187, 0.5015492588281631, 0.5049847066402435, 0.5042654275894165, 0.5074601620435715, 0.5010342672467232, 0.5043192654848099, 0.5012412294745445, 0.49154822528362274, 0.5048203319311142, 0.5028283894062042, 0.5041798800230026, 0.4980815723538399, 0.5005396008491516, 0.5007625743746758, 0.5050211995840073, 0.5041708424687386, 0.5008836165070534, 0.5038921535015106]}