{"best_val": 0.4852609932422638, "train_loss": [0.6722749769687653, 0.6341469287872314, 0.6075724297099643, 0.5854776170518663, 0.564309255944358, 0.5491477201382319, 0.5295881678660711, 0.5184683286481433, 0.512053852279981, 0.5064849803845087, 0.5074189305305481, 0.501743839846717, 0.5001726498206457, 0.4990178214179145, 0.4959522833426793, 0.49370727439721424, 0.4911971837282181, 0.4910028626521428, 0.49077466130256653, 0.4894628061188592, 0.4866534007920159, 0.48540680441591477, 0.48340219259262085, 0.4814277407195833, 0.4822870459821489, 0.4800359821981854, 0.48017311261759865, 0.47828297482596505, 0.47844503985510933, 0.47689996163050336, 0.4755847371286816, 0.4757458534505632, 0.4759567810429467, 0.4769911699824863, 0.47110891507731545, 0.47278835210535264, 0.4720563209719128, 0.47159915334648556, 0.46931565801302594, 0.4671285500129064, 0.47061708403958213, 0.4728000958760579, 0.46881599889861214, 0.4676358633571201, 0.47024039593007827], "val_loss": [0.6224099397659302, 0.5963765233755112, 0.5753102004528046, 0.5517149716615677, 0.5424903184175491, 0.5254658609628677, 0.5215867832303047, 0.5195207521319389, 0.5091077759861946, 0.507539801299572, 0.5061447098851204, 0.5063442587852478, 0.509952962398529, 0.5016850084066391, 0.510706402361393, 0.5044069215655327, 0.500648520886898, 0.5002421438694, 0.5005007088184357, 0.49694713205099106, 0.5035503506660461, 0.5004936829209328, 0.49464743584394455, 0.49493619054555893, 0.4999954327940941, 0.4951683208346367, 0.48968787491321564, 0.500670850276947, 0.49184659868478775, 0.49673493206501007, 0.48935800790786743, 0.4945162162184715, 0.4915054589509964, 0.49050113558769226, 0.4852609932422638, 0.4988987594842911, 0.48834870755672455, 0.49109914898872375, 0.49103591591119766, 0.4906761646270752, 0.48628271371126175, 0.4950573891401291, 0.49014367908239365, 0.48624012619256973, 0.4856775999069214]}