{"best_val": 0.4753345772624016, "train_loss": [0.7211421496338315, 0.7162545422712961, 0.7108955217732323, 0.70572011007203, 0.6998154487874773, 0.6932765146096548, 0.6862822969754537, 0.67794136206309, 0.6691459483570523, 0.6595573756429884, 0.6496880286269717, 0.6386017170217302, 0.6283358865314059, 0.6192818383375803, 0.6090126269393497, 0.6015672286351522, 0.5909790843725204, 0.5891715718640221, 0.5820170508490669, 0.574855668677224, 0.5729279120763143, 0.5648757716019949, 0.5633768836657206, 0.5587205936511358, 0.5549353261788686, 0.5511041978995005, 0.5459177990754446, 0.5417697661452823, 0.5387569831477271, 0.5354707704650031, 0.5322477122147878, 0.5269210984309515, 0.5274791336721845, 0.518520744310485, 0.5196846905681822, 0.5178559455606673, 0.5127118544446098, 0.5123090578450097, 0.5131069620450338, 0.5101776056819491, 0.510202533668942, 0.5071342024538252, 0.506492586599456, 0.5036292986737357, 0.5036255949073367, 0.5024086286624273, 0.5011939340167575, 0.4986683444844352, 0.499915298488405, 0.5015388313266966, 0.4986558159192403, 0.49574902488125694, 0.4980408764547772, 0.4993130697144402, 0.49515242874622345, 0.4960232989655601, 0.49376844863096875, 0.495401821202702, 0.49211543798446655, 0.4930199401246177, 0.48748452299171025, 0.490879346927007, 0.4914434717761146, 0.4886937042077382, 0.49326080249415505, 0.48778585261768764, 0.488679728574223, 0.4861299941937129, 0.48854099710782367, 0.48438383969995713, 0.48920560214254594, 0.4873919602897432, 0.4877297348446316, 0.4841489725642734, 0.4882107029358546, 0.4877835429377026, 0.48310186300012803, 0.48502473202016616, 0.48477991422017414, 0.4825490448209975, 0.4847743146949344], "val_loss": [0.719256654381752, 0.7134823948144913, 0.7080514430999756, 0.7024006843566895, 0.6961394846439362, 0.6891201734542847, 0.6812155097723007, 0.6729933172464371, 0.663593202829361, 0.6527290493249893, 0.6426392197608948, 0.6315925270318985, 0.6210257112979889, 0.6073846518993378, 0.6001559495925903, 0.5862308144569397, 0.5832483321428299, 0.5774304270744324, 0.5718313008546829, 0.5664184391498566, 0.5611940026283264, 0.5564225018024445, 0.5519121438264847, 0.5483301728963852, 0.5447292923927307, 0.5411721467971802, 0.5379206761717796, 0.5317802727222443, 0.5258816778659821, 0.5289776623249054, 0.5252690687775612, 0.5264909118413925, 0.522827610373497, 0.5152798816561699, 0.5186446979641914, 0.5135313272476196, 0.5093811973929405, 0.5103025063872337, 0.5134920626878738, 0.5042345896363258, 0.49604474753141403, 0.500830352306366, 0.5070894286036491, 0.5005859062075615, 0.49585138261318207, 0.49874938279390335, 0.4925006553530693, 0.49962185323238373, 0.4968898445367813, 0.4964448809623718, 0.49469682574272156, 0.4870942309498787, 0.48771141469478607, 0.49473993480205536, 0.491595521569252, 0.4936252683401108, 0.4878187030553818, 0.4906300753355026, 0.4923740178346634, 0.484839491546154, 0.48473984003067017, 0.4849553182721138, 0.48743412643671036, 0.48363032191991806, 0.48208433389663696, 0.4808388203382492, 0.4820006713271141, 0.48089495301246643, 0.47705843299627304, 0.4833204373717308, 0.4753345772624016, 0.477851502597332, 0.4786495715379715, 0.4796615168452263, 0.47876131534576416, 0.47845976799726486, 0.4757247269153595, 0.48350075632333755, 0.4789453223347664, 0.479997843503952, 0.48568095266819]}