{"best_val": 0.5032108202576637, "train_loss": [0.6347635454601712, 0.5784567097822825, 0.5356576641400655, 0.522294122311804, 0.5138030184639825, 0.5077240698867374, 0.5029700961377885, 0.5016703324185477, 0.49679694407516056, 0.4962321205271615, 0.4914529257350498, 0.48980171647336745, 0.4844508485661613, 0.489730147851838, 0.487348304854499, 0.48319363594055176, 0.4806503355503082, 0.47892847160498303, 0.48021631439526874, 0.48040903608004254, 0.4799232549137539, 0.47664862540033126, 0.4779964089393616, 0.4766748133632872, 0.477767664525244, 0.47633080846733517, 0.47462645007504356, 0.47251370714770424, 0.47239907417032456, 0.47121498982111615, 0.47161998020278084, 0.46998559931914013, 0.4736608068148295, 0.47216593225797016, 0.4732009205553267, 0.47035712665981716, 0.4696135272582372, 0.46948619352446663, 0.4694291320112016, 0.46997366348902386, 0.4704875134759479, 0.46894404623243546, 0.46902016798655194, 0.4675060643090142, 0.46723492112424636, 0.4708726505438487, 0.46861006650659776, 0.4667893846829732, 0.4674661126401689, 0.46697694725460476, 0.4688810689581765, 0.4622373299466239, 0.4650139725870556, 0.4660030636522505, 0.46896038618352676, 0.46281127631664276, 0.4649033314651913, 0.46099551849895054, 0.4600542767180337, 0.463183398048083, 0.4649060186412599, 0.4617372966474957, 0.4643857512209151, 0.46113136410713196, 0.46119505167007446, 0.46612845692369675, 0.46227758791711593, 0.46223125027285683], "val_loss": [0.608948290348053, 0.5625574588775635, 0.546696126461029, 0.5425917431712151, 0.5326358452439308, 0.5244719833135605, 0.5303759425878525, 0.5285183042287827, 0.5292460769414902, 0.5262312144041061, 0.5294484496116638, 0.5282604619860649, 0.5295135825872421, 0.5253255143761635, 0.5204760283231735, 0.5193328335881233, 0.5234870091080666, 0.5319273844361305, 0.5153594389557838, 0.5192315056920052, 0.520366296172142, 0.519512228667736, 0.520546481013298, 0.5180120915174484, 0.5155954360961914, 0.5148483440279961, 0.5149665549397469, 0.5205519050359726, 0.5129038691520691, 0.5167832374572754, 0.5097814127802849, 0.5149295032024384, 0.5161448568105698, 0.5100308582186699, 0.5093367025256157, 0.5138967111706734, 0.5146144405007362, 0.5070027410984039, 0.5145822763442993, 0.508924588561058, 0.5143251642584801, 0.5143783316016197, 0.5135320946574211, 0.510792464017868, 0.5125730931758881, 0.5169966295361519, 0.5066439062356949, 0.5187773630023003, 0.5147526785731316, 0.5192556232213974, 0.5110571011900902, 0.5067825838923454, 0.5118181556463242, 0.5109843984246254, 0.5099855810403824, 0.514627605676651, 0.5054865851998329, 0.5032108202576637, 0.5106156468391418, 0.5150863602757454, 0.5150714218616486, 0.5129267573356628, 0.5113817229866982, 0.5125734806060791, 0.5075371488928795, 0.5148050561547279, 0.5078234598040581, 0.5148381292819977]}