{"best_val": 0.5120629519224167, "train_loss": [0.6983910799026489, 0.6939131849341922, 0.6896112925476499, 0.685299148162206, 0.6808536814318763, 0.6761990255779691, 0.6712761488225725, 0.6660206615924835, 0.660313778453403, 0.6540829506185319, 0.6471249560515085, 0.6396959357791476, 0.6304174694750044, 0.620320200920105, 0.6107466850015852, 0.6019078029526604, 0.5915517310301462, 0.5843165218830109, 0.5748591125011444, 0.5679975781175826, 0.5639999277061887, 0.5612797670894198, 0.5530383057064481, 0.5473020523786545, 0.5460194216834174, 0.5413296686278449, 0.5347854014899995, 0.5364046444495519, 0.5298944893810484, 0.5278400397962995, 0.5261128594477972, 0.5239065521293216, 0.5222292674912347, 0.5140707774294747, 0.5164519846439362, 0.5119094434711668, 0.5095271898640527, 0.5071175263987647, 0.505349318186442, 0.5061214831140306, 0.5055741121371587, 0.5062164498700036, 0.5038049436277814, 0.5046599176194932, 0.4980337404542499, 0.5008399271302753, 0.49648210737440324, 0.4981307370795144, 0.49545979996522266, 0.49574827485614353, 0.49370313187440235, 0.4957791136370765, 0.4935541914569007, 0.4939447177780999, 0.4911201165782081, 0.4924481064081192, 0.4920248008436627, 0.4898206955856747, 0.49186147418287063, 0.48895547952916885, 0.4870536145236757, 0.49012522730562424, 0.48932286765840316, 0.49120279981030357, 0.4863227605819702, 0.4875798357857598, 0.4871112174457974, 0.48678617510530686, 0.4836737463871638, 0.48376434048016864, 0.4846607893705368, 0.4879702428976695], "val_loss": [0.6959399729967117, 0.6917920559644699, 0.6877027899026871, 0.6835062503814697, 0.6793181896209717, 0.6747511774301529, 0.6705176085233688, 0.665288046002388, 0.6590757369995117, 0.6535408943891525, 0.6474194079637527, 0.6407395154237747, 0.6314208060503006, 0.623916357755661, 0.6141766756772995, 0.6073717474937439, 0.6009340584278107, 0.5944169163703918, 0.585934191942215, 0.5798815935850143, 0.5753830969333649, 0.5736808031797409, 0.5684321075677872, 0.5682654827833176, 0.5624382495880127, 0.5604960918426514, 0.5589696317911148, 0.5534740090370178, 0.5506684631109238, 0.547291025519371, 0.5479143038392067, 0.5474336221814156, 0.5451043173670769, 0.5372132360935211, 0.5403097569942474, 0.5352269858121872, 0.5320771485567093, 0.5330103933811188, 0.5296581089496613, 0.5247229635715485, 0.5310363173484802, 0.5315462872385979, 0.5300973057746887, 0.5285751298069954, 0.5244558155536652, 0.5256754904985428, 0.524976022541523, 0.5264917016029358, 0.5212243273854256, 0.524719774723053, 0.5205006673932076, 0.5244170278310776, 0.5142734050750732, 0.5160415396094322, 0.5215450748801231, 0.5283888727426529, 0.5226532816886902, 0.5228654071688652, 0.5197527408599854, 0.5153249502182007, 0.5225076824426651, 0.5120629519224167, 0.5223982334136963, 0.5188316106796265, 0.5199858397245407, 0.5169155597686768, 0.5195657983422279, 0.5185479149222374, 0.5168759077787399, 0.5196239799261093, 0.5144212767481804, 0.5246773213148117]}