{"best_val": 0.4881332814693451, "train_loss": [0.693311870098114, 0.6715904308689965, 0.6529048648145463, 0.6347508132457733, 0.6196304659048716, 0.6036859220928616, 0.5890317029423184, 0.5763261848025851, 0.56425874431928, 0.5534681611590915, 0.5445358140601052, 0.5374555405643251, 0.5287945353322558, 0.5228870494498147, 0.5177757971816592, 0.513887388838662, 0.5067351443900002, 0.5018198672268126, 0.5005002501938078, 0.49699530998865765, 0.49552197257677716, 0.4925270577271779, 0.49116330179903245, 0.4916247112883462, 0.48480817675590515, 0.48501980635854935, 0.4831526544358995, 0.4842108190059662, 0.48364046547147965, 0.4801706506146325, 0.48151572710937923, 0.481634141670333, 0.4818320754501555, 0.4793844090567695, 0.477841188510259, 0.4763881282673942, 0.47949428690804374, 0.4769717339012358, 0.4795544395844142, 0.477434366941452, 0.4766559468375312, 0.47929755018817055, 0.4738264862034056, 0.4775000744395786, 0.47902682920296985, 0.4730399466223187, 0.47293174597952103, 0.47676526341173386, 0.47550684875912136, 0.47403761744499207, 0.47587451338768005, 0.4728221462832557, 0.4789869801865684, 0.4763304591178894, 0.475511254535781, 0.47087471021546257, 0.4757906066046821, 0.47561847501330906, 0.4745187759399414, 0.47385988136132556], "val_loss": [0.6754064708948135, 0.6592787206172943, 0.6438471972942352, 0.6268672347068787, 0.6130851209163666, 0.5991747975349426, 0.5902487486600876, 0.5758099853992462, 0.568564772605896, 0.5605481415987015, 0.5533682554960251, 0.5531958118081093, 0.5371890515089035, 0.5351867750287056, 0.532073438167572, 0.5259417071938515, 0.5280287712812424, 0.5192270651459694, 0.5222253724932671, 0.525349073112011, 0.519006259739399, 0.5186376571655273, 0.5128333121538162, 0.5148472487926483, 0.51107157766819, 0.5109452307224274, 0.5095687359571457, 0.50591941177845, 0.5063044801354408, 0.5024900510907173, 0.5048228353261948, 0.4990800842642784, 0.49888910353183746, 0.5054137855768204, 0.49903038889169693, 0.5010528564453125, 0.5002888143062592, 0.5007976293563843, 0.4984101578593254, 0.5015813410282135, 0.4943605810403824, 0.49793756753206253, 0.4992966651916504, 0.5015741363167763, 0.4919230043888092, 0.49945636838674545, 0.49536658078432083, 0.4980096369981766, 0.4970492720603943, 0.4881332814693451, 0.49200252443552017, 0.49280642718076706, 0.48968761414289474, 0.4938818961381912, 0.4943460077047348, 0.49040569365024567, 0.4925406202673912, 0.4901011362671852, 0.48954901099205017, 0.4925052374601364]}