{"best_val": 0.5715412020683288, "train_loss": [0.6923052641478452, 0.6902634311806072, 0.6863225671378049, 0.6778602220795371, 0.6604277816685763, 0.6350427920168097, 0.609091192483902, 0.5932372781363401, 0.5851178142157468, 0.582384467124939, 0.5797618329524994, 0.5806183110583912, 0.5795127695257013, 0.5807475095445459, 0.5791908692229878, 0.5784249170259996, 0.5785396938974207, 0.5786571421406486, 0.5791344967755404, 0.5790804028511047, 0.5778366544029929, 0.5780937346545133, 0.578314637595957, 0.5780407352880998, 0.5777864943851124, 0.57778538628058, 0.5774861709638075, 0.5773739462549036], "val_loss": [0.6913209080696106, 0.6884828567504883, 0.6827280402183533, 0.6694155812263489, 0.6457015991210937, 0.6207354187965393, 0.5956972599029541, 0.584507167339325, 0.5791107773780823, 0.5771086931228637, 0.5765229105949402, 0.573948884010315, 0.5806133508682251, 0.5786722779273987, 0.5763116121292114, 0.5750545382499694, 0.5727570295333863, 0.5715412020683288, 0.5769006609916687, 0.574267578125, 0.5745998978614807, 0.5743946194648742, 0.5725383281707763, 0.57487633228302, 0.5734563112258911, 0.5737014174461365, 0.5725805521011352, 0.5733784317970276]}