{"best_val": 0.5082147195935249, "train_loss": [0.6860021650791168, 0.676640530427297, 0.6670213772190942, 0.6568564077218374, 0.6456223494476743, 0.6315881378120847, 0.6184198458989462, 0.6022227009137472, 0.5879887077543471, 0.5725872582859464, 0.5611509730418524, 0.5519950025611453, 0.546104007297092, 0.5391252173317803, 0.5336087892452875, 0.5267904053131739, 0.5231825643115573, 0.5198941495683458, 0.5167117036051221, 0.5153181768125958, 0.5124696013000276, 0.5100659860504998, 0.5075288116931915, 0.5069237483872308, 0.5045146064625846, 0.5032781710227331, 0.5011200722720888, 0.5018079545762804, 0.4994460294644038, 0.4981858382622401, 0.49724139273166656, 0.49625812139776015, 0.4939289490381877, 0.49201780060927075, 0.4922012984752655, 0.4922691500849194, 0.4924481858809789, 0.4942895770072937, 0.4897403038210339, 0.487852285305659, 0.48382294674714404, 0.4840321722957823, 0.48561127483844757, 0.4830462700790829, 0.48329132629765403, 0.4847767783535851, 0.48390330374240875, 0.48303486075666213, 0.48255177007781136, 0.4826211978991826, 0.48543047739399803, 0.47980054716269177], "val_loss": [0.6815456449985504, 0.6729178726673126, 0.6633249819278717, 0.6533147841691971, 0.6419844776391983, 0.6280627399682999, 0.616646334528923, 0.6004799753427505, 0.5897761136293411, 0.5747736990451813, 0.5647410601377487, 0.5622109174728394, 0.5512657091021538, 0.5503162667155266, 0.5450221747159958, 0.5417670011520386, 0.5415303111076355, 0.5374604910612106, 0.530543141067028, 0.532758079469204, 0.5256416946649551, 0.5255124866962433, 0.5301426872611046, 0.5286345705389977, 0.5196527019143105, 0.5357173755764961, 0.525485672056675, 0.5225136801600456, 0.5260290876030922, 0.5124600231647491, 0.5169017240405083, 0.5187334567308426, 0.5227416902780533, 0.5160112306475639, 0.516106091439724, 0.512353777885437, 0.5167450159788132, 0.5111297369003296, 0.5127371400594711, 0.5139256119728088, 0.5121128633618355, 0.5082147195935249, 0.5137393102049828, 0.515602819621563, 0.5151151940226555, 0.5131725519895554, 0.5119512602686882, 0.5124206021428108, 0.5142520144581795, 0.5183109194040298, 0.5119334533810616, 0.5201500654220581]}