{"best_val": 0.4815901219844818, "train_loss": [0.682489812374115, 0.615706162320243, 0.5544583333863152, 0.5200449675321579, 0.4994666212134891, 0.49271318150891197, 0.4837321821186278, 0.47500649756855434, 0.47365741928418476, 0.466497422920333, 0.4658224582672119, 0.4611453695429696, 0.4599516623549991, 0.4565707527928882, 0.45425322983000016, 0.45554236239857143, 0.4556907332605786, 0.4530087477631039, 0.45236143800947404, 0.4511116262939241, 0.44881853130128646, 0.44589422312047744, 0.44908712969885933, 0.4481141103638543, 0.4452387872669432, 0.44631752371788025, 0.4441610508494907, 0.44323845704396564, 0.44638510213957894, 0.44472190572155845, 0.4412035561270184, 0.4447507792048984, 0.4427787794007195, 0.44118226567904156, 0.44799087941646576, 0.4454900738265779, 0.44184234572781456, 0.44483743442429435, 0.4421243617932002, 0.4379507021771537], "val_loss": [0.6502368599176407, 0.5845180749893188, 0.5484480559825897, 0.5323414355516434, 0.5217067077755928, 0.5248655900359154, 0.5080427974462509, 0.5084043145179749, 0.5058855935931206, 0.49525200575590134, 0.49533287435770035, 0.5010609030723572, 0.49336400628089905, 0.48600412905216217, 0.49420927464962006, 0.492135152220726, 0.4978634864091873, 0.4938719570636749, 0.4867927059531212, 0.49328771233558655, 0.4852244481444359, 0.499276340007782, 0.4900946468114853, 0.4963091239333153, 0.4870647042989731, 0.48511067032814026, 0.5006685703992844, 0.4919663742184639, 0.4871152639389038, 0.4815901219844818, 0.4869519844651222, 0.4965854808688164, 0.4944843128323555, 0.4934070557355881, 0.4849170595407486, 0.4960242956876755, 0.4911111146211624, 0.48665619641542435, 0.48579560220241547, 0.4909552112221718]}