{"best_val": 0.4583198617805134, "train_loss": [0.7598153177429648, 0.7227609438054702, 0.68547530150881, 0.6515147814563677, 0.6235430217256733, 0.6049127228119794, 0.5892656948052201, 0.5774246536049188, 0.5665852567728829, 0.5532722338741901, 0.5399738269693711, 0.5288894018706154, 0.5164414258564219, 0.5057129187911165, 0.4968758207910201, 0.4868255982211992, 0.4817143292988048, 0.47741013706899155, 0.4730130165230994, 0.4687482638686311, 0.4684041551515168, 0.46638893379884605, 0.46567608854349923, 0.46456291395075183, 0.4635448005853915, 0.46324916797525745, 0.4620030966459536, 0.46267106778481426, 0.46113452607510136, 0.4609583294859119, 0.4609120517384772, 0.4601866246438494, 0.4596452625358806, 0.45888787391139013, 0.4591765491401448, 0.45927276856759014, 0.45817361392226874, 0.4583592409012364, 0.45757821728201475, 0.4574432279549393, 0.4562998162765129, 0.45707935211705225, 0.45726773376558344, 0.4564187742915808, 0.4566579852618423, 0.4571713185777851, 0.4550177998402539, 0.4544895151082207, 0.45466236098139895, 0.45367344278915256, 0.45489053515826955, 0.45409345802138834, 0.4539642386576709, 0.4528118377807094, 0.45306268334388733, 0.4530077524044934, 0.45272330793679927, 0.4522486679694232, 0.452037746999778, 0.45141633410079807, 0.45152323619992124, 0.4514742031985638, 0.45153993134405096, 0.4501970077262205, 0.4505985893455206, 0.45041639664593863, 0.4493265315598133, 0.4494558286433126, 0.44960398300021304, 0.4484168600802328, 0.4494345170610091, 0.44877784333977044, 0.4484608407114066, 0.4485312191879048], "val_loss": [0.7234174825928428, 0.6921155235984109, 0.6591941497542642, 0.6291326880455017, 0.6035919731313532, 0.5849321322007612, 0.5730298540808938, 0.5607318661429666, 0.54770597002723, 0.5368021293119951, 0.5227675654671409, 0.5103049738840624, 0.4997695901177146, 0.49154662544077093, 0.483752424066717, 0.47568002343177795, 0.4721036878499118, 0.4686858437278054, 0.4673142595724626, 0.4672423709522594, 0.4640347199006514, 0.46533424204046075, 0.4639787132089788, 0.46400105411356146, 0.46329345486380835, 0.4634890475056388, 0.46277005022222345, 0.46279346130111, 0.46491431377150794, 0.46373180096799677, 0.46301319382407446, 0.46227730404246936, 0.4627602750604803, 0.46454448049718683, 0.4638970846479589, 0.4625918675552715, 0.4636349786411632, 0.46298753131519665, 0.46320752664045856, 0.4620779969475486, 0.4638783498243852, 0.46245945583690296, 0.46139075539328833, 0.4633057117462158, 0.4630423757162961, 0.46268524906852027, 0.46165370128371497, 0.46117242899808014, 0.46309876983815973, 0.46368749033321033, 0.4613613730127161, 0.46033942157571967, 0.4635476226156408, 0.45972376519983466, 0.46194748174060474, 0.45979920300570404, 0.4628871110352603, 0.4605606956915422, 0.46012222225015814, 0.4616826908154921, 0.46222682974555274, 0.46093511852351104, 0.4613814191384749, 0.4583198617805134, 0.4608507318930192, 0.45947970856319775, 0.4605975638736378, 0.4599450853737918, 0.46029444445263257, 0.4595378203825517, 0.461237064816735, 0.4587923423810439, 0.4603074247186834, 0.460735483603044]}