{"best_val": 0.520177572965622, "train_loss": [0.6574294169743856, 0.6460603674252828, 0.6336319181654189, 0.6199963192145029, 0.6088812185658349, 0.5946624477704366, 0.5819959607389238, 0.5729630159007179, 0.5619570811589559, 0.5524936020374298, 0.5442220684554842, 0.5387135148048401, 0.5349823948409822, 0.5288980702559153, 0.5269181165430281, 0.5227075748973422, 0.5226565582884682, 0.519646382994122, 0.5165637483199438, 0.5126274426778158, 0.5132557733191384, 0.510322822464837, 0.5094961209429635, 0.5083693001005385, 0.5063818047444025, 0.506401946147283, 0.5070143342018127, 0.5035243729750315, 0.5048388176494174, 0.5036698165867064, 0.5008737577332391, 0.5031264076630274, 0.49867670072449577, 0.5008168054951562, 0.4995042499568727, 0.5012440549002753, 0.5009901771942774, 0.4971674697266685, 0.49775075912475586, 0.49536873069074416, 0.49712887075212264, 0.49526243574089474, 0.4925405896372265, 0.49362519052293563, 0.49778885808255935], "val_loss": [0.6536571085453033, 0.6432642489671707, 0.6319062113761902, 0.6215999573469162, 0.6065867245197296, 0.5979008823633194, 0.5858036428689957, 0.5747855752706528, 0.56975919008255, 0.5616790950298309, 0.5619070529937744, 0.5531319975852966, 0.5499282628297806, 0.5499661862850189, 0.5451248437166214, 0.5414435490965843, 0.5460156500339508, 0.549184650182724, 0.5359126031398773, 0.5396174713969231, 0.5340117961168289, 0.538772463798523, 0.5350235104560852, 0.535317912697792, 0.5412290617823601, 0.5315272510051727, 0.527660571038723, 0.5307310819625854, 0.5397978648543358, 0.536392368376255, 0.5251341983675957, 0.5306759029626846, 0.5302084013819695, 0.531993068754673, 0.520177572965622, 0.530546709895134, 0.5301860719919205, 0.5308496728539467, 0.5254437625408173, 0.5229901298880577, 0.5272659808397293, 0.521572895348072, 0.5327813774347305, 0.5256934985518456, 0.5309604555368423]}