{"best_val": 0.4667801098390059, "train_loss": [0.675819687983569, 0.6113675996369007, 0.5787645221925249, 0.5603756174152973, 0.5299602746963501, 0.4957283419721267, 0.4709542411215165, 0.4608812823015101, 0.45547381919973035, 0.45256971377952426, 0.44929080850937786, 0.4501088875181535, 0.448023295285655, 0.44526039093148473, 0.44251170637560827, 0.44415118881300386, 0.4396568361450644, 0.4395746986071269, 0.4388410110099643, 0.43746747456344903, 0.434338522308013, 0.4327185866879482, 0.4306391477584839, 0.42770174846929665, 0.4275336154535705, 0.4275018981858796, 0.4248516588818793, 0.4226730530168496], "val_loss": [0.6512025594711304, 0.6064301566644148, 0.5875276868993585, 0.562978056344119, 0.5270807878537611, 0.4972915053367615, 0.4785402606834065, 0.472709747877988, 0.47584706815806305, 0.4722233089533719, 0.4744340723211115, 0.47388109293850983, 0.4698371507904746, 0.47143027457323944, 0.4701677587899295, 0.4705837233500047, 0.47163286534222687, 0.4667801098390059, 0.471506958658045, 0.46835592660036957, 0.4696309105916457, 0.4670001647689126, 0.4709215299649672, 0.4710121181878177, 0.4700179560617967, 0.46795934438705444, 0.46954468163576996, 0.4683739922263406]}