{"best_val": 0.4457187300378626, "train_loss": [0.6743643903264812, 0.6521405262105605, 0.6321735837880302, 0.6120432673716077, 0.5942094851942623, 0.581129753706502, 0.5697012613801395, 0.5569100327351514, 0.5434038083927304, 0.5323855088037603, 0.519059595524096, 0.5071660595781663, 0.49639976550551024, 0.48963547454160805, 0.4825100057265338, 0.4769013705206852, 0.47098082946796044, 0.4697134757743162, 0.4658956930917852, 0.46345366917404474, 0.4630924270433538, 0.4634985251753938, 0.46106292804082233, 0.45950957314640867, 0.45955972694883157, 0.45892055595622344, 0.4571743911387874, 0.4575487819372439, 0.45720235448257596, 0.4551643209130156, 0.4563542218769298, 0.4561260441939036, 0.4552663389374228, 0.4550241307885039, 0.4550439452423769, 0.45446280813684653, 0.4540819917239395, 0.45393159693362667, 0.45389457952742485, 0.4524126561249004, 0.45330842569762586, 0.45226020614306134, 0.45227641159412907, 0.4515356018262751, 0.451975906012105, 0.4505714727383034, 0.4514796517643274, 0.44991785112549276, 0.45058343983164023, 0.45162904379414576, 0.4499770695087956, 0.45112403350717883, 0.44851535324956854, 0.44782760797762405, 0.44669191042582196, 0.4479287722531487, 0.4484446568816316, 0.44708950846802953, 0.4466929505853092, 0.4471413761961694, 0.4470234016577403, 0.4471488256080478, 0.4465007583300273, 0.44601067374734316, 0.446092869721207, 0.4457338960731731, 0.444920108014462, 0.4451518964533712, 0.44521591125750076, 0.4435149150736192, 0.4440130603079702], "val_loss": [0.6482800191098993, 0.6314979466524991, 0.6146111976016652, 0.5970536795529452, 0.5837253873998468, 0.572262167930603, 0.5627301877195184, 0.5480093657970428, 0.5321734899824316, 0.5172338810834017, 0.505602703853087, 0.4969812414862893, 0.4862653531811454, 0.4773574471473694, 0.4699712558226152, 0.46499470418149774, 0.461823046207428, 0.45864095471122046, 0.4573078155517578, 0.45539616454731335, 0.4539844718846408, 0.4528939046642997, 0.45621067014607514, 0.4537683806636117, 0.45233789628202264, 0.45153363997286017, 0.4521179334683852, 0.4530577984723178, 0.45205587961456994, 0.45409996943040326, 0.45230471004139294, 0.4506904726678675, 0.4525069838220423, 0.4520825012163682, 0.45123336802829395, 0.4497593587095087, 0.449584118344567, 0.4527133919975974, 0.44920232079245825, 0.45193321867422626, 0.4543759741566398, 0.4496016556566412, 0.4500410719351335, 0.4494246813383969, 0.4513323550874537, 0.4509660466150804, 0.44905999302864075, 0.44963984597813, 0.4489804777232083, 0.4486489268866452, 0.45063284039497375, 0.450443297624588, 0.4495053860274228, 0.4486056864261627, 0.4499909823591059, 0.44807160713455896, 0.4509355209090493, 0.44785805452953686, 0.4502203437415036, 0.44890573078935797, 0.4457187300378626, 0.4497902745550329, 0.4492064687338742, 0.44752375646071, 0.45031549713828345, 0.44913847608999774, 0.44706683267246594, 0.4480954977599057, 0.44695927880027075, 0.44774723052978516, 0.4483892023563385]}