{"best_val": 0.474106140434742, "train_loss": [0.7410726646582285, 0.7242961227893829, 0.7116943928930495, 0.7007473144266341, 0.6898165841897329, 0.6794786486360762, 0.6694433126184676, 0.65939971142345, 0.6483832697073618, 0.6370530525843302, 0.6237251096301608, 0.6116463541984558, 0.6004906064934201, 0.589578347073661, 0.5766717725329928, 0.5703165398703681, 0.5605613936980566, 0.5576982498168945, 0.553578891687923, 0.5480943835443921, 0.544781979587343, 0.5365440713034736, 0.5359838687711291, 0.5323698967695236, 0.5306247903241051, 0.5241641468471951, 0.5248664021492004, 0.5200697547859616, 0.5202426993184619, 0.5189540303415723, 0.5201412207550473, 0.5178211331367493, 0.5167410655154122, 0.5150231586562263, 0.5146370728810629, 0.5144105752309164, 0.5140962484810088, 0.5098099509874979, 0.5105182362927331, 0.5111808445718553, 0.5110814654164844, 0.5090608331892226, 0.509325600332684, 0.5100311090548834, 0.5096504092216492, 0.5063131600618362, 0.5084047234720654, 0.5057391540871726, 0.5069663756423526, 0.5029055774211884, 0.5034241179625193, 0.5051840907997556, 0.5050664378537072, 0.5017589032649994, 0.5050210091802809, 0.5065936628315184, 0.5036161028676562, 0.5045924468172921, 0.500157376130422, 0.5017347286144892, 0.5015978664159775, 0.5056921740372976, 0.5057377152972751, 0.503178671002388, 0.5018368512392044, 0.5044190718068017, 0.49941446880499524, 0.5012144131792916, 0.5013439771201875, 0.5000990215275023, 0.5013121962547302, 0.5006489637825224, 0.5015181137455834, 0.501020116938485, 0.4997521953450309, 0.5005005730523003, 0.4986594484912025, 0.5006997634967169, 0.49623654782772064, 0.4999003873931037, 0.4983474678463406], "val_loss": [0.6907079815864563, 0.679160550236702, 0.6709707975387573, 0.6636842340230942, 0.6557837873697281, 0.647462472319603, 0.6413565129041672, 0.6332367956638336, 0.6258013844490051, 0.6194947361946106, 0.6122805923223495, 0.6006399244070053, 0.587502583861351, 0.5796604603528976, 0.5675871521234512, 0.5643462836742401, 0.5590944588184357, 0.5539087951183319, 0.5459451973438263, 0.5424542874097824, 0.5367290154099464, 0.5317534357309341, 0.5280370861291885, 0.522562637925148, 0.5180873721837997, 0.5164144560694695, 0.5144191905856133, 0.5117806047201157, 0.506404422223568, 0.5100227296352386, 0.5042437613010406, 0.5066667422652245, 0.5055043771862984, 0.5024024546146393, 0.5065857544541359, 0.5026312246918678, 0.5002552792429924, 0.4990461841225624, 0.49945129454135895, 0.4951993152499199, 0.49515219032764435, 0.49663732200860977, 0.49165431410074234, 0.4915056675672531, 0.4866022914648056, 0.49249495565891266, 0.48515500873327255, 0.4858618527650833, 0.4888366237282753, 0.48749347776174545, 0.48388800770044327, 0.4860077053308487, 0.4845680370926857, 0.48859845101833344, 0.48889700323343277, 0.4857664629817009, 0.4838899224996567, 0.4853407293558121, 0.47960302978754044, 0.4832959696650505, 0.4837225303053856, 0.4782976880669594, 0.4856524020433426, 0.4864671900868416, 0.4789954870939255, 0.4815233424305916, 0.47948186099529266, 0.48423759639263153, 0.48328014463186264, 0.47906114906072617, 0.474106140434742, 0.48008228838443756, 0.477361224591732, 0.4789087697863579, 0.47961459308862686, 0.4744943454861641, 0.47848784178495407, 0.47917285561561584, 0.48229895532131195, 0.4806882292032242, 0.48513363301754]}