{"best_val": 0.4803275763988495, "train_loss": [0.658200247420205, 0.58065607978238, 0.5246367421415117, 0.5032142682207955, 0.5000163267056147, 0.4982508271932602, 0.4951687968439526, 0.4914551509751214, 0.4912681016657088, 0.49039774801996017, 0.4883704019917382, 0.4836471511258019, 0.48435766994953156, 0.4813222388426463, 0.4805706524186664, 0.4795265280538135, 0.47764774163564044, 0.47899666759702897, 0.47665321164660984, 0.4795173472828335, 0.47634050746758777, 0.4775046474403805, 0.4781212094757292, 0.475655112001631, 0.4762008504735099, 0.47572239074442124, 0.47199586696094936, 0.4731455230050617, 0.47539331018924713, 0.4729616542657216, 0.4725358949767219, 0.4757530954149034, 0.47103501856327057, 0.47225991388161975, 0.47251829008261365, 0.4691774944464366], "val_loss": [0.6248000264167786, 0.5573515146970749, 0.5226843804121017, 0.5294282287359238, 0.5296440124511719, 0.5231305956840515, 0.5188771113753319, 0.5213245525956154, 0.5126511678099632, 0.5109497457742691, 0.5033832788467407, 0.5065488293766975, 0.5076532289385796, 0.5060397908091545, 0.501927025616169, 0.49732769280672073, 0.4906017556786537, 0.49164433032274246, 0.4980359449982643, 0.497412733733654, 0.49544358998537064, 0.4945741966366768, 0.4826226755976677, 0.48627787828445435, 0.49193812161684036, 0.4803275763988495, 0.4882204085588455, 0.49302298575639725, 0.49141567945480347, 0.48764196783304214, 0.49590326845645905, 0.4857013002038002, 0.4838876947760582, 0.4940901920199394, 0.4855796545743942, 0.48807479441165924]}