{"best_val": 0.45490162480961194, "train_loss": [0.6721795727224911, 0.603656833078347, 0.5769004973710752, 0.5587797124011844, 0.533456018742393, 0.5010799993486965, 0.47910138906217087, 0.46607064265830844, 0.4580099658638823, 0.4555302379178066, 0.4523177129380843, 0.45062459625449836, 0.44819339233286243, 0.4479847626358855, 0.44571835854474234, 0.4437643774584228, 0.44350332781380297, 0.44231952463879304, 0.43981338248533364, 0.43871498283217936, 0.43595683749984293, 0.43577808492323933, 0.43302097507551607, 0.4338160472757676, 0.43159957902104246, 0.42978191492604273, 0.4273859256622838, 0.42615461700102863, 0.4263828770787108, 0.42219631110920625, 0.41978535231421976, 0.4208265618950713, 0.41781043538860246, 0.4172390553296781, 0.415572057167689, 0.4133762781526528, 0.41353322127286124, 0.41064319423600737, 0.40876729289690655, 0.4089389881666969, 0.4059150645545885, 0.40449443284203024, 0.4035858097029667, 0.40101275724523205, 0.4001632297740263, 0.398409834095076, 0.39709415505914125, 0.3943485389737522, 0.39503542173142525, 0.39172754685084027, 0.3901034599425746, 0.38779571360232784, 0.3898274097956863, 0.3865294234425414, 0.3847090812290416, 0.3839610715707143, 0.38062632492944304, 0.3812916980070226, 0.3791005623106863, 0.37837998715101506, 0.3763862836594675, 0.37368146753778647, 0.3728162920942493, 0.37352805862239763, 0.3695589707178228, 0.3688056591679068, 0.36775990385635227, 0.36603375918724956, 0.36474159009316387, 0.36239511242099837, 0.36044517977564944, 0.36026447952962387, 0.35842662582210466, 0.35716428476221423, 0.3575918458256067, 0.35457306866552313, 0.3541169657426722, 0.3503710948953442, 0.35075661072544023, 0.3476649955207226, 0.34676138559977215, 0.3462279345474991], "val_loss": [0.638616605238481, 0.6041146516799927, 0.5861269289797003, 0.5654409527778625, 0.5337931567972357, 0.505541595545682, 0.4870159680193121, 0.4794082370671359, 0.475420358506116, 0.4746416184035214, 0.4715468314560977, 0.47154115546833386, 0.47126945040442725, 0.4721413092179732, 0.47264899990775366, 0.4708416191014377, 0.4697579172524539, 0.46796989982778375, 0.470786224712025, 0.46755675023252313, 0.46800869703292847, 0.4691084081476385, 0.4687101461670615, 0.46674273772673175, 0.46503427082842047, 0.4698236747221513, 0.46597458015788684, 0.46506158059293573, 0.4642168798229911, 0.4658069637688724, 0.46520197120579804, 0.46333117376674304, 0.46471335129304364, 0.46968690102750604, 0.4639478163285689, 0.4639142941344868, 0.4663855243812908, 0.4617332761937922, 0.4619601612741297, 0.46162949908863415, 0.46299792148850183, 0.4654155373573303, 0.467532141642137, 0.4626044143329967, 0.4607519913803447, 0.4604151736606251, 0.46114401383833453, 0.46027797731486236, 0.45956378362395545, 0.46045071157542145, 0.4589109583334489, 0.4700675498355519, 0.46173125776377594, 0.45837442712350324, 0.4601520841771906, 0.4579374681819569, 0.45713282173330133, 0.46209076859734277, 0.4556911967017434, 0.4579908414320512, 0.45744008638642053, 0.45919906280257483, 0.45879737626422534, 0.4608704014257951, 0.4586631411855871, 0.45520087534731085, 0.46060617945410987, 0.46048177643255755, 0.46185438199476764, 0.4580023397098888, 0.4586274190382524, 0.45490162480961194, 0.46092594211751764, 0.4592698026787151, 0.4598678079518405, 0.46315274997190997, 0.46056450497020374, 0.45764812556180084, 0.45636744932694867, 0.4590104113925587, 0.46012592586604034, 0.46230424534190784]}