{"best_val": 0.45585686510259454, "train_loss": [0.669468852819181, 0.6067119825120065, 0.5749833291652156, 0.5536796310368706, 0.5249286171268014, 0.4931926481864032, 0.47055746410407273, 0.4551744840893091, 0.44970624470243264, 0.44538091152322057, 0.44400722197457854, 0.44192558410120947, 0.4418917087947621, 0.43948107139736997, 0.43915267785390216, 0.4382856564194548, 0.436355531800027, 0.43471432959332185, 0.43303270258155524, 0.4326413402370378, 0.4305667777856191, 0.43015625722268047, 0.42893362512775496, 0.42872581061194925, 0.42560283284561307, 0.4243508033892688, 0.42293817622988833, 0.42179544182384715, 0.42087529570448634, 0.42033127300879536, 0.41746165413482517, 0.41678574155358705, 0.4147239496894911, 0.41419094684077246, 0.41063251331740735, 0.4111713030759026, 0.40897583026511997, 0.4078739390653722, 0.40524405357884424, 0.4043597900399975, 0.4040977078325608, 0.4023529501522289, 0.40087492617906306, 0.3988132021006416, 0.3980809561177796], "val_loss": [0.6449215954000299, 0.6080772822553461, 0.5873789949850603, 0.5625853077931837, 0.5312540449879386, 0.5049159093336626, 0.48369679938663135, 0.4714864465323361, 0.46715869957750494, 0.46324480121785944, 0.4612219550392844, 0.460963709787889, 0.460006364367225, 0.46160441637039185, 0.4619508277286183, 0.4597039087252183, 0.4598754915324124, 0.4572154364802621, 0.4599868790669875, 0.458392858505249, 0.45724744959311053, 0.4569763080640273, 0.46074834736910736, 0.4591287780891765, 0.4589875611391934, 0.4591264101591977, 0.45770535143938934, 0.4605182165449316, 0.46063653989271686, 0.4607428691603921, 0.45680600675669586, 0.45641293038021435, 0.4570358097553253, 0.45608556270599365, 0.45585686510259454, 0.46075034412470733, 0.4569405804980885, 0.4576959962194616, 0.4559865919026462, 0.455926469781182, 0.45753826065496966, 0.45622118494727393, 0.4560559554533525, 0.4570456093007868, 0.46080059625885705]}