{"best_val": 0.44895587455142627, "train_loss": [0.6366981688667747, 0.5749990519355325, 0.545697071388656, 0.5105220839089039, 0.47853025151234047, 0.45888199934772417, 0.44893134283084496, 0.4437184310426899, 0.4399393119064032, 0.437132070461909, 0.4366782529681337, 0.4349277732419033, 0.4316003486221912, 0.430060195572236, 0.4282810150408277, 0.42770565374224795, 0.4257630571430805, 0.42368218302726746, 0.4240167748694326, 0.42134232556118684, 0.41869060782825246, 0.4202480958957298, 0.4170929742794411, 0.41431452070965485, 0.4113496284858853, 0.41102490997781943, 0.40793243868678225, 0.40696971498283685, 0.40514520278163985, 0.4024762365163541, 0.400497951928307, 0.3990945553078371, 0.39748255119604226, 0.39571581167333264, 0.3937007954307631, 0.39157484208836274, 0.39112358058200164, 0.3881734422608918, 0.3860790747053483, 0.3834983969435972, 0.384837806224823, 0.38274971702519583, 0.3809124663764355, 0.37922899220504014, 0.37817245604945166], "val_loss": [0.6097086668014526, 0.5821052898060192, 0.5511816550384868, 0.5164007490331476, 0.4921204854141582, 0.4769371287389235, 0.465434269471602, 0.46053157340396533, 0.4601834091273221, 0.458405619317835, 0.4590289674021981, 0.4593274403702129, 0.4601674973964691, 0.4569388384168798, 0.45503632859750226, 0.4561584564772519, 0.4537480663169514, 0.4541088423945687, 0.45396548780527984, 0.4562210738658905, 0.45243652029470965, 0.45397169210694055, 0.45207835869355634, 0.4522902775894512, 0.4534857083450664, 0.4534723867069591, 0.45379887927662244, 0.4538234689018943, 0.45055912841450085, 0.45292622121897613, 0.4518758437850259, 0.45228071917187085, 0.4538275274363431, 0.4500103538686579, 0.44895587455142627, 0.45309089801528235, 0.45118624242869293, 0.45234214717691595, 0.4533666589043357, 0.45623522996902466, 0.4542100971395319, 0.4514166062528437, 0.45398011803627014, 0.45786741917783563, 0.4538038887760856]}