{"best_val": 0.4569292285225608, "train_loss": [0.6703372854812473, 0.5954027538206063, 0.5613488964006013, 0.532042860400443, 0.5002875234566483, 0.47715744025567, 0.46701476328513203, 0.46034278822880165, 0.458004751626183, 0.45608898821999044, 0.45441238377608506, 0.4534340752106087, 0.4536071577492882, 0.4517451927942388, 0.44932293482855257, 0.4475626326074787, 0.4475860367803013, 0.44530780467332576, 0.4451291794870414, 0.44379087522918104, 0.4432574276830636, 0.44323066753499646, 0.4418505050388037, 0.4393419570782605, 0.4380488909927069, 0.43722178480204416, 0.43495408927693086, 0.43310969951106054, 0.43138235748982895, 0.4304495120749754, 0.42905328320521935, 0.4278693333560345, 0.4272405224687913, 0.4257727388073416, 0.424035964643254, 0.42221295424536165, 0.42174020993943306, 0.4181824005117603, 0.41741450919824485, 0.4164513238504821, 0.41582361506480797, 0.4138176908680037, 0.41315251355077703, 0.4107232128872591, 0.4087657718097462, 0.40911004590053185, 0.40908365039264455], "val_loss": [0.6144533915953203, 0.5874235955151644, 0.5641983612017198, 0.530127696015618, 0.49603628570383246, 0.48108770088715985, 0.47198095646771515, 0.4681927128271623, 0.4681981422684409, 0.47129999507557263, 0.46915437416596845, 0.4663183201443065, 0.4650837318463759, 0.4620489071715962, 0.4624472883614627, 0.46155472235246137, 0.46253142573616723, 0.46180371804670856, 0.4630114598707719, 0.4610372321172194, 0.45858000354333356, 0.4624567140232433, 0.46223133260553534, 0.45795864137736236, 0.4584759473800659, 0.4606265398589047, 0.45787613229318097, 0.4582747898318551, 0.4587964957410639, 0.457124263048172, 0.46064143831079657, 0.4584798216819763, 0.4590675614096902, 0.45702234181490814, 0.4577036581256173, 0.4570035311308774, 0.4569292285225608, 0.4600142646919597, 0.4578149833462455, 0.4582230746746063, 0.4600566165013747, 0.4577943167903207, 0.46112281354990875, 0.4584163562818007, 0.46158637512813916, 0.46134112639860675, 0.458079839294607]}