{"best_val": 0.47015053778886795, "train_loss": [0.6731776495774587, 0.6441123750474718, 0.6091874109374152, 0.5621924367215898, 0.5334997624158859, 0.5128854463497797, 0.4980904873874452, 0.48574311037858325, 0.48510972162087757, 0.48168186843395233, 0.47693318294154274, 0.47477780116928947, 0.4740329881509145, 0.4720805154906379, 0.46928126613299054, 0.4710074696275923, 0.4693901009029812, 0.46552852127287125, 0.466751625140508, 0.4667574746741189, 0.4625442193614112, 0.4631584617826674, 0.4649149858289295, 0.4626435985167821, 0.4644388043218189, 0.4617585523260964, 0.46323468950059676, 0.4630281892087724, 0.46244223415851593, 0.46241700814829934, 0.46253476043542224, 0.4612470650010639, 0.46289951768186355, 0.45887427031993866, 0.45733919905291665, 0.45679664942953324, 0.4599081840780046, 0.45771046313974595, 0.45882897741264767, 0.4560860080851449, 0.46202365391784245, 0.4577440188990699, 0.4536974612209532, 0.45456526842382217, 0.4578392108281453, 0.4561843474706014, 0.45598435070779586, 0.45337093538708156, 0.4577101286914613], "val_loss": [0.6612366735935211, 0.6319835484027863, 0.6048055738210678, 0.5757150501012802, 0.5625655502080917, 0.548943966627121, 0.534531444311142, 0.5245645195245743, 0.5188866332173347, 0.5126677751541138, 0.5126258432865143, 0.5100898742675781, 0.5014833509922028, 0.4948789104819298, 0.504005454480648, 0.49675215035676956, 0.4925779402256012, 0.48836682736873627, 0.49234312772750854, 0.4794253334403038, 0.48840922862291336, 0.4832652434706688, 0.4768112227320671, 0.479556567966938, 0.4825943261384964, 0.47414278984069824, 0.47987329959869385, 0.47940970212221146, 0.48289113491773605, 0.4789612591266632, 0.4751240164041519, 0.47357822209596634, 0.4780590087175369, 0.4750900939106941, 0.4710806682705879, 0.479853592813015, 0.47079554945230484, 0.4745776206254959, 0.47015053778886795, 0.4790715053677559, 0.47582586109638214, 0.4737545922398567, 0.4765361547470093, 0.47187451273202896, 0.47821851074695587, 0.472077414393425, 0.4706460237503052, 0.47347864508628845, 0.47676005959510803]}