{"best_val": 0.48263849318027496, "train_loss": [0.6416911714606814, 0.6197442809740702, 0.6014583276377784, 0.5824219750033485, 0.5633543133735657, 0.5455420878198411, 0.5322938793235354, 0.5239809569385316, 0.5165557414293289, 0.5096161961555481, 0.5072741293244891, 0.5069234801663293, 0.5069669153955247, 0.5008280608389113, 0.499765920970175, 0.49751975470119053, 0.4955918507443534, 0.49592985378371346, 0.4934210462702645, 0.4919193254576789, 0.4917721533113056, 0.48943083153830635, 0.4871371802356508, 0.4900035344892078, 0.4881010502576828, 0.48609695500797695, 0.48517430987623, 0.4852975954612096, 0.48707805077234906, 0.4852873898214764, 0.4830346554517746, 0.4825688236289554, 0.4844263394673665, 0.48342085050212014, 0.48208963374296826, 0.48347751961814034, 0.4834727661477195, 0.4819568362500932, 0.4821418441004223, 0.4826558580001195, 0.4816472331682841, 0.47848063872920144, 0.479367776049508, 0.47889789276652867, 0.48210768070485854, 0.4840270909998152, 0.47781630522674984, 0.4761889659696155, 0.4794952604505751, 0.47670436071025, 0.47868702477878994, 0.4762146605385674, 0.4778676215145323, 0.4769614173306359, 0.47582193546824986, 0.4773855060338974, 0.4770551522572835, 0.4769271711508433, 0.47672680020332336, 0.47835445238484275, 0.48030996157063377, 0.47737958696153426, 0.4750275644991133, 0.4722067332930035, 0.47764167686303455, 0.477748508254687, 0.4738515284326341, 0.476454507973459, 0.4725907925102446, 0.47665800982051426, 0.47627777192327714, 0.47717005511124927, 0.47644172608852386, 0.47557637592156726, 0.4744813276661767, 0.4733548164367676], "val_loss": [0.6358655244112015, 0.6190596371889114, 0.6006341129541397, 0.5852891951799393, 0.5656222254037857, 0.5582157075405121, 0.5419404059648514, 0.5344416499137878, 0.5352106392383575, 0.5290294587612152, 0.5243978351354599, 0.5255534574389458, 0.5191745385527611, 0.5229696407914162, 0.5202034786343575, 0.5178179144859314, 0.5147183761000633, 0.5172721073031425, 0.508144773542881, 0.5182875692844391, 0.5135468617081642, 0.5104682520031929, 0.5104835852980614, 0.5132416263222694, 0.508007638156414, 0.5122869834303856, 0.5047095939517021, 0.5072463378310204, 0.5119333863258362, 0.5029248967766762, 0.5115630850195885, 0.4992736801505089, 0.5026955679059029, 0.5051965937018394, 0.4979492723941803, 0.5002508983016014, 0.497269943356514, 0.49492785334587097, 0.4976760745048523, 0.5020402893424034, 0.49715155363082886, 0.49912817776203156, 0.4961284324526787, 0.4995732605457306, 0.4918522983789444, 0.4954351857304573, 0.49454768002033234, 0.4926465079188347, 0.4876723065972328, 0.49503033608198166, 0.49290477484464645, 0.493342749774456, 0.4916684702038765, 0.48822885751724243, 0.48742859810590744, 0.4889378100633621, 0.4840884804725647, 0.4949463754892349, 0.4890246242284775, 0.49198586493730545, 0.4953189641237259, 0.4969897195696831, 0.4876892492175102, 0.490231417119503, 0.486336812376976, 0.48263849318027496, 0.4863819032907486, 0.4899580031633377, 0.4928154796361923, 0.4911816716194153, 0.4902682602405548, 0.48420920968055725, 0.48760368674993515, 0.491337388753891, 0.4958237111568451, 0.4839842617511749]}