{"best_val": 0.46631078828464856, "train_loss": [0.6570639931238614, 0.6114637278593503, 0.5863333310072238, 0.5719754501030996, 0.5548838548935376, 0.5347811149863096, 0.5165278676610726, 0.502747601041427, 0.4883718307201679, 0.47862999828962177, 0.47001144003409606, 0.4677539737178729, 0.4611845795924847, 0.4607024989449061, 0.45872001407238155, 0.45560306367965847, 0.45652542607142377, 0.45821205182717395, 0.45623979144371474, 0.4549689390338384, 0.4573766388572179, 0.45465473200266177, 0.45222514180036694, 0.45138082997157025, 0.4537818145293456, 0.4505682564698733, 0.45061507190649325, 0.4522690807397549, 0.45393236726522446, 0.4507476039803945, 0.4515140429139137, 0.4510066125255365, 0.4489193787941566, 0.4524102228192183], "val_loss": [0.6321997209028765, 0.5991519581187855, 0.5841110429980538, 0.5696792765097185, 0.555000977082686, 0.5349607494744387, 0.5185787894509055, 0.5021865909749811, 0.49047044732353906, 0.48232512040571734, 0.47589276053688745, 0.47156568548896094, 0.4729479578408328, 0.4727041179483587, 0.4696891822598197, 0.46996783397414466, 0.4737745686010881, 0.475099734284661, 0.4681861996650696, 0.4673458391969854, 0.4690396623177962, 0.46904716979373584, 0.46745810183611786, 0.46631078828464856, 0.4694453179836273, 0.4678276614709334, 0.46766273000023584, 0.47148910706693475, 0.47065204652872955, 0.4674960672855377, 0.4672986241904172, 0.46959020603786816, 0.4689628942446275, 0.46711220795458014]}