{"best_val": 0.4628957733511925, "train_loss": [0.7726369268364377, 0.7552996840741899, 0.7370802130964067, 0.7161370548937056, 0.6931565470165677, 0.6655404799514346, 0.6344875825775994, 0.6064485874440935, 0.5853403674231635, 0.5719169196155336, 0.563863582081265, 0.5613052762216992, 0.5541345162524117, 0.5503867914279302, 0.5439988921085993, 0.5432949281401105, 0.5400762922234006, 0.5359972930616803, 0.5356435196267234, 0.5369038018915389, 0.5349747290213903, 0.5308378719621234, 0.530445107155376, 0.5277268389860789, 0.5254619999064339, 0.5262463821305169, 0.5249695562654071, 0.5248203741179572, 0.5233674479855431, 0.5190394851896498, 0.5198859423398972, 0.5192577143510183, 0.5219625019364886, 0.5165472510788176, 0.5172808335887061, 0.5161334491438336, 0.5147001577748193, 0.513114235467381, 0.5175827443599701, 0.51255773835712, 0.5107925451464124, 0.5125163230631087, 0.5108238011598587, 0.5097992701662911, 0.5078483571608862, 0.5074118607574039, 0.507500214709176, 0.5098881291018592, 0.508322126335568, 0.5063877056042353, 0.5071835269530615, 0.506239535080062, 0.5050020565589269, 0.5070274058315489, 0.505604248907831, 0.506370378865136, 0.5055636995368533, 0.5076324525806639], "val_loss": [0.7707642465829849, 0.7488304227590561, 0.7289815843105316, 0.7046920210123062, 0.6747671663761139, 0.6404110938310623, 0.6040771454572678, 0.5651472210884094, 0.5468940585851669, 0.5336272418498993, 0.5203917548060417, 0.5144396871328354, 0.5097434744238853, 0.5119598135352135, 0.5072820261120796, 0.501923456788063, 0.502140037715435, 0.49555252492427826, 0.5031567886471748, 0.4913051873445511, 0.49414750188589096, 0.49611513316631317, 0.49600014835596085, 0.49421701580286026, 0.49318481236696243, 0.4890148863196373, 0.49583864212036133, 0.49534087628126144, 0.48640284687280655, 0.485917791724205, 0.481111504137516, 0.47880886495113373, 0.4792259633541107, 0.4784775748848915, 0.4758859872817993, 0.4773766100406647, 0.4792740046977997, 0.47412412613630295, 0.4712075889110565, 0.4735434576869011, 0.46861938387155533, 0.4726995453238487, 0.4762178212404251, 0.46983829885721207, 0.4730912074446678, 0.46825937181711197, 0.47157515585422516, 0.4628957733511925, 0.4708889201283455, 0.4659988060593605, 0.4685254842042923, 0.46799755841493607, 0.4709734320640564, 0.4686463996767998, 0.47160762548446655, 0.4675305038690567, 0.4716051369905472, 0.47047334909439087]}