{"best_val": 0.4695334807038307, "train_loss": [0.7135806183020273, 0.6650997731420729, 0.6144464910030365, 0.5694844126701355, 0.5476714223623276, 0.5336351792017618, 0.5267429716057248, 0.5179764231046041, 0.5177008625533845, 0.518259573313925, 0.5159679104884466, 0.5148606830173068, 0.5113124946753184, 0.5099339485168457, 0.5085465610027313, 0.5085757490661409, 0.5051605718003379, 0.5043771929211087, 0.5063686884111829, 0.5004512088166343, 0.4973929325739543, 0.4969976660278108, 0.4967234565152062, 0.4962250954575009, 0.49456027150154114, 0.4897858020332124, 0.4888105591138204, 0.49007517099380493, 0.4908526539802551, 0.48722415334648556, 0.4882653123802609, 0.4835413297017415, 0.48733246988720363, 0.48459409011734855, 0.48320763144228196, 0.48263878954781425, 0.4826684544483821, 0.4782687872648239, 0.4805465704864926, 0.4831307315164142, 0.48008106152216595, 0.47801268763012356, 0.4794374969270494, 0.47781731685002643, 0.47620699803034466], "val_loss": [0.6859123408794403, 0.6349379867315292, 0.5797505378723145, 0.5476295351982117, 0.5206675678491592, 0.5137599259614944, 0.5068443119525909, 0.4948561117053032, 0.4941751956939697, 0.48919763416051865, 0.4819677025079727, 0.4853915348649025, 0.4933035373687744, 0.48589736968278885, 0.48418040573596954, 0.48174525797367096, 0.4770372584462166, 0.4773021787405014, 0.4812023267149925, 0.47518474608659744, 0.47947389632463455, 0.47721268981695175, 0.47613341361284256, 0.47631367295980453, 0.47553569078445435, 0.4812053516507149, 0.4773443788290024, 0.4763796851038933, 0.4774344637989998, 0.474631667137146, 0.47586144506931305, 0.47784658521413803, 0.47887899726629257, 0.4748007208108902, 0.4695334807038307, 0.47341038286685944, 0.4774819314479828, 0.4738011658191681, 0.4696173667907715, 0.4787175878882408, 0.4755326956510544, 0.47003455460071564, 0.47381097078323364, 0.47420188784599304, 0.4737901985645294]}