{"best_val": 0.4480924633416263, "train_loss": [0.7633869379174476, 0.7544540131793303, 0.7456090964523017, 0.7359451195772957, 0.724533756573995, 0.7114608825421801, 0.6976817799549476, 0.6831792230699577, 0.6684972936031865, 0.6547149863897586, 0.6424399240344179, 0.6306710476968803, 0.6207150641609641, 0.6150142889396817, 0.6075520889431822, 0.602216805897507, 0.5982709304959166, 0.5945806725352418, 0.5893805646428875, 0.5854420270405564, 0.5806197740283667, 0.5757371666384679, 0.5718322939732495, 0.5665985433494344, 0.5626854826422298, 0.5583891564724492, 0.5531704227129618, 0.549115436334236, 0.5442459618344027, 0.5407096690991345, 0.5347336606652129, 0.5317702334301144, 0.5276503878481248, 0.5232186895959517, 0.5198232402988509, 0.5154202983659857, 0.5120531904931162, 0.5084068564807668, 0.5043483902426327, 0.50100817750482, 0.49737018580530207, 0.49415792086545157, 0.49067333223772985, 0.48762238317844914, 0.48373950988638637, 0.48094387381684545, 0.47928061438541786, 0.4755506007110371, 0.4723912489180471, 0.4714146075295467, 0.46808459653573875, 0.46635959837950913, 0.4640476633520687, 0.4611424266123304, 0.46203123354444314, 0.4581248023930718, 0.458121621725606, 0.4552522804222855, 0.4545050169907364, 0.45375412585688574, 0.45155786474545795, 0.4510522858769286, 0.45046112408824995, 0.44934652015274645, 0.44827791347223167, 0.44834957052679625, 0.4477888187941383, 0.44788120131866604, 0.44605838960292293, 0.4449187260048062, 0.44503456587884943, 0.44411181468589633, 0.4451414615500207, 0.4450588728867325, 0.44462494698225286, 0.44351882268400755, 0.4433516842477462, 0.4429564300705405, 0.44294122913304496, 0.4414181382048364, 0.44176681427394643, 0.44171469176516814, 0.4406183268509659, 0.44132010784803655, 0.4414356578798855, 0.44176944856550177, 0.4409895995083977, 0.4404069395626293, 0.4405639399500454, 0.44108521938323975, 0.4416511269176708, 0.44032299051097795, 0.439725307857289, 0.43934038807364073, 0.4401869522590263, 0.43975947826516393], "val_loss": [0.7607216889208014, 0.7520009008320895, 0.7422970045696605, 0.7314490946856412, 0.7186742370778864, 0.7047908360307867, 0.6901071125810797, 0.6747071309523149, 0.6602775237777017, 0.6461049101569436, 0.6340815858407454, 0.6227149584076621, 0.6142585277557373, 0.6082475998184897, 0.6008402325890281, 0.5960685935887423, 0.5917688120495189, 0.5892850323156877, 0.5823023535988547, 0.5792461416938088, 0.5751096118580211, 0.5699368498542092, 0.5671656456860629, 0.5596038482405923, 0.5564789338545366, 0.5512409047646956, 0.5476936779238961, 0.542885189706629, 0.5388655689629641, 0.5347379337657582, 0.5306668118997053, 0.5286780947988684, 0.5228303183208812, 0.5182372683828528, 0.514604698527943, 0.5120862668210809, 0.5090351673689756, 0.5032701356844469, 0.5018060586669228, 0.4992123164913871, 0.4944160445169969, 0.4924833124334162, 0.4893261194229126, 0.48674220659516076, 0.4843952303582972, 0.48170671408826654, 0.48002907091921027, 0.47733458334749396, 0.47464377771724353, 0.471027287569913, 0.4698656905781139, 0.4670845703645186, 0.4666309817270799, 0.4659961705858057, 0.4647294689308513, 0.4603807871991938, 0.46029782024296845, 0.4601458934220401, 0.45751097256487067, 0.4583450745452534, 0.4568531865423376, 0.45747380365024914, 0.45484582402489404, 0.4544775431806391, 0.4541412321004001, 0.4546481289646842, 0.45313049446452747, 0.451441919261759, 0.45372357964515686, 0.45267854766412213, 0.4518220614303242, 0.4541128900918094, 0.4514981508255005, 0.45037994059649383, 0.45128676295280457, 0.45140805027701636, 0.4521880718794736, 0.45074259692972357, 0.4492648081345992, 0.4529387652873993, 0.45186724987897003, 0.4498525776646354, 0.45085147294131195, 0.44973609393293207, 0.4513010220094161, 0.4480924633416263, 0.4488354569131678, 0.45011749321764166, 0.4501874663613059, 0.4507820822975852, 0.4493351551619443, 0.449045406146483, 0.45014666698195716, 0.4497949182987213, 0.44829583168029785, 0.4489652839573947]}