{"best_val": 0.472671702504158, "train_loss": [0.7186133066813151, 0.6724094748497009, 0.6197772721449534, 0.5646797269582748, 0.5369442601998647, 0.5147445268101163, 0.5032352258761724, 0.49582028057840133, 0.4890803396701813, 0.4865683913230896, 0.48359311951531303, 0.47870836324161953, 0.472374579972691, 0.4771937628587087, 0.47185934086640674, 0.47194040649467045, 0.47001690169175464, 0.4716896116733551, 0.46979933314853245, 0.4672398004266951, 0.4649723652336333, 0.46280236211087966, 0.46183060937457615, 0.4644199957450231, 0.463455393910408, 0.46065615283118355, 0.4581785781515969, 0.46173393726348877, 0.4589350057972802, 0.46013890703519184, 0.457312426633305, 0.458796254462666, 0.46139244900809395, 0.4578307585583793, 0.45766741202937233, 0.45869365996784633, 0.460427646835645, 0.4568331804540422, 0.4569740245739619], "val_loss": [0.69512540102005, 0.6438571214675903, 0.5911739617586136, 0.5438752770423889, 0.5158698335289955, 0.5104177743196487, 0.5061089769005775, 0.4992072507739067, 0.494120717048645, 0.4909704625606537, 0.4924105554819107, 0.49095623195171356, 0.4858439639210701, 0.48831751197576523, 0.4903431385755539, 0.4866761863231659, 0.4852549657225609, 0.4842936769127846, 0.4779629036784172, 0.4752059057354927, 0.4744441285729408, 0.47902025282382965, 0.48334748297929764, 0.4826105013489723, 0.4740523099899292, 0.4766724705696106, 0.4734976291656494, 0.47351471334695816, 0.472671702504158, 0.4790666252374649, 0.476470410823822, 0.47477804869413376, 0.4813250005245209, 0.4880600869655609, 0.48366863280534744, 0.4758303314447403, 0.47283343225717545, 0.48196257650852203, 0.474819540977478]}