{"best_val": 0.4580182880163193, "train_loss": [0.6440772944026523, 0.6063355902830759, 0.5669298205110762, 0.5347399529483583, 0.5154384540186988, 0.5105073468552696, 0.5025302999549441, 0.5025948650307126, 0.49281956752141315, 0.493694265683492, 0.4897284855445226, 0.4878080685933431, 0.48583422435654533, 0.4826645784907871, 0.48571668565273285, 0.47921571301089394, 0.4807487328847249, 0.4777090748151143, 0.4707905054092407, 0.47457951804002124, 0.4724400126271778, 0.47018659777111477, 0.470680586165852, 0.47111865050262874, 0.4742167658276028, 0.4703390184375975, 0.47357695466942257, 0.4702584246794383, 0.4699820743666755, 0.46789277096589404, 0.4685513840781318, 0.4710193822781245, 0.4664856923951043, 0.47118631667561, 0.46589086121983, 0.46428710056675804, 0.4668963783317142, 0.4654681699143516, 0.4666227334075504, 0.4642707059780757, 0.4633512910869386, 0.46334346466594273, 0.46302377184232074, 0.46595994631449383, 0.46291331946849823, 0.4637911965449651, 0.46163855658637154, 0.46517355408933425, 0.46353500419192845, 0.463740607102712, 0.46124908493624794, 0.4592550214793947], "val_loss": [0.6259079724550247, 0.5857134014368057, 0.5491762608289719, 0.5302583053708076, 0.5139914527535439, 0.5048580914735794, 0.49634309858083725, 0.49543505162000656, 0.4907514303922653, 0.4913428947329521, 0.4867803156375885, 0.4870469346642494, 0.4808608368039131, 0.48450909554958344, 0.4783058911561966, 0.4769102483987808, 0.4785555750131607, 0.4706459417939186, 0.4691244587302208, 0.47022418677806854, 0.47305964678525925, 0.47085314244031906, 0.47496578842401505, 0.4703852906823158, 0.47237174957990646, 0.4741297662258148, 0.46904052793979645, 0.4679921716451645, 0.46882422268390656, 0.47105899453163147, 0.4637593403458595, 0.46919043362140656, 0.4745359420776367, 0.46687256544828415, 0.46712130308151245, 0.4722593277692795, 0.46029894798994064, 0.4709402099251747, 0.46590999513864517, 0.464376725256443, 0.4654432237148285, 0.4580182880163193, 0.46836191415786743, 0.4663434773683548, 0.4673240929841995, 0.4619150459766388, 0.46826643496751785, 0.46422944962978363, 0.4632623642683029, 0.4672763794660568, 0.47020383924245834, 0.4660886451601982]}