{"best_val": 0.44221142476255243, "train_loss": [0.7452972846872666, 0.710328737894694, 0.671190178861805, 0.6325152329370087, 0.6081685155045753, 0.5954181809051364, 0.5844349346908868, 0.5772041608305538, 0.5665329022734773, 0.5570635906621522, 0.5440324159229503, 0.5318829738626293, 0.5212179001639871, 0.5102960981574713, 0.5002356002143785, 0.4936889369113773, 0.4878021659804325, 0.4835341163710052, 0.47999738653500873, 0.4756282369295756, 0.4730275945336211, 0.4701468149820964, 0.46855661331438553, 0.4673013424172121, 0.4660881272718018, 0.46497249369527777, 0.4643414078974256, 0.46294297424017217, 0.462425639816359, 0.4624921919084063, 0.46139554182688397, 0.4622858902987312, 0.46047091600941675, 0.4606596441829906, 0.45976906664231243, 0.4580703114762026, 0.45917987706614477, 0.45785727337294935, 0.4592468352878795, 0.4581089902157877, 0.45673009461047603, 0.45734141679371104, 0.45736432776731606, 0.45688159442415427, 0.45580241376278446, 0.4557914038499196, 0.45586440960566205, 0.45518724824867995, 0.45433644219940783, 0.4540797857677235, 0.45462262513590795, 0.4545599882509194, 0.4538996652060864, 0.4538085787904029, 0.45391026197695267, 0.4526432349401362, 0.4520518142803043, 0.4522429248865913, 0.45182551005307364, 0.4517076108969894, 0.45186760495690736, 0.4502699012849845, 0.4514051693327287, 0.45051302979974184, 0.44974398554540146, 0.4497718939594194, 0.44902916048087327, 0.44911398256526275, 0.44870929624520095, 0.45001368078531, 0.44831282017277735, 0.4473026663649316, 0.44870642587250353, 0.4481616920115901, 0.44752104434312556, 0.4478756633459353, 0.44634567055047725, 0.4465852858973484, 0.4456583518607944, 0.44590508236604576, 0.44520732877301233, 0.44552383703344006, 0.44561375239316153, 0.4447476291189007, 0.44518110506674824, 0.4440455261398764, 0.4448545008313422, 0.44333993102989944, 0.4434602815730899, 0.4436755986774669, 0.4424590421657936, 0.44406666475183826, 0.443155237272674, 0.44295381155668523, 0.44166194223890115], "val_loss": [0.7243005741726268, 0.6877028942108154, 0.6443922790614042, 0.6113095825368707, 0.5931312279267744, 0.5818043730475686, 0.5724930329756304, 0.5626220025799491, 0.5530499680475756, 0.5398847514932806, 0.5276373082941229, 0.5156224884770133, 0.5028909092599695, 0.4933894872665405, 0.484113945202394, 0.47855737805366516, 0.47314970059828326, 0.468934874642979, 0.4658914235505191, 0.46171221949837427, 0.46000233563509857, 0.45872485637664795, 0.45777884938500146, 0.4552663347937844, 0.45341576500372455, 0.45507000251249835, 0.4532894654707475, 0.4537230432033539, 0.45178267088803375, 0.45442704179070215, 0.4538289552385157, 0.45158392732793634, 0.4503927501765164, 0.4533938711339777, 0.45179814100265503, 0.4514524855396964, 0.451022053306753, 0.45052923126654193, 0.45036870512095367, 0.4525806578722867, 0.44940076903863385, 0.450609337199818, 0.4523912424390966, 0.4507105892354792, 0.45011545582251117, 0.45017534494400024, 0.44921027530323376, 0.45031522891738196, 0.4470811838453466, 0.4488586729223078, 0.44804269075393677, 0.4492218115112998, 0.44931591369889, 0.4484695792198181, 0.4476849003271623, 0.449471885507757, 0.4470042423768477, 0.448208058422262, 0.44739284027706494, 0.4471814280206507, 0.4470656758004969, 0.4469262090596286, 0.4474769343029369, 0.44754087112166663, 0.44637746431610803, 0.44607753916220233, 0.4458779150789434, 0.4455824602733959, 0.4467580426823009, 0.44694761254570703, 0.4476599503647197, 0.44592769037593494, 0.44561451944437896, 0.4450420764359561, 0.4442536316134713, 0.44376063617793, 0.4454216117208654, 0.44484755938703363, 0.44465827400034125, 0.4448999654163014, 0.4455580034039237, 0.4447080005298961, 0.44540294192054053, 0.44447443972934375, 0.44221142476255243, 0.4445121505043723, 0.4440918212587183, 0.44471498781984503, 0.44333395903760736, 0.4425054165450009, 0.44327721812508325, 0.4446602626280351, 0.44334826144305145, 0.4437857622450048, 0.442681995305148]}