{"best_val": 0.4547953632744876, "train_loss": [0.7371249082041722, 0.6946172270120359, 0.6494164057806426, 0.6107883979292477, 0.5866139969405006, 0.5718841903349933, 0.5575621654005611, 0.5418727631662407, 0.5260145874584422, 0.5087576485147663, 0.49593492758040336, 0.4875647834703034, 0.4788893145673415, 0.4732905620453404, 0.46924107039675994, 0.4668126012764725, 0.4655727989533368, 0.4631013431969811, 0.461483719886518, 0.46130470610132407, 0.4596104481640984, 0.45950379500202104, 0.4587296352666967, 0.45776713420363035, 0.4582908767111161, 0.45608731403070335, 0.4558781508137198, 0.4568442842539619, 0.4553174113526064, 0.4557068897228615, 0.45538828244396284, 0.4546116280789469, 0.4547511736551921, 0.4538063500441757, 0.45288911695573847, 0.45402421553929645, 0.4534844686003292, 0.45250789032262917, 0.4527263565390718, 0.4530230538517821, 0.4515184403634539, 0.45194896880318136, 0.45028802694058884, 0.45050058294745055, 0.4500766928289451, 0.44987912972768146, 0.44875629100145076, 0.44866419013808756, 0.44802894603972343, 0.4472957639133229, 0.44813959972531187, 0.4468715056484821, 0.4466777087426653, 0.4470894453572292, 0.44754768469754386, 0.44693830784629374, 0.44649895791913946, 0.4472750162377077, 0.44689437162642387, 0.44632335387024225, 0.44540658534741867, 0.44437026919103134, 0.44581033084906785, 0.4443132591013815, 0.44505174896296334, 0.44483599358913944, 0.4438464968812232, 0.4439778929831935, 0.4441043372247733, 0.4434806938264884, 0.4438159196984534, 0.44384970851972994, 0.4433925017422321, 0.44227321767339517, 0.44272803968074276, 0.44216908894333184, 0.441546264816733, 0.4420508625460606, 0.4411996088775934, 0.4415942769424588, 0.44195157756992415, 0.4403086392318501, 0.440776491282033, 0.4406328487629984, 0.44042696847635154, 0.43964389141868143, 0.4393908293808208, 0.4395124491523294, 0.43958520947718155, 0.4386301730193344, 0.4392586496530795, 0.43872273026728165, 0.4385833833731857], "val_loss": [0.7145366181026805, 0.6709086244756525, 0.6248182816938921, 0.5916453220627524, 0.5725616027008403, 0.5581014616922899, 0.5427831438454714, 0.5276609875939109, 0.5112067731943998, 0.49796905842694367, 0.48603628982197156, 0.4798039468851956, 0.476524141701785, 0.47238497842441907, 0.4696007425134832, 0.47036991065198724, 0.4673267792571675, 0.46725554357875476, 0.46746561202135956, 0.4659877961332148, 0.46599820256233215, 0.46596873890269885, 0.465461172840812, 0.4639008939266205, 0.4641105722297322, 0.4637324728749015, 0.46511625430800696, 0.46351867101409217, 0.4650055007501082, 0.46343995224345813, 0.46166123856197705, 0.46343775499950757, 0.46302627704360266, 0.462771012024446, 0.4614524922587655, 0.46115785566243256, 0.4613655317913402, 0.4607877785509283, 0.46059682152488013, 0.4620153307914734, 0.46044252677397296, 0.45975230498747394, 0.4598023268309506, 0.46057805689898407, 0.46029637076637964, 0.46030556884678925, 0.4599598835815083, 0.4604299745776437, 0.4593917321075093, 0.45998600125312805, 0.4596020552245053, 0.4598019394007596, 0.45825943621722137, 0.45977081764828076, 0.45843425122174347, 0.4592686945741827, 0.4584646793929013, 0.4582294144413688, 0.4583757790652188, 0.45791723240505566, 0.45789930766279047, 0.45866126634857873, 0.45769341696392407, 0.45944593982263043, 0.4585927264256911, 0.45982785658402875, 0.456960068507628, 0.4579388851469213, 0.457253867929632, 0.45626424659382214, 0.4579841440374201, 0.45840149305083533, 0.45729548822749744, 0.4574368731542067, 0.4573195549574765, 0.45694744045084174, 0.4584974158893932, 0.4578523879701441, 0.45595775138248096, 0.4574566158381375, 0.4563911340453408, 0.4576948420567946, 0.4547953632744876, 0.45675255493684247, 0.457744070074775, 0.45709103074940766, 0.45725721933624963, 0.4596907767382535, 0.4582300240343267, 0.45691378821026196, 0.45691781694238837, 0.45731804316694086, 0.45827740159901703]}