{"best_val": 0.4302412813360041, "train_loss": [0.6660283079334334, 0.6329111012757993, 0.5958106798284194, 0.5781391940864862, 0.5679777206159106, 0.5593201582338295, 0.5487647687687593, 0.5401247266460868, 0.5286049965549918, 0.5181347400534386, 0.5051257960936603, 0.4925549889312071, 0.48277654659514335, 0.4726801859397514, 0.462104444994646, 0.45376864660019967, 0.44742562431915134, 0.4429764963832556, 0.43699921463050095, 0.43330014803830313, 0.43111152567115485, 0.42763612492411746, 0.4264003651983598, 0.42470889056430144, 0.42141520977020264, 0.4208056400803959, 0.4198463652648178, 0.4190530140025943, 0.4182763672342487, 0.41782378215415805, 0.41599349063985486, 0.4168870525032866, 0.4157659428961137, 0.4159691520765716, 0.41363714664590123, 0.4144384241571613, 0.4134891997365391, 0.4118418763665592, 0.41151689664990293, 0.41132747601060304, 0.4105106633083493, 0.41088616146760826, 0.4085680906679116, 0.4095148292242312, 0.40958653594933303, 0.408392971052843, 0.4074721336364746, 0.40795397992227594, 0.4076496175691193, 0.4061976495911093, 0.4068218849453272, 0.40645428264842315, 0.4050305474038218, 0.4056215876457738, 0.40460703419704064, 0.40375736005165996, 0.4046451408489078, 0.4036427198671827, 0.403208675922132, 0.4004337092240651, 0.4013432106551002, 0.40177399504418465, 0.400137524394428, 0.4008921922421923, 0.4001782226796244, 0.4005425426305509, 0.4003312914979224, 0.3998265693000719, 0.3994671310864243, 0.3974051557335199, 0.39800117997562184, 0.397139008138694, 0.3969940075687334, 0.3955451004645404, 0.3959650987503575, 0.3949484158964718, 0.39527549638467674, 0.394831250111262, 0.39514562312294454, 0.39478401226155896, 0.39401927181318697, 0.3934870829769209], "val_loss": [0.6539167003198103, 0.6211625066670504, 0.6009340177882802, 0.5934477231719277, 0.5858570662411776, 0.5775990377772938, 0.5673339475284923, 0.5568146813999523, 0.5462512130087073, 0.5334932018410076, 0.5220687931234186, 0.5083343224091963, 0.4967908534136685, 0.48612459139390424, 0.4787435233592987, 0.4683512259613384, 0.462482977997173, 0.460143352096731, 0.4551779275590723, 0.45198720693588257, 0.44929180362007837, 0.4470388618382541, 0.44487498023293237, 0.44409041784026404, 0.4415996860374104, 0.44244959679516876, 0.442067178812894, 0.4406495609066703, 0.4406882307746194, 0.440684359182011, 0.44153710386969824, 0.4430277374657718, 0.44435022364963184, 0.4390048384666443, 0.43966527689586987, 0.4393387165936557, 0.4392659528688951, 0.4398120099847967, 0.4386284053325653, 0.4392548528584567, 0.4373800456523895, 0.4379637431014668, 0.439851774410768, 0.43799640102819964, 0.4375973560593345, 0.43654085018418054, 0.43605100295760413, 0.43666978857733985, 0.4365374473008243, 0.4384466463869268, 0.43529231169007043, 0.4351881823756478, 0.43421637741002167, 0.4349681111899289, 0.43564941124482587, 0.4381211589683186, 0.4350444186817516, 0.4354615942998366, 0.43433063138615, 0.4324092621153051, 0.43225240436467255, 0.4336210651831193, 0.4325920424678109, 0.433487976139242, 0.4318623786622828, 0.43199203231117944, 0.4353431219404394, 0.4312634142962369, 0.4316816140304912, 0.43356179378249426, 0.43076585639606824, 0.4302412813360041, 0.4309749115597118, 0.43215496973557904, 0.43421669981696387, 0.4330809631130912, 0.43078939481215045, 0.4311226877299222, 0.4304882423444228, 0.43100930885835126, 0.4318580058487979, 0.43055966767397796]}