{"best_val": 0.4991675838828087, "train_loss": [0.6866638991567824, 0.6850745214356316, 0.683372974395752, 0.6817722651693556, 0.6802999873956045, 0.6788204577234056, 0.6773733364211189, 0.6760324935118357, 0.6744315425554911, 0.6730564203527238, 0.6720862984657288, 0.6706928379005856, 0.6692569752534231, 0.6676613026195102, 0.6664481593502892, 0.665107207165824, 0.6636267469988929, 0.6625774966345893, 0.6607423855198754, 0.6595987975597382, 0.6579263640774621, 0.6560846699608697, 0.6544374558660719, 0.6525814930597941, 0.6506518589125739, 0.6490792797671424, 0.6467690368493398, 0.6449052658345964, 0.6424327691396078, 0.6406966348489126, 0.638573063744439, 0.6359989609983232, 0.6333263715108236, 0.6306641929679446, 0.6281586752997504, 0.6256285309791565, 0.6227644317679935, 0.6202331781387329, 0.6170073515839047, 0.6139642629358504, 0.6119169559743669, 0.6086575322681003, 0.6056381331549751, 0.6032856437895033, 0.5996756487422519, 0.5965252617994944, 0.5932368404335446, 0.5907178554270003, 0.588021006849077, 0.5842002067301009, 0.5817267199357351, 0.5774150027169122, 0.5758173796865675, 0.5738419327470992, 0.5688543253474765, 0.5673828456136916, 0.5631844533814324, 0.5608789755238427, 0.558769166469574, 0.5568435887495676, 0.5537346021996604, 0.5501905745930142, 0.5478048821290334, 0.5463840100500319, 0.5432650761471854, 0.5423959957228767, 0.5392681956291199, 0.5378147380219566, 0.5340749902857674, 0.5316121760341856, 0.5305497696002325, 0.5289986895190345, 0.5257738961113824, 0.5229877730210623, 0.5210765053828558, 0.5205786046054628, 0.5181791053877937, 0.5181626048352983, 0.5142044855488671, 0.5124176624748442, 0.5111675759156545, 0.5075862308343252, 0.5065135757128397, 0.5080308698945575, 0.5047095153066847, 0.5002489851580726, 0.5004646513197157, 0.500172472662396, 0.49626689818170333, 0.4959430942932765, 0.49405114021566177, 0.4925944374667274, 0.4903048210673862, 0.489753395318985, 0.48929263651371, 0.4847609301408132, 0.4872305326991611, 0.4832973943816291, 0.4829026410977046, 0.48127061128616333, 0.4804912822114097, 0.4783546295430925, 0.48012586765819126, 0.4774763799375958, 0.4778616693284776, 0.4759044034613503, 0.4768955210844676, 0.4734543561935425, 0.4741874568992191, 0.47252987656328416, 0.4734567089213265, 0.4732072518931495, 0.4694566826025645, 0.4709898928801219, 0.4699195060465071, 0.4690520597828759, 0.4707469493150711, 0.46748682194285923, 0.4654857549402449, 0.466574071182145, 0.4672096023956935, 0.46660446789529586, 0.4675176524453693, 0.4635981072982152, 0.4648721516132355, 0.4632072216934628, 0.462745800614357, 0.4651835511128108, 0.4611663503779305, 0.46227559116151595, 0.4613473779625363, 0.4630386746591992, 0.46329310370816124, 0.4636841333574719, 0.4599320689837138, 0.4625416100025177], "val_loss": [0.6861884444952011, 0.684666246175766, 0.6835348457098007, 0.6817253828048706, 0.6805703341960907, 0.6790463179349899, 0.6777762621641159, 0.6765673011541367, 0.6752836555242538, 0.6739437431097031, 0.6729989647865295, 0.671578511595726, 0.6705548316240311, 0.6691239029169083, 0.6677517890930176, 0.6670736223459244, 0.6654505282640457, 0.6638694405555725, 0.6631334275007248, 0.6609472632408142, 0.6594441831111908, 0.658105880022049, 0.6566915810108185, 0.6554757505655289, 0.6530227065086365, 0.6508361846208572, 0.649003192782402, 0.6481696516275406, 0.6456813961267471, 0.6445547938346863, 0.6403143405914307, 0.6397567242383957, 0.635312408208847, 0.6352122575044632, 0.6309846937656403, 0.6285253465175629, 0.6260706335306168, 0.6242714077234268, 0.6226979792118073, 0.6185389161109924, 0.6153233796358109, 0.6163845509290695, 0.6109028905630112, 0.6106688529253006, 0.6055078357458115, 0.6042180955410004, 0.6005206406116486, 0.5972609668970108, 0.5936578214168549, 0.5910695940256119, 0.5907513201236725, 0.5873796045780182, 0.5871329009532928, 0.5829672366380692, 0.5805121213197708, 0.5790142267942429, 0.576888307929039, 0.5738269686698914, 0.5701387226581573, 0.5674778074026108, 0.5640767961740494, 0.5634344667196274, 0.5619414150714874, 0.5627725720405579, 0.5597734153270721, 0.5557810962200165, 0.5582992285490036, 0.5579149276018143, 0.5544845163822174, 0.5481707006692886, 0.5454723834991455, 0.5467886328697205, 0.543207511305809, 0.5460962206125259, 0.5383573025465012, 0.5400246679782867, 0.539957657456398, 0.5418330430984497, 0.5394922345876694, 0.5385241508483887, 0.5352826863527298, 0.5291669964790344, 0.5294337123632431, 0.5330589413642883, 0.5243308320641518, 0.5269715934991837, 0.5327690243721008, 0.5247121900320053, 0.5257340595126152, 0.5249057784676552, 0.5232594385743141, 0.5214502289891243, 0.5238673910498619, 0.5186434686183929, 0.5184227973222733, 0.5212710574269295, 0.5143133252859116, 0.5125606581568718, 0.5138218626379967, 0.5195402801036835, 0.518257774412632, 0.5144716203212738, 0.5099409967660904, 0.5135291591286659, 0.5116158202290535, 0.5121192932128906, 0.5110491663217545, 0.5117427855730057, 0.5191130414605141, 0.5093935430049896, 0.5107389241456985, 0.5056958571076393, 0.5081677734851837, 0.5142686888575554, 0.5047812163829803, 0.5055164992809296, 0.5015050992369652, 0.506314791738987, 0.5090567320585251, 0.5058622509241104, 0.5090877562761307, 0.5061201676726341, 0.5101425349712372, 0.506184883415699, 0.5155720487236977, 0.4991675838828087, 0.5052564367651939, 0.5066126510500908, 0.5026876032352448, 0.5060113668441772, 0.5093572735786438, 0.506869912147522, 0.5113299638032913, 0.5053473338484764, 0.5060259103775024, 0.5012601912021637]}