{"best_val": 0.49378708750009537, "train_loss": [0.6550485856003232, 0.6174789435333676, 0.5849499437544081, 0.548788125316302, 0.5292960190110736, 0.5196932173437543, 0.5120217204093933, 0.5077046271827486, 0.5058037241299947, 0.5024301277266608, 0.5004635353883108, 0.49587710036171806, 0.49415888885656994, 0.4930490139457915, 0.4940176291598214, 0.4895170595910814, 0.48967720568180084, 0.4894145992067125, 0.48723746173911625, 0.48501843379603493, 0.4849625329176585, 0.4852900207042694, 0.484270754787657, 0.483145030008422, 0.4833304435014725, 0.4830711947547065, 0.48138489656978184, 0.48266497916645473, 0.47999755044778186, 0.4821165253718694, 0.479900802175204, 0.48431575298309326], "val_loss": [0.630347728729248, 0.595660388469696, 0.5699179470539093, 0.5518991947174072, 0.5430027097463608, 0.5349217504262924, 0.5334208235144615, 0.5271738320589066, 0.5267473235726357, 0.5190923735499382, 0.5211279988288879, 0.5178623646497726, 0.5232041105628014, 0.5162261724472046, 0.5076512321829796, 0.5122576728463173, 0.511430948972702, 0.5083502978086472, 0.5083882585167885, 0.5031462460756302, 0.5007977858185768, 0.49378708750009537, 0.5030137822031975, 0.5036674588918686, 0.5020099133253098, 0.4995357543230057, 0.5012765377759933, 0.5009192302823067, 0.4975301995873451, 0.5005537569522858, 0.49804161489009857, 0.49651671946048737]}