{"best_val": 0.4896641671657562, "train_loss": [0.6869534452756246, 0.6661596563127306, 0.6468682189782461, 0.6286027861966027, 0.6094860831896464, 0.5860984888341692, 0.5674591958522797, 0.5525974730650584, 0.5464937968386544, 0.5421373297770818, 0.5411526527669694, 0.536856128109826, 0.533761536081632, 0.5306181675857968, 0.5300656424628364, 0.5309530033005608, 0.5283965981668897, 0.5277657210826874, 0.5272593581014209, 0.5244076069858339, 0.5233787132634057, 0.5226762758360969, 0.5219723482926687, 0.524590477347374, 0.5200098239713244, 0.521040580338902, 0.5197257730695937, 0.5179449485407935, 0.5183705704079734, 0.5174574272500144, 0.5185541311899821, 0.5143501096301608, 0.5141659312778049, 0.5138813455899557, 0.5109784321652519, 0.5117065641615126, 0.5110063287946913, 0.5114016532897949, 0.506544205877516, 0.5058838509851031, 0.5054683105813133, 0.5062279999256134, 0.5021845582458708, 0.5035941319333183, 0.49895426465405357, 0.49935586419370437, 0.4982563041978412, 0.4981987393564648, 0.49726364347669816, 0.4994107617272271, 0.49510680470201707, 0.4968492140372594, 0.495938315987587, 0.4971414390537474, 0.4950966404543983, 0.494212473432223], "val_loss": [0.6657829135656357, 0.6440326869487762, 0.6243307739496231, 0.6042635142803192, 0.5807687044143677, 0.5584884881973267, 0.5379122197628021, 0.5308676213026047, 0.5229989737272263, 0.5255795121192932, 0.5185114145278931, 0.5125632211565971, 0.5162328034639359, 0.5083458796143532, 0.5122675746679306, 0.5094646289944649, 0.5139274373650551, 0.5025625824928284, 0.512056328356266, 0.5112147852778435, 0.5106027647852898, 0.5034353286027908, 0.508930616080761, 0.509233295917511, 0.5065799430012703, 0.5064504966139793, 0.4992603734135628, 0.5006905272603035, 0.5092393979430199, 0.5038453489542007, 0.5032808557152748, 0.5024802312254906, 0.5026251077651978, 0.5024770349264145, 0.5066081210970879, 0.4970954954624176, 0.5008098259568214, 0.49612168222665787, 0.5010022222995758, 0.4950900077819824, 0.49169182032346725, 0.4924165904521942, 0.4938899427652359, 0.4958937391638756, 0.49518515169620514, 0.4896641671657562, 0.4953785017132759, 0.4947933778166771, 0.4985228180885315, 0.49443889409303665, 0.4909374564886093, 0.49636418372392654, 0.4958035871386528, 0.4926418513059616, 0.48983921855688095, 0.4950137287378311]}