{"best_val": 0.4583975835279985, "train_loss": [0.6846389478328181, 0.6332245130164951, 0.5993275256717906, 0.5849899877520168, 0.5743669972700232, 0.5647106480364706, 0.5541079161213893, 0.5407920403807771, 0.5266228066939934, 0.513961000769746, 0.5015933858413323, 0.49233553806940716, 0.48405110660721273, 0.47905954543282003, 0.47349029078203086, 0.46851096258443947, 0.46536384785876556, 0.46278715542718474, 0.45934806559600083, 0.4585988305363001, 0.4569663785251917, 0.45676423638474706, 0.4555082963962181, 0.4552423807920194, 0.4527056708055384, 0.45238709157588436, 0.4523240853758419, 0.4525219155292885, 0.45194684290418435, 0.44998297095298767, 0.44985658982220816, 0.4500358034582699, 0.4490332317118551, 0.44896306944828407, 0.44807740052541095, 0.4489614560323603, 0.4469197778140797, 0.44682323114544736, 0.4466295493584053, 0.44565694647676807, 0.44422998030980426, 0.44536034499897675, 0.44485799529973197, 0.44532624646729113, 0.44408368187792163, 0.4431125223636627, 0.4444711073940876, 0.44439727710742577, 0.44275377077214856, 0.4426208699450773, 0.4411133498537774, 0.44154612632358775, 0.4404204563767302, 0.4400155234570597, 0.4396695845267352, 0.4400862876106711, 0.4390551780953127, 0.43898019720526305, 0.438529861908333, 0.4394603202155992, 0.43826235860001805, 0.4380948742230733, 0.43767070536519964, 0.4370862157905803, 0.4365261740544263, 0.43540547758925197, 0.4358697580356224, 0.4357116000325072, 0.4352080792773004, 0.4347585083222857, 0.4362013638019562, 0.4347890632994035, 0.4351178986184737, 0.4337034687107685, 0.43422263743830664, 0.4338408305364497, 0.4333518585738014, 0.4336586828325309, 0.43294990062713623, 0.43228397474569435, 0.4330346525884142, 0.4333571896833532, 0.4323206719230203, 0.4325573514489567, 0.4307836738287234, 0.43197837413526047], "val_loss": [0.647302589633248, 0.6041882146488536, 0.5865373692729257, 0.5748282752253793, 0.5677207979288968, 0.555927496064793, 0.5470746538855813, 0.5353046574375846, 0.5192900381305001, 0.509885544126684, 0.49987599795514887, 0.49485681002790277, 0.4880172989585183, 0.48325381495735864, 0.4789559245109558, 0.4758835191076452, 0.47591749646446924, 0.47281931747089734, 0.4715067879720168, 0.47117553515867755, 0.46904142878272315, 0.4688618914647536, 0.4678754508495331, 0.4682049399072474, 0.4676766368475827, 0.4675351625139063, 0.4691814888607372, 0.46533524177291175, 0.4682194644754583, 0.4670415899970315, 0.46456236189061945, 0.46574023365974426, 0.4649914340539412, 0.4653379808772694, 0.464994259855964, 0.46600829742171546, 0.4636961140415885, 0.4644284248352051, 0.4646488265557723, 0.46537773175673053, 0.46451564539562573, 0.46325142546133563, 0.46500539779663086, 0.46307075836441736, 0.4631961909207431, 0.4635029597715898, 0.46166434613141144, 0.46311247619715606, 0.46193324706771155, 0.46208158948204736, 0.4633436717770316, 0.4627038999037309, 0.46166006001559173, 0.4608492309396917, 0.4625035903670571, 0.463708758354187, 0.4619734449820085, 0.46293908899480646, 0.4632059227336537, 0.4608133381063288, 0.46155890822410583, 0.46137965538285, 0.4640644978393208, 0.46289110454646026, 0.4609249369664626, 0.462889392267574, 0.46109438755295495, 0.46029235829006543, 0.4607524438337846, 0.4602990448474884, 0.4613766914064234, 0.4595521525903182, 0.46029194918545807, 0.4610037993301045, 0.46197274327278137, 0.4583975835279985, 0.4584748419848355, 0.4600775783712214, 0.46071286364035174, 0.461224612864581, 0.4586462811990218, 0.4613620801405473, 0.4613200209357522, 0.4591073908589103, 0.4584514552896673, 0.4599418423392556]}