{"best_val": 0.4952489659190178, "train_loss": [0.6894447969065772, 0.688346395889918, 0.687111602889167, 0.6859321991602579, 0.6847471594810486, 0.6835281087292565, 0.6824250949753655, 0.6811352868874868, 0.6799994773334928, 0.6787262393368615, 0.6774532430701785, 0.6760971513059404, 0.6746832695272234, 0.6732595364252726, 0.6716613206598494, 0.6701207525200314, 0.6684880190425448, 0.6671520173549652, 0.6652278569009569, 0.6633956101205614, 0.6609216961595747, 0.6586874359183841, 0.6561290125052134, 0.6533462007840475, 0.6508992380566068, 0.6477426754103767, 0.6445847087436252, 0.6414922575155894, 0.6367960274219513, 0.6320736342006259, 0.6272838115692139, 0.622838298479716, 0.6186367803149753, 0.6121563480959998, 0.6082310577233633, 0.6005067957772149, 0.5994586282306247, 0.593209425608317, 0.587496946255366, 0.5849432382318709, 0.581147614452574, 0.5782891180780199, 0.5764058530330658, 0.5724159479141235, 0.5689826442135705, 0.5674733387099372, 0.563620216316647, 0.5623487300342984, 0.5604566815826628, 0.5581484304534065, 0.557210687134001, 0.55428889228238, 0.5501475946770774, 0.5518453882800208, 0.5476339575317171, 0.5476210514704386, 0.543766255180041, 0.5435411052571403, 0.5431750151846144, 0.5411507371399138, 0.5353061623043485, 0.537322998046875, 0.5336485157410303, 0.5345107465982437, 0.5308631377087699, 0.526655814713902, 0.5276497171984779, 0.5263656659258736, 0.5255742023388544, 0.5255235251453187, 0.5210651904344559, 0.5238615704907311, 0.5236267414357927, 0.5223954104714923, 0.5200008336040709, 0.5176380127668381, 0.5167626241842905, 0.5155382388167911, 0.515509244468477, 0.5130783998303943, 0.5138998462094201, 0.5127682768636279, 0.5118688162830141, 0.5095293919245402, 0.5129021637969546, 0.5120900670687357, 0.5082400490840276, 0.5072883433765836, 0.5100217312574387, 0.5123667236831453, 0.5094728122154871, 0.5079727785454856, 0.5062379572126601, 0.5086599604951011, 0.5075317306651009, 0.5063623487949371, 0.5087875674168268, 0.5046373638841841, 0.5060316357347701, 0.505174575580491, 0.5018330464760462, 0.502886767188708, 0.5050402846601274], "val_loss": [0.6889026165008545, 0.6877044886350632, 0.6865309476852417, 0.6854218542575836, 0.6842445284128189, 0.683080181479454, 0.6819625496864319, 0.680355578660965, 0.6792832612991333, 0.6780142486095428, 0.6767461746931076, 0.6755194514989853, 0.6742162108421326, 0.6726804673671722, 0.6705263555049896, 0.6690612435340881, 0.6675228923559189, 0.6657931208610535, 0.6646529138088226, 0.6620581150054932, 0.6597121059894562, 0.6580714732408524, 0.6554179191589355, 0.6520970016717911, 0.6500011831521988, 0.6459012180566788, 0.6419072449207306, 0.6380672603845596, 0.6367464959621429, 0.6301470696926117, 0.6227251887321472, 0.6199014782905579, 0.6153870970010757, 0.6067000031471252, 0.6045285910367966, 0.5966985523700714, 0.5947948545217514, 0.5875668525695801, 0.5829480737447739, 0.5806214809417725, 0.5703133046627045, 0.5679301768541336, 0.5677862614393234, 0.5672380328178406, 0.5637662708759308, 0.5539901778101921, 0.556662991642952, 0.5573717653751373, 0.5537727028131485, 0.5482487976551056, 0.5498205497860909, 0.5441339910030365, 0.5436918139457703, 0.547278493642807, 0.5362087860703468, 0.5431338474154472, 0.5335524752736092, 0.5391705483198166, 0.5355356708168983, 0.5323207974433899, 0.5263197124004364, 0.5296501964330673, 0.531808078289032, 0.5254130065441132, 0.528457798063755, 0.5253716185688972, 0.5222651660442352, 0.5134078487753868, 0.5208848565816879, 0.5220722630620003, 0.5170963853597641, 0.5106344074010849, 0.5148784667253494, 0.515451580286026, 0.5138460844755173, 0.5142069458961487, 0.5085295513272285, 0.5115740448236465, 0.5097949951887131, 0.5161632969975471, 0.5114675164222717, 0.5089339017868042, 0.5063353106379509, 0.5032887011766434, 0.5134856104850769, 0.5065389722585678, 0.5057862475514412, 0.5074980109930038, 0.5057488232851028, 0.5124997720122337, 0.5066010281443596, 0.5045086145401001, 0.4952489659190178, 0.5068291649222374, 0.5030314028263092, 0.5003993362188339, 0.5029774978756905, 0.49983081221580505, 0.5021779090166092, 0.5015241578221321, 0.5020158961415291, 0.5008677169680595, 0.5014538839459419]}