{"best_val": 0.4623907655477524, "train_loss": [0.6747079756524827, 0.641326990392473, 0.6103149122662015, 0.5835227817296982, 0.5635185175471835, 0.5506535636054145, 0.5461954126755396, 0.536774648560418, 0.5379515671067767, 0.5332997110154893, 0.5307698299487432, 0.5303233315547308, 0.528394932548205, 0.5298499084181256, 0.5243442588382297, 0.5214668247434828, 0.5179709196090698, 0.5172777142789629, 0.5142098665237427, 0.5149817913770676, 0.5099888179037306, 0.508406831158532, 0.5077391035026975, 0.504791087574429, 0.510458325346311, 0.5001806649896834, 0.5048567122883267, 0.5049206697278552, 0.5016128354602389, 0.5033034202125337, 0.4986523770623737, 0.5009663883182738, 0.5018563270568848, 0.5019194003608491, 0.5033297704325782, 0.4952504403061337, 0.49654769400755566, 0.496437465151151, 0.5004215687513351, 0.4946360968881183, 0.4981897423664729, 0.49780143135123783, 0.49702367517683244], "val_loss": [0.6541920751333237, 0.6241129487752914, 0.5948899239301682, 0.5661032199859619, 0.5512544810771942, 0.5375147089362144, 0.5256455987691879, 0.5266937166452408, 0.5178195759654045, 0.5127763375639915, 0.5068874731659889, 0.5030920878052711, 0.4989841654896736, 0.49865198135375977, 0.49382635951042175, 0.49105852097272873, 0.48790524899959564, 0.48614775389432907, 0.48444657027721405, 0.47966937720775604, 0.4809282347559929, 0.4767223447561264, 0.47084660083055496, 0.4753544554114342, 0.4703216180205345, 0.47002656757831573, 0.47241389006376266, 0.46786151826381683, 0.47354279458522797, 0.47043536603450775, 0.4660118967294693, 0.46983759105205536, 0.4623907655477524, 0.4650810435414314, 0.47051887959241867, 0.46643444150686264, 0.4685669392347336, 0.46347256004810333, 0.4635924696922302, 0.47148769348859787, 0.46494732797145844, 0.46723121404647827, 0.46392177790403366]}