{"best_val": 0.4087845114144412, "train_loss": [0.6419539287978527, 0.6328604490149254, 0.6227441289845634, 0.6123648227429858, 0.6030488353149563, 0.5949519767480738, 0.5886510376836739, 0.5818184292783924, 0.5778774262643328, 0.5717391985304215, 0.5659127007512486, 0.5596061845620474, 0.5521523783019945, 0.5451074154937968, 0.5367383448516622, 0.5293855883327185, 0.5199126069452248, 0.5131628764610664, 0.5034979120189068, 0.4965779436569588, 0.488213158121296, 0.4800051544226852, 0.47494375997898625, 0.46825100043240714, 0.4641758139226951, 0.458928796006184, 0.455257000876408, 0.4519069264916813, 0.4495254030414656, 0.44795092180663465, 0.44551146439477507, 0.44256291436214074, 0.4424532716180764, 0.4415512716068941, 0.43939705280696645, 0.43846940877390844, 0.438277685174755, 0.4381408481036915, 0.4369097165032929, 0.4357386722284205, 0.43553682752684053, 0.43445274000074346, 0.4342799128270617, 0.4331773899349512, 0.43341855324950873, 0.43217505076352286, 0.4321376757294524, 0.4311792026547825, 0.43192027304686753, 0.4315599565412484, 0.4294949004463121, 0.42981352993086275, 0.42914098793385075, 0.4297120273113251, 0.42870604465989504, 0.427545183429531, 0.42652930816014606, 0.42706572074516147, 0.4269106428997189, 0.4261758900156208, 0.42635219354255527, 0.42654458915486054, 0.42625227687405604, 0.4255087095148423, 0.4243536562311883, 0.4247697954084359, 0.4241017716772416, 0.42425853715223427, 0.4245452319874483, 0.4229697807162416, 0.42360576753522833, 0.423068760656843, 0.42251113349316166, 0.4224863478950426, 0.422731711583979, 0.42168276625521045, 0.42148514354930205, 0.42126529766064064, 0.42106829379119126, 0.4208875327718024, 0.4204392649379431, 0.419441142502953, 0.4200837010262059, 0.4195799681485868, 0.4195971027308819, 0.4184727610326281, 0.4179414043239519, 0.41921868920326233, 0.41809776425361633, 0.4186484217643738, 0.41747354233966155, 0.417972325109968, 0.4180411562031391, 0.41655342017903046, 0.4166344748992546, 0.41626058723412307, 0.41773706733011734, 0.415592011867785, 0.4151070912679036, 0.41517212227279066, 0.4162340579079647, 0.4157700117896585, 0.4144744440621021, 0.4141557432857214, 0.4142790623739654, 0.41472215103168114, 0.4127689079911101, 0.4139455270533468, 0.41333258152008057, 0.4130506018797557, 0.413958118242376, 0.413314829270045, 0.41311347426152695, 0.4125981874325696], "val_loss": [0.6337771957570856, 0.6226525631817904, 0.6110781756314364, 0.6004685867916454, 0.589704080061479, 0.5794781446456909, 0.5745389569889415, 0.5693526864051819, 0.5642291903495789, 0.5557204159823331, 0.5520382902838967, 0.5436923558061774, 0.5353276269002394, 0.5297959853302349, 0.5200889083472165, 0.5116871053522284, 0.5033213496208191, 0.4952429912307046, 0.4855725792321292, 0.4791315793991089, 0.47084552862427453, 0.46470408548008313, 0.45816070383245294, 0.4540188285437497, 0.4492139355702834, 0.4459528625011444, 0.4412240548567338, 0.4393684674393047, 0.4361296594142914, 0.434179043227976, 0.4329456090927124, 0.43161578611894086, 0.4302698455073617, 0.4283916706388647, 0.4287548200650649, 0.42689174684611236, 0.42633388530124317, 0.4262683256105943, 0.425573622638529, 0.4253605685450814, 0.42394722591746936, 0.42398698221553455, 0.42249567671255633, 0.42344083840196783, 0.4218830276619304, 0.4232412414117293, 0.4208280931819569, 0.42301893505183136, 0.42070935531096026, 0.4220458377491344, 0.419972918250344, 0.4216671179641377, 0.4198714413426139, 0.419254563071511, 0.4206780601631511, 0.41980172287334094, 0.41851248795335944, 0.41848626190965826, 0.41883698918602685, 0.41989400711926544, 0.416514670306986, 0.4165380732579665, 0.41637948155403137, 0.4161909520626068, 0.4172825948758559, 0.4155334369702773, 0.41529244455424225, 0.4157747274095362, 0.41522583636370575, 0.4149971008300781, 0.41476800495927985, 0.4146672189235687, 0.41496986150741577, 0.4140293137593703, 0.41399516842582007, 0.4145743359218944, 0.41353486342863605, 0.41360827738588507, 0.41436671668832953, 0.41506754810159857, 0.4139543554999612, 0.4130442277951674, 0.4139802970669486, 0.41383569078011945, 0.4137675111944025, 0.4143434058536183, 0.4124004759571769, 0.41255916248668323, 0.41227951645851135, 0.4137520275332711, 0.41361595825715497, 0.4132532396099784, 0.41016027331352234, 0.4123032662001523, 0.4119784181768244, 0.4128199138424613, 0.4115552712570537, 0.4120368713682348, 0.4102121185172688, 0.4109746515750885, 0.4126005470752716, 0.4106976742094213, 0.40982291915199975, 0.4087845114144412, 0.410027720711448, 0.409829470244321, 0.40991715409538965, 0.4111738177863034, 0.40896645188331604, 0.4101720777424899, 0.4104028967293826, 0.411148339509964, 0.41018262776461517, 0.41055339032953436]}