{"best_val": 0.4668917791409926, "train_loss": [0.6746604232227101, 0.6212905318129296, 0.5925910449495503, 0.5691989420675764, 0.546461996494555, 0.518928549453324, 0.49577484352915896, 0.4794684432300867, 0.46998994023192164, 0.4664469092499976, 0.46265340026687174, 0.4605291719530143, 0.4598312898009431, 0.4592777233497769, 0.45896797787909416, 0.4577741336588766, 0.4578574936763913, 0.457966627443538, 0.45641367751009326, 0.455732477646248, 0.45549852999986384, 0.4555235844032437, 0.45428026131555144, 0.4547232266734628, 0.45395733620606216, 0.4534286827433343, 0.45233752972939434, 0.45246494576042773, 0.45130644066661013, 0.45131468130092994, 0.45186224930426655, 0.451650437186746, 0.45093080401420593, 0.4498788211859909, 0.45086347881485433, 0.44844799591045753, 0.4488433722187491, 0.44903911095039517, 0.44874365890727325, 0.44811247902757984, 0.44796959675994574, 0.4473118519081789, 0.44565298452096824, 0.446065041364408, 0.44670160553034616, 0.44526341557502747, 0.4466332693894704, 0.44526155146898005], "val_loss": [0.6115470745346763, 0.5902064605192705, 0.575584205714139, 0.5587076924063943, 0.5386629646474664, 0.5126024593006481, 0.4941546049985019, 0.4802193289453333, 0.4766058786348863, 0.47318141026930377, 0.4743573448874734, 0.47388407588005066, 0.4757789292118766, 0.47020064971663733, 0.47186262770132587, 0.47231902046637103, 0.4760577949610623, 0.47131243077191437, 0.4719225059856068, 0.4736073748631911, 0.4722698141228069, 0.4721874540502375, 0.46964226256717334, 0.47126632928848267, 0.46965844251892785, 0.4720080142671412, 0.4727640558372844, 0.47085998275063257, 0.4698009870269082, 0.4699656611139124, 0.4698863652619449, 0.4719619019465013, 0.4683728407729756, 0.4705493612722917, 0.4681903990832242, 0.47040049596266315, 0.46804225715723907, 0.4668917791409926, 0.4695546301928433, 0.46909555250948126, 0.46793097257614136, 0.46980516477064654, 0.4682840406894684, 0.4690937968817624, 0.46854901855642145, 0.4687864563681863, 0.4701072790405967, 0.46727740493687714]}