{"best_val": 0.44170022823593835, "train_loss": [0.7232600380392635, 0.6616960647059422, 0.6284870365086723, 0.6092053768681545, 0.5984362994923311, 0.588316726918314, 0.5803862856883629, 0.5739393877048119, 0.5665351748466492, 0.557593003207562, 0.5475663420032052, 0.5380560562891119, 0.5267454829870486, 0.5146737969389149, 0.504744778661167, 0.4963560951691048, 0.4875689137215708, 0.48176604217174007, 0.4791966811114666, 0.4748271049237719, 0.4726945249473347, 0.4695310785489924, 0.4673520244804083, 0.46627414168096054, 0.46632906619240255, 0.46504027352613564, 0.4633575975894928, 0.4639519575764151, 0.46179206756984487, 0.46259207468406827, 0.4613073035782459, 0.46030369751593647, 0.4600016422131482, 0.4602944681457445, 0.459257559449065, 0.45903417760250614, 0.4581122912612616, 0.45820147091267155, 0.45736052241979863, 0.45801687240600586, 0.45865270261671026, 0.45604170654334275, 0.4557609756787618, 0.4555611464322782, 0.455154676063388, 0.4545915185236463, 0.4544041232735503, 0.4541277382888046, 0.45294032260483386, 0.45286381712146834, 0.4522280973546645, 0.4528343893733679, 0.45056357629158916, 0.4532107266725278, 0.4513791799545288, 0.4515774863607743, 0.4506918507463792, 0.4502268369291343, 0.45071598244648353, 0.44961911147716], "val_loss": [0.641885594888167, 0.6220120570876382, 0.6004079526120966, 0.5828439864245328, 0.5721924575892362, 0.5653024071996863, 0.5588803806088187, 0.5499253706498579, 0.5431403517723083, 0.5326394140720367, 0.5251276655630632, 0.5142522589726881, 0.5018991286104376, 0.49005434729836206, 0.4794010845097629, 0.47300267761403864, 0.46593928878957575, 0.45995070988481696, 0.4593551917509599, 0.454139462926171, 0.45214020934971894, 0.4511799731037833, 0.4478214139288122, 0.447496235370636, 0.4474802857095545, 0.44645104895938525, 0.4463002221150832, 0.44633701985532587, 0.4444863796234131, 0.4445833916013891, 0.44502799890258093, 0.44514349644834345, 0.4438034079291604, 0.4445555399764668, 0.44497855684973975, 0.44335356625643646, 0.44437612999569287, 0.44431588595563715, 0.44455570524389093, 0.44235092401504517, 0.443753258748488, 0.4441019188274037, 0.4428605464371768, 0.44298741492358124, 0.44287299568002875, 0.44185829704458063, 0.4445046403191306, 0.44273580475287005, 0.44295487620613794, 0.44170022823593835, 0.4429526220668446, 0.4429034319790927, 0.4418387006629597, 0.44241141460158606, 0.4421049031344327, 0.443125074559992, 0.4429103596643968, 0.4426108192313801, 0.4419363628734242, 0.4417917647145011]}