{"best_val": 0.4639109400185672, "train_loss": [0.7235848389419854, 0.6534218227162081, 0.6111180256394779, 0.58634920798096, 0.5729190800704208, 0.5577953750011968, 0.5377000862476873, 0.5161839209350885, 0.4962962123693204, 0.48073919205104604, 0.4697905586046331, 0.46330983498517203, 0.46062876897699695, 0.45972196202652127, 0.45739733880641414, 0.45666807130271314, 0.4544198419533524, 0.45501597021140305, 0.4539204380091499, 0.4543544866290747, 0.45367419661260117, 0.4520321763029285, 0.45150827660280113, 0.4508076234191072, 0.45193510838583406, 0.450676303283841, 0.4499341863043168, 0.44814760895336375, 0.4480641495947744, 0.447486246917762, 0.44794393345421435, 0.4464087369395237, 0.4460420117658727, 0.4468371383115357, 0.4451444365230261, 0.44516994614227146, 0.4439647425623501, 0.4438791105560228], "val_loss": [0.6545139984651045, 0.6232259381901134, 0.6014305244792592, 0.5918317166241732, 0.5841053561730818, 0.5671381733634255, 0.5491044602610848, 0.5197749381715601, 0.5027297816493295, 0.48642080480402167, 0.4778296866200187, 0.47269389033317566, 0.4693738736889579, 0.4684059565717524, 0.4696195423603058, 0.466181064193899, 0.4671398563818498, 0.46783231876113196, 0.4670334891839461, 0.4671258980577642, 0.4659150784665888, 0.4678892195224762, 0.46722053397785535, 0.46539766680110584, 0.46432520042766223, 0.465741444717754, 0.46654746207323944, 0.4639109400185672, 0.4657664055174047, 0.4657581556927074, 0.4659648456356742, 0.4664601521058516, 0.46573046391660516, 0.4650409492579373, 0.46449853615327313, 0.46510638161139056, 0.4642504697496241, 0.4677451876076785]}