{"best_val": 0.46625883132219315, "train_loss": [0.6604090366098616, 0.6514541109402975, 0.6422640747494168, 0.6342686083581712, 0.6243682636155022, 0.6156607270240784, 0.6057797273000082, 0.5933588875664605, 0.5844679276148478, 0.5759055746926202, 0.5676337977250417, 0.5626904467741648, 0.5585999025238885, 0.5546113070514467, 0.5500794036520852, 0.550334299604098, 0.5431815104352103, 0.5404636942678027, 0.5402313984102673, 0.5363883657587899, 0.5358701149622599, 0.5345921350849999, 0.5341929694016775, 0.5318552388085259, 0.5285445832543902, 0.528384299741851, 0.5271716631121106, 0.5259159621265199, 0.5234740393029319, 0.5243102692895465, 0.5232991741763221, 0.5227611627843645, 0.5166852855020099, 0.5198343396186829, 0.5186515980296664, 0.5175487945477167, 0.517615470621321, 0.5143453511926863, 0.5178528212838702, 0.5129848188824124, 0.5123343550496631, 0.5091607620318731, 0.5108467075559828, 0.5084733764330546, 0.5107889970143636, 0.5067709055211809, 0.5055711269378662, 0.5086985114547942, 0.5081812110212114, 0.505950336654981, 0.5072408417860667, 0.5055221153630151, 0.505283632212215, 0.5059719002909131, 0.5057501527998183, 0.504834802614318, 0.5025692168209288, 0.5044666445917554, 0.5073054101732042, 0.5045000612735748, 0.504341216550933, 0.5043522500329547], "val_loss": [0.6543261557817459, 0.647632360458374, 0.6378166824579239, 0.6280196309089661, 0.6209113746881485, 0.6130351275205612, 0.6006215512752533, 0.5902708023786545, 0.5778786540031433, 0.5704553872346878, 0.561324417591095, 0.5526880621910095, 0.5500614047050476, 0.5486543402075768, 0.5368776619434357, 0.5324087664484978, 0.528850182890892, 0.5266524404287338, 0.5249198377132416, 0.5198768302798271, 0.5205046609044075, 0.5153093636035919, 0.5153860747814178, 0.5125077739357948, 0.5145267322659492, 0.5085340812802315, 0.5064456835389137, 0.5029741898179054, 0.49945560842752457, 0.4992301017045975, 0.4980078488588333, 0.4968343898653984, 0.49203818291425705, 0.4921128451824188, 0.4896186292171478, 0.493801012635231, 0.48640988022089005, 0.4844137951731682, 0.4870404824614525, 0.48469263315200806, 0.4794503450393677, 0.4874877706170082, 0.47717299312353134, 0.4766567125916481, 0.4821619912981987, 0.48039840161800385, 0.47615815699100494, 0.4726962298154831, 0.47600238025188446, 0.46754202991724014, 0.4745628759264946, 0.46625883132219315, 0.4773152694106102, 0.4769429862499237, 0.4693537950515747, 0.4729863256216049, 0.4722185358405113, 0.46995218098163605, 0.47261639684438705, 0.47308914363384247, 0.46925321966409683, 0.470610111951828]}