{"best_val": 0.47754497081041336, "train_loss": [0.7103409436013963, 0.6789030664496951, 0.6425230238172743, 0.5955039229657915, 0.5512668440739313, 0.5258746710088518, 0.5087514436907239, 0.49213074147701263, 0.48415931231445736, 0.48043185472488403, 0.4776146842373742, 0.47214679419994354, 0.46956460343466866, 0.46791941424210864, 0.46661948329872555, 0.45958377255333793, 0.45729540122879875, 0.45446821716096664, 0.45338599880536395, 0.4529259502887726, 0.4545005328125424, 0.45556354688273537, 0.45622986720667946, 0.4527028153340022, 0.4543515079551273, 0.45457354187965393, 0.45265161494414013, 0.4519263572163052, 0.4521264152394401, 0.45315688682927024, 0.453161648578114, 0.4487666024102105, 0.448799279001024], "val_loss": [0.6912083923816681, 0.6616582572460175, 0.6191735863685608, 0.5738733857870102, 0.5467318743467331, 0.5263096019625664, 0.5239138230681419, 0.5139183104038239, 0.5157663896679878, 0.5141628012061119, 0.515969954431057, 0.5065957382321358, 0.5030053332448006, 0.49654462933540344, 0.49912410229444504, 0.4957370460033417, 0.4919821321964264, 0.49431098997592926, 0.4968242198228836, 0.48548051714897156, 0.4972119554877281, 0.4909382537007332, 0.47754497081041336, 0.48608195781707764, 0.4937998205423355, 0.49255554378032684, 0.4995625466108322, 0.4903848320245743, 0.4925668090581894, 0.4837132394313812, 0.4939606562256813, 0.4942600056529045, 0.49112890660762787]}