{"best_val": 0.5046420469880104, "train_loss": [0.6703194810284508, 0.6532749434312185, 0.6346759498119354, 0.6152197221914927, 0.5943448146184286, 0.5775813692145877, 0.5672394153144624, 0.5594697561528947, 0.5533944004111819, 0.5532674110598035, 0.5512012673748864, 0.5469447010093265, 0.5446384135219786, 0.542381677362654, 0.5397304892539978, 0.5381065888537301, 0.5392977197964987, 0.5354695551925235, 0.5383423119783401, 0.5366858310169644, 0.5338262617588043, 0.532971935139762, 0.5318056493997574, 0.5296810683276918, 0.5310600201288859, 0.528504545489947, 0.5274955067369673, 0.5262261364195082, 0.5255300452311834, 0.5254473669661416, 0.5230057355430391, 0.5225517799456915, 0.5218026008870866, 0.5186435249116685, 0.5194752348793877, 0.5195954475137923, 0.5149572259849973, 0.5167201790544722, 0.5145819038152695, 0.5135349945889579, 0.5109971629248725, 0.5142380876673592, 0.51193391945627, 0.5108671767844094, 0.5089264346493615, 0.5082129405604469, 0.5062458664178848, 0.5051721036434174, 0.509838793012831, 0.5086256530549791, 0.5064486381080415, 0.5077195200655196, 0.5064650989241071, 0.5033888585037656, 0.5082456552320056, 0.5026156620846854, 0.501710808939404, 0.5003106941779455, 0.5010667426718606, 0.5003959453768201, 0.5024003419611189, 0.501644492149353, 0.5015578170617422, 0.503292633427514, 0.5009625421630012, 0.5006742825110754, 0.4980163507991367], "val_loss": [0.6493658572435379, 0.6328661441802979, 0.613106831908226, 0.5920546650886536, 0.5739157199859619, 0.5643612295389175, 0.5531805455684662, 0.5474050492048264, 0.5479712709784508, 0.5443284660577774, 0.5462942868471146, 0.544640064239502, 0.5404936820268631, 0.5420567989349365, 0.5355524271726608, 0.5372254028916359, 0.5421032831072807, 0.5382953956723213, 0.531479075551033, 0.5363616868853569, 0.5308453887701035, 0.534121461212635, 0.5283611714839935, 0.5272095501422882, 0.5287199914455414, 0.5283780619502068, 0.5259053111076355, 0.527512438595295, 0.5240873843431473, 0.5248747617006302, 0.519381508231163, 0.5170266926288605, 0.5117854848504066, 0.5201387107372284, 0.5123981609940529, 0.5175543576478958, 0.5175193473696709, 0.5090190097689629, 0.5180241614580154, 0.5116613805294037, 0.5117293372750282, 0.5122551023960114, 0.5122036561369896, 0.5102732479572296, 0.5086811855435371, 0.5119294747710228, 0.5127113461494446, 0.5146926194429398, 0.5100179836153984, 0.5088329762220383, 0.513088084757328, 0.5085683614015579, 0.5056790262460709, 0.5101838707923889, 0.5058554634451866, 0.5115957260131836, 0.5046420469880104, 0.5127173736691475, 0.5108157992362976, 0.5115169882774353, 0.5139228403568268, 0.5116267949342728, 0.51175557076931, 0.5098939538002014, 0.508153110742569, 0.5132410973310471, 0.5079510435461998]}