{"best_val": 0.47078609466552734, "train_loss": [0.6157825986544291, 0.5852055549621582, 0.5584475530518426, 0.5418487754133012, 0.5255211393038431, 0.5184195306566026, 0.5158061434825262, 0.5104518830776215, 0.5068572560946146, 0.5048674742380778, 0.5009724779261483, 0.4991380075613658, 0.49822680321004653, 0.493300704492463, 0.4936089399788115, 0.4905957678953807, 0.4898894081513087, 0.48520658910274506, 0.48299868901570636, 0.48579486542277867, 0.4785538762807846, 0.47957779798242783, 0.47841470109091866, 0.480002298951149, 0.47877466844187844, 0.4740950647327635, 0.47407227092319065, 0.4726912991868125, 0.4733502401245965, 0.4706921759578917, 0.46782971421877545, 0.47218456036514705, 0.4688657008939319, 0.46771154966619277, 0.46727127333482105, 0.4684072302447425, 0.4672803646988339, 0.4667270216676924, 0.4637630780537923, 0.46309252745575374, 0.46215413676367867, 0.46348244614071316, 0.463139608502388], "val_loss": [0.592199981212616, 0.5636947304010391, 0.5409496128559113, 0.5233568698167801, 0.5072526559233665, 0.4992870017886162, 0.5084653347730637, 0.49487289786338806, 0.4983055740594864, 0.498058021068573, 0.4992663264274597, 0.4945312812924385, 0.4951351583003998, 0.4964820668101311, 0.4905401021242142, 0.48699308186769485, 0.4862079843878746, 0.49037742614746094, 0.49207092821598053, 0.48915691673755646, 0.4850087985396385, 0.48852813988924026, 0.4839073196053505, 0.47840288281440735, 0.4827888458967209, 0.48383621126413345, 0.4777090847492218, 0.48254112899303436, 0.48083607107400894, 0.4841601625084877, 0.475924551486969, 0.4826553761959076, 0.47078609466552734, 0.4821512997150421, 0.4754769653081894, 0.4851446971297264, 0.4789457470178604, 0.48227858543395996, 0.47756409645080566, 0.47795355319976807, 0.4784413278102875, 0.48324141651391983, 0.48225363343954086]}