{"best_val": 0.49619706720113754, "train_loss": [0.7591947747601403, 0.755901919470893, 0.7534265948666466, 0.7509741849369473, 0.7480741639931997, 0.7448059585359361, 0.7418654097451104, 0.7385372519493103, 0.7355577184094323, 0.7312606672445933, 0.7275547219647301, 0.7243262363804711, 0.7204106218285031, 0.7168039712640975, 0.7130262917942471, 0.709019253651301, 0.7048600448502435, 0.7006013658311632, 0.6962117685212029, 0.69159311387274, 0.6868501901626587, 0.6820113360881805, 0.6772523919741312, 0.6722221639421251, 0.6671909689903259, 0.662273903687795, 0.657116068734063, 0.6522548562950559, 0.6464409165912204, 0.6415636705027686, 0.6366763545407189, 0.6308032208018832, 0.6255021095275879, 0.6195390191343095, 0.6138376163111793, 0.6094079381889768, 0.604765898651547, 0.600461420085695, 0.5959218177530501, 0.5906425648265414, 0.5859201219346788, 0.5830091635386149, 0.5785778595341576, 0.5743063886960348, 0.5721516807874044, 0.5662647551960416, 0.5639036893844604, 0.5596843957901001, 0.558947311507331, 0.5562433501084646, 0.5522467344999313, 0.5513378894991345, 0.5493352545632256, 0.5447942250304751, 0.543533487452401, 0.5415917767418755, 0.5415850347942777, 0.5384296245045133, 0.5389294856124454, 0.5350465592410829, 0.5327981892559264, 0.5315583927763833, 0.5277359584967295, 0.5295539216862785, 0.526993935306867, 0.5257741742663913, 0.5219585051139196, 0.5218880308998955, 0.5214729060729345, 0.5211774127350913, 0.5180999851889081, 0.5141656812694337, 0.5147341473235024, 0.5128320273425844, 0.5139155089855194, 0.5088563561439514, 0.509692809647984, 0.5098987883991666, 0.5071295615699556, 0.5054976112312741, 0.5047987169689603, 0.5005446159177356, 0.5017878396643533, 0.5006928874386681, 0.5000554141071107, 0.4999554869201448, 0.4964552985297309, 0.4963163667254978, 0.4972148487965266, 0.4951278169949849, 0.4958343820439445, 0.4970485634273953, 0.48951681951681775, 0.49290191961659324, 0.49024974140856004, 0.49131109979417587, 0.4917988164557351, 0.49125993251800537, 0.4865534719493654, 0.49015339215596515, 0.4901989996433258, 0.48683693839444053, 0.4893134550915824, 0.48616821732785964, 0.488658156659868, 0.48759684794478947, 0.4858503010537889, 0.4893913550509347, 0.48594625956482357, 0.48585257596439785, 0.4860750022861693, 0.4839172081814872, 0.48515985243850285, 0.48292883733908337], "val_loss": [0.7526411563158035, 0.749908834695816, 0.7480622678995132, 0.7451298832893372, 0.7423699796199799, 0.7401792407035828, 0.7369873225688934, 0.732895165681839, 0.729764848947525, 0.7275470793247223, 0.7231485843658447, 0.7192682921886444, 0.7165199518203735, 0.7126301676034927, 0.7088509351015091, 0.7049431502819061, 0.7008838653564453, 0.6970087140798569, 0.6923048049211502, 0.687777504324913, 0.6836709231138229, 0.6787955313920975, 0.6740842312574387, 0.6689595133066177, 0.6643693000078201, 0.6596561074256897, 0.6545475274324417, 0.6497830003499985, 0.645276814699173, 0.6397942453622818, 0.6356763988733292, 0.6307297199964523, 0.6231975555419922, 0.6202950328588486, 0.6184897422790527, 0.6109893620014191, 0.6058857887983322, 0.6016194373369217, 0.5984202474355698, 0.5925619900226593, 0.592066079378128, 0.5851735025644302, 0.5832381993532181, 0.5787299871444702, 0.5807627290487289, 0.5729361176490784, 0.5723621398210526, 0.575070396065712, 0.5697542279958725, 0.5713616460561752, 0.5627870261669159, 0.5634966045618057, 0.5602175742387772, 0.5534477904438972, 0.5539100617170334, 0.5504799038171768, 0.5526078790426254, 0.5530315190553665, 0.5497237890958786, 0.5518068671226501, 0.5474172532558441, 0.5435405969619751, 0.5400228723883629, 0.5409857779741287, 0.5410583019256592, 0.5352756232023239, 0.5451409965753555, 0.5367227047681808, 0.5277425199747086, 0.5339994803071022, 0.527690015733242, 0.5382656008005142, 0.5280217528343201, 0.525612361729145, 0.5231346786022186, 0.5267994403839111, 0.5305569171905518, 0.5242380052804947, 0.5207943171262741, 0.5235398039221764, 0.5219746977090836, 0.5201656222343445, 0.5232193470001221, 0.5146332085132599, 0.5182033255696297, 0.5150459185242653, 0.512861967086792, 0.5097854137420654, 0.5055826902389526, 0.5154595300555229, 0.5137516930699348, 0.5098753422498703, 0.505634993314743, 0.5055715590715408, 0.5046572536230087, 0.5070851519703865, 0.5060493350028992, 0.5084984377026558, 0.5079568102955818, 0.5028387978672981, 0.5037069395184517, 0.5070774480700493, 0.5098961815237999, 0.49619706720113754, 0.5074511468410492, 0.4989069104194641, 0.49994800984859467, 0.5021194592118263, 0.5084588974714279, 0.4990149736404419, 0.5022513344883919, 0.5062012150883675, 0.500830240547657, 0.5008330121636391]}