{"best_val": 0.45609131726351654, "train_loss": [0.655555058928097, 0.6221415914741217, 0.5913076763059578, 0.5744746596205468, 0.5622313887465233, 0.5483097860626146, 0.5315535600278892, 0.5113657479192696, 0.49360041817029315, 0.47574710495331707, 0.4644687351058511, 0.4570131529779995, 0.45107610143867194, 0.4490880381827261, 0.4460812900580612, 0.44409182726168167, 0.4424272144542021, 0.44137124395837973, 0.4396720797407861, 0.43884092803094904, 0.4380252881377351, 0.43722428936584323, 0.43619179024415855, 0.4352669616540273, 0.43467427118151797, 0.43368306405404033, 0.43458574776555975, 0.4334062945608999, 0.4332161317853367, 0.4316489673128315, 0.4310862211620106, 0.4303356625285803, 0.4295507225335813, 0.4295342237341638, 0.42773060997327167, 0.4289305525667527, 0.426519045642778, 0.42634760281618905, 0.4256765994371152], "val_loss": [0.6398523395711725, 0.6069751273502003, 0.5879676721312783, 0.5779287381605669, 0.5680993578650735, 0.5542726787653837, 0.5337311137806285, 0.5125586146658118, 0.49435134909369727, 0.48163367130539636, 0.4751440693031658, 0.46867507154291327, 0.4648511355573481, 0.46629686789079144, 0.46343020417473535, 0.462739191272042, 0.46095522154461255, 0.4621933698654175, 0.4604351981119676, 0.4566840502348813, 0.45874295180494135, 0.45922089977697894, 0.4574875967069106, 0.46018659526651556, 0.45763520760969684, 0.4586872973225333, 0.4573623402552171, 0.4640275104479356, 0.45609131726351654, 0.4589015651832927, 0.4567338472062891, 0.4573408338156613, 0.4565040116960352, 0.4592449394139377, 0.4600809839638797, 0.4591399702158841, 0.45932153409177606, 0.45906590060754254, 0.45628899064931]}