{"best_val": 0.4476878453384746, "train_loss": [0.7064229600569781, 0.6514320852709752, 0.6214601058585971, 0.596351732225979, 0.5767538360520905, 0.5510843501371496, 0.5190942363411772, 0.494950802302828, 0.48439788000256406, 0.47677027010450174, 0.4748662792000116, 0.4736954809403887, 0.472800167167888, 0.47013862109651755, 0.47136928988438026, 0.4706537250210257, 0.4692413403707392, 0.4692506018806906, 0.4686486820379893, 0.4690125485261281, 0.4667187841499553, 0.4682113493190092, 0.46637367851593914, 0.4656822435996112, 0.46724165187162514, 0.4646987318992615, 0.46424518145766913, 0.4651080223859525, 0.46494919295404474, 0.4618069833400203, 0.46330265846906926, 0.4627674420674642, 0.46273739548290477, 0.46132584062277104, 0.46138188827271553, 0.4598190264374602, 0.460017300119587, 0.4598055037797666, 0.45916731100456387, 0.45828354475544947, 0.4580887357393901, 0.45849836106393854, 0.4574751912378797, 0.4575929688472374, 0.45630648498441656, 0.45480549627659367, 0.45485634312910195, 0.4541247446163028, 0.45377695034531984, 0.45476794593474446, 0.45334874882417564, 0.45315631756595537, 0.45133091071072745, 0.45261434597127576, 0.45139022492894937, 0.451468803134619, 0.44973334786938685, 0.4501446801073411, 0.45033733751259597, 0.45034593285298813, 0.44783200878722995, 0.44820934183457317, 0.44653507073720294, 0.4466279616542891, 0.44681407540452245, 0.44621360944766625, 0.4460088476246479, 0.4455614376301859, 0.44526614511714263, 0.44357000788052875, 0.44385608212620603, 0.44352829631637125, 0.4430828374974868], "val_loss": [0.6474116444587708, 0.6174036697907881, 0.5895120393146168, 0.5727848248048262, 0.5480174178426916, 0.5171287872574546, 0.4878311265598644, 0.4746322686021978, 0.46691354838284577, 0.4629849601875652, 0.4630003734068437, 0.4639217230406674, 0.4627470076084137, 0.46080625328150665, 0.4611860296942971, 0.46145980195565656, 0.4605651633305983, 0.4597027735276656, 0.4619647508317774, 0.4615931050343947, 0.46081066402522003, 0.4594038345597007, 0.4592444734139876, 0.46004831249063666, 0.4581582952629436, 0.4587822610681707, 0.45594889467412775, 0.45671448382464325, 0.45648540691895917, 0.4554010494188829, 0.4560903175310655, 0.4563089446587996, 0.4559790166941556, 0.45487138628959656, 0.45405262166803534, 0.45481381903995166, 0.45505946332758124, 0.4545995593070984, 0.4535823572765697, 0.4545900388197465, 0.45411550998687744, 0.45289200815287506, 0.4526328281922774, 0.45183359492908826, 0.45344856652346527, 0.4522320330142975, 0.4531484300440008, 0.45259150049903174, 0.4550609995018352, 0.452212856574492, 0.45035992156375537, 0.45020285519686615, 0.4512323466214267, 0.4500085440548984, 0.4524226053194566, 0.4506192749196833, 0.4492088664661754, 0.4511218937960538, 0.4512587975371968, 0.4497634876858104, 0.449685511263934, 0.4505638209256259, 0.4476878453384746, 0.4497350183400241, 0.4494992332025008, 0.4496447579427199, 0.4491465443914587, 0.4510334215380929, 0.451088238846172, 0.44928742809729144, 0.44802673025564715, 0.45109911127523944, 0.44928127798167145]}