{"best_val": 0.49465473741292953, "train_loss": [0.7730375031630198, 0.7615021367867788, 0.7508336669868894, 0.7421680920653873, 0.7336844437652164, 0.7248407668537564, 0.7159285114871131, 0.7072621683279673, 0.7006669607427385, 0.6949185397889879, 0.6891565057966444, 0.6833999786112044, 0.676111532582177, 0.6688406070073446, 0.6612036360634698, 0.6535309619373746, 0.6447645558251275, 0.6361397405465444, 0.6276975472768148, 0.6187482476234436, 0.6100388069947561, 0.5969366663032107, 0.5847153332498338, 0.5717843903435601, 0.5572460807032056, 0.5492936389313804, 0.5414563549889458, 0.538265723321173, 0.537082357539071, 0.5316316700643964, 0.531977375348409, 0.5267322493924035, 0.5215055098136266, 0.522458134426011, 0.5172205683257844, 0.5178841683599684, 0.5174945443868637, 0.5179698401027255, 0.515230397383372, 0.511433051692115, 0.50924571024047, 0.5079469217194451, 0.5060418281290266, 0.5078416830963559, 0.5077483438783221, 0.5042328470283084, 0.504087315665351, 0.5043803503115972, 0.5019365151723226, 0.4991474267509248, 0.49898392458756763, 0.5008717742231157, 0.4955041855573654, 0.4984864360756344, 0.4972347733047273, 0.49588266511758167, 0.4961504439512889, 0.4940064301093419, 0.49190420243475175, 0.4897831446594662, 0.49172623952229816, 0.48852333592043984, 0.4899442229006026, 0.4868192242251502, 0.48677649597326916, 0.4874385247627894, 0.4870843787988027, 0.4877581944068273, 0.48979535864459145, 0.48737811545530957, 0.4862319512499703, 0.4871712012423409, 0.48295404348108506, 0.4875056627723906, 0.4836680723561181, 0.48598271277215743, 0.4850926316446728, 0.48264486425452763, 0.4840148687362671, 0.48509557876322007, 0.48716478712028927, 0.4852888733148575, 0.48137128684255814, 0.4863130533032947, 0.48442160917652977, 0.48216021060943604, 0.48468843433592057], "val_loss": [0.7108834534883499, 0.7043896317481995, 0.6991812884807587, 0.6931268125772476, 0.6880218088626862, 0.682670921087265, 0.6777089983224869, 0.6726931184530258, 0.66880863904953, 0.6651687473058701, 0.6618781834840775, 0.6574410796165466, 0.6542627662420273, 0.6495335251092911, 0.6437311321496964, 0.6367918699979782, 0.6302398145198822, 0.6231864243745804, 0.614640936255455, 0.6079967468976974, 0.5963800549507141, 0.5858855247497559, 0.5806396156549454, 0.5732391923666, 0.5622283518314362, 0.5574809610843658, 0.5547410845756531, 0.5546609163284302, 0.5458781272172928, 0.5414429754018784, 0.5499453023076057, 0.5427485704421997, 0.5449942126870155, 0.5423214435577393, 0.5446225181221962, 0.533455066382885, 0.537679560482502, 0.5328880622982979, 0.531841903924942, 0.5312091112136841, 0.5299688875675201, 0.5327744632959366, 0.5264723002910614, 0.5316493213176727, 0.5272004902362823, 0.5269729197025299, 0.5326158106327057, 0.5222278013825417, 0.5215351656079292, 0.5197687968611717, 0.5122576877474785, 0.5188761800527573, 0.5220683589577675, 0.5241213440895081, 0.5181912481784821, 0.5182501077651978, 0.510161317884922, 0.512374222278595, 0.5178811028599739, 0.5053720325231552, 0.512709878385067, 0.5124329850077629, 0.5114726424217224, 0.5030309408903122, 0.5049179419875145, 0.5028809234499931, 0.5049290955066681, 0.5082219019532204, 0.5056340917944908, 0.49885787814855576, 0.49773865193128586, 0.5041134655475616, 0.4991936758160591, 0.5043142437934875, 0.49915892630815506, 0.4987034350633621, 0.49465473741292953, 0.5026785507798195, 0.5004498437047005, 0.49915342032909393, 0.5019388645887375, 0.4986593723297119, 0.5039472505450249, 0.49596018344163895, 0.4995969533920288, 0.5016336813569069, 0.5029938071966171]}