{"best_val": 0.4683932289481163, "train_loss": [0.6746872233019935, 0.6438398990366194, 0.6063277622063955, 0.5633096810844209, 0.5350045065085093, 0.5144295344750086, 0.5041636758380466, 0.4940738164716297, 0.4917280243502723, 0.48811595638593036, 0.4822268618477715, 0.4806233048439026, 0.4809870223204295, 0.48091481626033783, 0.4758892142110401, 0.47565050919850665, 0.4748589512374666, 0.47058122522301143, 0.4737934586074617, 0.47033943070305717, 0.47115513185660046, 0.4684199227227105, 0.46891795761055416, 0.46525246070490944, 0.46618233455551994, 0.4646297163433499, 0.4644103166129854, 0.4642062899139192, 0.4635948985815048, 0.4615391360388862, 0.46285974317126805, 0.4592490709490246, 0.458144078652064, 0.4611569692691167, 0.46120965480804443, 0.45970489581425983, 0.46084415250354344, 0.45671120948261684, 0.4618430534998576, 0.4569913579357995, 0.4555748651425044, 0.4585104270113839, 0.45695573919349247, 0.45563995010322994, 0.45486324032147724], "val_loss": [0.6587559878826141, 0.6247052401304245, 0.5801036804914474, 0.5462663322687149, 0.5233902186155319, 0.5119477659463882, 0.5034406557679176, 0.5035819783806801, 0.4944658800959587, 0.5035858824849129, 0.5007695406675339, 0.4904617741703987, 0.4879894182085991, 0.4940154477953911, 0.4937013238668442, 0.49138160794973373, 0.4866526797413826, 0.4856446087360382, 0.4866863191127777, 0.48651404678821564, 0.48527584969997406, 0.482504241168499, 0.48875392973423004, 0.4791106730699539, 0.4839584082365036, 0.48230722546577454, 0.485086165368557, 0.48305580765008926, 0.48682501167058945, 0.4795176386833191, 0.4804735705256462, 0.4762455224990845, 0.48129017651081085, 0.47941046208143234, 0.4683932289481163, 0.4797992408275604, 0.4767010435461998, 0.47582074999809265, 0.4883493408560753, 0.4767443537712097, 0.4736848771572113, 0.4746868461370468, 0.4793695956468582, 0.4811418056488037, 0.4784253239631653]}