{"best_val": 0.4554426615888422, "train_loss": [0.7099487033544802, 0.672586158210156, 0.6381122095912111, 0.609401595358755, 0.5898727201947979, 0.5790040224206214, 0.5688485684348088, 0.5601010077139911, 0.5480843209752849, 0.5330842598980549, 0.5190881017376395, 0.5023753613817925, 0.48960666270817027, 0.47731270626479505, 0.4706421237365872, 0.46450523710718344, 0.46060820362147165, 0.4573588160907521, 0.4568323983865626, 0.4539387927335851, 0.4534094888789981, 0.45261843064252066, 0.45179739711331385, 0.44995302254078434, 0.4500115396929722, 0.45028019769518984, 0.44949088786162583, 0.4501181192257825, 0.4492715322503857, 0.44844171813890044, 0.44813574178546084, 0.44679520585957694, 0.44729207602201726, 0.44704241378634585, 0.44639136452300876, 0.4461441466621324, 0.44691646391270207, 0.4453672001174852, 0.44547011454900104, 0.4447396304093155, 0.44563543036872266, 0.4461058617806902, 0.44522519029823004, 0.4436328551348518, 0.44363412085701437, 0.44255570921243403], "val_loss": [0.6799448078328912, 0.6477167281237516, 0.6186408183791421, 0.5976867946711454, 0.587002076885917, 0.5783626762303439, 0.5689548362385143, 0.5597606680609963, 0.5468179420991377, 0.5306989008730109, 0.5182981870391152, 0.5035333281213586, 0.49061676588925446, 0.48235601457682525, 0.4752132377841256, 0.4732371460307728, 0.46853303096511145, 0.46509587493809784, 0.46450726823373273, 0.462813290682706, 0.4621155099435286, 0.46427391875873913, 0.46038611097769305, 0.4595633420077237, 0.4610240269790996, 0.46009438959035004, 0.459739243442362, 0.45920873230153864, 0.45885902643203735, 0.4581500562754544, 0.45898146520961414, 0.458387629552321, 0.46088638630780304, 0.4580368020317771, 0.45882992852817883, 0.4554426615888422, 0.45804520628669043, 0.459054405039007, 0.4575506259094585, 0.46011359041387384, 0.4570614749735052, 0.4578127237883481, 0.45781936157833447, 0.46069976687431335, 0.45975074442950165, 0.45977380871772766]}