{"best_val": 0.49198682606220245, "train_loss": [0.6835047900676727, 0.6399927735328674, 0.5957513054211935, 0.5619632518953748, 0.5480902724795871, 0.5368010948101679, 0.5253776659568151, 0.5187083515856001, 0.5129735933409797, 0.5100025402175056, 0.5100503282414542, 0.5083431882990731, 0.5064418762922287, 0.5079609404007593, 0.5065242267317243, 0.5019645161098905, 0.5005307313468721, 0.4953959335883458, 0.49685922265052795, 0.49624954329596627, 0.4960163285334905, 0.4937463336520725, 0.49287383920616573, 0.49119486576981014, 0.49137259191936916, 0.4898098972108629, 0.4890112280845642, 0.48780836992793614, 0.48657972779538894, 0.48570899499787223, 0.4833666417333815, 0.48346983393033344, 0.48541250659359825, 0.4847685777478748, 0.48291365305582684, 0.4839690062734816, 0.48499712182415855, 0.481112786465221, 0.4809027479754554, 0.4843752102719413, 0.48380639321274227, 0.48324045373333824, 0.48173312180572087, 0.48155901332696277, 0.48054419292343986, 0.48152129848798114], "val_loss": [0.6644394844770432, 0.6200936883687973, 0.5761281549930573, 0.5588027387857437, 0.5461049228906631, 0.5356085151433945, 0.5337674245238304, 0.5191937237977982, 0.5197132155299187, 0.521880492568016, 0.5131739377975464, 0.5175592973828316, 0.512899212539196, 0.51124407351017, 0.5100166648626328, 0.5038819089531898, 0.5102035254240036, 0.5089538097381592, 0.506083607673645, 0.5069119855761528, 0.5046925991773605, 0.5018290057778358, 0.5018662810325623, 0.5015749335289001, 0.5002830773591995, 0.49900469183921814, 0.4987349435687065, 0.4964589327573776, 0.4998851791024208, 0.49794749170541763, 0.49723491072654724, 0.4979729577898979, 0.5020242929458618, 0.5007438734173775, 0.49699780344963074, 0.49198682606220245, 0.5001992210745811, 0.5004987120628357, 0.49640271067619324, 0.500450886785984, 0.5056316554546356, 0.5028806552290916, 0.5041216313838959, 0.49999792873859406, 0.49243925511837006, 0.5004992485046387]}