{"best_val": 0.4725687876343727, "train_loss": [0.6615055402119955, 0.6163548860285017, 0.5763242675198449, 0.5490331169631746, 0.5345110247532526, 0.5232049392329322, 0.5185430662499534, 0.5160671356651518, 0.5130092567867703, 0.5118147962623172, 0.5086023045910729, 0.5053207791513867, 0.5015393926037682, 0.5038559718264474, 0.5011977205673853, 0.49934394823180306, 0.4967382533682717, 0.49719923900233376, 0.4913816534810596, 0.49129486746258205, 0.4946722785631816, 0.48846753935019177, 0.4868224544657601, 0.4851727286974589, 0.48629605935679543, 0.48790982531176674, 0.4856660034921434, 0.4863640185859468, 0.48510410222742295, 0.4841897835334142, 0.4847501913706462, 0.4839997953838772, 0.48286915487713283, 0.4835914936330583, 0.4801260828971863, 0.482585695054796, 0.4845590210623211, 0.479414251115587, 0.47961954441335464, 0.47876528567738], "val_loss": [0.6327917575836182, 0.5857960730791092, 0.5514289289712906, 0.5216901451349258, 0.5071886703372002, 0.5083997845649719, 0.5028191804885864, 0.5023046135902405, 0.49971819669008255, 0.4952664002776146, 0.49462616443634033, 0.4961514472961426, 0.4892125278711319, 0.48801761865615845, 0.4867102727293968, 0.4851533845067024, 0.486598365008831, 0.48447465896606445, 0.4848356544971466, 0.4935133531689644, 0.483118012547493, 0.4749350845813751, 0.4839329421520233, 0.48269023001194, 0.4838716834783554, 0.4753154516220093, 0.4798341765999794, 0.48299073427915573, 0.48169317096471786, 0.4725687876343727, 0.4811337739229202, 0.4806836321949959, 0.4837735742330551, 0.47696805000305176, 0.47647202014923096, 0.4763108417391777, 0.4765127971768379, 0.4775080159306526, 0.48264026641845703, 0.47681257873773575]}